timestamp,open,high,low,close,volume,year,month,day
2021-12-21 00:00:00+00:00,173.9,174.4,173.72,174.27,3064.67,2021,12,21
2021-12-21 00:01:00+00:00,174.29,174.3,173.67,173.74,754.93,2021,12,21
2021-12-21 00:02:00+00:00,173.73,174.29,173.66,174.18,1010.32,2021,12,21
2021-12-21 00:03:00+00:00,174.12,174.48,174.12,174.41,516.17,2021,12,21
2021-12-21 00:04:00+00:00,174.36,174.64,174.32,174.51,1109.57,2021,12,21
2021-12-21 00:05:00+00:00,174.5,174.72,174.39,174.67,701.71,2021,12,21
2021-12-21 00:06:00+00:00,174.64,174.82,174.52,174.7,766.62,2021,12,21
2021-12-21 00:07:00+00:00,174.7,174.7,174.18,174.29,807.14,2021,12,21
2021-12-21 00:08:00+00:00,174.25,174.6,174.05,174.6,1124.5,2021,12,21
2021-12-21 00:09:00+00:00,174.62,174.95,174.57,174.86,585.32,2021,12,21
2021-12-21 00:10:00+00:00,174.85,174.92,174.73,174.91,561.33,2021,12,21
2021-12-21 00:11:00+00:00,174.91,174.99,174.81,174.85,386.42,2021,12,21
2021-12-21 00:12:00+00:00,174.81,174.81,174.45,174.67,694.1,2021,12,21
2021-12-21 00:13:00+00:00,174.64,174.75,174.42,174.6,414.27,2021,12,21
2021-12-21 00:14:00+00:00,174.55,174.69,174.46,174.46,784.89,2021,12,21
2021-12-21 00:15:00+00:00,174.45,174.57,174.28,174.29,621.03,2021,12,21
2021-12-21 00:16:00+00:00,174.28,174.28,173.88,174.19,3199.09,2021,12,21
2021-12-21 00:17:00+00:00,174.18,174.44,174.13,174.3,658.18,2021,12,21
2021-12-21 00:18:00+00:00,174.3,174.4,174.09,174.11,947.93,2021,12,21
2021-12-21 00:19:00+00:00,174.12,174.18,173.87,173.94,473.52,2021,12,21
2021-12-21 00:20:00+00:00,173.93,173.93,173.76,173.85,404.87,2021,12,21
2021-12-21 00:21:00+00:00,173.86,174.03,173.83,173.98,595.03,2021,12,21
2021-12-21 00:22:00+00:00,173.98,174.07,173.91,173.99,382.88,2021,12,21
2021-12-21 00:23:00+00:00,174.0,174.22,174.0,174.17,585.17,2021,12,21
2021-12-21 00:24:00+00:00,174.17,174.17,173.83,173.85,2203.07,2021,12,21
2021-12-21 00:25:00+00:00,173.84,174.08,173.83,174.08,482.68,2021,12,21
2021-12-21 00:26:00+00:00,174.11,174.24,174.04,174.1,432.88,2021,12,21
2021-12-21 00:27:00+00:00,174.07,174.13,173.82,173.88,548.46,2021,12,21
2021-12-21 00:28:00+00:00,173.86,173.89,173.74,173.79,511.8,2021,12,21
2021-12-21 00:29:00+00:00,173.79,173.86,173.59,173.7,894.44,2021,12,21
2021-12-21 00:30:00+00:00,173.71,173.75,173.59,173.7,621.51,2021,12,21
2021-12-21 00:31:00+00:00,173.7,173.88,173.4,173.48,1277.02,2021,12,21
2021-12-21 00:32:00+00:00,173.48,173.57,173.4,173.45,493.1,2021,12,21
2021-12-21 00:33:00+00:00,173.46,173.49,173.27,173.28,521.05,2021,12,21
2021-12-21 00:34:00+00:00,173.28,173.4,173.24,173.37,538.38,2021,12,21
2021-12-21 00:35:00+00:00,173.37,173.47,172.82,172.84,1961.16,2021,12,21
2021-12-21 00:36:00+00:00,172.84,173.0,172.75,172.84,861.55,2021,12,21
2021-12-21 00:37:00+00:00,172.84,172.9,172.4,172.52,1429.31,2021,12,21
2021-12-21 00:38:00+00:00,172.52,172.69,172.49,172.68,410.73,2021,12,21
2021-12-21 00:39:00+00:00,172.67,172.8,172.52,172.69,561.63,2021,12,21
2021-12-21 00:40:00+00:00,172.7,172.73,172.24,172.31,900.4,2021,12,21
2021-12-21 00:41:00+00:00,172.32,172.39,171.87,171.94,1860.49,2021,12,21
2021-12-21 00:42:00+00:00,171.94,172.65,171.92,172.54,1590.08,2021,12,21
2021-12-21 00:43:00+00:00,172.54,172.78,172.51,172.68,522.65,2021,12,21
2021-12-21 00:44:00+00:00,172.71,172.88,172.44,172.46,664.36,2021,12,21
2021-12-21 00:45:00+00:00,172.51,172.97,172.51,172.95,525.92,2021,12,21
2021-12-21 00:46:00+00:00,172.95,172.97,172.69,172.72,547.43,2021,12,21
2021-12-21 00:47:00+00:00,172.71,172.96,172.64,172.81,280.34,2021,12,21
2021-12-21 00:48:00+00:00,172.77,173.05,172.74,173.02,1069.89,2021,12,21
2021-12-21 00:49:00+00:00,173.03,173.21,172.9,172.9,778.02,2021,12,21
2021-12-21 00:50:00+00:00,172.9,173.0,172.8,172.84,617.5,2021,12,21
2021-12-21 00:51:00+00:00,172.88,173.0,172.71,172.73,833.61,2021,12,21
2021-12-21 00:52:00+00:00,172.73,172.73,172.35,172.43,998.89,2021,12,21
2021-12-21 00:53:00+00:00,172.43,172.64,172.43,172.57,603.46,2021,12,21
2021-12-21 00:54:00+00:00,172.49,172.65,172.49,172.58,171.24,2021,12,21
2021-12-21 00:55:00+00:00,172.58,172.73,172.47,172.6,1022.1,2021,12,21
2021-12-21 00:56:00+00:00,172.59,172.66,172.49,172.56,491.52,2021,12,21
2021-12-21 00:57:00+00:00,172.55,172.66,172.34,172.35,745.9,2021,12,21
2021-12-21 00:58:00+00:00,172.36,172.59,172.26,172.51,645.02,2021,12,21
2021-12-21 00:59:00+00:00,172.52,172.77,172.45,172.72,797.37,2021,12,21
2021-12-21 01:00:00+00:00,172.7,173.3,172.69,173.25,1537.2,2021,12,21
2021-12-21 01:01:00+00:00,173.25,173.3,172.88,172.88,392.3,2021,12,21
2021-12-21 01:02:00+00:00,172.86,173.05,172.82,173.0,267.59,2021,12,21
2021-12-21 01:03:00+00:00,172.99,173.25,172.95,173.17,292.28,2021,12,21
2021-12-21 01:04:00+00:00,173.18,173.39,173.16,173.35,324.38,2021,12,21
2021-12-21 01:05:00+00:00,173.38,173.55,173.28,173.49,758.87,2021,12,21
2021-12-21 01:06:00+00:00,173.46,173.53,173.35,173.46,336.64,2021,12,21
2021-12-21 01:07:00+00:00,173.46,173.54,173.41,173.54,234.58,2021,12,21
2021-12-21 01:08:00+00:00,173.56,173.65,173.48,173.52,487.99,2021,12,21
2021-12-21 01:09:00+00:00,173.5,173.61,173.42,173.46,706.21,2021,12,21
2021-12-21 01:10:00+00:00,173.46,173.61,173.45,173.45,770.01,2021,12,21
2021-12-21 01:11:00+00:00,173.45,173.49,173.11,173.15,469.7,2021,12,21
2021-12-21 01:12:00+00:00,173.16,173.2,172.88,172.89,1309.57,2021,12,21
2021-12-21 01:13:00+00:00,172.88,172.98,172.66,172.78,530.94,2021,12,21
2021-12-21 01:14:00+00:00,172.77,172.93,172.52,172.54,734.03,2021,12,21
2021-12-21 01:15:00+00:00,172.54,172.88,172.52,172.88,183.46,2021,12,21
2021-12-21 01:16:00+00:00,172.85,172.88,172.51,172.52,223.67,2021,12,21
2021-12-21 01:17:00+00:00,172.51,172.61,172.45,172.46,169.45,2021,12,21
2021-12-21 01:18:00+00:00,172.45,172.46,172.27,172.37,319.71,2021,12,21
2021-12-21 01:19:00+00:00,172.37,172.37,172.02,172.07,387.89,2021,12,21
2021-12-21 01:20:00+00:00,172.14,172.14,171.89,171.94,1650.39,2021,12,21
2021-12-21 01:21:00+00:00,171.89,171.9,171.66,171.73,893.92,2021,12,21
2021-12-21 01:22:00+00:00,171.73,171.82,171.54,171.56,758.51,2021,12,21
2021-12-21 01:23:00+00:00,171.55,171.68,171.43,171.48,728.83,2021,12,21
2021-12-21 01:24:00+00:00,171.47,171.65,171.44,171.44,239.03,2021,12,21
2021-12-21 01:25:00+00:00,171.44,171.44,171.0,171.37,3220.2,2021,12,21
2021-12-21 01:26:00+00:00,171.39,171.47,171.24,171.36,1143.58,2021,12,21
2021-12-21 01:27:00+00:00,171.36,171.37,171.15,171.33,965.51,2021,12,21
2021-12-21 01:28:00+00:00,171.33,171.53,171.23,171.53,1178.48,2021,12,21
2021-12-21 01:29:00+00:00,171.52,171.53,171.35,171.46,561.17,2021,12,21
2021-12-21 01:30:00+00:00,171.45,171.57,171.34,171.39,677.73,2021,12,21
2021-12-21 01:31:00+00:00,171.37,171.8,171.12,171.66,1878.12,2021,12,21
2021-12-21 01:32:00+00:00,171.68,171.93,171.56,171.68,760.02,2021,12,21
2021-12-21 01:33:00+00:00,171.66,171.73,171.45,171.69,1979.95,2021,12,21
2021-12-21 01:34:00+00:00,171.67,171.72,171.57,171.6,457.8,2021,12,21
2021-12-21 01:35:00+00:00,171.6,171.62,171.39,171.49,503.97,2021,12,21
2021-12-21 01:36:00+00:00,171.5,171.53,171.3,171.48,1800.33,2021,12,21
2021-12-21 01:37:00+00:00,171.5,171.5,171.31,171.47,250.56,2021,12,21
2021-12-21 01:38:00+00:00,171.47,171.47,171.22,171.37,390.14,2021,12,21
2021-12-21 01:39:00+00:00,171.38,171.61,171.29,171.37,1821.91,2021,12,21
2021-12-21 01:40:00+00:00,171.39,171.92,171.38,171.85,1443.42,2021,12,21
2021-12-21 01:41:00+00:00,171.86,171.97,171.73,171.94,639.01,2021,12,21
2021-12-21 01:42:00+00:00,171.94,171.97,171.81,171.81,279.33,2021,12,21
2021-12-21 01:43:00+00:00,171.8,171.8,171.42,171.59,659.36,2021,12,21
2021-12-21 01:44:00+00:00,171.59,171.95,171.43,171.64,2805.51,2021,12,21
2021-12-21 01:45:00+00:00,171.63,171.77,171.38,171.55,4687.66,2021,12,21
2021-12-21 01:46:00+00:00,171.52,171.75,171.52,171.61,237.15,2021,12,21
2021-12-21 01:47:00+00:00,171.61,171.8,171.55,171.8,248.14,2021,12,21
2021-12-21 01:48:00+00:00,171.81,171.9,171.59,171.59,673.34,2021,12,21
2021-12-21 01:49:00+00:00,171.58,171.79,171.47,171.74,533.05,2021,12,21
2021-12-21 01:50:00+00:00,171.74,171.97,171.71,171.78,283.85,2021,12,21
2021-12-21 01:51:00+00:00,171.81,171.81,171.42,171.42,270.61,2021,12,21
2021-12-21 01:52:00+00:00,171.41,171.52,171.33,171.48,324.8,2021,12,21
2021-12-21 01:53:00+00:00,171.5,171.61,171.27,171.27,418.0,2021,12,21
2021-12-21 01:54:00+00:00,171.28,171.52,171.28,171.42,329.54,2021,12,21
2021-12-21 01:55:00+00:00,171.41,171.47,171.25,171.27,350.06,2021,12,21
2021-12-21 01:56:00+00:00,171.27,171.27,171.08,171.1,341.43,2021,12,21
2021-12-21 01:57:00+00:00,171.11,171.35,171.0,171.28,605.21,2021,12,21
2021-12-21 01:58:00+00:00,171.27,171.41,171.15,171.23,456.91,2021,12,21
2021-12-21 01:59:00+00:00,171.23,171.35,171.12,171.12,288.06,2021,12,21
2021-12-21 02:00:00+00:00,171.13,171.59,171.05,171.09,1218.39,2021,12,21
2021-12-21 02:01:00+00:00,171.06,171.13,170.6,170.78,1514.06,2021,12,21
2021-12-21 02:02:00+00:00,170.79,170.89,170.59,170.89,602.85,2021,12,21
2021-12-21 02:03:00+00:00,170.89,170.89,170.71,170.85,368.73,2021,12,21
2021-12-21 02:04:00+00:00,170.87,170.87,170.53,170.63,891.03,2021,12,21
2021-12-21 02:05:00+00:00,170.6,170.89,170.49,170.8,1534.68,2021,12,21
2021-12-21 02:06:00+00:00,170.81,171.47,170.69,171.0,4294.03,2021,12,21
2021-12-21 02:07:00+00:00,170.97,171.29,170.9,171.05,904.63,2021,12,21
2021-12-21 02:08:00+00:00,171.09,171.74,171.03,171.74,2276.49,2021,12,21
2021-12-21 02:09:00+00:00,171.74,171.75,171.19,171.36,1094.18,2021,12,21
2021-12-21 02:10:00+00:00,171.32,171.59,171.17,171.36,371.06,2021,12,21
2021-12-21 02:11:00+00:00,171.35,171.39,171.01,171.35,963.08,2021,12,21
2021-12-21 02:12:00+00:00,171.35,171.44,171.14,171.43,1003.83,2021,12,21
2021-12-21 02:13:00+00:00,171.42,171.5,171.23,171.29,1106.24,2021,12,21
2021-12-21 02:14:00+00:00,171.26,171.26,171.06,171.15,267.03,2021,12,21
2021-12-21 02:15:00+00:00,171.14,171.26,171.13,171.16,202.12,2021,12,21
2021-12-21 02:16:00+00:00,171.2,171.2,170.88,171.09,561.98,2021,12,21
2021-12-21 02:17:00+00:00,171.06,171.06,170.83,170.96,825.04,2021,12,21
2021-12-21 02:18:00+00:00,170.97,170.97,170.62,170.76,475.52,2021,12,21
2021-12-21 02:19:00+00:00,170.73,170.95,170.61,170.88,1644.18,2021,12,21
2021-12-21 02:20:00+00:00,170.87,171.01,170.83,170.93,337.59,2021,12,21
2021-12-21 02:21:00+00:00,170.91,170.95,170.72,170.74,641.08,2021,12,21
2021-12-21 02:22:00+00:00,170.74,170.85,170.66,170.81,250.92,2021,12,21
2021-12-21 02:23:00+00:00,170.84,171.18,170.84,171.17,1701.1,2021,12,21
2021-12-21 02:24:00+00:00,171.17,171.18,170.91,171.11,246.29,2021,12,21
2021-12-21 02:25:00+00:00,171.11,171.11,170.89,170.94,282.08,2021,12,21
2021-12-21 02:26:00+00:00,170.92,171.05,170.83,170.87,1306.37,2021,12,21
2021-12-21 02:27:00+00:00,170.84,170.85,170.48,170.63,657.22,2021,12,21
2021-12-21 02:28:00+00:00,170.6,170.81,170.55,170.81,283.19,2021,12,21
2021-12-21 02:29:00+00:00,170.81,170.87,170.45,170.51,634.6,2021,12,21
2021-12-21 02:30:00+00:00,170.48,170.76,170.45,170.67,398.99,2021,12,21
2021-12-21 02:31:00+00:00,170.63,170.71,170.46,170.46,458.56,2021,12,21
2021-12-21 02:32:00+00:00,170.45,170.51,170.3,170.32,467.04,2021,12,21
2021-12-21 02:33:00+00:00,170.33,170.54,170.27,170.53,391.67,2021,12,21
2021-12-21 02:34:00+00:00,170.54,170.55,170.32,170.32,454.23,2021,12,21
2021-12-21 02:35:00+00:00,170.31,170.76,170.27,170.65,562.39,2021,12,21
2021-12-21 02:36:00+00:00,170.64,170.95,170.64,170.9,418.56,2021,12,21
2021-12-21 02:37:00+00:00,170.91,170.92,170.53,170.58,425.58,2021,12,21
2021-12-21 02:38:00+00:00,170.56,170.85,170.4,170.82,1259.28,2021,12,21
2021-12-21 02:39:00+00:00,170.83,170.88,170.5,170.54,338.77,2021,12,21
2021-12-21 02:40:00+00:00,170.55,170.72,170.49,170.54,561.67,2021,12,21
2021-12-21 02:41:00+00:00,170.57,170.62,170.39,170.62,517.31,2021,12,21
2021-12-21 02:42:00+00:00,170.61,170.72,170.44,170.56,1609.68,2021,12,21
2021-12-21 02:43:00+00:00,170.56,170.56,170.38,170.47,387.68,2021,12,21
2021-12-21 02:44:00+00:00,170.48,170.6,170.42,170.52,254.97,2021,12,21
2021-12-21 02:45:00+00:00,170.52,170.75,170.45,170.7,460.64,2021,12,21
2021-12-21 02:46:00+00:00,170.69,170.77,170.58,170.76,521.21,2021,12,21
2021-12-21 02:47:00+00:00,170.72,170.75,170.6,170.67,475.36,2021,12,21
2021-12-21 02:48:00+00:00,170.67,170.9,170.59,170.88,529.78,2021,12,21
2021-12-21 02:49:00+00:00,170.89,171.27,170.89,171.27,890.0,2021,12,21
2021-12-21 02:50:00+00:00,171.28,171.71,171.22,171.58,1133.31,2021,12,21
2021-12-21 02:51:00+00:00,171.57,171.59,171.38,171.51,715.16,2021,12,21
2021-12-21 02:52:00+00:00,171.48,171.61,171.3,171.5,764.06,2021,12,21
2021-12-21 02:53:00+00:00,171.45,171.46,171.18,171.43,424.03,2021,12,21
2021-12-21 02:54:00+00:00,171.42,171.42,171.31,171.31,169.85,2021,12,21
2021-12-21 02:55:00+00:00,171.3,171.4,171.2,171.23,185.3,2021,12,21
2021-12-21 02:56:00+00:00,171.2,171.25,171.13,171.19,256.42,2021,12,21
2021-12-21 02:57:00+00:00,171.18,171.37,171.18,171.36,257.29,2021,12,21
2021-12-21 02:58:00+00:00,171.35,171.39,171.12,171.32,203.22,2021,12,21
2021-12-21 02:59:00+00:00,171.29,171.46,171.28,171.4,355.29,2021,12,21
2021-12-21 03:00:00+00:00,171.4,171.5,171.26,171.5,258.67,2021,12,21
2021-12-21 03:01:00+00:00,171.49,171.72,171.49,171.69,425.9,2021,12,21
2021-12-21 03:02:00+00:00,171.69,171.82,171.56,171.79,997.87,2021,12,21
2021-12-21 03:03:00+00:00,171.79,171.85,171.71,171.76,902.65,2021,12,21
2021-12-21 03:04:00+00:00,171.73,171.99,171.71,171.91,705.66,2021,12,21
2021-12-21 03:05:00+00:00,171.96,171.99,171.72,171.81,626.59,2021,12,21
2021-12-21 03:06:00+00:00,171.84,171.91,171.78,171.91,311.81,2021,12,21
2021-12-21 03:07:00+00:00,171.87,171.88,171.61,171.73,258.53,2021,12,21
2021-12-21 03:08:00+00:00,171.73,172.01,171.73,171.95,827.31,2021,12,21
2021-12-21 03:09:00+00:00,171.98,172.06,171.8,171.86,392.98,2021,12,21
2021-12-21 03:10:00+00:00,171.86,172.13,171.86,172.1,239.31,2021,12,21
2021-12-21 03:11:00+00:00,172.06,172.26,172.01,172.26,352.14,2021,12,21
2021-12-21 03:12:00+00:00,172.25,172.25,172.14,172.19,258.52,2021,12,21
2021-12-21 03:13:00+00:00,172.22,172.35,172.07,172.29,316.98,2021,12,21
2021-12-21 03:14:00+00:00,172.29,172.64,172.28,172.62,448.97,2021,12,21
2021-12-21 03:15:00+00:00,172.62,172.93,172.62,172.75,1525.24,2021,12,21
2021-12-21 03:16:00+00:00,172.76,173.09,172.66,172.87,1324.35,2021,12,21
2021-12-21 03:17:00+00:00,172.87,172.99,172.8,172.9,950.22,2021,12,21
2021-12-21 03:18:00+00:00,172.92,172.92,172.65,172.68,341.71,2021,12,21
2021-12-21 03:19:00+00:00,172.68,172.77,172.51,172.75,404.89,2021,12,21
2021-12-21 03:20:00+00:00,172.73,173.0,172.73,172.98,645.65,2021,12,21
2021-12-21 03:21:00+00:00,172.95,173.25,172.94,173.06,591.15,2021,12,21
2021-12-21 03:22:00+00:00,173.06,173.09,172.89,172.91,431.56,2021,12,21
2021-12-21 03:23:00+00:00,172.91,173.35,172.85,173.07,743.69,2021,12,21
2021-12-21 03:24:00+00:00,173.08,173.08,172.87,172.98,607.95,2021,12,21
2021-12-21 03:25:00+00:00,172.99,173.41,172.8,173.13,2765.95,2021,12,21
2021-12-21 03:26:00+00:00,173.18,173.29,173.1,173.23,1386.8,2021,12,21
2021-12-21 03:27:00+00:00,173.21,173.35,173.21,173.25,1083.21,2021,12,21
2021-12-21 03:28:00+00:00,173.26,173.66,173.26,173.54,1414.86,2021,12,21
2021-12-21 03:29:00+00:00,173.56,173.64,173.42,173.49,796.84,2021,12,21
2021-12-21 03:30:00+00:00,173.51,173.78,173.44,173.78,462.17,2021,12,21
2021-12-21 03:31:00+00:00,173.78,173.8,173.47,173.5,1055.18,2021,12,21
2021-12-21 03:32:00+00:00,173.52,173.52,173.2,173.21,1059.55,2021,12,21
2021-12-21 03:33:00+00:00,173.23,173.56,173.22,173.43,1983.14,2021,12,21
2021-12-21 03:34:00+00:00,173.41,175.0,173.28,174.35,6330.7,2021,12,21
2021-12-21 03:35:00+00:00,174.27,174.57,174.12,174.26,1608.28,2021,12,21
2021-12-21 03:36:00+00:00,174.23,174.51,174.22,174.36,558.12,2021,12,21
2021-12-21 03:37:00+00:00,174.36,174.44,174.0,174.02,703.51,2021,12,21
2021-12-21 03:38:00+00:00,174.01,174.22,173.88,174.03,827.3,2021,12,21
2021-12-21 03:39:00+00:00,174.09,174.15,173.7,173.74,523.37,2021,12,21
2021-12-21 03:40:00+00:00,173.78,173.91,173.67,173.86,958.9,2021,12,21
2021-12-21 03:41:00+00:00,173.86,174.27,173.73,174.21,2422.71,2021,12,21
2021-12-21 03:42:00+00:00,174.22,174.29,173.96,173.96,1216.1,2021,12,21
2021-12-21 03:43:00+00:00,173.96,174.02,173.84,173.98,609.86,2021,12,21
2021-12-21 03:44:00+00:00,173.98,174.21,173.91,173.92,775.41,2021,12,21
2021-12-21 03:45:00+00:00,173.92,174.11,173.82,174.01,199.62,2021,12,21
2021-12-21 03:46:00+00:00,174.04,174.36,174.04,174.28,286.06,2021,12,21
2021-12-21 03:47:00+00:00,174.28,174.5,174.28,174.31,658.88,2021,12,21
2021-12-21 03:48:00+00:00,174.32,174.51,174.3,174.33,357.87,2021,12,21
2021-12-21 03:49:00+00:00,174.32,174.34,174.07,174.32,604.21,2021,12,21
2021-12-21 03:50:00+00:00,174.32,174.38,174.24,174.3,230.0,2021,12,21
2021-12-21 03:51:00+00:00,174.29,174.68,174.26,174.6,1080.59,2021,12,21
2021-12-21 03:52:00+00:00,174.65,175.81,174.63,175.54,5019.42,2021,12,21
2021-12-21 03:53:00+00:00,175.53,175.62,175.29,175.38,1293.87,2021,12,21
2021-12-21 03:54:00+00:00,175.39,175.74,175.33,175.73,1136.71,2021,12,21
2021-12-21 03:55:00+00:00,175.69,176.28,175.6,176.08,2832.92,2021,12,21
2021-12-21 03:56:00+00:00,176.09,176.28,175.81,176.08,2635.57,2021,12,21
2021-12-21 03:57:00+00:00,176.04,176.09,175.55,175.6,799.66,2021,12,21
2021-12-21 03:58:00+00:00,175.63,175.77,175.57,175.66,895.5,2021,12,21
2021-12-21 03:59:00+00:00,175.66,175.7,175.46,175.49,1407.96,2021,12,21
2021-12-21 04:00:00+00:00,175.48,176.46,175.48,176.4,1960.7,2021,12,21
2021-12-21 04:01:00+00:00,176.39,176.95,176.39,176.68,2066.29,2021,12,21
2021-12-21 04:02:00+00:00,176.68,177.17,176.48,176.97,3079.25,2021,12,21
2021-12-21 04:03:00+00:00,176.97,177.72,176.93,177.19,6097.97,2021,12,21
2021-12-21 04:04:00+00:00,177.18,177.41,176.95,177.22,2199.78,2021,12,21
2021-12-21 04:05:00+00:00,177.22,177.71,177.08,177.43,2079.8,2021,12,21
2021-12-21 04:06:00+00:00,177.43,177.47,176.94,177.08,1236.54,2021,12,21
2021-12-21 04:07:00+00:00,177.01,177.6,176.91,177.42,1437.44,2021,12,21
2021-12-21 04:08:00+00:00,177.41,177.55,177.04,177.12,1096.11,2021,12,21
2021-12-21 04:09:00+00:00,177.14,177.18,176.79,176.86,1744.98,2021,12,21
2021-12-21 04:10:00+00:00,176.85,177.24,176.73,177.01,1160.49,2021,12,21
2021-12-21 04:11:00+00:00,177.05,177.63,176.95,177.38,1953.64,2021,12,21
2021-12-21 04:12:00+00:00,177.36,177.92,177.1,177.86,5242.07,2021,12,21
2021-12-21 04:13:00+00:00,177.88,178.0,177.7,177.93,1942.82,2021,12,21
2021-12-21 04:14:00+00:00,177.93,178.0,177.61,177.65,1495.36,2021,12,21
2021-12-21 04:15:00+00:00,177.65,177.88,177.44,177.88,849.6,2021,12,21
2021-12-21 04:16:00+00:00,177.89,178.07,177.63,177.94,3433.97,2021,12,21
2021-12-21 04:17:00+00:00,177.87,178.05,177.65,177.71,967.31,2021,12,21
2021-12-21 04:18:00+00:00,177.71,177.8,177.56,177.68,684.88,2021,12,21
2021-12-21 04:19:00+00:00,177.67,178.09,177.64,177.93,1165.76,2021,12,21
2021-12-21 04:20:00+00:00,177.99,178.53,177.84,178.25,5249.79,2021,12,21
2021-12-21 04:21:00+00:00,178.18,178.43,178.15,178.26,1330.04,2021,12,21
2021-12-21 04:22:00+00:00,178.25,178.74,178.25,178.49,2884.47,2021,12,21
2021-12-21 04:23:00+00:00,178.5,178.87,178.24,178.39,3831.17,2021,12,21
2021-12-21 04:24:00+00:00,178.43,178.78,178.19,178.68,1316.65,2021,12,21
2021-12-21 04:25:00+00:00,178.68,179.25,178.68,179.08,4868.65,2021,12,21
2021-12-21 04:26:00+00:00,179.07,179.46,179.01,179.12,4421.77,2021,12,21
2021-12-21 04:27:00+00:00,179.12,179.25,178.98,179.04,2270.29,2021,12,21
2021-12-21 04:28:00+00:00,179.04,179.69,178.95,179.49,5091.27,2021,12,21
2021-12-21 04:29:00+00:00,179.47,179.48,179.16,179.25,1524.79,2021,12,21
2021-12-21 04:30:00+00:00,179.25,179.49,179.07,179.15,3202.42,2021,12,21
2021-12-21 04:31:00+00:00,179.14,179.6,179.14,179.38,3127.79,2021,12,21
2021-12-21 04:32:00+00:00,179.42,179.69,179.25,179.25,1874.94,2021,12,21
2021-12-21 04:33:00+00:00,179.25,179.52,179.14,179.42,1827.17,2021,12,21
2021-12-21 04:34:00+00:00,179.38,179.42,179.1,179.22,754.01,2021,12,21
2021-12-21 04:35:00+00:00,179.19,179.21,178.78,178.85,1583.59,2021,12,21
2021-12-21 04:36:00+00:00,178.87,178.97,178.34,178.35,2195.7,2021,12,21
2021-12-21 04:37:00+00:00,178.42,178.44,178.23,178.24,743.48,2021,12,21
2021-12-21 04:38:00+00:00,178.28,178.31,177.95,177.95,1460.86,2021,12,21
2021-12-21 04:39:00+00:00,177.95,178.06,177.8,177.96,2166.94,2021,12,21
2021-12-21 04:40:00+00:00,177.98,178.06,177.86,177.93,505.04,2021,12,21
2021-12-21 04:41:00+00:00,177.94,178.46,177.89,178.46,978.54,2021,12,21
2021-12-21 04:42:00+00:00,178.46,178.8,178.4,178.8,1020.08,2021,12,21
2021-12-21 04:43:00+00:00,178.8,179.05,178.7,178.85,3618.2,2021,12,21
2021-12-21 04:44:00+00:00,178.85,178.95,178.62,178.72,1180.9,2021,12,21
2021-12-21 04:45:00+00:00,178.72,179.12,178.65,179.0,982.37,2021,12,21
2021-12-21 04:46:00+00:00,179.0,179.34,178.93,179.27,965.28,2021,12,21
2021-12-21 04:47:00+00:00,179.26,179.33,179.0,179.02,1064.84,2021,12,21
2021-12-21 04:48:00+00:00,179.01,179.05,178.75,178.75,757.35,2021,12,21
2021-12-21 04:49:00+00:00,178.74,178.76,178.51,178.7,1142.77,2021,12,21
2021-12-21 04:50:00+00:00,178.67,178.77,178.46,178.58,732.65,2021,12,21
2021-12-21 04:51:00+00:00,178.49,178.52,178.29,178.32,351.94,2021,12,21
2021-12-21 04:52:00+00:00,178.3,178.68,178.26,178.62,733.87,2021,12,21
2021-12-21 04:53:00+00:00,178.67,178.86,178.6,178.65,448.53,2021,12,21
2021-12-21 04:54:00+00:00,178.65,178.72,178.47,178.53,951.3,2021,12,21
2021-12-21 04:55:00+00:00,178.54,178.73,178.53,178.63,813.38,2021,12,21
2021-12-21 04:56:00+00:00,178.65,178.67,178.44,178.51,516.17,2021,12,21
2021-12-21 04:57:00+00:00,178.5,178.69,178.4,178.63,452.89,2021,12,21
2021-12-21 04:58:00+00:00,178.63,178.65,178.48,178.49,615.03,2021,12,21
2021-12-21 04:59:00+00:00,178.5,178.55,178.26,178.26,1025.95,2021,12,21
2021-12-21 05:00:00+00:00,178.26,179.27,178.26,179.25,1793.68,2021,12,21
2021-12-21 05:01:00+00:00,179.24,179.48,179.19,179.43,1293.87,2021,12,21
2021-12-21 05:02:00+00:00,179.41,179.42,179.1,179.18,458.52,2021,12,21
2021-12-21 05:03:00+00:00,179.16,179.16,178.81,178.95,582.66,2021,12,21
2021-12-21 05:04:00+00:00,178.95,179.22,178.9,179.07,552.33,2021,12,21
2021-12-21 05:05:00+00:00,179.06,179.3,179.01,179.11,425.81,2021,12,21
2021-12-21 05:06:00+00:00,179.17,179.18,178.81,178.89,514.98,2021,12,21
2021-12-21 05:07:00+00:00,178.91,179.34,178.83,179.34,772.41,2021,12,21
2021-12-21 05:08:00+00:00,179.35,179.46,179.11,179.13,1020.65,2021,12,21
2021-12-21 05:09:00+00:00,179.15,179.15,178.99,179.06,464.29,2021,12,21
2021-12-21 05:10:00+00:00,179.07,179.31,178.98,179.18,686.2,2021,12,21
2021-12-21 05:11:00+00:00,179.19,179.46,179.1,179.25,1102.48,2021,12,21
2021-12-21 05:12:00+00:00,179.25,179.35,178.84,178.98,944.29,2021,12,21
2021-12-21 05:13:00+00:00,178.99,179.04,178.71,178.75,447.13,2021,12,21
2021-12-21 05:14:00+00:00,178.78,178.97,178.5,178.56,949.62,2021,12,21
2021-12-21 05:15:00+00:00,178.54,178.69,178.51,178.65,581.61,2021,12,21
2021-12-21 05:16:00+00:00,178.65,178.76,178.45,178.5,579.79,2021,12,21
2021-12-21 05:17:00+00:00,178.51,179.18,178.47,178.8,3536.23,2021,12,21
2021-12-21 05:18:00+00:00,178.8,178.81,178.44,178.6,1174.52,2021,12,21
2021-12-21 05:19:00+00:00,178.62,179.0,178.58,178.95,1733.18,2021,12,21
2021-12-21 05:20:00+00:00,178.92,178.94,178.67,178.75,890.73,2021,12,21
2021-12-21 05:21:00+00:00,178.76,178.9,178.71,178.71,971.72,2021,12,21
2021-12-21 05:22:00+00:00,178.71,178.84,178.58,178.59,1364.94,2021,12,21
2021-12-21 05:23:00+00:00,178.58,178.67,178.39,178.46,625.2,2021,12,21
2021-12-21 05:24:00+00:00,178.48,178.55,178.36,178.37,606.18,2021,12,21
2021-12-21 05:25:00+00:00,178.36,178.38,178.06,178.18,1053.01,2021,12,21
2021-12-21 05:26:00+00:00,178.19,178.21,177.96,178.09,2558.4,2021,12,21
2021-12-21 05:27:00+00:00,178.08,178.08,177.81,177.81,510.29,2021,12,21
2021-12-21 05:28:00+00:00,177.83,178.03,177.81,178.01,1331.14,2021,12,21
2021-12-21 05:29:00+00:00,178.02,178.06,177.78,177.89,1668.07,2021,12,21
2021-12-21 05:30:00+00:00,177.93,178.13,177.87,178.08,317.92,2021,12,21
2021-12-21 05:31:00+00:00,178.07,178.4,178.07,178.2,747.61,2021,12,21
2021-12-21 05:32:00+00:00,178.19,178.24,177.96,178.04,738.24,2021,12,21
2021-12-21 05:33:00+00:00,178.04,178.15,177.91,177.97,1363.71,2021,12,21
2021-12-21 05:34:00+00:00,177.96,177.99,177.76,177.76,498.93,2021,12,21
2021-12-21 05:35:00+00:00,177.8,177.8,177.46,177.64,3032.94,2021,12,21
2021-12-21 05:36:00+00:00,177.65,177.69,177.43,177.54,1148.26,2021,12,21
2021-12-21 05:37:00+00:00,177.55,177.65,177.43,177.63,997.57,2021,12,21
2021-12-21 05:38:00+00:00,177.64,177.68,177.28,177.4,2265.62,2021,12,21
2021-12-21 05:39:00+00:00,177.43,177.58,177.35,177.53,1205.61,2021,12,21
2021-12-21 05:40:00+00:00,177.55,178.38,177.49,178.07,2240.32,2021,12,21
2021-12-21 05:41:00+00:00,178.05,178.09,177.73,177.75,1079.68,2021,12,21
2021-12-21 05:42:00+00:00,177.79,177.83,177.68,177.78,723.95,2021,12,21
2021-12-21 05:43:00+00:00,177.8,178.0,177.66,177.69,1142.28,2021,12,21
2021-12-21 05:44:00+00:00,177.72,177.87,177.42,177.52,731.14,2021,12,21
2021-12-21 05:45:00+00:00,177.49,177.89,177.47,177.85,599.02,2021,12,21
2021-12-21 05:46:00+00:00,177.88,178.22,177.85,178.22,819.74,2021,12,21
2021-12-21 05:47:00+00:00,178.21,178.28,178.11,178.25,1190.6,2021,12,21
2021-12-21 05:48:00+00:00,178.23,178.35,178.21,178.21,563.43,2021,12,21
2021-12-21 05:49:00+00:00,178.21,178.51,178.21,178.33,1051.66,2021,12,21
2021-12-21 05:50:00+00:00,178.33,178.37,178.09,178.19,942.31,2021,12,21
2021-12-21 05:51:00+00:00,178.19,178.19,177.79,177.81,1031.21,2021,12,21
2021-12-21 05:52:00+00:00,177.81,178.1,177.8,178.04,651.15,2021,12,21
2021-12-21 05:53:00+00:00,178.04,178.3,177.82,178.29,1162.95,2021,12,21
2021-12-21 05:54:00+00:00,178.3,178.55,178.21,178.44,991.97,2021,12,21
2021-12-21 05:55:00+00:00,178.43,178.52,178.27,178.32,406.98,2021,12,21
2021-12-21 05:56:00+00:00,178.27,178.6,178.25,178.43,495.59,2021,12,21
2021-12-21 05:57:00+00:00,178.46,178.64,178.33,178.37,746.08,2021,12,21
2021-12-21 05:58:00+00:00,178.39,178.52,178.11,178.43,707.18,2021,12,21
2021-12-21 05:59:00+00:00,178.42,178.62,178.37,178.46,837.88,2021,12,21
2021-12-21 06:00:00+00:00,178.44,178.61,178.43,178.53,619.45,2021,12,21
2021-12-21 06:01:00+00:00,178.53,178.71,178.45,178.63,500.29,2021,12,21
2021-12-21 06:02:00+00:00,178.64,178.77,178.54,178.6,1265.84,2021,12,21
2021-12-21 06:03:00+00:00,178.59,178.71,178.25,178.3,1430.16,2021,12,21
2021-12-21 06:04:00+00:00,178.35,178.54,178.26,178.51,738.8,2021,12,21
2021-12-21 06:05:00+00:00,178.53,178.65,178.33,178.39,718.38,2021,12,21
2021-12-21 06:06:00+00:00,178.38,178.59,178.25,178.42,1006.37,2021,12,21
2021-12-21 06:07:00+00:00,178.38,178.39,178.11,178.19,922.76,2021,12,21
2021-12-21 06:08:00+00:00,178.2,178.27,178.01,178.18,595.01,2021,12,21
2021-12-21 06:09:00+00:00,178.17,178.21,177.85,178.14,1136.93,2021,12,21
2021-12-21 06:10:00+00:00,178.13,178.13,177.94,178.01,509.35,2021,12,21
2021-12-21 06:11:00+00:00,178.02,178.21,177.88,178.03,575.24,2021,12,21
2021-12-21 06:12:00+00:00,178.05,178.3,177.96,178.16,830.23,2021,12,21
2021-12-21 06:13:00+00:00,178.16,178.22,177.87,177.9,427.72,2021,12,21
2021-12-21 06:14:00+00:00,177.9,178.26,177.9,178.18,1241.14,2021,12,21
2021-12-21 06:15:00+00:00,178.12,178.54,178.09,178.32,2038.15,2021,12,21
2021-12-21 06:16:00+00:00,178.33,178.47,178.27,178.35,527.42,2021,12,21
2021-12-21 06:17:00+00:00,178.38,178.69,178.33,178.45,2316.27,2021,12,21
2021-12-21 06:18:00+00:00,178.44,178.78,178.44,178.67,657.59,2021,12,21
2021-12-21 06:19:00+00:00,178.68,178.84,178.53,178.81,570.1,2021,12,21
2021-12-21 06:20:00+00:00,178.8,179.04,178.59,178.62,1593.33,2021,12,21
2021-12-21 06:21:00+00:00,178.61,178.79,178.34,178.34,554.23,2021,12,21
2021-12-21 06:22:00+00:00,178.33,178.49,178.25,178.39,442.0,2021,12,21
2021-12-21 06:23:00+00:00,178.36,178.61,178.36,178.41,271.75,2021,12,21
2021-12-21 06:24:00+00:00,178.42,178.64,178.34,178.63,716.8,2021,12,21
2021-12-21 06:25:00+00:00,178.65,178.82,178.59,178.68,618.21,2021,12,21
2021-12-21 06:26:00+00:00,178.67,178.85,178.56,178.75,676.97,2021,12,21
2021-12-21 06:27:00+00:00,178.75,178.78,178.55,178.63,1158.25,2021,12,21
2021-12-21 06:28:00+00:00,178.6,178.7,178.49,178.54,1011.35,2021,12,21
2021-12-21 06:29:00+00:00,178.56,178.56,178.06,178.19,1031.36,2021,12,21
2021-12-21 06:30:00+00:00,178.17,178.51,178.17,178.48,735.17,2021,12,21
2021-12-21 06:31:00+00:00,178.44,178.8,178.4,178.68,1081.63,2021,12,21
2021-12-21 06:32:00+00:00,178.69,179.0,178.68,178.91,712.64,2021,12,21
2021-12-21 06:33:00+00:00,178.92,178.97,178.66,178.84,617.1,2021,12,21
2021-12-21 06:34:00+00:00,178.84,178.89,178.7,178.81,218.77,2021,12,21
2021-12-21 06:35:00+00:00,178.79,178.84,178.45,178.51,471.81,2021,12,21
2021-12-21 06:36:00+00:00,178.54,178.65,178.43,178.45,538.65,2021,12,21
2021-12-21 06:37:00+00:00,178.48,178.64,178.4,178.46,984.65,2021,12,21
2021-12-21 06:38:00+00:00,178.43,178.7,178.41,178.62,396.78,2021,12,21
2021-12-21 06:39:00+00:00,178.61,178.74,178.51,178.74,565.21,2021,12,21
2021-12-21 06:40:00+00:00,178.66,178.87,178.61,178.73,1114.19,2021,12,21
2021-12-21 06:41:00+00:00,178.72,178.8,178.52,178.65,446.33,2021,12,21
2021-12-21 06:42:00+00:00,178.65,178.87,178.59,178.78,868.66,2021,12,21
2021-12-21 06:43:00+00:00,178.76,178.8,178.54,178.54,722.95,2021,12,21
2021-12-21 06:44:00+00:00,178.57,178.68,178.52,178.6,893.87,2021,12,21
2021-12-21 06:45:00+00:00,178.58,178.94,178.57,178.73,860.19,2021,12,21
2021-12-21 06:46:00+00:00,178.71,178.86,178.64,178.86,401.42,2021,12,21
2021-12-21 06:47:00+00:00,178.86,179.48,178.86,179.4,2250.61,2021,12,21
2021-12-21 06:48:00+00:00,179.41,180.23,179.36,179.89,12157.84,2021,12,21
2021-12-21 06:49:00+00:00,179.94,180.1,179.82,179.83,1408.8,2021,12,21
2021-12-21 06:50:00+00:00,179.84,180.2,179.83,179.97,854.92,2021,12,21
2021-12-21 06:51:00+00:00,180.01,180.17,179.94,180.17,1185.02,2021,12,21
2021-12-21 06:52:00+00:00,180.17,180.28,180.07,180.27,1090.56,2021,12,21
2021-12-21 06:53:00+00:00,180.28,180.33,180.24,180.28,461.85,2021,12,21
2021-12-21 06:54:00+00:00,180.28,180.29,180.0,180.05,825.85,2021,12,21
2021-12-21 06:55:00+00:00,180.08,180.4,180.04,180.3,1111.18,2021,12,21
2021-12-21 06:56:00+00:00,180.3,180.3,179.93,180.05,1650.35,2021,12,21
2021-12-21 06:57:00+00:00,180.06,180.37,179.97,180.37,579.95,2021,12,21
2021-12-21 06:58:00+00:00,180.36,180.7,180.34,180.7,1301.44,2021,12,21
2021-12-21 06:59:00+00:00,180.67,180.78,180.41,180.48,1773.1,2021,12,21
2021-12-21 07:00:00+00:00,180.5,180.92,180.41,180.85,1426.16,2021,12,21
2021-12-21 07:01:00+00:00,180.81,181.15,180.75,181.06,3605.76,2021,12,21
2021-12-21 07:02:00+00:00,181.07,181.1,180.62,180.69,1839.37,2021,12,21
2021-12-21 07:03:00+00:00,180.65,180.69,180.32,180.36,2390.55,2021,12,21
2021-12-21 07:04:00+00:00,180.35,180.43,180.1,180.16,1644.5,2021,12,21
2021-12-21 07:05:00+00:00,180.17,180.26,180.06,180.16,1390.67,2021,12,21
2021-12-21 07:06:00+00:00,180.16,180.18,179.98,179.98,649.9,2021,12,21
2021-12-21 07:07:00+00:00,179.99,180.03,179.53,179.87,2007.33,2021,12,21
2021-12-21 07:08:00+00:00,179.79,179.85,179.49,179.61,870.0,2021,12,21
2021-12-21 07:09:00+00:00,179.56,179.86,179.52,179.75,949.96,2021,12,21
2021-12-21 07:10:00+00:00,179.73,180.07,179.73,179.85,771.21,2021,12,21
2021-12-21 07:11:00+00:00,179.87,180.12,179.67,180.08,1335.07,2021,12,21
2021-12-21 07:12:00+00:00,180.06,180.07,179.71,179.96,575.24,2021,12,21
2021-12-21 07:13:00+00:00,179.94,179.97,179.71,179.95,458.3,2021,12,21
2021-12-21 07:14:00+00:00,179.95,180.17,179.83,180.13,1240.66,2021,12,21
2021-12-21 07:15:00+00:00,180.13,180.25,179.9,179.94,640.89,2021,12,21
2021-12-21 07:16:00+00:00,179.95,179.96,179.73,179.82,771.15,2021,12,21
2021-12-21 07:17:00+00:00,179.81,179.99,179.74,179.78,354.43,2021,12,21
2021-12-21 07:18:00+00:00,179.78,179.78,179.4,179.44,898.98,2021,12,21
2021-12-21 07:19:00+00:00,179.43,179.56,179.35,179.51,325.37,2021,12,21
2021-12-21 07:20:00+00:00,179.5,179.98,179.33,179.94,583.42,2021,12,21
2021-12-21 07:21:00+00:00,179.92,179.92,179.68,179.79,850.06,2021,12,21
2021-12-21 07:22:00+00:00,179.8,179.97,179.76,179.78,662.57,2021,12,21
2021-12-21 07:23:00+00:00,179.77,179.83,179.67,179.74,323.24,2021,12,21
2021-12-21 07:24:00+00:00,179.74,180.06,179.72,180.03,417.83,2021,12,21
2021-12-21 07:25:00+00:00,180.03,180.44,179.91,180.41,3232.12,2021,12,21
2021-12-21 07:26:00+00:00,180.41,180.44,180.19,180.23,2349.99,2021,12,21
2021-12-21 07:27:00+00:00,180.2,180.26,179.99,180.11,1187.5,2021,12,21
2021-12-21 07:28:00+00:00,180.1,180.27,180.02,180.21,474.61,2021,12,21
2021-12-21 07:29:00+00:00,180.23,180.44,180.22,180.38,852.92,2021,12,21
2021-12-21 07:30:00+00:00,180.38,180.38,180.12,180.13,1333.47,2021,12,21
2021-12-21 07:31:00+00:00,180.13,180.18,179.96,180.07,697.65,2021,12,21
2021-12-21 07:32:00+00:00,180.06,180.24,180.0,180.05,466.12,2021,12,21
2021-12-21 07:33:00+00:00,180.03,180.17,180.0,180.06,300.56,2021,12,21
2021-12-21 07:34:00+00:00,180.08,180.14,179.93,180.07,709.16,2021,12,21
2021-12-21 07:35:00+00:00,180.08,180.19,180.04,180.18,390.57,2021,12,21
2021-12-21 07:36:00+00:00,180.18,180.2,179.89,180.01,2480.22,2021,12,21
2021-12-21 07:37:00+00:00,180.03,180.03,179.77,179.79,478.19,2021,12,21
2021-12-21 07:38:00+00:00,179.8,179.85,179.62,179.66,1259.45,2021,12,21
2021-12-21 07:39:00+00:00,179.64,179.85,179.61,179.78,459.59,2021,12,21
2021-12-21 07:40:00+00:00,179.81,179.86,179.35,179.44,892.29,2021,12,21
2021-12-21 07:41:00+00:00,179.49,179.54,179.33,179.35,505.91,2021,12,21
2021-12-21 07:42:00+00:00,179.34,179.5,179.16,179.37,931.43,2021,12,21
2021-12-21 07:43:00+00:00,179.36,179.41,179.25,179.27,363.25,2021,12,21
2021-12-21 07:44:00+00:00,179.29,179.39,179.24,179.33,445.04,2021,12,21
2021-12-21 07:45:00+00:00,179.32,179.38,179.18,179.3,815.91,2021,12,21
2021-12-21 07:46:00+00:00,179.33,179.35,178.84,178.89,2359.51,2021,12,21
2021-12-21 07:47:00+00:00,178.89,178.93,178.73,178.86,620.67,2021,12,21
2021-12-21 07:48:00+00:00,178.89,178.99,178.77,178.91,459.78,2021,12,21
2021-12-21 07:49:00+00:00,178.92,179.18,178.74,179.11,613.14,2021,12,21
2021-12-21 07:50:00+00:00,179.11,179.11,178.96,179.07,220.7,2021,12,21
2021-12-21 07:51:00+00:00,179.07,179.19,178.88,179.03,1110.94,2021,12,21
2021-12-21 07:52:00+00:00,179.06,179.25,179.0,179.22,198.08,2021,12,21
2021-12-21 07:53:00+00:00,179.24,179.55,179.2,179.46,1463.19,2021,12,21
2021-12-21 07:54:00+00:00,179.47,179.54,179.29,179.32,189.09,2021,12,21
2021-12-21 07:55:00+00:00,179.33,179.56,179.01,179.35,881.21,2021,12,21
2021-12-21 07:56:00+00:00,179.34,179.34,178.93,179.04,740.84,2021,12,21
2021-12-21 07:57:00+00:00,179.01,179.04,178.84,179.02,546.05,2021,12,21
2021-12-21 07:58:00+00:00,179.01,179.12,178.87,179.05,326.02,2021,12,21
2021-12-21 07:59:00+00:00,179.06,179.1,178.8,178.95,915.83,2021,12,21
2021-12-21 08:00:00+00:00,178.93,178.98,178.67,178.77,748.41,2021,12,21
2021-12-21 08:01:00+00:00,178.77,178.99,178.6,178.66,837.5,2021,12,21
2021-12-21 08:02:00+00:00,178.65,179.37,178.62,179.32,1255.91,2021,12,21
2021-12-21 08:03:00+00:00,179.39,179.82,179.27,179.69,2071.25,2021,12,21
2021-12-21 08:04:00+00:00,179.72,179.93,179.67,179.68,1132.38,2021,12,21
2021-12-21 08:05:00+00:00,179.69,180.07,179.69,179.92,1027.38,2021,12,21
2021-12-21 08:06:00+00:00,179.86,180.1,179.83,179.98,1083.42,2021,12,21
2021-12-21 08:07:00+00:00,180.03,180.17,180.0,180.0,851.1,2021,12,21
2021-12-21 08:08:00+00:00,180.06,180.08,179.84,179.9,1486.23,2021,12,21
2021-12-21 08:09:00+00:00,179.9,180.19,179.81,180.13,1976.3,2021,12,21
2021-12-21 08:10:00+00:00,180.16,180.94,180.16,180.85,4876.55,2021,12,21
2021-12-21 08:11:00+00:00,180.85,181.1,180.77,180.83,2133.25,2021,12,21
2021-12-21 08:12:00+00:00,180.84,180.9,180.37,180.49,1702.51,2021,12,21
2021-12-21 08:13:00+00:00,180.53,180.64,180.32,180.5,1085.34,2021,12,21
2021-12-21 08:14:00+00:00,180.47,180.52,179.94,180.02,820.72,2021,12,21
2021-12-21 08:15:00+00:00,180.03,180.03,179.86,179.88,759.35,2021,12,21
2021-12-21 08:16:00+00:00,179.9,179.9,179.54,179.73,1785.61,2021,12,21
2021-12-21 08:17:00+00:00,179.73,179.96,179.66,179.81,952.09,2021,12,21
2021-12-21 08:18:00+00:00,179.81,179.85,179.64,179.8,695.82,2021,12,21
2021-12-21 08:19:00+00:00,179.81,180.26,179.78,179.88,939.65,2021,12,21
2021-12-21 08:20:00+00:00,179.87,180.08,179.81,179.84,567.11,2021,12,21
2021-12-21 08:21:00+00:00,179.83,179.91,179.59,179.62,952.88,2021,12,21
2021-12-21 08:22:00+00:00,179.65,180.06,179.39,179.91,1407.52,2021,12,21
2021-12-21 08:23:00+00:00,179.87,179.99,179.61,179.66,989.12,2021,12,21
2021-12-21 08:24:00+00:00,179.66,180.0,179.6,179.94,524.47,2021,12,21
2021-12-21 08:25:00+00:00,179.94,180.07,179.86,180.02,959.71,2021,12,21
2021-12-21 08:26:00+00:00,180.02,180.31,180.02,180.14,995.11,2021,12,21
2021-12-21 08:27:00+00:00,180.2,180.44,180.11,180.3,913.95,2021,12,21
2021-12-21 08:28:00+00:00,180.27,180.43,180.15,180.4,1282.2,2021,12,21
2021-12-21 08:29:00+00:00,180.42,180.53,180.27,180.49,1703.36,2021,12,21
2021-12-21 08:30:00+00:00,180.45,180.57,180.16,180.16,710.44,2021,12,21
2021-12-21 08:31:00+00:00,180.17,180.19,180.01,180.1,884.22,2021,12,21
2021-12-21 08:32:00+00:00,180.12,180.54,180.08,180.49,756.65,2021,12,21
2021-12-21 08:33:00+00:00,180.42,180.56,180.2,180.32,1306.63,2021,12,21
2021-12-21 08:34:00+00:00,180.31,180.56,180.27,180.46,1116.45,2021,12,21
2021-12-21 08:35:00+00:00,180.46,180.54,180.15,180.23,946.69,2021,12,21
2021-12-21 08:36:00+00:00,180.23,180.55,180.13,180.45,721.43,2021,12,21
2021-12-21 08:37:00+00:00,180.45,180.45,180.15,180.25,851.34,2021,12,21
2021-12-21 08:38:00+00:00,180.24,180.26,180.05,180.1,1464.16,2021,12,21
2021-12-21 08:39:00+00:00,180.12,180.32,180.05,180.27,935.43,2021,12,21
2021-12-21 08:40:00+00:00,180.25,180.51,180.18,180.37,837.06,2021,12,21
2021-12-21 08:41:00+00:00,180.36,180.45,180.07,180.22,664.01,2021,12,21
2021-12-21 08:42:00+00:00,180.22,180.27,180.13,180.14,482.58,2021,12,21
2021-12-21 08:43:00+00:00,180.16,180.29,180.11,180.18,629.85,2021,12,21
2021-12-21 08:44:00+00:00,180.16,180.21,180.03,180.13,888.02,2021,12,21
2021-12-21 08:45:00+00:00,180.13,180.15,179.9,180.09,874.78,2021,12,21
2021-12-21 08:46:00+00:00,180.1,180.21,180.0,180.18,393.1,2021,12,21
2021-12-21 08:47:00+00:00,180.18,180.38,180.18,180.29,605.86,2021,12,21
2021-12-21 08:48:00+00:00,180.28,180.56,180.28,180.52,484.13,2021,12,21
2021-12-21 08:49:00+00:00,180.52,180.58,179.94,179.94,874.73,2021,12,21
2021-12-21 08:50:00+00:00,179.96,180.13,179.9,179.94,707.19,2021,12,21
2021-12-21 08:51:00+00:00,179.94,180.04,179.9,179.91,534.86,2021,12,21
2021-12-21 08:52:00+00:00,179.91,180.23,179.91,180.06,388.71,2021,12,21
2021-12-21 08:53:00+00:00,180.06,180.37,180.06,180.12,472.51,2021,12,21
2021-12-21 08:54:00+00:00,180.12,180.14,179.96,180.05,678.62,2021,12,21
2021-12-21 08:55:00+00:00,180.02,180.2,180.01,180.05,3033.95,2021,12,21
2021-12-21 08:56:00+00:00,180.04,180.07,179.8,179.83,907.36,2021,12,21
2021-12-21 08:57:00+00:00,179.8,179.83,179.55,179.64,949.17,2021,12,21
2021-12-21 08:58:00+00:00,179.63,179.88,179.63,179.71,263.28,2021,12,21
2021-12-21 08:59:00+00:00,179.69,180.05,179.64,179.97,329.69,2021,12,21
2021-12-21 09:00:00+00:00,179.97,180.17,179.84,179.86,526.85,2021,12,21
2021-12-21 09:01:00+00:00,179.83,179.89,179.44,179.53,1429.14,2021,12,21
2021-12-21 09:02:00+00:00,179.52,180.05,179.47,180.05,2656.17,2021,12,21
2021-12-21 09:03:00+00:00,180.05,180.08,179.97,179.97,613.77,2021,12,21
2021-12-21 09:04:00+00:00,179.97,180.03,179.89,179.99,328.59,2021,12,21
2021-12-21 09:05:00+00:00,179.99,180.07,179.95,179.99,530.94,2021,12,21
2021-12-21 09:06:00+00:00,180.01,180.07,179.66,179.72,752.36,2021,12,21
2021-12-21 09:07:00+00:00,179.72,180.26,179.62,180.22,4423.75,2021,12,21
2021-12-21 09:08:00+00:00,180.21,180.55,180.21,180.36,1731.71,2021,12,21
2021-12-21 09:09:00+00:00,180.38,180.46,180.3,180.32,433.85,2021,12,21
2021-12-21 09:10:00+00:00,180.34,180.43,180.02,180.29,740.77,2021,12,21
2021-12-21 09:11:00+00:00,180.28,180.35,180.08,180.24,1102.27,2021,12,21
2021-12-21 09:12:00+00:00,180.24,180.31,179.53,179.88,2805.51,2021,12,21
2021-12-21 09:13:00+00:00,179.89,179.97,179.73,179.89,327.02,2021,12,21
2021-12-21 09:14:00+00:00,179.89,179.98,179.8,179.87,404.11,2021,12,21
2021-12-21 09:15:00+00:00,179.84,179.97,179.68,179.74,585.62,2021,12,21
2021-12-21 09:16:00+00:00,179.71,179.89,179.68,179.71,346.74,2021,12,21
2021-12-21 09:17:00+00:00,179.7,179.82,179.6,179.77,557.37,2021,12,21
2021-12-21 09:18:00+00:00,179.76,180.0,179.68,179.78,421.95,2021,12,21
2021-12-21 09:19:00+00:00,179.8,179.83,179.47,179.53,796.16,2021,12,21
2021-12-21 09:20:00+00:00,179.48,179.65,179.43,179.58,1203.69,2021,12,21
2021-12-21 09:21:00+00:00,179.58,179.76,179.54,179.71,395.31,2021,12,21
2021-12-21 09:22:00+00:00,179.72,179.75,179.5,179.52,306.36,2021,12,21
2021-12-21 09:23:00+00:00,179.51,179.67,179.5,179.5,832.95,2021,12,21
2021-12-21 09:24:00+00:00,179.53,179.78,179.45,179.67,1701.14,2021,12,21
2021-12-21 09:25:00+00:00,179.66,179.71,179.61,179.63,323.89,2021,12,21
2021-12-21 09:26:00+00:00,179.63,179.92,179.63,179.89,464.97,2021,12,21
2021-12-21 09:27:00+00:00,179.89,179.89,179.64,179.69,340.52,2021,12,21
2021-12-21 09:28:00+00:00,179.67,179.92,179.64,179.68,855.96,2021,12,21
2021-12-21 09:29:00+00:00,179.63,179.77,179.52,179.69,828.89,2021,12,21
2021-12-21 09:30:00+00:00,179.7,180.04,179.7,179.81,2942.55,2021,12,21
2021-12-21 09:31:00+00:00,179.81,179.85,179.64,179.75,459.49,2021,12,21
2021-12-21 09:32:00+00:00,179.72,179.94,179.67,179.86,413.06,2021,12,21
2021-12-21 09:33:00+00:00,179.85,179.98,179.82,179.98,362.4,2021,12,21
2021-12-21 09:34:00+00:00,179.95,180.01,179.88,179.98,542.28,2021,12,21
2021-12-21 09:35:00+00:00,179.95,180.22,179.9,180.13,985.05,2021,12,21
2021-12-21 09:36:00+00:00,180.18,180.3,180.03,180.03,754.94,2021,12,21
2021-12-21 09:37:00+00:00,180.03,180.27,180.03,180.24,293.27,2021,12,21
2021-12-21 09:38:00+00:00,180.26,180.46,180.26,180.35,667.25,2021,12,21
2021-12-21 09:39:00+00:00,180.41,180.46,180.25,180.35,857.07,2021,12,21
2021-12-21 09:40:00+00:00,180.38,180.55,180.31,180.49,696.5,2021,12,21
2021-12-21 09:41:00+00:00,180.45,180.55,180.32,180.33,1152.84,2021,12,21
2021-12-21 09:42:00+00:00,180.34,180.53,180.34,180.44,584.54,2021,12,21
2021-12-21 09:43:00+00:00,180.44,180.55,180.36,180.37,483.27,2021,12,21
2021-12-21 09:44:00+00:00,180.39,180.52,180.23,180.47,494.66,2021,12,21
2021-12-21 09:45:00+00:00,180.5,180.55,180.31,180.38,291.69,2021,12,21
2021-12-21 09:46:00+00:00,180.38,180.53,180.28,180.28,573.55,2021,12,21
2021-12-21 09:47:00+00:00,180.28,180.42,180.2,180.38,342.83,2021,12,21
2021-12-21 09:48:00+00:00,180.38,180.46,180.31,180.41,388.82,2021,12,21
2021-12-21 09:49:00+00:00,180.44,180.49,180.14,180.21,664.66,2021,12,21
2021-12-21 09:50:00+00:00,180.21,180.44,180.15,180.43,542.64,2021,12,21
2021-12-21 09:51:00+00:00,180.42,180.91,180.36,180.81,3810.45,2021,12,21
2021-12-21 09:52:00+00:00,180.78,180.82,180.54,180.76,577.34,2021,12,21
2021-12-21 09:53:00+00:00,180.78,180.83,180.64,180.66,888.43,2021,12,21
2021-12-21 09:54:00+00:00,180.68,180.8,180.64,180.72,538.56,2021,12,21
2021-12-21 09:55:00+00:00,180.72,180.99,180.71,180.95,1245.93,2021,12,21
2021-12-21 09:56:00+00:00,180.93,180.97,180.69,180.71,500.6,2021,12,21
2021-12-21 09:57:00+00:00,180.71,180.83,180.68,180.79,173.42,2021,12,21
2021-12-21 09:58:00+00:00,180.8,181.08,180.75,180.78,820.48,2021,12,21
2021-12-21 09:59:00+00:00,180.78,180.8,180.36,180.41,2878.11,2021,12,21
2021-12-21 10:00:00+00:00,180.4,180.47,180.08,180.23,1068.93,2021,12,21
2021-12-21 10:01:00+00:00,180.22,180.28,180.11,180.11,359.31,2021,12,21
2021-12-21 10:02:00+00:00,180.16,180.4,180.13,180.31,502.06,2021,12,21
2021-12-21 10:03:00+00:00,180.31,180.43,180.3,180.42,296.28,2021,12,21
2021-12-21 10:04:00+00:00,180.41,180.42,180.17,180.22,344.3,2021,12,21
2021-12-21 10:05:00+00:00,180.23,180.24,180.03,180.08,242.77,2021,12,21
2021-12-21 10:06:00+00:00,180.08,180.14,180.07,180.14,163.12,2021,12,21
2021-12-21 10:07:00+00:00,180.13,180.25,180.05,180.25,383.14,2021,12,21
2021-12-21 10:08:00+00:00,180.27,180.31,180.22,180.26,197.5,2021,12,21
2021-12-21 10:09:00+00:00,180.29,180.39,180.24,180.24,349.27,2021,12,21
2021-12-21 10:10:00+00:00,180.25,180.46,180.24,180.42,194.93,2021,12,21
2021-12-21 10:11:00+00:00,180.41,180.68,180.39,180.51,683.44,2021,12,21
2021-12-21 10:12:00+00:00,180.47,180.5,180.32,180.47,137.22,2021,12,21
2021-12-21 10:13:00+00:00,180.47,180.48,180.29,180.29,273.19,2021,12,21
2021-12-21 10:14:00+00:00,180.29,180.3,180.07,180.16,717.22,2021,12,21
2021-12-21 10:15:00+00:00,180.17,180.18,180.0,180.0,395.5,2021,12,21
2021-12-21 10:16:00+00:00,180.01,180.25,179.93,180.18,718.19,2021,12,21
2021-12-21 10:17:00+00:00,180.17,180.19,179.84,179.97,557.77,2021,12,21
2021-12-21 10:18:00+00:00,179.96,180.26,179.95,180.03,525.99,2021,12,21
2021-12-21 10:19:00+00:00,180.03,180.07,179.81,179.85,681.99,2021,12,21
2021-12-21 10:20:00+00:00,179.85,179.85,179.72,179.85,619.67,2021,12,21
2021-12-21 10:21:00+00:00,179.85,179.91,179.8,179.87,242.07,2021,12,21
2021-12-21 10:22:00+00:00,179.88,179.97,179.8,179.82,235.01,2021,12,21
2021-12-21 10:23:00+00:00,179.82,179.98,179.81,179.92,464.29,2021,12,21
2021-12-21 10:24:00+00:00,179.92,180.05,179.66,179.71,926.39,2021,12,21
2021-12-21 10:25:00+00:00,179.78,179.84,179.76,179.84,182.81,2021,12,21
2021-12-21 10:26:00+00:00,179.82,179.94,179.74,179.85,458.23,2021,12,21
2021-12-21 10:27:00+00:00,179.86,180.24,179.85,180.14,576.66,2021,12,21
2021-12-21 10:28:00+00:00,180.13,180.16,179.96,179.98,355.65,2021,12,21
2021-12-21 10:29:00+00:00,179.99,180.1,179.9,180.1,354.13,2021,12,21
2021-12-21 10:30:00+00:00,180.11,180.17,179.92,180.0,934.11,2021,12,21
2021-12-21 10:31:00+00:00,180.01,180.14,179.94,180.08,412.05,2021,12,21
2021-12-21 10:32:00+00:00,180.08,180.12,179.92,179.95,573.61,2021,12,21
2021-12-21 10:33:00+00:00,179.94,180.01,179.71,179.86,613.85,2021,12,21
2021-12-21 10:34:00+00:00,179.87,180.23,179.84,180.19,1699.49,2021,12,21
2021-12-21 10:35:00+00:00,180.19,180.23,179.92,179.92,488.78,2021,12,21
2021-12-21 10:36:00+00:00,179.88,180.01,179.85,180.01,321.86,2021,12,21
2021-12-21 10:37:00+00:00,180.0,180.11,179.8,179.86,512.3,2021,12,21
2021-12-21 10:38:00+00:00,179.89,180.03,179.66,179.86,858.36,2021,12,21
2021-12-21 10:39:00+00:00,179.86,179.89,179.65,179.71,351.69,2021,12,21
2021-12-21 10:40:00+00:00,179.72,179.83,179.6,179.77,403.18,2021,12,21
2021-12-21 10:41:00+00:00,179.75,179.78,179.61,179.72,414.56,2021,12,21
2021-12-21 10:42:00+00:00,179.74,179.76,179.53,179.66,420.27,2021,12,21
2021-12-21 10:43:00+00:00,179.67,179.76,179.58,179.64,370.94,2021,12,21
2021-12-21 10:44:00+00:00,179.6,179.81,179.58,179.81,466.6,2021,12,21
2021-12-21 10:45:00+00:00,179.81,179.81,179.56,179.61,440.14,2021,12,21
2021-12-21 10:46:00+00:00,179.58,179.64,179.39,179.48,987.21,2021,12,21
2021-12-21 10:47:00+00:00,179.5,179.82,179.48,179.82,728.03,2021,12,21
2021-12-21 10:48:00+00:00,179.82,180.04,179.81,180.02,788.23,2021,12,21
2021-12-21 10:49:00+00:00,179.99,180.0,179.74,179.81,535.84,2021,12,21
2021-12-21 10:50:00+00:00,179.8,179.86,179.76,179.77,528.53,2021,12,21
2021-12-21 10:51:00+00:00,179.75,179.75,179.5,179.62,439.67,2021,12,21
2021-12-21 10:52:00+00:00,179.61,179.72,179.59,179.61,295.69,2021,12,21
2021-12-21 10:53:00+00:00,179.62,179.76,179.52,179.7,216.77,2021,12,21
2021-12-21 10:54:00+00:00,179.72,179.81,179.64,179.68,371.72,2021,12,21
2021-12-21 10:55:00+00:00,179.68,179.75,179.53,179.7,409.17,2021,12,21
2021-12-21 10:56:00+00:00,179.7,179.78,179.62,179.78,191.87,2021,12,21
2021-12-21 10:57:00+00:00,179.79,179.92,179.78,179.89,355.76,2021,12,21
2021-12-21 10:58:00+00:00,179.89,179.95,179.79,179.87,377.23,2021,12,21
2021-12-21 10:59:00+00:00,179.87,179.9,179.65,179.69,355.18,2021,12,21
2021-12-21 11:00:00+00:00,179.66,179.87,179.56,179.73,957.92,2021,12,21
2021-12-21 11:01:00+00:00,179.72,179.83,179.59,179.62,256.11,2021,12,21
2021-12-21 11:02:00+00:00,179.64,179.73,179.53,179.7,318.41,2021,12,21
2021-12-21 11:03:00+00:00,179.68,179.97,179.64,179.94,760.41,2021,12,21
2021-12-21 11:04:00+00:00,179.9,180.0,179.83,179.89,284.29,2021,12,21
2021-12-21 11:05:00+00:00,179.9,179.92,179.81,179.81,286.9,2021,12,21
2021-12-21 11:06:00+00:00,179.82,179.99,179.68,179.99,466.88,2021,12,21
2021-12-21 11:07:00+00:00,179.98,180.09,179.92,179.93,481.58,2021,12,21
2021-12-21 11:08:00+00:00,179.97,179.97,179.63,179.68,444.58,2021,12,21
2021-12-21 11:09:00+00:00,179.68,179.91,179.61,179.78,320.92,2021,12,21
2021-12-21 11:10:00+00:00,179.82,179.83,179.62,179.75,247.61,2021,12,21
2021-12-21 11:11:00+00:00,179.78,179.86,179.68,179.73,284.25,2021,12,21
2021-12-21 11:12:00+00:00,179.72,179.73,179.47,179.63,471.83,2021,12,21
2021-12-21 11:13:00+00:00,179.64,179.93,179.64,179.87,704.46,2021,12,21
2021-12-21 11:14:00+00:00,179.86,179.95,179.67,179.7,493.69,2021,12,21
2021-12-21 11:15:00+00:00,179.68,179.71,179.48,179.48,303.18,2021,12,21
2021-12-21 11:16:00+00:00,179.53,179.65,179.51,179.64,261.48,2021,12,21
2021-12-21 11:17:00+00:00,179.63,179.83,179.59,179.75,424.89,2021,12,21
2021-12-21 11:18:00+00:00,179.75,179.84,179.69,179.77,623.69,2021,12,21
2021-12-21 11:19:00+00:00,179.75,179.87,179.7,179.76,334.38,2021,12,21
2021-12-21 11:20:00+00:00,179.77,179.87,179.57,179.74,498.7,2021,12,21
2021-12-21 11:21:00+00:00,179.75,179.79,179.57,179.78,512.66,2021,12,21
2021-12-21 11:22:00+00:00,179.78,179.8,179.46,179.58,404.8,2021,12,21
2021-12-21 11:23:00+00:00,179.58,179.63,179.48,179.62,146.27,2021,12,21
2021-12-21 11:24:00+00:00,179.63,179.9,179.56,179.72,1674.39,2021,12,21
2021-12-21 11:25:00+00:00,179.71,179.87,179.66,179.75,264.38,2021,12,21
2021-12-21 11:26:00+00:00,179.76,179.79,179.62,179.68,399.83,2021,12,21
2021-12-21 11:27:00+00:00,179.69,179.86,179.69,179.78,194.08,2021,12,21
2021-12-21 11:28:00+00:00,179.79,179.79,179.55,179.66,597.3,2021,12,21
2021-12-21 11:29:00+00:00,179.66,179.9,179.65,179.87,443.6,2021,12,21
2021-12-21 11:30:00+00:00,179.84,179.89,179.65,179.71,252.28,2021,12,21
2021-12-21 11:31:00+00:00,179.71,179.83,179.58,179.79,352.41,2021,12,21
2021-12-21 11:32:00+00:00,179.75,179.89,179.7,179.77,776.0,2021,12,21
2021-12-21 11:33:00+00:00,179.77,179.9,179.75,179.9,566.97,2021,12,21
2021-12-21 11:34:00+00:00,179.88,179.94,179.52,179.58,1351.32,2021,12,21
2021-12-21 11:35:00+00:00,179.59,179.77,179.58,179.69,319.39,2021,12,21
2021-12-21 11:36:00+00:00,179.68,179.75,179.59,179.6,570.46,2021,12,21
2021-12-21 11:37:00+00:00,179.59,179.67,179.44,179.48,463.82,2021,12,21
2021-12-21 11:38:00+00:00,179.49,179.55,179.35,179.36,461.78,2021,12,21
2021-12-21 11:39:00+00:00,179.36,179.4,179.25,179.38,829.66,2021,12,21
2021-12-21 11:40:00+00:00,179.37,179.38,179.05,179.14,1079.36,2021,12,21
2021-12-21 11:41:00+00:00,179.14,179.15,178.98,178.98,764.03,2021,12,21
2021-12-21 11:42:00+00:00,179.01,179.13,178.92,179.0,768.0,2021,12,21
2021-12-21 11:43:00+00:00,178.99,179.02,178.66,178.67,1184.85,2021,12,21
2021-12-21 11:44:00+00:00,178.7,178.87,178.64,178.7,770.02,2021,12,21
2021-12-21 11:45:00+00:00,178.68,178.84,178.63,178.63,1038.29,2021,12,21
2021-12-21 11:46:00+00:00,178.69,178.78,178.64,178.7,654.1,2021,12,21
2021-12-21 11:47:00+00:00,178.73,178.96,178.65,178.85,1025.47,2021,12,21
2021-12-21 11:48:00+00:00,178.87,178.94,178.81,178.88,1188.25,2021,12,21
2021-12-21 11:49:00+00:00,178.89,179.09,178.84,179.0,505.31,2021,12,21
2021-12-21 11:50:00+00:00,179.01,179.3,178.93,179.03,2121.56,2021,12,21
2021-12-21 11:51:00+00:00,179.02,179.4,179.01,179.33,891.98,2021,12,21
2021-12-21 11:52:00+00:00,179.29,179.49,179.25,179.33,1001.05,2021,12,21
2021-12-21 11:53:00+00:00,179.3,179.41,179.26,179.4,308.7,2021,12,21
2021-12-21 11:54:00+00:00,179.38,179.45,179.22,179.34,790.51,2021,12,21
2021-12-21 11:55:00+00:00,179.36,179.41,179.28,179.37,298.39,2021,12,21
2021-12-21 11:56:00+00:00,179.37,179.48,179.26,179.29,548.2,2021,12,21
2021-12-21 11:57:00+00:00,179.29,179.71,179.29,179.59,1120.66,2021,12,21
2021-12-21 11:58:00+00:00,179.59,179.71,179.51,179.63,787.38,2021,12,21
2021-12-21 11:59:00+00:00,179.65,179.83,179.5,179.71,1010.62,2021,12,21
2021-12-21 12:00:00+00:00,179.75,179.77,179.59,179.73,937.61,2021,12,21
2021-12-21 12:01:00+00:00,179.69,179.93,179.58,179.93,729.13,2021,12,21
2021-12-21 12:02:00+00:00,179.88,179.9,179.75,179.76,534.71,2021,12,21
2021-12-21 12:03:00+00:00,179.76,179.78,179.44,179.57,5920.56,2021,12,21
2021-12-21 12:04:00+00:00,179.58,179.64,179.47,179.62,346.3,2021,12,21
2021-12-21 12:05:00+00:00,179.62,179.71,179.47,179.5,644.94,2021,12,21
2021-12-21 12:06:00+00:00,179.48,179.6,179.35,179.54,524.07,2021,12,21
2021-12-21 12:07:00+00:00,179.53,179.53,179.31,179.33,566.83,2021,12,21
2021-12-21 12:08:00+00:00,179.36,179.63,179.36,179.55,661.91,2021,12,21
2021-12-21 12:09:00+00:00,179.55,179.62,179.54,179.6,123.71,2021,12,21
2021-12-21 12:10:00+00:00,179.61,179.69,179.49,179.65,261.85,2021,12,21
2021-12-21 12:11:00+00:00,179.67,179.69,179.53,179.6,289.85,2021,12,21
2021-12-21 12:12:00+00:00,179.59,179.78,179.58,179.76,319.72,2021,12,21
2021-12-21 12:13:00+00:00,179.76,179.92,179.71,179.87,558.51,2021,12,21
2021-12-21 12:14:00+00:00,179.87,180.12,179.85,179.98,1107.83,2021,12,21
2021-12-21 12:15:00+00:00,179.97,180.2,179.92,180.15,925.39,2021,12,21
2021-12-21 12:16:00+00:00,180.14,180.36,179.92,180.27,2438.87,2021,12,21
2021-12-21 12:17:00+00:00,180.27,180.7,180.23,180.67,1316.29,2021,12,21
2021-12-21 12:18:00+00:00,180.65,180.67,180.5,180.61,701.93,2021,12,21
2021-12-21 12:19:00+00:00,180.6,180.68,180.51,180.55,491.33,2021,12,21
2021-12-21 12:20:00+00:00,180.54,180.71,180.5,180.65,493.23,2021,12,21
2021-12-21 12:21:00+00:00,180.65,181.24,180.56,180.88,4832.95,2021,12,21
2021-12-21 12:22:00+00:00,180.82,180.95,180.7,180.81,1099.28,2021,12,21
2021-12-21 12:23:00+00:00,180.84,180.94,180.74,180.91,1053.81,2021,12,21
2021-12-21 12:24:00+00:00,180.88,180.91,180.71,180.82,722.76,2021,12,21
2021-12-21 12:25:00+00:00,180.78,181.03,180.78,180.9,787.35,2021,12,21
2021-12-21 12:26:00+00:00,180.9,181.08,180.86,181.06,1229.2,2021,12,21
2021-12-21 12:27:00+00:00,181.06,181.5,181.0,181.35,2016.92,2021,12,21
2021-12-21 12:28:00+00:00,181.35,181.67,181.28,181.64,2329.18,2021,12,21
2021-12-21 12:29:00+00:00,181.63,181.88,181.42,181.65,1692.26,2021,12,21
2021-12-21 12:30:00+00:00,181.65,182.11,181.61,181.87,4435.96,2021,12,21
2021-12-21 12:31:00+00:00,181.87,182.12,181.7,181.92,3955.53,2021,12,21
2021-12-21 12:32:00+00:00,181.91,181.95,181.67,181.87,988.87,2021,12,21
2021-12-21 12:33:00+00:00,181.83,182.0,181.79,181.86,786.18,2021,12,21
2021-12-21 12:34:00+00:00,181.87,181.9,181.63,181.77,2037.76,2021,12,21
2021-12-21 12:35:00+00:00,181.76,182.0,181.76,181.92,3991.35,2021,12,21
2021-12-21 12:36:00+00:00,181.78,182.0,181.76,181.8,2024.4,2021,12,21
2021-12-21 12:37:00+00:00,181.8,181.92,181.66,181.76,1443.34,2021,12,21
2021-12-21 12:38:00+00:00,181.76,182.54,181.44,182.41,3955.61,2021,12,21
2021-12-21 12:39:00+00:00,182.42,182.46,181.85,181.95,2592.92,2021,12,21
2021-12-21 12:40:00+00:00,181.93,181.95,181.55,181.64,1221.44,2021,12,21
2021-12-21 12:41:00+00:00,181.65,181.84,181.58,181.72,2066.96,2021,12,21
2021-12-21 12:42:00+00:00,181.71,181.78,181.36,181.38,1560.17,2021,12,21
2021-12-21 12:43:00+00:00,181.39,181.54,181.34,181.41,932.31,2021,12,21
2021-12-21 12:44:00+00:00,181.42,181.74,181.39,181.64,788.57,2021,12,21
2021-12-21 12:45:00+00:00,181.64,181.96,181.62,181.82,450.77,2021,12,21
2021-12-21 12:46:00+00:00,181.83,181.87,181.32,181.41,992.26,2021,12,21
2021-12-21 12:47:00+00:00,181.42,181.46,181.0,181.06,2713.57,2021,12,21
2021-12-21 12:48:00+00:00,181.05,181.08,180.68,180.75,1837.94,2021,12,21
2021-12-21 12:49:00+00:00,180.75,180.94,180.61,180.91,1016.78,2021,12,21
2021-12-21 12:50:00+00:00,180.92,181.04,180.74,181.01,1000.38,2021,12,21
2021-12-21 12:51:00+00:00,181.02,181.22,180.95,181.07,844.78,2021,12,21
2021-12-21 12:52:00+00:00,181.08,181.22,180.6,180.65,2566.07,2021,12,21
2021-12-21 12:53:00+00:00,180.64,180.72,180.39,180.45,926.49,2021,12,21
2021-12-21 12:54:00+00:00,180.44,180.53,180.3,180.41,805.64,2021,12,21
2021-12-21 12:55:00+00:00,180.45,180.6,180.37,180.42,1639.05,2021,12,21
2021-12-21 12:56:00+00:00,180.43,180.65,180.3,180.56,1244.48,2021,12,21
2021-12-21 12:57:00+00:00,180.55,180.56,180.06,180.1,946.68,2021,12,21
2021-12-21 12:58:00+00:00,180.12,180.45,180.05,180.29,1222.36,2021,12,21
2021-12-21 12:59:00+00:00,180.3,180.35,179.92,180.06,2310.07,2021,12,21
2021-12-21 13:00:00+00:00,180.05,180.24,179.92,180.14,1169.16,2021,12,21
2021-12-21 13:01:00+00:00,180.14,180.44,180.13,180.3,830.07,2021,12,21
2021-12-21 13:02:00+00:00,180.3,180.37,180.1,180.1,904.32,2021,12,21
2021-12-21 13:03:00+00:00,180.14,180.38,180.06,180.32,925.24,2021,12,21
2021-12-21 13:04:00+00:00,180.3,180.58,180.28,180.57,609.95,2021,12,21
2021-12-21 13:05:00+00:00,180.57,180.76,180.57,180.62,398.12,2021,12,21
2021-12-21 13:06:00+00:00,180.63,180.7,180.36,180.41,542.33,2021,12,21
2021-12-21 13:07:00+00:00,180.44,180.97,180.44,180.87,1932.36,2021,12,21
2021-12-21 13:08:00+00:00,180.87,180.93,180.6,180.66,1300.36,2021,12,21
2021-12-21 13:09:00+00:00,180.65,180.76,180.44,180.44,571.85,2021,12,21
2021-12-21 13:10:00+00:00,180.44,180.47,180.07,180.18,962.54,2021,12,21
2021-12-21 13:11:00+00:00,180.18,180.26,179.99,180.02,1084.92,2021,12,21
2021-12-21 13:12:00+00:00,180.04,180.29,179.71,179.75,1467.99,2021,12,21
2021-12-21 13:13:00+00:00,179.76,179.96,179.55,179.72,1839.98,2021,12,21
2021-12-21 13:14:00+00:00,179.75,180.11,179.6,180.04,1352.91,2021,12,21
2021-12-21 13:15:00+00:00,180.03,180.08,179.83,180.0,724.42,2021,12,21
2021-12-21 13:16:00+00:00,180.01,180.16,179.76,180.15,2765.17,2021,12,21
2021-12-21 13:17:00+00:00,180.16,180.2,179.91,180.07,549.16,2021,12,21
2021-12-21 13:18:00+00:00,180.05,180.12,179.9,179.91,556.71,2021,12,21
2021-12-21 13:19:00+00:00,179.9,179.92,179.54,179.82,985.75,2021,12,21
2021-12-21 13:20:00+00:00,179.81,179.85,179.61,179.83,492.71,2021,12,21
2021-12-21 13:21:00+00:00,179.78,180.08,179.7,180.08,571.51,2021,12,21
2021-12-21 13:22:00+00:00,180.07,180.4,180.05,180.32,788.62,2021,12,21
2021-12-21 13:23:00+00:00,180.34,180.61,180.33,180.5,638.79,2021,12,21
2021-12-21 13:24:00+00:00,180.49,180.53,179.89,179.92,1159.15,2021,12,21
2021-12-21 13:25:00+00:00,179.91,180.22,179.77,180.1,1692.24,2021,12,21
2021-12-21 13:26:00+00:00,180.11,180.6,180.11,180.56,677.1,2021,12,21
2021-12-21 13:27:00+00:00,180.55,180.6,180.23,180.35,697.02,2021,12,21
2021-12-21 13:28:00+00:00,180.36,180.66,180.21,180.31,1612.24,2021,12,21
2021-12-21 13:29:00+00:00,180.34,180.43,180.3,180.37,319.52,2021,12,21
2021-12-21 13:30:00+00:00,180.36,180.64,180.32,180.33,745.06,2021,12,21
2021-12-21 13:31:00+00:00,180.34,180.5,180.3,180.38,530.48,2021,12,21
2021-12-21 13:32:00+00:00,180.38,180.45,180.19,180.21,804.71,2021,12,21
2021-12-21 13:33:00+00:00,180.21,180.63,180.21,180.57,860.57,2021,12,21
2021-12-21 13:34:00+00:00,180.56,181.04,180.54,180.63,1275.86,2021,12,21
2021-12-21 13:35:00+00:00,180.61,180.97,180.59,180.95,1037.32,2021,12,21
2021-12-21 13:36:00+00:00,180.95,181.28,180.95,181.1,814.91,2021,12,21
2021-12-21 13:37:00+00:00,181.1,181.1,180.9,180.96,981.95,2021,12,21
2021-12-21 13:38:00+00:00,180.95,181.02,180.74,180.74,555.52,2021,12,21
2021-12-21 13:39:00+00:00,180.77,181.01,180.75,181.01,565.19,2021,12,21
2021-12-21 13:40:00+00:00,181.0,181.01,180.7,180.78,760.03,2021,12,21
2021-12-21 13:41:00+00:00,180.77,181.01,180.76,180.85,547.7,2021,12,21
2021-12-21 13:42:00+00:00,180.85,181.11,180.85,180.86,993.49,2021,12,21
2021-12-21 13:43:00+00:00,180.92,180.92,180.8,180.9,793.16,2021,12,21
2021-12-21 13:44:00+00:00,180.92,180.98,180.85,180.85,343.76,2021,12,21
2021-12-21 13:45:00+00:00,180.85,181.13,180.83,181.07,416.36,2021,12,21
2021-12-21 13:46:00+00:00,181.08,181.09,180.72,180.72,471.44,2021,12,21
2021-12-21 13:47:00+00:00,180.73,180.73,180.55,180.62,488.03,2021,12,21
2021-12-21 13:48:00+00:00,180.66,180.81,180.66,180.75,485.64,2021,12,21
2021-12-21 13:49:00+00:00,180.74,180.82,180.65,180.79,384.1,2021,12,21
2021-12-21 13:50:00+00:00,180.79,181.06,180.72,181.01,404.68,2021,12,21
2021-12-21 13:51:00+00:00,181.01,181.1,180.93,180.94,601.09,2021,12,21
2021-12-21 13:52:00+00:00,180.94,181.09,180.88,181.07,527.9,2021,12,21
2021-12-21 13:53:00+00:00,181.07,181.14,181.0,181.02,464.7,2021,12,21
2021-12-21 13:54:00+00:00,181.03,181.15,181.02,181.11,547.17,2021,12,21
2021-12-21 13:55:00+00:00,181.1,181.19,180.9,181.17,884.86,2021,12,21
2021-12-21 13:56:00+00:00,181.16,181.21,181.14,181.19,874.54,2021,12,21
2021-12-21 13:57:00+00:00,181.18,181.27,181.08,181.22,972.12,2021,12,21
2021-12-21 13:58:00+00:00,181.22,181.54,181.22,181.47,612.51,2021,12,21
2021-12-21 13:59:00+00:00,181.44,181.64,181.41,181.5,1077.97,2021,12,21
2021-12-21 14:00:00+00:00,181.49,181.76,181.49,181.7,624.3,2021,12,21
2021-12-21 14:01:00+00:00,181.69,181.81,181.5,181.5,972.56,2021,12,21
2021-12-21 14:02:00+00:00,181.52,181.55,181.04,181.14,796.24,2021,12,21
2021-12-21 14:03:00+00:00,181.12,181.12,180.88,181.01,470.52,2021,12,21
2021-12-21 14:04:00+00:00,181.01,181.03,180.63,180.65,509.65,2021,12,21
2021-12-21 14:05:00+00:00,180.65,180.85,180.6,180.83,423.74,2021,12,21
2021-12-21 14:06:00+00:00,180.82,181.01,180.79,180.89,1274.42,2021,12,21
2021-12-21 14:07:00+00:00,180.89,181.04,180.82,180.91,317.14,2021,12,21
2021-12-21 14:08:00+00:00,180.91,180.98,180.79,180.79,446.68,2021,12,21
2021-12-21 14:09:00+00:00,180.84,180.88,180.63,180.74,296.25,2021,12,21
2021-12-21 14:10:00+00:00,180.78,180.94,180.68,180.82,414.38,2021,12,21
2021-12-21 14:11:00+00:00,180.81,181.01,180.79,180.81,453.21,2021,12,21
2021-12-21 14:12:00+00:00,180.82,180.98,180.61,180.67,411.99,2021,12,21
2021-12-21 14:13:00+00:00,180.7,180.77,180.42,180.44,619.66,2021,12,21
2021-12-21 14:14:00+00:00,180.44,180.54,180.31,180.42,591.83,2021,12,21
2021-12-21 14:15:00+00:00,180.42,180.43,180.03,180.07,609.19,2021,12,21
2021-12-21 14:16:00+00:00,180.07,180.1,179.73,179.85,905.09,2021,12,21
2021-12-21 14:17:00+00:00,179.83,179.85,179.39,179.43,1883.72,2021,12,21
2021-12-21 14:18:00+00:00,179.41,179.48,178.86,179.02,2866.01,2021,12,21
2021-12-21 14:19:00+00:00,179.02,179.31,179.0,179.15,1331.48,2021,12,21
2021-12-21 14:20:00+00:00,179.16,179.24,178.97,179.15,660.76,2021,12,21
2021-12-21 14:21:00+00:00,179.14,179.29,178.5,178.65,3948.93,2021,12,21
2021-12-21 14:22:00+00:00,178.71,178.95,178.67,178.84,1536.9,2021,12,21
2021-12-21 14:23:00+00:00,178.83,178.84,178.21,178.41,1659.19,2021,12,21
2021-12-21 14:24:00+00:00,178.41,178.47,178.11,178.18,2252.81,2021,12,21
2021-12-21 14:25:00+00:00,178.19,178.5,178.15,178.36,1086.91,2021,12,21
2021-12-21 14:26:00+00:00,178.37,178.8,178.36,178.64,1320.35,2021,12,21
2021-12-21 14:27:00+00:00,178.63,178.65,178.36,178.58,1400.79,2021,12,21
2021-12-21 14:28:00+00:00,178.62,178.92,178.6,178.76,931.51,2021,12,21
2021-12-21 14:29:00+00:00,178.76,178.77,178.36,178.49,876.59,2021,12,21
2021-12-21 14:30:00+00:00,178.48,178.89,178.48,178.87,747.26,2021,12,21
2021-12-21 14:31:00+00:00,178.87,179.14,178.82,179.08,618.41,2021,12,21
2021-12-21 14:32:00+00:00,179.08,179.23,178.9,179.21,1085.34,2021,12,21
2021-12-21 14:33:00+00:00,179.22,179.55,179.15,179.46,5029.29,2021,12,21
2021-12-21 14:34:00+00:00,179.47,179.49,179.12,179.18,723.39,2021,12,21
2021-12-21 14:35:00+00:00,179.17,179.23,178.94,179.19,597.62,2021,12,21
2021-12-21 14:36:00+00:00,179.19,179.6,179.15,179.58,1041.54,2021,12,21
2021-12-21 14:37:00+00:00,179.6,179.89,179.57,179.69,993.1,2021,12,21
2021-12-21 14:38:00+00:00,179.68,179.84,179.66,179.78,629.45,2021,12,21
2021-12-21 14:39:00+00:00,179.77,179.91,179.71,179.72,614.09,2021,12,21
2021-12-21 14:40:00+00:00,179.71,179.74,179.26,179.5,1202.73,2021,12,21
2021-12-21 14:41:00+00:00,179.49,179.8,179.48,179.68,420.58,2021,12,21
2021-12-21 14:42:00+00:00,179.65,179.65,179.41,179.47,752.45,2021,12,21
2021-12-21 14:43:00+00:00,179.48,179.65,179.33,179.33,451.44,2021,12,21
2021-12-21 14:44:00+00:00,179.33,179.36,179.04,179.34,852.21,2021,12,21
2021-12-21 14:45:00+00:00,179.34,179.35,178.86,178.97,676.87,2021,12,21
2021-12-21 14:46:00+00:00,178.98,179.0,178.62,178.86,1040.19,2021,12,21
2021-12-21 14:47:00+00:00,178.85,178.99,178.75,178.92,427.19,2021,12,21
2021-12-21 14:48:00+00:00,178.91,179.13,178.88,179.1,358.83,2021,12,21
2021-12-21 14:49:00+00:00,179.09,179.09,178.74,178.74,469.25,2021,12,21
2021-12-21 14:50:00+00:00,178.74,178.81,178.44,178.52,843.83,2021,12,21
2021-12-21 14:51:00+00:00,178.52,178.79,178.51,178.73,578.56,2021,12,21
2021-12-21 14:52:00+00:00,178.72,179.08,178.58,179.05,875.16,2021,12,21
2021-12-21 14:53:00+00:00,179.05,179.27,178.98,179.1,871.58,2021,12,21
2021-12-21 14:54:00+00:00,179.11,179.12,178.73,178.77,748.01,2021,12,21
2021-12-21 14:55:00+00:00,178.79,179.06,178.72,178.98,455.82,2021,12,21
2021-12-21 14:56:00+00:00,178.98,179.05,178.68,178.74,1912.89,2021,12,21
2021-12-21 14:57:00+00:00,178.73,178.95,178.7,178.7,2949.28,2021,12,21
2021-12-21 14:58:00+00:00,178.68,178.96,178.66,178.8,1599.24,2021,12,21
2021-12-21 14:59:00+00:00,178.82,179.05,178.82,178.88,1340.1,2021,12,21
2021-12-21 15:00:00+00:00,178.88,179.22,178.82,179.07,552.15,2021,12,21
2021-12-21 15:01:00+00:00,179.07,179.26,178.91,179.16,732.55,2021,12,21
2021-12-21 15:02:00+00:00,179.17,179.35,178.99,179.17,1781.21,2021,12,21
2021-12-21 15:03:00+00:00,179.18,179.34,178.77,178.94,1582.09,2021,12,21
2021-12-21 15:04:00+00:00,178.95,178.95,178.68,178.74,363.73,2021,12,21
2021-12-21 15:05:00+00:00,178.72,178.84,178.61,178.7,492.08,2021,12,21
2021-12-21 15:06:00+00:00,178.71,179.21,178.69,179.18,599.92,2021,12,21
2021-12-21 15:07:00+00:00,179.18,179.18,179.01,179.01,1132.58,2021,12,21
2021-12-21 15:08:00+00:00,179.0,179.0,178.76,178.76,574.5,2021,12,21
2021-12-21 15:09:00+00:00,178.77,178.87,178.71,178.82,392.02,2021,12,21
2021-12-21 15:10:00+00:00,178.83,178.83,178.65,178.75,672.6,2021,12,21
2021-12-21 15:11:00+00:00,178.76,178.95,178.65,178.71,290.08,2021,12,21
2021-12-21 15:12:00+00:00,178.7,178.79,178.63,178.74,685.86,2021,12,21
2021-12-21 15:13:00+00:00,178.76,179.06,178.69,178.95,917.21,2021,12,21
2021-12-21 15:14:00+00:00,178.95,179.1,178.88,178.9,392.5,2021,12,21
2021-12-21 15:15:00+00:00,178.9,179.16,178.55,179.01,1933.2,2021,12,21
2021-12-21 15:16:00+00:00,179.01,179.37,179.01,179.27,401.74,2021,12,21
2021-12-21 15:17:00+00:00,179.2,179.25,178.98,179.07,1446.02,2021,12,21
2021-12-21 15:18:00+00:00,179.07,179.14,178.76,178.89,391.7,2021,12,21
2021-12-21 15:19:00+00:00,178.89,178.97,178.79,178.93,470.2,2021,12,21
2021-12-21 15:20:00+00:00,178.93,179.16,178.86,179.16,427.25,2021,12,21
2021-12-21 15:21:00+00:00,179.14,179.41,179.12,179.29,319.69,2021,12,21
2021-12-21 15:22:00+00:00,179.3,179.64,179.28,179.47,819.37,2021,12,21
2021-12-21 15:23:00+00:00,179.5,179.52,179.03,179.25,670.65,2021,12,21
2021-12-21 15:24:00+00:00,179.2,179.37,179.09,179.09,1720.93,2021,12,21
2021-12-21 15:25:00+00:00,179.13,179.17,178.92,178.99,291.44,2021,12,21
2021-12-21 15:26:00+00:00,178.99,179.13,178.62,178.71,1503.07,2021,12,21
2021-12-21 15:27:00+00:00,178.67,178.72,178.36,178.45,764.89,2021,12,21
2021-12-21 15:28:00+00:00,178.46,178.46,178.01,178.07,2503.18,2021,12,21
2021-12-21 15:29:00+00:00,178.05,178.05,177.68,177.89,2352.87,2021,12,21
2021-12-21 15:30:00+00:00,177.85,178.21,177.69,177.74,593.24,2021,12,21
2021-12-21 15:31:00+00:00,177.74,177.74,177.21,177.43,1490.31,2021,12,21
2021-12-21 15:32:00+00:00,177.45,177.69,177.3,177.62,1653.64,2021,12,21
2021-12-21 15:33:00+00:00,177.6,177.6,177.3,177.33,709.56,2021,12,21
2021-12-21 15:34:00+00:00,177.34,177.5,177.13,177.13,2428.27,2021,12,21
2021-12-21 15:35:00+00:00,177.19,177.34,177.14,177.23,1212.49,2021,12,21
2021-12-21 15:36:00+00:00,177.29,177.62,177.24,177.55,1227.86,2021,12,21
2021-12-21 15:37:00+00:00,177.55,177.55,176.62,176.81,3328.3,2021,12,21
2021-12-21 15:38:00+00:00,176.8,176.97,176.64,176.84,2242.43,2021,12,21
2021-12-21 15:39:00+00:00,176.84,177.26,176.8,177.17,1657.12,2021,12,21
2021-12-21 15:40:00+00:00,177.14,177.47,177.11,177.4,1019.22,2021,12,21
2021-12-21 15:41:00+00:00,177.46,177.69,177.38,177.67,845.64,2021,12,21
2021-12-21 15:42:00+00:00,177.69,177.79,177.52,177.7,1067.88,2021,12,21
2021-12-21 15:43:00+00:00,177.7,177.91,177.66,177.86,259.01,2021,12,21
2021-12-21 15:44:00+00:00,177.85,177.85,177.35,177.43,756.96,2021,12,21
2021-12-21 15:45:00+00:00,177.43,177.43,177.16,177.23,717.42,2021,12,21
2021-12-21 15:46:00+00:00,177.25,177.73,177.21,177.41,415.56,2021,12,21
2021-12-21 15:47:00+00:00,177.46,177.75,177.43,177.69,1088.3,2021,12,21
2021-12-21 15:48:00+00:00,177.72,177.84,177.52,177.64,218.76,2021,12,21
2021-12-21 15:49:00+00:00,177.6,177.61,177.32,177.39,559.09,2021,12,21
2021-12-21 15:50:00+00:00,177.37,177.81,177.37,177.78,438.62,2021,12,21
2021-12-21 15:51:00+00:00,177.77,177.94,177.7,177.91,498.17,2021,12,21
2021-12-21 15:52:00+00:00,177.87,177.95,177.56,177.9,431.83,2021,12,21
2021-12-21 15:53:00+00:00,177.91,177.97,177.75,177.77,426.89,2021,12,21
2021-12-21 15:54:00+00:00,177.78,177.84,177.71,177.72,456.0,2021,12,21
2021-12-21 15:55:00+00:00,177.72,177.79,177.43,177.47,650.26,2021,12,21
2021-12-21 15:56:00+00:00,177.44,177.73,177.36,177.71,519.85,2021,12,21
2021-12-21 15:57:00+00:00,177.71,177.85,177.67,177.67,566.86,2021,12,21
2021-12-21 15:58:00+00:00,177.74,177.77,177.44,177.53,429.72,2021,12,21
2021-12-21 15:59:00+00:00,177.49,177.54,177.36,177.41,367.87,2021,12,21
2021-12-21 16:00:00+00:00,177.44,177.5,177.05,177.23,983.12,2021,12,21
2021-12-21 16:01:00+00:00,177.21,177.49,177.08,177.49,1201.64,2021,12,21
2021-12-21 16:02:00+00:00,177.49,177.79,177.45,177.58,1269.84,2021,12,21
2021-12-21 16:03:00+00:00,177.58,177.8,177.43,177.43,549.27,2021,12,21
2021-12-21 16:04:00+00:00,177.41,177.76,177.29,177.76,514.19,2021,12,21
2021-12-21 16:05:00+00:00,177.75,178.04,177.71,178.01,1091.89,2021,12,21
2021-12-21 16:06:00+00:00,178.0,178.12,177.95,178.04,438.65,2021,12,21
2021-12-21 16:07:00+00:00,178.07,178.3,178.01,178.2,738.17,2021,12,21
2021-12-21 16:08:00+00:00,178.22,178.49,178.18,178.45,922.36,2021,12,21
2021-12-21 16:09:00+00:00,178.4,178.8,178.4,178.68,1878.6,2021,12,21
2021-12-21 16:10:00+00:00,178.69,178.84,178.41,178.72,1117.58,2021,12,21
2021-12-21 16:11:00+00:00,178.72,178.89,178.5,178.86,582.89,2021,12,21
2021-12-21 16:12:00+00:00,178.82,178.97,178.6,178.96,586.9,2021,12,21
2021-12-21 16:13:00+00:00,178.95,178.96,178.6,178.6,630.6,2021,12,21
2021-12-21 16:14:00+00:00,178.59,178.76,178.45,178.75,521.19,2021,12,21
2021-12-21 16:15:00+00:00,178.76,178.81,178.35,178.39,487.42,2021,12,21
2021-12-21 16:16:00+00:00,178.39,178.39,178.01,178.05,735.71,2021,12,21
2021-12-21 16:17:00+00:00,178.05,178.25,178.0,178.19,570.18,2021,12,21
2021-12-21 16:18:00+00:00,178.21,178.34,177.92,177.92,658.36,2021,12,21
2021-12-21 16:19:00+00:00,177.93,178.12,177.8,178.05,682.34,2021,12,21
2021-12-21 16:20:00+00:00,178.07,178.33,178.07,178.22,352.28,2021,12,21
2021-12-21 16:21:00+00:00,178.17,178.29,178.14,178.16,372.04,2021,12,21
2021-12-21 16:22:00+00:00,178.15,178.19,177.93,178.03,631.38,2021,12,21
2021-12-21 16:23:00+00:00,178.03,178.25,177.96,178.01,845.56,2021,12,21
2021-12-21 16:24:00+00:00,177.98,178.09,177.96,178.04,316.32,2021,12,21
2021-12-21 16:25:00+00:00,178.03,178.31,178.03,178.1,591.8,2021,12,21
2021-12-21 16:26:00+00:00,178.13,178.26,177.94,178.07,817.12,2021,12,21
2021-12-21 16:27:00+00:00,178.09,178.12,177.95,178.0,399.61,2021,12,21
2021-12-21 16:28:00+00:00,178.01,178.27,177.98,178.21,1216.46,2021,12,21
2021-12-21 16:29:00+00:00,178.19,178.4,178.12,178.19,442.32,2021,12,21
2021-12-21 16:30:00+00:00,178.19,178.39,178.02,178.25,530.63,2021,12,21
2021-12-21 16:31:00+00:00,178.26,178.49,178.22,178.33,420.41,2021,12,21
2021-12-21 16:32:00+00:00,178.33,178.38,178.12,178.14,595.21,2021,12,21
2021-12-21 16:33:00+00:00,178.13,178.17,177.88,178.04,373.44,2021,12,21
2021-12-21 16:34:00+00:00,178.04,178.1,177.88,178.09,416.66,2021,12,21
2021-12-21 16:35:00+00:00,178.1,178.14,177.6,177.64,1100.87,2021,12,21
2021-12-21 16:36:00+00:00,177.64,178.08,177.46,177.99,2800.55,2021,12,21
2021-12-21 16:37:00+00:00,177.99,178.28,177.95,178.14,494.55,2021,12,21
2021-12-21 16:38:00+00:00,178.14,178.32,178.07,178.13,704.63,2021,12,21
2021-12-21 16:39:00+00:00,178.09,178.36,178.07,178.36,334.73,2021,12,21
2021-12-21 16:40:00+00:00,178.35,178.37,178.06,178.15,526.77,2021,12,21
2021-12-21 16:41:00+00:00,178.18,178.72,178.15,178.53,1205.01,2021,12,21
2021-12-21 16:42:00+00:00,178.5,178.63,178.35,178.57,374.69,2021,12,21
2021-12-21 16:43:00+00:00,178.58,178.65,178.33,178.47,1545.65,2021,12,21
2021-12-21 16:44:00+00:00,178.5,178.56,178.32,178.53,366.52,2021,12,21
2021-12-21 16:45:00+00:00,178.53,178.77,178.53,178.69,905.19,2021,12,21
2021-12-21 16:46:00+00:00,178.7,178.72,178.49,178.63,1005.62,2021,12,21
2021-12-21 16:47:00+00:00,178.59,178.59,178.27,178.54,1720.24,2021,12,21
2021-12-21 16:48:00+00:00,178.53,178.63,178.41,178.43,310.9,2021,12,21
2021-12-21 16:49:00+00:00,178.4,178.47,178.17,178.17,773.08,2021,12,21
2021-12-21 16:50:00+00:00,178.21,178.47,178.21,178.26,272.93,2021,12,21
2021-12-21 16:51:00+00:00,178.23,178.57,178.22,178.32,409.1,2021,12,21
2021-12-21 16:52:00+00:00,178.28,179.1,178.28,179.1,2995.45,2021,12,21
2021-12-21 16:53:00+00:00,179.1,179.24,179.0,179.16,1084.46,2021,12,21
2021-12-21 16:54:00+00:00,179.14,179.16,179.01,179.11,926.24,2021,12,21
2021-12-21 16:55:00+00:00,179.13,179.13,178.91,178.91,1128.37,2021,12,21
2021-12-21 16:56:00+00:00,178.91,178.99,178.65,178.73,583.47,2021,12,21
2021-12-21 16:57:00+00:00,178.75,178.77,178.64,178.66,248.38,2021,12,21
2021-12-21 16:58:00+00:00,178.68,178.71,178.42,178.49,425.24,2021,12,21
2021-12-21 16:59:00+00:00,178.51,178.6,178.48,178.49,207.65,2021,12,21
2021-12-21 17:00:00+00:00,178.49,178.56,178.39,178.43,223.75,2021,12,21
2021-12-21 17:01:00+00:00,178.44,178.77,178.43,178.55,295.72,2021,12,21
2021-12-21 17:02:00+00:00,178.55,178.55,178.38,178.45,250.2,2021,12,21
2021-12-21 17:03:00+00:00,178.46,178.52,178.38,178.47,280.13,2021,12,21
2021-12-21 17:04:00+00:00,178.49,178.49,178.17,178.33,725.27,2021,12,21
2021-12-21 17:05:00+00:00,178.32,178.36,178.08,178.08,289.22,2021,12,21
2021-12-21 17:06:00+00:00,178.08,178.08,177.88,177.95,665.57,2021,12,21
2021-12-21 17:07:00+00:00,177.95,177.95,177.61,177.83,1263.4,2021,12,21
2021-12-21 17:08:00+00:00,177.82,177.96,177.57,177.93,1379.37,2021,12,21
2021-12-21 17:09:00+00:00,177.9,177.93,177.74,177.78,431.82,2021,12,21
2021-12-21 17:10:00+00:00,177.79,177.96,177.78,177.87,691.39,2021,12,21
2021-12-21 17:11:00+00:00,177.83,178.15,177.82,178.12,978.06,2021,12,21
2021-12-21 17:12:00+00:00,178.11,178.31,177.53,177.67,5134.18,2021,12,21
2021-12-21 17:13:00+00:00,177.68,177.74,177.35,177.42,1350.58,2021,12,21
2021-12-21 17:14:00+00:00,177.44,177.6,177.37,177.44,833.62,2021,12,21
2021-12-21 17:15:00+00:00,177.45,177.85,177.4,177.8,834.01,2021,12,21
2021-12-21 17:16:00+00:00,177.78,178.2,177.76,178.09,1631.65,2021,12,21
2021-12-21 17:17:00+00:00,178.12,178.15,177.88,177.95,1242.89,2021,12,21
2021-12-21 17:18:00+00:00,177.96,178.0,177.6,177.78,697.0,2021,12,21
2021-12-21 17:19:00+00:00,177.79,177.9,177.75,177.79,201.4,2021,12,21
2021-12-21 17:20:00+00:00,177.77,177.77,177.48,177.52,499.72,2021,12,21
2021-12-21 17:21:00+00:00,177.48,177.55,177.41,177.44,442.16,2021,12,21
2021-12-21 17:22:00+00:00,177.44,177.47,177.29,177.35,502.44,2021,12,21
2021-12-21 17:23:00+00:00,177.34,177.39,177.24,177.3,1939.45,2021,12,21
2021-12-21 17:24:00+00:00,177.26,177.54,177.22,177.41,664.35,2021,12,21
2021-12-21 17:25:00+00:00,177.46,177.47,177.26,177.3,300.24,2021,12,21
2021-12-21 17:26:00+00:00,177.29,177.38,177.2,177.31,289.65,2021,12,21
2021-12-21 17:27:00+00:00,177.33,177.37,177.2,177.34,398.87,2021,12,21
2021-12-21 17:28:00+00:00,177.35,177.47,177.27,177.42,497.74,2021,12,21
2021-12-21 17:29:00+00:00,177.39,177.49,177.19,177.27,445.68,2021,12,21
2021-12-21 17:30:00+00:00,177.23,177.55,177.17,177.47,747.32,2021,12,21
2021-12-21 17:31:00+00:00,177.48,177.48,177.31,177.38,413.27,2021,12,21
2021-12-21 17:32:00+00:00,177.39,177.52,177.37,177.49,207.48,2021,12,21
2021-12-21 17:33:00+00:00,177.51,177.6,177.43,177.43,327.59,2021,12,21
2021-12-21 17:34:00+00:00,177.43,177.45,177.27,177.35,381.21,2021,12,21
2021-12-21 17:35:00+00:00,177.38,177.43,177.2,177.24,432.33,2021,12,21
2021-12-21 17:36:00+00:00,177.21,177.46,177.03,177.38,2906.4,2021,12,21
2021-12-21 17:37:00+00:00,177.43,177.6,177.29,177.43,573.96,2021,12,21
2021-12-21 17:38:00+00:00,177.4,177.43,177.2,177.4,863.19,2021,12,21
2021-12-21 17:39:00+00:00,177.39,177.41,177.27,177.34,350.94,2021,12,21
2021-12-21 17:40:00+00:00,177.34,177.34,177.08,177.29,458.74,2021,12,21
2021-12-21 17:41:00+00:00,177.27,177.27,177.03,177.12,355.13,2021,12,21
2021-12-21 17:42:00+00:00,177.12,177.16,177.0,177.05,672.75,2021,12,21
2021-12-21 17:43:00+00:00,177.04,177.16,177.02,177.1,620.43,2021,12,21
2021-12-21 17:44:00+00:00,177.1,177.19,176.98,177.11,1167.83,2021,12,21
2021-12-21 17:45:00+00:00,177.11,177.12,177.0,177.09,240.7,2021,12,21
2021-12-21 17:46:00+00:00,177.1,177.17,176.98,177.15,680.93,2021,12,21
2021-12-21 17:47:00+00:00,177.12,177.19,176.97,177.14,1085.83,2021,12,21
2021-12-21 17:48:00+00:00,177.14,177.25,177.05,177.19,657.66,2021,12,21
2021-12-21 17:49:00+00:00,177.19,177.24,177.12,177.13,222.39,2021,12,21
2021-12-21 17:50:00+00:00,177.13,177.13,176.93,176.98,579.93,2021,12,21
2021-12-21 17:51:00+00:00,177.01,177.08,176.88,176.96,678.36,2021,12,21
2021-12-21 17:52:00+00:00,176.96,177.08,176.88,176.98,678.88,2021,12,21
2021-12-21 17:53:00+00:00,176.97,177.26,176.92,177.23,341.69,2021,12,21
2021-12-21 17:54:00+00:00,177.22,177.33,177.07,177.07,431.72,2021,12,21
2021-12-21 17:55:00+00:00,177.05,177.1,176.95,176.96,523.56,2021,12,21
2021-12-21 17:56:00+00:00,176.94,177.08,176.84,177.02,774.98,2021,12,21
2021-12-21 17:57:00+00:00,177.04,177.22,177.03,177.06,363.19,2021,12,21
2021-12-21 17:58:00+00:00,177.06,177.09,176.95,177.01,346.39,2021,12,21
2021-12-21 17:59:00+00:00,177.01,177.04,176.99,177.03,161.65,2021,12,21
2021-12-21 18:00:00+00:00,177.04,177.04,176.73,176.76,790.1,2021,12,21
2021-12-21 18:01:00+00:00,176.76,176.9,176.67,176.8,903.05,2021,12,21
2021-12-21 18:02:00+00:00,176.8,176.92,176.79,176.82,331.13,2021,12,21
2021-12-21 18:03:00+00:00,176.82,176.94,176.77,176.79,505.83,2021,12,21
2021-12-21 18:04:00+00:00,176.82,177.19,176.79,177.11,541.76,2021,12,21
2021-12-21 18:05:00+00:00,177.16,177.17,176.93,176.95,586.71,2021,12,21
2021-12-21 18:06:00+00:00,176.95,177.14,176.94,177.02,241.73,2021,12,21
2021-12-21 18:07:00+00:00,177.01,177.3,176.98,177.22,329.09,2021,12,21
2021-12-21 18:08:00+00:00,177.22,177.43,177.2,177.41,630.81,2021,12,21
2021-12-21 18:09:00+00:00,177.39,177.39,177.23,177.31,668.55,2021,12,21
2021-12-21 18:10:00+00:00,177.29,177.43,177.13,177.37,1458.96,2021,12,21
2021-12-21 18:11:00+00:00,177.4,177.49,177.31,177.36,375.28,2021,12,21
2021-12-21 18:12:00+00:00,177.33,177.46,177.29,177.43,556.91,2021,12,21
2021-12-21 18:13:00+00:00,177.41,177.43,177.2,177.21,531.08,2021,12,21
2021-12-21 18:14:00+00:00,177.22,177.49,177.2,177.46,825.45,2021,12,21
2021-12-21 18:15:00+00:00,177.45,177.5,177.31,177.37,236.73,2021,12,21
2021-12-21 18:16:00+00:00,177.35,177.77,177.33,177.71,1243.32,2021,12,21
2021-12-21 18:17:00+00:00,177.74,177.92,177.65,177.73,404.3,2021,12,21
2021-12-21 18:18:00+00:00,177.76,177.88,177.62,177.63,482.86,2021,12,21
2021-12-21 18:19:00+00:00,177.63,177.63,177.4,177.47,418.26,2021,12,21
2021-12-21 18:20:00+00:00,177.47,177.83,177.45,177.6,1797.18,2021,12,21
2021-12-21 18:21:00+00:00,177.61,177.73,177.5,177.7,268.85,2021,12,21
2021-12-21 18:22:00+00:00,177.67,177.7,177.45,177.59,289.86,2021,12,21
2021-12-21 18:23:00+00:00,177.59,177.73,177.53,177.55,243.09,2021,12,21
2021-12-21 18:24:00+00:00,177.54,177.78,177.52,177.78,367.16,2021,12,21
2021-12-21 18:25:00+00:00,177.77,177.9,177.74,177.77,373.29,2021,12,21
2021-12-21 18:26:00+00:00,177.77,178.07,177.75,178.04,1496.22,2021,12,21
2021-12-21 18:27:00+00:00,178.07,178.07,177.72,177.77,1073.91,2021,12,21
2021-12-21 18:28:00+00:00,177.77,177.77,177.56,177.64,480.09,2021,12,21
2021-12-21 18:29:00+00:00,177.65,178.0,177.64,177.96,456.45,2021,12,21
2021-12-21 18:30:00+00:00,177.96,178.2,177.96,178.19,362.64,2021,12,21
2021-12-21 18:31:00+00:00,178.18,178.29,177.98,178.03,544.99,2021,12,21
2021-12-21 18:32:00+00:00,178.0,178.08,177.9,178.07,463.45,2021,12,21
2021-12-21 18:33:00+00:00,178.07,178.18,178.02,178.15,378.1,2021,12,21
2021-12-21 18:34:00+00:00,178.14,178.54,178.09,178.29,2820.76,2021,12,21
2021-12-21 18:35:00+00:00,178.3,178.35,178.14,178.23,427.37,2021,12,21
2021-12-21 18:36:00+00:00,178.24,178.28,177.95,177.99,407.38,2021,12,21
2021-12-21 18:37:00+00:00,177.99,178.11,177.93,178.11,346.71,2021,12,21
2021-12-21 18:38:00+00:00,178.1,178.21,178.05,178.1,226.97,2021,12,21
2021-12-21 18:39:00+00:00,178.1,178.1,177.89,177.99,468.32,2021,12,21
2021-12-21 18:40:00+00:00,177.98,178.15,177.88,178.14,493.11,2021,12,21
2021-12-21 18:41:00+00:00,178.14,178.27,178.07,178.18,317.11,2021,12,21
2021-12-21 18:42:00+00:00,178.19,178.37,178.17,178.34,236.28,2021,12,21
2021-12-21 18:43:00+00:00,178.32,178.53,178.25,178.42,596.76,2021,12,21
2021-12-21 18:44:00+00:00,178.4,178.49,178.36,178.44,462.34,2021,12,21
2021-12-21 18:45:00+00:00,178.41,178.53,178.37,178.46,445.53,2021,12,21
2021-12-21 18:46:00+00:00,178.47,178.5,178.32,178.37,687.59,2021,12,21
2021-12-21 18:47:00+00:00,178.35,178.44,178.29,178.44,482.71,2021,12,21
2021-12-21 18:48:00+00:00,178.44,178.47,178.31,178.35,138.1,2021,12,21
2021-12-21 18:49:00+00:00,178.35,178.41,178.2,178.27,1091.58,2021,12,21
2021-12-21 18:50:00+00:00,178.29,178.48,178.17,178.17,610.11,2021,12,21
2021-12-21 18:51:00+00:00,178.17,178.2,178.01,178.12,813.02,2021,12,21
2021-12-21 18:52:00+00:00,178.12,178.17,177.96,178.01,488.81,2021,12,21
2021-12-21 18:53:00+00:00,177.98,178.03,177.84,177.98,946.44,2021,12,21
2021-12-21 18:54:00+00:00,177.98,177.98,177.83,177.89,615.0,2021,12,21
2021-12-21 18:55:00+00:00,177.88,177.95,177.86,177.93,290.9,2021,12,21
2021-12-21 18:56:00+00:00,177.92,178.06,177.86,177.96,535.98,2021,12,21
2021-12-21 18:57:00+00:00,177.96,178.07,177.95,178.02,273.6,2021,12,21
2021-12-21 18:58:00+00:00,178.01,178.01,177.85,177.88,926.81,2021,12,21
2021-12-21 18:59:00+00:00,177.92,178.04,177.92,177.96,320.23,2021,12,21
2021-12-21 19:00:00+00:00,177.95,177.98,177.87,177.9,416.89,2021,12,21
2021-12-21 19:01:00+00:00,177.92,178.16,177.92,178.1,1520.71,2021,12,21
2021-12-21 19:02:00+00:00,178.09,178.3,178.05,178.16,586.67,2021,12,21
2021-12-21 19:03:00+00:00,178.15,178.38,178.14,178.32,333.98,2021,12,21
2021-12-21 19:04:00+00:00,178.32,178.35,177.98,178.04,485.35,2021,12,21
2021-12-21 19:05:00+00:00,178.05,178.25,178.02,178.19,221.66,2021,12,21
2021-12-21 19:06:00+00:00,178.18,178.24,178.01,178.12,447.58,2021,12,21
2021-12-21 19:07:00+00:00,178.13,178.22,178.01,178.17,434.1,2021,12,21
2021-12-21 19:08:00+00:00,178.15,178.2,178.02,178.18,327.05,2021,12,21
2021-12-21 19:09:00+00:00,178.19,178.25,178.02,178.06,211.41,2021,12,21
2021-12-21 19:10:00+00:00,178.07,178.21,178.03,178.04,326.41,2021,12,21
2021-12-21 19:11:00+00:00,178.04,178.14,178.01,178.04,911.66,2021,12,21
2021-12-21 19:12:00+00:00,178.08,178.24,177.96,177.96,417.83,2021,12,21
2021-12-21 19:13:00+00:00,177.96,178.08,177.89,177.96,530.83,2021,12,21
2021-12-21 19:14:00+00:00,177.95,178.01,177.88,177.89,243.04,2021,12,21
2021-12-21 19:15:00+00:00,177.9,178.05,177.89,178.0,392.09,2021,12,21
2021-12-21 19:16:00+00:00,178.0,178.18,177.99,178.01,423.67,2021,12,21
2021-12-21 19:17:00+00:00,178.01,178.04,177.96,177.96,164.49,2021,12,21
2021-12-21 19:18:00+00:00,177.96,178.1,177.9,178.09,774.2,2021,12,21
2021-12-21 19:19:00+00:00,178.07,178.08,177.36,177.43,1191.33,2021,12,21
2021-12-21 19:20:00+00:00,177.42,177.46,177.32,177.37,555.45,2021,12,21
2021-12-21 19:21:00+00:00,177.4,177.46,177.35,177.38,270.55,2021,12,21
2021-12-21 19:22:00+00:00,177.39,177.41,177.1,177.21,1193.6,2021,12,21
2021-12-21 19:23:00+00:00,177.23,177.32,177.18,177.25,178.47,2021,12,21
2021-12-21 19:24:00+00:00,177.25,177.56,177.22,177.33,960.51,2021,12,21
2021-12-21 19:25:00+00:00,177.29,177.4,177.25,177.36,387.91,2021,12,21
2021-12-21 19:26:00+00:00,177.34,177.34,177.2,177.22,285.22,2021,12,21
2021-12-21 19:27:00+00:00,177.21,177.21,176.98,177.0,970.1,2021,12,21
2021-12-21 19:28:00+00:00,177.0,177.25,176.97,177.22,431.17,2021,12,21
2021-12-21 19:29:00+00:00,177.25,177.25,177.0,177.11,622.46,2021,12,21
2021-12-21 19:30:00+00:00,177.12,177.28,177.1,177.22,386.03,2021,12,21
2021-12-21 19:31:00+00:00,177.22,177.24,176.76,176.81,1016.72,2021,12,21
2021-12-21 19:32:00+00:00,176.82,177.02,176.81,176.95,886.32,2021,12,21
2021-12-21 19:33:00+00:00,176.95,177.15,176.9,177.14,1351.42,2021,12,21
2021-12-21 19:34:00+00:00,177.14,177.2,176.97,177.0,710.57,2021,12,21
2021-12-21 19:35:00+00:00,176.96,177.0,176.85,176.9,605.23,2021,12,21
2021-12-21 19:36:00+00:00,176.92,176.92,176.79,176.81,401.37,2021,12,21
2021-12-21 19:37:00+00:00,176.81,176.93,176.77,176.92,589.58,2021,12,21
2021-12-21 19:38:00+00:00,176.92,176.93,176.81,176.89,339.05,2021,12,21
2021-12-21 19:39:00+00:00,176.88,176.88,176.77,176.78,612.35,2021,12,21
2021-12-21 19:40:00+00:00,176.78,177.08,176.73,176.91,1386.07,2021,12,21
2021-12-21 19:41:00+00:00,176.9,176.92,176.26,176.63,5016.63,2021,12,21
2021-12-21 19:42:00+00:00,176.63,176.71,176.57,176.71,771.86,2021,12,21
2021-12-21 19:43:00+00:00,176.71,176.71,176.42,176.48,452.12,2021,12,21
2021-12-21 19:44:00+00:00,176.52,176.64,176.36,176.38,421.12,2021,12,21
2021-12-21 19:45:00+00:00,176.39,176.44,176.2,176.2,962.4,2021,12,21
2021-12-21 19:46:00+00:00,176.22,176.38,176.2,176.32,1260.42,2021,12,21
2021-12-21 19:47:00+00:00,176.32,176.43,176.26,176.32,906.22,2021,12,21
2021-12-21 19:48:00+00:00,176.34,176.39,176.22,176.29,408.93,2021,12,21
2021-12-21 19:49:00+00:00,176.24,176.27,176.08,176.24,879.29,2021,12,21
2021-12-21 19:50:00+00:00,176.24,176.35,176.2,176.22,543.63,2021,12,21
2021-12-21 19:51:00+00:00,176.22,176.27,176.14,176.25,468.59,2021,12,21
2021-12-21 19:52:00+00:00,176.25,176.33,176.15,176.18,735.15,2021,12,21
2021-12-21 19:53:00+00:00,176.19,176.27,176.13,176.17,1172.85,2021,12,21
2021-12-21 19:54:00+00:00,176.17,176.3,176.13,176.26,643.85,2021,12,21
2021-12-21 19:55:00+00:00,176.29,176.5,176.24,176.49,732.98,2021,12,21
2021-12-21 19:56:00+00:00,176.47,176.96,176.44,176.85,1405.5,2021,12,21
2021-12-21 19:57:00+00:00,176.87,177.11,176.84,177.08,1119.52,2021,12,21
2021-12-21 19:58:00+00:00,177.08,177.14,177.0,177.07,580.07,2021,12,21
2021-12-21 19:59:00+00:00,177.06,177.1,176.96,177.01,429.84,2021,12,21
2021-12-21 20:00:00+00:00,177.05,177.12,176.92,176.94,1203.4,2021,12,21
2021-12-21 20:01:00+00:00,176.94,177.29,176.94,177.19,1324.16,2021,12,21
2021-12-21 20:02:00+00:00,177.2,177.67,177.17,177.62,2424.42,2021,12,21
2021-12-21 20:03:00+00:00,177.6,178.1,177.6,178.04,1197.92,2021,12,21
2021-12-21 20:04:00+00:00,178.03,178.2,178.03,178.11,2051.14,2021,12,21
2021-12-21 20:05:00+00:00,178.12,178.14,177.96,178.09,618.06,2021,12,21
2021-12-21 20:06:00+00:00,178.07,178.45,177.98,178.32,3358.22,2021,12,21
2021-12-21 20:07:00+00:00,178.32,178.64,178.23,178.49,1823.33,2021,12,21
2021-12-21 20:08:00+00:00,178.48,178.48,178.35,178.44,725.81,2021,12,21
2021-12-21 20:09:00+00:00,178.44,178.49,178.34,178.44,675.17,2021,12,21
2021-12-21 20:10:00+00:00,178.42,178.85,178.36,178.82,858.79,2021,12,21
2021-12-21 20:11:00+00:00,178.81,178.87,178.47,178.65,787.78,2021,12,21
2021-12-21 20:12:00+00:00,178.67,178.74,178.38,178.67,1274.81,2021,12,21
2021-12-21 20:13:00+00:00,178.64,178.67,178.32,178.4,494.86,2021,12,21
2021-12-21 20:14:00+00:00,178.41,178.75,178.36,178.72,598.59,2021,12,21
2021-12-21 20:15:00+00:00,178.72,178.95,178.7,178.88,876.17,2021,12,21
2021-12-21 20:16:00+00:00,178.87,178.87,178.33,178.39,869.26,2021,12,21
2021-12-21 20:17:00+00:00,178.37,178.44,178.16,178.21,1297.36,2021,12,21
2021-12-21 20:18:00+00:00,178.2,178.63,178.15,178.45,2079.65,2021,12,21
2021-12-21 20:19:00+00:00,178.44,178.54,178.41,178.43,515.3,2021,12,21
2021-12-21 20:20:00+00:00,178.43,178.44,178.31,178.41,1404.56,2021,12,21
2021-12-21 20:21:00+00:00,178.39,178.49,178.32,178.48,514.67,2021,12,21
2021-12-21 20:22:00+00:00,178.47,178.73,178.47,178.65,469.14,2021,12,21
2021-12-21 20:23:00+00:00,178.66,179.13,178.51,178.57,4531.09,2021,12,21
2021-12-21 20:24:00+00:00,178.56,178.67,178.51,178.6,609.22,2021,12,21
2021-12-21 20:25:00+00:00,178.59,179.1,178.59,178.95,2277.62,2021,12,21
2021-12-21 20:26:00+00:00,178.94,179.05,178.8,178.89,423.53,2021,12,21
2021-12-21 20:27:00+00:00,178.88,178.96,178.66,178.92,902.0,2021,12,21
2021-12-21 20:28:00+00:00,178.91,179.03,178.78,178.87,497.34,2021,12,21
2021-12-21 20:29:00+00:00,178.87,179.04,178.79,178.93,666.65,2021,12,21
2021-12-21 20:30:00+00:00,178.9,178.94,178.57,178.62,1041.17,2021,12,21
2021-12-21 20:31:00+00:00,178.64,179.04,178.57,179.04,488.38,2021,12,21
2021-12-21 20:32:00+00:00,179.02,179.02,178.56,178.59,662.82,2021,12,21
2021-12-21 20:33:00+00:00,178.6,178.83,178.56,178.78,298.23,2021,12,21
2021-12-21 20:34:00+00:00,178.78,178.78,178.27,178.37,1379.6,2021,12,21
2021-12-21 20:35:00+00:00,178.39,178.65,178.32,178.6,546.3,2021,12,21
2021-12-21 20:36:00+00:00,178.58,178.58,178.37,178.5,351.11,2021,12,21
2021-12-21 20:37:00+00:00,178.49,178.6,178.38,178.57,2211.92,2021,12,21
2021-12-21 20:38:00+00:00,178.57,178.58,177.88,177.97,2483.76,2021,12,21
2021-12-21 20:39:00+00:00,177.97,178.01,177.84,177.98,773.23,2021,12,21
2021-12-21 20:40:00+00:00,177.97,178.16,177.73,177.75,716.62,2021,12,21
2021-12-21 20:41:00+00:00,177.75,177.95,177.61,177.87,880.68,2021,12,21
2021-12-21 20:42:00+00:00,177.83,177.89,177.72,177.79,193.04,2021,12,21
2021-12-21 20:43:00+00:00,177.82,178.08,177.82,178.08,601.65,2021,12,21
2021-12-21 20:44:00+00:00,178.06,178.06,177.49,177.59,2324.8,2021,12,21
2021-12-21 20:45:00+00:00,177.59,177.59,177.4,177.49,719.85,2021,12,21
2021-12-21 20:46:00+00:00,177.54,177.69,177.53,177.59,344.87,2021,12,21
2021-12-21 20:47:00+00:00,177.57,177.81,177.46,177.81,396.7,2021,12,21
2021-12-21 20:48:00+00:00,177.79,177.81,177.46,177.51,616.61,2021,12,21
2021-12-21 20:49:00+00:00,177.51,177.57,177.42,177.47,408.88,2021,12,21
2021-12-21 20:50:00+00:00,177.44,177.74,177.44,177.69,277.97,2021,12,21
2021-12-21 20:51:00+00:00,177.7,177.87,177.66,177.7,295.13,2021,12,21
2021-12-21 20:52:00+00:00,177.7,177.79,177.53,177.7,385.74,2021,12,21
2021-12-21 20:53:00+00:00,177.69,178.07,177.68,178.0,528.24,2021,12,21
2021-12-21 20:54:00+00:00,178.0,178.45,177.98,178.44,817.79,2021,12,21
2021-12-21 20:55:00+00:00,178.41,178.41,178.02,178.13,648.53,2021,12,21
2021-12-21 20:56:00+00:00,178.11,178.38,178.11,178.29,384.65,2021,12,21
2021-12-21 20:57:00+00:00,178.3,178.41,178.2,178.23,376.66,2021,12,21
2021-12-21 20:58:00+00:00,178.24,178.31,177.86,177.91,770.68,2021,12,21
2021-12-21 20:59:00+00:00,177.92,178.3,177.92,178.03,915.77,2021,12,21
2021-12-21 21:00:00+00:00,178.02,178.06,177.76,177.87,800.82,2021,12,21
2021-12-21 21:01:00+00:00,177.86,178.05,177.84,178.01,531.83,2021,12,21
2021-12-21 21:02:00+00:00,177.97,178.13,177.94,177.95,259.82,2021,12,21
2021-12-21 21:03:00+00:00,177.99,178.41,177.98,178.41,458.56,2021,12,21
2021-12-21 21:04:00+00:00,178.4,178.4,178.2,178.29,721.28,2021,12,21
2021-12-21 21:05:00+00:00,178.29,178.62,178.29,178.54,443.59,2021,12,21
2021-12-21 21:06:00+00:00,178.57,178.63,178.46,178.47,639.38,2021,12,21
2021-12-21 21:07:00+00:00,178.46,178.55,178.3,178.55,385.14,2021,12,21
2021-12-21 21:08:00+00:00,178.53,178.65,178.5,178.56,369.2,2021,12,21
2021-12-21 21:09:00+00:00,178.59,178.69,178.4,178.4,207.91,2021,12,21
2021-12-21 21:10:00+00:00,178.45,178.58,178.4,178.43,391.7,2021,12,21
2021-12-21 21:11:00+00:00,178.47,178.5,178.32,178.39,487.24,2021,12,21
2021-12-21 21:12:00+00:00,178.41,178.74,178.4,178.56,534.16,2021,12,21
2021-12-21 21:13:00+00:00,178.55,178.74,178.48,178.53,368.84,2021,12,21
2021-12-21 21:14:00+00:00,178.49,178.78,178.44,178.56,190.63,2021,12,21
2021-12-21 21:15:00+00:00,178.55,178.68,178.52,178.65,206.07,2021,12,21
2021-12-21 21:16:00+00:00,178.65,178.82,178.56,178.56,500.75,2021,12,21
2021-12-21 21:17:00+00:00,178.56,178.66,178.45,178.66,297.69,2021,12,21
2021-12-21 21:18:00+00:00,178.67,178.79,178.56,178.67,544.66,2021,12,21
2021-12-21 21:19:00+00:00,178.67,178.74,178.56,178.64,1121.94,2021,12,21
2021-12-21 21:20:00+00:00,178.62,178.71,178.41,178.47,526.23,2021,12,21
2021-12-21 21:21:00+00:00,178.47,178.57,178.37,178.57,314.17,2021,12,21
2021-12-21 21:22:00+00:00,178.53,178.71,178.53,178.67,210.16,2021,12,21
2021-12-21 21:23:00+00:00,178.67,178.67,178.46,178.5,258.41,2021,12,21
2021-12-21 21:24:00+00:00,178.46,178.7,178.38,178.56,986.78,2021,12,21
2021-12-21 21:25:00+00:00,178.55,178.55,178.36,178.36,740.09,2021,12,21
2021-12-21 21:26:00+00:00,178.37,178.39,178.03,178.11,1043.7,2021,12,21
2021-12-21 21:27:00+00:00,178.09,178.11,177.95,178.01,284.3,2021,12,21
2021-12-21 21:28:00+00:00,178.05,178.15,177.96,178.09,593.62,2021,12,21
2021-12-21 21:29:00+00:00,178.14,178.43,178.03,178.38,883.09,2021,12,21
2021-12-21 21:30:00+00:00,178.41,178.41,178.24,178.35,712.02,2021,12,21
2021-12-21 21:31:00+00:00,178.34,178.41,178.17,178.41,326.85,2021,12,21
2021-12-21 21:32:00+00:00,178.41,178.62,178.29,178.6,447.69,2021,12,21
2021-12-21 21:33:00+00:00,178.58,178.64,178.51,178.56,539.54,2021,12,21
2021-12-21 21:34:00+00:00,178.6,178.65,178.42,178.54,451.82,2021,12,21
2021-12-21 21:35:00+00:00,178.54,178.77,178.54,178.72,642.48,2021,12,21
2021-12-21 21:36:00+00:00,178.7,178.79,178.69,178.73,432.79,2021,12,21
2021-12-21 21:37:00+00:00,178.69,179.13,178.66,178.9,1109.82,2021,12,21
2021-12-21 21:38:00+00:00,178.88,178.95,178.8,178.84,412.1,2021,12,21
2021-12-21 21:39:00+00:00,178.82,178.94,178.72,178.84,395.87,2021,12,21
2021-12-21 21:40:00+00:00,178.81,179.18,178.71,178.81,1344.39,2021,12,21
2021-12-21 21:41:00+00:00,178.8,179.02,178.78,178.84,366.64,2021,12,21
2021-12-21 21:42:00+00:00,178.88,179.09,178.87,178.96,520.48,2021,12,21
2021-12-21 21:43:00+00:00,178.97,179.45,178.93,179.42,1353.54,2021,12,21
2021-12-21 21:44:00+00:00,179.42,179.69,179.33,179.67,1716.99,2021,12,21
2021-12-21 21:45:00+00:00,179.63,179.95,179.51,179.74,2509.14,2021,12,21
2021-12-21 21:46:00+00:00,179.76,179.92,179.55,179.56,1703.9,2021,12,21
2021-12-21 21:47:00+00:00,179.56,180.14,179.46,180.0,4268.4,2021,12,21
2021-12-21 21:48:00+00:00,179.98,180.19,179.83,180.19,1207.07,2021,12,21
2021-12-21 21:49:00+00:00,180.19,180.19,179.97,180.18,713.53,2021,12,21
2021-12-21 21:50:00+00:00,180.15,180.23,179.92,180.1,1847.24,2021,12,21
2021-12-21 21:51:00+00:00,180.08,180.2,179.96,180.0,1129.97,2021,12,21
2021-12-21 21:52:00+00:00,179.99,180.09,179.88,180.0,925.66,2021,12,21
2021-12-21 21:53:00+00:00,179.98,180.46,179.96,180.44,1665.43,2021,12,21
2021-12-21 21:54:00+00:00,180.44,180.55,180.1,180.1,1917.72,2021,12,21
2021-12-21 21:55:00+00:00,180.11,180.13,179.8,179.92,676.06,2021,12,21
2021-12-21 21:56:00+00:00,179.9,180.14,179.87,180.02,573.62,2021,12,21
2021-12-21 21:57:00+00:00,179.96,180.06,179.88,179.92,843.04,2021,12,21
2021-12-21 21:58:00+00:00,179.92,180.11,179.91,179.94,905.68,2021,12,21
2021-12-21 21:59:00+00:00,179.94,180.17,179.92,180.17,1093.09,2021,12,21
2021-12-21 22:00:00+00:00,180.16,180.24,179.97,179.97,378.31,2021,12,21
2021-12-21 22:01:00+00:00,179.98,179.99,179.59,179.59,1485.18,2021,12,21
2021-12-21 22:02:00+00:00,179.59,179.71,179.48,179.62,469.28,2021,12,21
2021-12-21 22:03:00+00:00,179.62,179.8,179.57,179.69,1217.26,2021,12,21
2021-12-21 22:04:00+00:00,179.7,179.93,179.62,179.91,561.2,2021,12,21
2021-12-21 22:05:00+00:00,179.91,179.91,179.72,179.77,463.05,2021,12,21
2021-12-21 22:06:00+00:00,179.77,179.79,179.5,179.57,433.17,2021,12,21
2021-12-21 22:07:00+00:00,179.51,180.03,179.46,179.93,1132.07,2021,12,21
2021-12-21 22:08:00+00:00,179.92,180.01,179.46,179.64,407.41,2021,12,21
2021-12-21 22:09:00+00:00,179.65,179.71,179.55,179.68,286.22,2021,12,21
2021-12-21 22:10:00+00:00,179.63,179.64,179.45,179.45,301.04,2021,12,21
2021-12-21 22:11:00+00:00,179.45,179.52,179.36,179.48,219.83,2021,12,21
2021-12-21 22:12:00+00:00,179.5,179.61,179.47,179.61,389.27,2021,12,21
2021-12-21 22:13:00+00:00,179.62,179.65,179.38,179.44,387.95,2021,12,21
2021-12-21 22:14:00+00:00,179.42,179.56,179.31,179.43,587.09,2021,12,21
2021-12-21 22:15:00+00:00,179.43,179.69,179.34,179.65,345.25,2021,12,21
2021-12-21 22:16:00+00:00,179.61,179.74,179.6,179.67,203.53,2021,12,21
2021-12-21 22:17:00+00:00,179.69,179.87,179.66,179.72,560.29,2021,12,21
2021-12-21 22:18:00+00:00,179.72,179.74,179.56,179.7,256.31,2021,12,21
2021-12-21 22:19:00+00:00,179.66,179.75,179.6,179.64,300.89,2021,12,21
2021-12-21 22:20:00+00:00,179.65,179.95,179.63,179.95,455.16,2021,12,21
2021-12-21 22:21:00+00:00,179.95,180.1,179.64,179.7,984.94,2021,12,21
2021-12-21 22:22:00+00:00,179.7,180.1,179.7,180.1,344.22,2021,12,21
2021-12-21 22:23:00+00:00,180.04,180.19,180.04,180.19,263.88,2021,12,21
2021-12-21 22:24:00+00:00,180.16,180.19,179.89,179.95,351.34,2021,12,21
2021-12-21 22:25:00+00:00,179.95,180.12,179.89,180.0,263.1,2021,12,21
2021-12-21 22:26:00+00:00,180.0,180.14,179.91,180.05,898.22,2021,12,21
2021-12-21 22:27:00+00:00,180.09,180.11,179.89,180.0,1150.72,2021,12,21
2021-12-21 22:28:00+00:00,180.0,180.2,179.93,180.19,1320.27,2021,12,21
2021-12-21 22:29:00+00:00,180.16,180.19,180.07,180.13,412.65,2021,12,21
2021-12-21 22:30:00+00:00,180.11,180.19,180.11,180.16,74.21,2021,12,21
2021-12-21 22:31:00+00:00,180.16,180.19,180.13,180.16,257.72,2021,12,21
2021-12-21 22:32:00+00:00,180.16,180.17,180.11,180.12,375.8,2021,12,21
2021-12-21 22:33:00+00:00,180.14,180.51,180.11,180.51,849.02,2021,12,21
2021-12-21 22:34:00+00:00,180.51,180.54,180.23,180.23,222.7,2021,12,21
2021-12-21 22:35:00+00:00,180.24,180.48,180.22,180.48,321.81,2021,12,21
2021-12-21 22:36:00+00:00,180.46,180.5,180.31,180.5,397.87,2021,12,21
2021-12-21 22:37:00+00:00,180.5,180.73,180.48,180.65,551.92,2021,12,21
2021-12-21 22:38:00+00:00,180.64,180.68,180.59,180.64,178.23,2021,12,21
2021-12-21 22:39:00+00:00,180.63,180.68,180.59,180.64,1097.2,2021,12,21
2021-12-21 22:40:00+00:00,180.64,180.7,180.61,180.63,137.29,2021,12,21
2021-12-21 22:41:00+00:00,180.68,180.68,180.61,180.61,161.1,2021,12,21
2021-12-21 22:42:00+00:00,180.64,180.64,180.54,180.56,183.08,2021,12,21
2021-12-21 22:43:00+00:00,180.59,180.6,180.25,180.43,1997.3,2021,12,21
2021-12-21 22:44:00+00:00,180.37,180.63,180.36,180.48,727.83,2021,12,21
2021-12-21 22:45:00+00:00,180.47,180.48,180.22,180.36,342.11,2021,12,21
2021-12-21 22:46:00+00:00,180.38,180.54,180.36,180.46,244.95,2021,12,21
2021-12-21 22:47:00+00:00,180.46,180.59,180.42,180.57,134.36,2021,12,21
2021-12-21 22:48:00+00:00,180.57,180.82,180.57,180.69,1536.56,2021,12,21
2021-12-21 22:49:00+00:00,180.68,180.83,180.67,180.72,376.76,2021,12,21
2021-12-21 22:50:00+00:00,180.74,180.82,180.6,180.76,574.16,2021,12,21
2021-12-21 22:51:00+00:00,180.76,180.83,180.72,180.72,320.77,2021,12,21
2021-12-21 22:52:00+00:00,180.77,180.77,180.55,180.58,849.3,2021,12,21
2021-12-21 22:53:00+00:00,180.59,180.93,180.54,180.87,900.89,2021,12,21
2021-12-21 22:54:00+00:00,180.87,181.0,180.74,180.88,1278.69,2021,12,21
2021-12-21 22:55:00+00:00,180.91,181.13,180.86,181.02,3085.07,2021,12,21
2021-12-21 22:56:00+00:00,181.02,181.07,180.95,181.02,258.49,2021,12,21
2021-12-21 22:57:00+00:00,181.01,181.3,181.0,181.26,2546.08,2021,12,21
2021-12-21 22:58:00+00:00,181.24,181.34,181.22,181.3,266.71,2021,12,21
2021-12-21 22:59:00+00:00,181.3,181.44,181.26,181.43,383.15,2021,12,21
2021-12-21 23:00:00+00:00,181.4,181.44,180.98,181.12,1386.47,2021,12,21
2021-12-21 23:01:00+00:00,181.11,181.14,180.95,181.01,463.24,2021,12,21
2021-12-21 23:02:00+00:00,181.02,181.04,180.71,180.76,797.74,2021,12,21
2021-12-21 23:03:00+00:00,180.75,180.79,180.4,180.57,890.49,2021,12,21
2021-12-21 23:04:00+00:00,180.52,180.62,180.21,180.38,419.75,2021,12,21
2021-12-21 23:05:00+00:00,180.33,180.42,179.87,179.92,1378.09,2021,12,21
2021-12-21 23:06:00+00:00,179.92,179.99,179.59,179.85,1230.57,2021,12,21
2021-12-21 23:07:00+00:00,179.84,180.1,179.74,179.95,1517.67,2021,12,21
2021-12-21 23:08:00+00:00,179.93,180.17,179.93,180.0,729.52,2021,12,21
2021-12-21 23:09:00+00:00,179.99,179.99,179.61,179.91,1257.66,2021,12,21
2021-12-21 23:10:00+00:00,179.86,179.94,179.66,179.85,703.97,2021,12,21
2021-12-21 23:11:00+00:00,179.83,179.93,179.28,179.35,3536.49,2021,12,21
2021-12-21 23:12:00+00:00,179.38,179.45,179.06,179.31,846.15,2021,12,21
2021-12-21 23:13:00+00:00,179.29,179.29,179.11,179.18,1044.57,2021,12,21
2021-12-21 23:14:00+00:00,179.17,179.34,179.17,179.32,193.98,2021,12,21
2021-12-21 23:15:00+00:00,179.34,179.79,179.28,179.75,791.84,2021,12,21
2021-12-21 23:16:00+00:00,179.73,179.89,179.62,179.71,348.24,2021,12,21
2021-12-21 23:17:00+00:00,179.68,179.83,179.56,179.67,647.91,2021,12,21
2021-12-21 23:18:00+00:00,179.67,179.67,179.52,179.58,140.2,2021,12,21
2021-12-21 23:19:00+00:00,179.6,179.68,179.5,179.56,411.28,2021,12,21
2021-12-21 23:20:00+00:00,179.59,180.14,179.59,180.11,839.74,2021,12,21
2021-12-21 23:21:00+00:00,180.11,180.16,179.93,180.11,489.35,2021,12,21
2021-12-21 23:22:00+00:00,180.13,180.16,179.98,180.03,442.49,2021,12,21
2021-12-21 23:23:00+00:00,179.98,180.27,179.98,180.18,634.91,2021,12,21
2021-12-21 23:24:00+00:00,180.18,180.3,180.15,180.28,220.34,2021,12,21
2021-12-21 23:25:00+00:00,180.27,180.31,180.18,180.28,326.3,2021,12,21
2021-12-21 23:26:00+00:00,180.29,180.29,180.11,180.11,314.66,2021,12,21
2021-12-21 23:27:00+00:00,180.11,180.26,179.92,179.97,1238.26,2021,12,21
2021-12-21 23:28:00+00:00,179.96,179.96,179.87,179.91,182.25,2021,12,21
2021-12-21 23:29:00+00:00,179.92,180.04,179.9,179.91,145.97,2021,12,21
2021-12-21 23:30:00+00:00,179.91,180.09,179.81,179.95,828.88,2021,12,21
2021-12-21 23:31:00+00:00,179.97,180.14,179.93,180.1,551.1,2021,12,21
2021-12-21 23:32:00+00:00,180.07,180.23,180.05,180.17,471.58,2021,12,21
2021-12-21 23:33:00+00:00,180.16,180.16,179.76,179.82,746.79,2021,12,21
2021-12-21 23:34:00+00:00,179.82,179.82,179.73,179.77,157.11,2021,12,21
2021-12-21 23:35:00+00:00,179.76,179.79,179.67,179.78,98.8,2021,12,21
2021-12-21 23:36:00+00:00,179.78,179.95,179.72,179.78,355.84,2021,12,21
2021-12-21 23:37:00+00:00,179.74,179.81,179.64,179.75,177.03,2021,12,21
2021-12-21 23:38:00+00:00,179.78,179.82,179.6,179.7,233.6,2021,12,21
2021-12-21 23:39:00+00:00,179.7,179.88,179.58,179.84,561.06,2021,12,21
2021-12-21 23:40:00+00:00,179.88,179.88,179.66,179.72,535.22,2021,12,21
2021-12-21 23:41:00+00:00,179.72,180.05,179.66,180.04,414.9,2021,12,21
2021-12-21 23:42:00+00:00,180.05,180.09,179.97,180.02,146.97,2021,12,21
2021-12-21 23:43:00+00:00,180.02,180.02,179.9,180.0,613.45,2021,12,21
2021-12-21 23:44:00+00:00,179.98,180.03,179.94,179.96,477.48,2021,12,21
2021-12-21 23:45:00+00:00,179.96,180.01,179.92,179.94,172.27,2021,12,21
2021-12-21 23:46:00+00:00,179.93,180.0,179.86,179.95,286.33,2021,12,21
2021-12-21 23:47:00+00:00,179.94,180.03,179.9,179.98,210.64,2021,12,21
2021-12-21 23:48:00+00:00,179.98,179.98,179.7,179.78,145.6,2021,12,21
2021-12-21 23:49:00+00:00,179.74,179.95,179.72,179.93,351.25,2021,12,21
2021-12-21 23:50:00+00:00,179.87,179.98,179.84,179.94,1015.05,2021,12,21
2021-12-21 23:51:00+00:00,179.94,179.94,179.79,179.9,214.66,2021,12,21
2021-12-21 23:52:00+00:00,179.89,179.94,179.85,179.87,90.85,2021,12,21
2021-12-21 23:53:00+00:00,179.87,180.25,179.87,180.16,1893.1,2021,12,21
2021-12-21 23:54:00+00:00,180.12,180.2,180.0,180.11,466.49,2021,12,21
2021-12-21 23:55:00+00:00,180.11,180.12,180.01,180.08,293.38,2021,12,21
2021-12-21 23:56:00+00:00,180.1,180.34,180.04,180.31,227.86,2021,12,21
2021-12-21 23:57:00+00:00,180.35,180.39,179.97,180.09,848.99,2021,12,21
2021-12-21 23:58:00+00:00,180.13,180.22,179.74,179.75,3320.9,2021,12,21
2021-12-21 23:59:00+00:00,179.74,179.81,179.63,179.63,1439.84,2021,12,21
2021-12-22 00:00:00+00:00,179.62,180.0,179.62,179.89,1279.97,2021,12,22
2021-12-22 00:01:00+00:00,179.95,179.99,179.68,179.81,800.16,2021,12,22
2021-12-22 00:02:00+00:00,179.77,180.0,179.71,179.83,794.88,2021,12,22
2021-12-22 00:03:00+00:00,179.81,180.03,179.73,179.78,593.48,2021,12,22
2021-12-22 00:04:00+00:00,179.76,179.9,179.72,179.73,359.96,2021,12,22
2021-12-22 00:05:00+00:00,179.72,179.84,179.64,179.77,421.95,2021,12,22
2021-12-22 00:06:00+00:00,179.75,179.81,179.56,179.56,884.6,2021,12,22
2021-12-22 00:07:00+00:00,179.54,179.69,179.28,179.32,1366.09,2021,12,22
2021-12-22 00:08:00+00:00,179.3,179.43,179.28,179.43,733.47,2021,12,22
2021-12-22 00:09:00+00:00,179.42,179.55,179.33,179.51,553.72,2021,12,22
2021-12-22 00:10:00+00:00,179.51,179.75,179.5,179.72,881.44,2021,12,22
2021-12-22 00:11:00+00:00,179.75,179.87,179.61,179.75,1506.05,2021,12,22
2021-12-22 00:12:00+00:00,179.76,179.87,179.56,179.56,746.63,2021,12,22
2021-12-22 00:13:00+00:00,179.53,179.53,179.14,179.36,1395.83,2021,12,22
2021-12-22 00:14:00+00:00,179.32,179.44,179.29,179.4,248.65,2021,12,22
2021-12-22 00:15:00+00:00,179.37,179.4,179.08,179.22,364.54,2021,12,22
2021-12-22 00:16:00+00:00,179.23,179.26,179.07,179.13,240.31,2021,12,22
2021-12-22 00:17:00+00:00,179.16,179.41,179.16,179.4,355.32,2021,12,22
2021-12-22 00:18:00+00:00,179.41,179.54,179.32,179.36,352.66,2021,12,22
2021-12-22 00:19:00+00:00,179.34,179.65,179.31,179.65,515.65,2021,12,22
2021-12-22 00:20:00+00:00,179.65,179.76,179.56,179.56,384.1,2021,12,22
2021-12-22 00:21:00+00:00,179.51,179.65,179.36,179.39,210.58,2021,12,22
2021-12-22 00:22:00+00:00,179.46,179.53,179.31,179.4,205.1,2021,12,22
2021-12-22 00:23:00+00:00,179.4,179.87,179.38,179.61,715.92,2021,12,22
2021-12-22 00:24:00+00:00,179.58,179.92,179.53,179.71,742.77,2021,12,22
2021-12-22 00:25:00+00:00,179.72,180.06,179.7,179.7,1710.25,2021,12,22
2021-12-22 00:26:00+00:00,179.72,180.01,179.6,179.97,1202.97,2021,12,22
2021-12-22 00:27:00+00:00,179.97,180.04,179.62,179.73,609.93,2021,12,22
2021-12-22 00:28:00+00:00,179.74,179.91,179.68,179.69,204.52,2021,12,22
2021-12-22 00:29:00+00:00,179.68,179.96,179.68,179.89,522.79,2021,12,22
2021-12-22 00:30:00+00:00,179.89,179.92,179.65,179.67,737.84,2021,12,22
2021-12-22 00:31:00+00:00,179.66,179.72,179.5,179.62,1464.5,2021,12,22
2021-12-22 00:32:00+00:00,179.62,179.74,179.57,179.67,383.23,2021,12,22
2021-12-22 00:33:00+00:00,179.67,179.8,179.54,179.68,205.07,2021,12,22
2021-12-22 00:34:00+00:00,179.64,179.73,179.57,179.72,134.49,2021,12,22
2021-12-22 00:35:00+00:00,179.71,179.77,179.38,179.39,456.97,2021,12,22
2021-12-22 00:36:00+00:00,179.39,179.46,179.37,179.43,160.15,2021,12,22
2021-12-22 00:37:00+00:00,179.41,179.61,179.4,179.54,303.31,2021,12,22
2021-12-22 00:38:00+00:00,179.5,179.61,179.5,179.59,218.75,2021,12,22
2021-12-22 00:39:00+00:00,179.59,179.8,179.57,179.65,511.39,2021,12,22
2021-12-22 00:40:00+00:00,179.65,179.72,179.47,179.51,520.88,2021,12,22
2021-12-22 00:41:00+00:00,179.53,179.63,179.44,179.51,439.91,2021,12,22
2021-12-22 00:42:00+00:00,179.49,179.5,179.29,179.34,364.76,2021,12,22
2021-12-22 00:43:00+00:00,179.36,179.43,179.3,179.37,444.92,2021,12,22
2021-12-22 00:44:00+00:00,179.33,179.44,179.27,179.27,561.62,2021,12,22
2021-12-22 00:45:00+00:00,179.27,179.43,179.27,179.28,558.22,2021,12,22
2021-12-22 00:46:00+00:00,179.28,179.35,179.22,179.32,167.01,2021,12,22
2021-12-22 00:47:00+00:00,179.31,179.35,178.84,178.91,1027.62,2021,12,22
2021-12-22 00:48:00+00:00,178.92,178.94,178.46,178.49,929.97,2021,12,22
2021-12-22 00:49:00+00:00,178.49,178.69,178.02,178.07,2291.75,2021,12,22
2021-12-22 00:50:00+00:00,178.05,178.15,177.94,177.99,1332.29,2021,12,22
2021-12-22 00:51:00+00:00,178.0,178.25,178.0,178.13,550.28,2021,12,22
2021-12-22 00:52:00+00:00,178.16,178.26,178.01,178.11,714.15,2021,12,22
2021-12-22 00:53:00+00:00,178.11,178.12,177.89,177.92,763.2,2021,12,22
2021-12-22 00:54:00+00:00,177.96,178.12,177.93,178.1,170.15,2021,12,22
2021-12-22 00:55:00+00:00,178.11,178.16,177.95,178.01,251.06,2021,12,22
2021-12-22 00:56:00+00:00,178.0,178.08,177.69,177.79,1304.56,2021,12,22
2021-12-22 00:57:00+00:00,177.79,177.89,177.65,177.73,1299.99,2021,12,22
2021-12-22 00:58:00+00:00,177.73,177.92,177.69,177.8,322.26,2021,12,22
2021-12-22 00:59:00+00:00,177.79,177.81,177.51,177.65,869.21,2021,12,22
2021-12-22 01:00:00+00:00,177.64,177.64,177.41,177.6,1170.75,2021,12,22
2021-12-22 01:01:00+00:00,177.59,177.83,177.56,177.82,730.95,2021,12,22
2021-12-22 01:02:00+00:00,177.84,177.97,177.73,177.88,934.23,2021,12,22
2021-12-22 01:03:00+00:00,177.87,178.09,177.83,177.9,671.78,2021,12,22
2021-12-22 01:04:00+00:00,177.93,178.09,177.92,178.08,437.96,2021,12,22
2021-12-22 01:05:00+00:00,178.1,178.12,177.98,178.07,354.9,2021,12,22
2021-12-22 01:06:00+00:00,178.06,178.13,177.8,177.9,1181.29,2021,12,22
2021-12-22 01:07:00+00:00,177.91,178.22,177.91,178.22,392.94,2021,12,22
2021-12-22 01:08:00+00:00,178.21,178.23,177.88,177.94,451.11,2021,12,22
2021-12-22 01:09:00+00:00,177.94,177.95,177.81,177.85,189.26,2021,12,22
2021-12-22 01:10:00+00:00,177.87,177.9,177.78,177.81,265.65,2021,12,22
2021-12-22 01:11:00+00:00,177.79,177.97,177.78,177.96,1106.85,2021,12,22
2021-12-22 01:12:00+00:00,177.96,178.06,177.95,178.04,784.84,2021,12,22
2021-12-22 01:13:00+00:00,178.05,178.19,178.0,178.1,791.03,2021,12,22
2021-12-22 01:14:00+00:00,178.1,178.23,178.05,178.05,356.51,2021,12,22
2021-12-22 01:15:00+00:00,178.05,178.28,177.98,178.23,331.18,2021,12,22
2021-12-22 01:16:00+00:00,178.24,178.4,178.13,178.25,1066.6,2021,12,22
2021-12-22 01:17:00+00:00,178.29,178.42,178.27,178.39,707.93,2021,12,22
2021-12-22 01:18:00+00:00,178.39,178.44,178.22,178.25,1707.73,2021,12,22
2021-12-22 01:19:00+00:00,178.25,178.47,178.17,178.45,1002.07,2021,12,22
2021-12-22 01:20:00+00:00,178.45,178.59,178.45,178.49,419.03,2021,12,22
2021-12-22 01:21:00+00:00,178.5,178.66,178.43,178.66,783.03,2021,12,22
2021-12-22 01:22:00+00:00,178.64,178.68,178.35,178.43,1084.35,2021,12,22
2021-12-22 01:23:00+00:00,178.44,178.54,178.43,178.5,254.81,2021,12,22
2021-12-22 01:24:00+00:00,178.5,178.63,178.42,178.53,915.0,2021,12,22
2021-12-22 01:25:00+00:00,178.56,178.72,178.55,178.59,527.78,2021,12,22
2021-12-22 01:26:00+00:00,178.61,178.67,178.52,178.64,502.74,2021,12,22
2021-12-22 01:27:00+00:00,178.63,178.69,178.58,178.62,564.21,2021,12,22
2021-12-22 01:28:00+00:00,178.61,178.67,178.52,178.6,195.54,2021,12,22
2021-12-22 01:29:00+00:00,178.59,178.71,178.56,178.66,83.26,2021,12,22
2021-12-22 01:30:00+00:00,178.67,178.86,178.59,178.63,921.98,2021,12,22
2021-12-22 01:31:00+00:00,178.61,178.66,178.38,178.44,387.63,2021,12,22
2021-12-22 01:32:00+00:00,178.42,178.59,178.38,178.55,648.36,2021,12,22
2021-12-22 01:33:00+00:00,178.6,178.62,178.38,178.38,325.73,2021,12,22
2021-12-22 01:34:00+00:00,178.37,178.41,178.25,178.41,514.18,2021,12,22
2021-12-22 01:35:00+00:00,178.41,178.45,178.29,178.37,328.39,2021,12,22
2021-12-22 01:36:00+00:00,178.34,178.36,178.17,178.28,235.18,2021,12,22
2021-12-22 01:37:00+00:00,178.28,178.44,178.28,178.33,315.57,2021,12,22
2021-12-22 01:38:00+00:00,178.33,178.37,178.22,178.3,253.91,2021,12,22
2021-12-22 01:39:00+00:00,178.26,178.37,178.21,178.37,246.56,2021,12,22
2021-12-22 01:40:00+00:00,178.37,178.38,178.23,178.35,219.97,2021,12,22
2021-12-22 01:41:00+00:00,178.34,178.37,178.23,178.25,171.29,2021,12,22
2021-12-22 01:42:00+00:00,178.25,178.31,178.06,178.09,434.76,2021,12,22
2021-12-22 01:43:00+00:00,178.09,178.16,178.02,178.09,606.42,2021,12,22
2021-12-22 01:44:00+00:00,178.11,178.2,178.1,178.17,120.5,2021,12,22
2021-12-22 01:45:00+00:00,178.12,178.37,178.12,178.3,797.24,2021,12,22
2021-12-22 01:46:00+00:00,178.26,178.26,177.95,178.0,908.71,2021,12,22
2021-12-22 01:47:00+00:00,177.99,178.03,177.85,178.01,773.19,2021,12,22
2021-12-22 01:48:00+00:00,177.98,178.11,177.95,178.06,1430.45,2021,12,22
2021-12-22 01:49:00+00:00,178.06,178.13,178.01,178.01,238.81,2021,12,22
2021-12-22 01:50:00+00:00,178.01,178.04,177.88,178.03,322.06,2021,12,22
2021-12-22 01:51:00+00:00,178.02,178.03,177.77,177.79,1308.48,2021,12,22
2021-12-22 01:52:00+00:00,177.8,177.93,177.77,177.89,1215.78,2021,12,22
2021-12-22 01:53:00+00:00,177.86,178.1,177.86,178.1,777.61,2021,12,22
2021-12-22 01:54:00+00:00,178.1,178.27,178.08,178.15,254.83,2021,12,22
2021-12-22 01:55:00+00:00,178.17,178.26,177.94,178.03,1151.99,2021,12,22
2021-12-22 01:56:00+00:00,178.05,178.13,178.0,178.13,244.77,2021,12,22
2021-12-22 01:57:00+00:00,178.13,178.4,178.12,178.32,468.32,2021,12,22
2021-12-22 01:58:00+00:00,178.35,178.37,178.2,178.23,401.48,2021,12,22
2021-12-22 01:59:00+00:00,178.23,178.55,178.23,178.48,478.1,2021,12,22
2021-12-22 02:00:00+00:00,178.47,178.5,178.34,178.43,187.23,2021,12,22
2021-12-22 02:01:00+00:00,178.43,178.6,178.33,178.52,508.42,2021,12,22
2021-12-22 02:02:00+00:00,178.54,178.7,178.33,178.34,1254.96,2021,12,22
2021-12-22 02:03:00+00:00,178.33,178.45,178.22,178.44,314.34,2021,12,22
2021-12-22 02:04:00+00:00,178.45,178.57,178.36,178.52,448.79,2021,12,22
2021-12-22 02:05:00+00:00,178.54,178.54,178.35,178.38,490.31,2021,12,22
2021-12-22 02:06:00+00:00,178.46,178.69,178.4,178.65,437.84,2021,12,22
2021-12-22 02:07:00+00:00,178.68,178.94,178.62,178.94,554.97,2021,12,22
2021-12-22 02:08:00+00:00,178.93,179.07,178.85,179.04,571.75,2021,12,22
2021-12-22 02:09:00+00:00,179.05,179.19,178.96,179.19,558.53,2021,12,22
2021-12-22 02:10:00+00:00,179.16,179.17,178.92,179.1,267.09,2021,12,22
2021-12-22 02:11:00+00:00,179.1,179.35,179.05,179.31,428.94,2021,12,22
2021-12-22 02:12:00+00:00,179.33,179.62,179.29,179.6,721.33,2021,12,22
2021-12-22 02:13:00+00:00,179.6,179.82,179.53,179.78,872.37,2021,12,22
2021-12-22 02:14:00+00:00,179.74,179.79,179.57,179.65,839.11,2021,12,22
2021-12-22 02:15:00+00:00,179.68,179.77,179.59,179.73,525.51,2021,12,22
2021-12-22 02:16:00+00:00,179.74,179.94,179.61,179.86,1173.13,2021,12,22
2021-12-22 02:17:00+00:00,179.85,179.95,179.73,179.85,533.55,2021,12,22
2021-12-22 02:18:00+00:00,179.84,180.0,179.84,179.91,439.51,2021,12,22
2021-12-22 02:19:00+00:00,179.91,180.1,179.91,180.02,672.85,2021,12,22
2021-12-22 02:20:00+00:00,180.01,180.37,179.92,180.31,1295.63,2021,12,22
2021-12-22 02:21:00+00:00,180.32,180.39,180.09,180.22,1014.4,2021,12,22
2021-12-22 02:22:00+00:00,180.19,180.86,180.17,180.47,5600.56,2021,12,22
2021-12-22 02:23:00+00:00,180.44,180.57,180.28,180.57,1541.7,2021,12,22
2021-12-22 02:24:00+00:00,180.58,180.73,180.48,180.62,728.22,2021,12,22
2021-12-22 02:25:00+00:00,180.63,181.0,180.47,180.51,3450.98,2021,12,22
2021-12-22 02:26:00+00:00,180.48,180.65,180.39,180.51,641.12,2021,12,22
2021-12-22 02:27:00+00:00,180.51,180.55,180.4,180.4,485.07,2021,12,22
2021-12-22 02:28:00+00:00,180.42,180.65,180.4,180.58,558.92,2021,12,22
2021-12-22 02:29:00+00:00,180.55,180.82,180.5,180.82,550.29,2021,12,22
2021-12-22 02:30:00+00:00,180.81,181.0,180.79,180.96,6227.69,2021,12,22
2021-12-22 02:31:00+00:00,180.92,181.3,180.85,181.23,6782.13,2021,12,22
2021-12-22 02:32:00+00:00,181.25,181.34,181.02,181.22,2257.94,2021,12,22
2021-12-22 02:33:00+00:00,181.17,181.42,181.15,181.29,2318.37,2021,12,22
2021-12-22 02:34:00+00:00,181.24,181.26,180.94,181.06,982.81,2021,12,22
2021-12-22 02:35:00+00:00,181.06,181.27,180.94,181.13,751.49,2021,12,22
2021-12-22 02:36:00+00:00,181.14,181.24,181.09,181.21,276.48,2021,12,22
2021-12-22 02:37:00+00:00,181.2,181.35,181.15,181.26,515.01,2021,12,22
2021-12-22 02:38:00+00:00,181.26,181.26,181.02,181.19,809.32,2021,12,22
2021-12-22 02:39:00+00:00,181.19,181.44,181.02,181.35,1412.5,2021,12,22
2021-12-22 02:40:00+00:00,181.38,181.57,181.1,181.28,1889.5,2021,12,22
2021-12-22 02:41:00+00:00,181.29,181.55,181.29,181.41,696.75,2021,12,22
2021-12-22 02:42:00+00:00,181.4,181.4,180.92,180.97,1445.18,2021,12,22
2021-12-22 02:43:00+00:00,180.95,181.09,180.9,180.96,705.1,2021,12,22
2021-12-22 02:44:00+00:00,180.96,181.09,180.92,180.99,1289.37,2021,12,22
2021-12-22 02:45:00+00:00,181.02,181.18,180.98,181.16,285.65,2021,12,22
2021-12-22 02:46:00+00:00,181.16,181.22,181.06,181.12,484.19,2021,12,22
2021-12-22 02:47:00+00:00,181.1,181.29,181.03,181.04,1016.67,2021,12,22
2021-12-22 02:48:00+00:00,181.05,181.22,180.9,181.19,2281.65,2021,12,22
2021-12-22 02:49:00+00:00,181.18,181.19,180.95,180.97,529.7,2021,12,22
2021-12-22 02:50:00+00:00,180.99,181.06,180.92,180.97,521.67,2021,12,22
2021-12-22 02:51:00+00:00,180.98,181.09,180.95,181.09,253.02,2021,12,22
2021-12-22 02:52:00+00:00,181.1,181.16,180.94,181.16,348.85,2021,12,22
2021-12-22 02:53:00+00:00,181.12,181.18,180.96,181.18,490.78,2021,12,22
2021-12-22 02:54:00+00:00,181.19,181.26,181.06,181.13,510.05,2021,12,22
2021-12-22 02:55:00+00:00,181.13,181.16,180.88,180.91,337.75,2021,12,22
2021-12-22 02:56:00+00:00,180.89,181.0,180.83,180.86,431.29,2021,12,22
2021-12-22 02:57:00+00:00,180.85,180.87,180.56,180.6,789.65,2021,12,22
2021-12-22 02:58:00+00:00,180.59,180.61,180.42,180.54,1106.12,2021,12,22
2021-12-22 02:59:00+00:00,180.49,180.6,180.43,180.52,331.65,2021,12,22
2021-12-22 03:00:00+00:00,180.56,180.69,180.52,180.67,522.36,2021,12,22
2021-12-22 03:01:00+00:00,180.67,180.87,180.6,180.66,989.93,2021,12,22
2021-12-22 03:02:00+00:00,180.66,180.67,180.45,180.45,249.32,2021,12,22
2021-12-22 03:03:00+00:00,180.45,180.51,180.44,180.49,125.97,2021,12,22
2021-12-22 03:04:00+00:00,180.48,180.63,180.46,180.5,487.47,2021,12,22
2021-12-22 03:05:00+00:00,180.47,180.61,180.47,180.51,211.93,2021,12,22
2021-12-22 03:06:00+00:00,180.53,180.56,180.0,180.1,1499.0,2021,12,22
2021-12-22 03:07:00+00:00,180.11,180.23,180.03,180.21,933.09,2021,12,22
2021-12-22 03:08:00+00:00,180.2,180.22,180.0,180.22,809.7,2021,12,22
2021-12-22 03:09:00+00:00,180.17,180.19,179.84,179.94,712.11,2021,12,22
2021-12-22 03:10:00+00:00,179.95,180.01,179.56,179.71,1753.57,2021,12,22
2021-12-22 03:11:00+00:00,179.71,179.96,179.68,179.75,752.21,2021,12,22
2021-12-22 03:12:00+00:00,179.72,179.74,179.34,179.44,1468.47,2021,12,22
2021-12-22 03:13:00+00:00,179.48,179.48,179.1,179.12,2295.32,2021,12,22
2021-12-22 03:14:00+00:00,179.11,179.35,179.05,179.25,446.86,2021,12,22
2021-12-22 03:15:00+00:00,179.27,179.38,179.24,179.34,594.47,2021,12,22
2021-12-22 03:16:00+00:00,179.33,179.37,179.17,179.24,467.89,2021,12,22
2021-12-22 03:17:00+00:00,179.25,179.65,179.21,179.56,399.64,2021,12,22
2021-12-22 03:18:00+00:00,179.54,179.64,179.45,179.56,161.53,2021,12,22
2021-12-22 03:19:00+00:00,179.55,179.89,179.55,179.61,352.18,2021,12,22
2021-12-22 03:20:00+00:00,179.64,179.82,179.45,179.58,1006.22,2021,12,22
2021-12-22 03:21:00+00:00,179.63,179.64,179.27,179.29,409.63,2021,12,22
2021-12-22 03:22:00+00:00,179.3,179.5,179.26,179.42,288.95,2021,12,22
2021-12-22 03:23:00+00:00,179.43,179.61,179.43,179.54,165.81,2021,12,22
2021-12-22 03:24:00+00:00,179.53,179.61,179.35,179.49,260.25,2021,12,22
2021-12-22 03:25:00+00:00,179.48,179.48,179.28,179.37,765.33,2021,12,22
2021-12-22 03:26:00+00:00,179.36,180.0,179.34,179.81,5291.1,2021,12,22
2021-12-22 03:27:00+00:00,179.82,180.08,179.8,179.99,737.27,2021,12,22
2021-12-22 03:28:00+00:00,179.95,180.0,179.66,179.66,1203.96,2021,12,22
2021-12-22 03:29:00+00:00,179.66,179.91,179.65,179.76,721.49,2021,12,22
2021-12-22 03:30:00+00:00,179.74,180.0,179.74,179.85,1545.63,2021,12,22
2021-12-22 03:31:00+00:00,179.86,179.93,179.69,179.85,2345.16,2021,12,22
2021-12-22 03:32:00+00:00,179.84,179.9,179.71,179.75,505.14,2021,12,22
2021-12-22 03:33:00+00:00,179.75,179.86,179.63,179.71,506.75,2021,12,22
2021-12-22 03:34:00+00:00,179.71,179.74,179.46,179.61,415.88,2021,12,22
2021-12-22 03:35:00+00:00,179.59,179.75,179.59,179.66,232.71,2021,12,22
2021-12-22 03:36:00+00:00,179.67,179.87,179.67,179.74,477.73,2021,12,22
2021-12-22 03:37:00+00:00,179.75,179.9,179.75,179.79,215.57,2021,12,22
2021-12-22 03:38:00+00:00,179.79,179.9,179.76,179.84,307.73,2021,12,22
2021-12-22 03:39:00+00:00,179.86,179.93,179.79,179.82,328.05,2021,12,22
2021-12-22 03:40:00+00:00,179.8,179.88,179.75,179.81,359.71,2021,12,22
2021-12-22 03:41:00+00:00,179.81,179.93,179.75,179.87,150.1,2021,12,22
2021-12-22 03:42:00+00:00,179.91,180.16,179.91,180.06,596.47,2021,12,22
2021-12-22 03:43:00+00:00,180.06,180.21,180.06,180.13,627.52,2021,12,22
2021-12-22 03:44:00+00:00,180.12,180.16,179.96,180.15,387.6,2021,12,22
2021-12-22 03:45:00+00:00,180.15,180.3,180.13,180.18,667.36,2021,12,22
2021-12-22 03:46:00+00:00,180.17,180.27,180.17,180.24,147.64,2021,12,22
2021-12-22 03:47:00+00:00,180.23,180.26,180.0,180.0,538.39,2021,12,22
2021-12-22 03:48:00+00:00,180.03,180.05,179.87,179.92,546.66,2021,12,22
2021-12-22 03:49:00+00:00,179.89,179.99,179.84,179.92,210.9,2021,12,22
2021-12-22 03:50:00+00:00,179.91,179.91,179.7,179.75,367.28,2021,12,22
2021-12-22 03:51:00+00:00,179.74,179.99,179.74,179.94,215.99,2021,12,22
2021-12-22 03:52:00+00:00,179.96,179.98,179.8,179.83,344.84,2021,12,22
2021-12-22 03:53:00+00:00,179.83,179.85,179.56,179.61,491.81,2021,12,22
2021-12-22 03:54:00+00:00,179.64,179.69,179.52,179.52,731.07,2021,12,22
2021-12-22 03:55:00+00:00,179.55,179.58,179.32,179.49,581.24,2021,12,22
2021-12-22 03:56:00+00:00,179.5,179.61,179.46,179.47,593.19,2021,12,22
2021-12-22 03:57:00+00:00,179.48,179.59,179.32,179.5,1101.11,2021,12,22
2021-12-22 03:58:00+00:00,179.52,179.55,179.35,179.52,376.12,2021,12,22
2021-12-22 03:59:00+00:00,179.46,179.67,179.4,179.61,441.68,2021,12,22
2021-12-22 04:00:00+00:00,179.67,180.1,179.63,179.63,1304.24,2021,12,22
2021-12-22 04:01:00+00:00,179.63,179.68,179.36,179.44,650.81,2021,12,22
2021-12-22 04:02:00+00:00,179.44,179.5,179.17,179.27,736.21,2021,12,22
2021-12-22 04:03:00+00:00,179.23,179.52,179.06,179.47,1516.24,2021,12,22
2021-12-22 04:04:00+00:00,179.47,179.54,179.28,179.28,364.51,2021,12,22
2021-12-22 04:05:00+00:00,179.3,179.39,179.27,179.37,325.81,2021,12,22
2021-12-22 04:06:00+00:00,179.35,179.4,179.25,179.34,290.38,2021,12,22
2021-12-22 04:07:00+00:00,179.36,179.44,179.25,179.26,911.81,2021,12,22
2021-12-22 04:08:00+00:00,179.28,179.38,179.2,179.28,576.7,2021,12,22
2021-12-22 04:09:00+00:00,179.26,179.43,179.2,179.3,1124.39,2021,12,22
2021-12-22 04:10:00+00:00,179.27,179.43,179.18,179.25,598.16,2021,12,22
2021-12-22 04:11:00+00:00,179.26,179.45,179.2,179.28,408.64,2021,12,22
2021-12-22 04:12:00+00:00,179.29,179.39,179.16,179.23,627.02,2021,12,22
2021-12-22 04:13:00+00:00,179.24,179.43,179.15,179.37,1267.6,2021,12,22
2021-12-22 04:14:00+00:00,179.37,179.39,179.23,179.25,817.53,2021,12,22
2021-12-22 04:15:00+00:00,179.24,179.4,179.13,179.39,575.04,2021,12,22
2021-12-22 04:16:00+00:00,179.4,179.53,179.36,179.47,263.75,2021,12,22
2021-12-22 04:17:00+00:00,179.48,179.58,179.43,179.57,733.77,2021,12,22
2021-12-22 04:18:00+00:00,179.57,179.61,179.4,179.46,310.74,2021,12,22
2021-12-22 04:19:00+00:00,179.47,179.58,179.39,179.5,688.38,2021,12,22
2021-12-22 04:20:00+00:00,179.48,179.48,179.29,179.32,504.9,2021,12,22
2021-12-22 04:21:00+00:00,179.28,179.37,179.16,179.2,243.61,2021,12,22
2021-12-22 04:22:00+00:00,179.21,179.48,179.21,179.48,261.19,2021,12,22
2021-12-22 04:23:00+00:00,179.48,179.64,179.44,179.64,318.05,2021,12,22
2021-12-22 04:24:00+00:00,179.62,179.66,179.53,179.66,243.44,2021,12,22
2021-12-22 04:25:00+00:00,179.68,179.8,179.67,179.79,427.42,2021,12,22
2021-12-22 04:26:00+00:00,179.76,179.9,179.76,179.84,235.43,2021,12,22
2021-12-22 04:27:00+00:00,179.83,179.9,179.79,179.84,276.68,2021,12,22
2021-12-22 04:28:00+00:00,179.85,180.04,179.85,180.03,637.07,2021,12,22
2021-12-22 04:29:00+00:00,180.04,180.11,180.02,180.08,343.7,2021,12,22
2021-12-22 04:30:00+00:00,180.11,180.19,179.89,179.97,635.94,2021,12,22
2021-12-22 04:31:00+00:00,179.98,180.5,179.96,180.39,3503.52,2021,12,22
2021-12-22 04:32:00+00:00,180.37,180.54,180.27,180.52,336.98,2021,12,22
2021-12-22 04:33:00+00:00,180.55,180.69,180.42,180.48,546.82,2021,12,22
2021-12-22 04:34:00+00:00,180.52,180.86,180.37,180.62,2655.76,2021,12,22
2021-12-22 04:35:00+00:00,180.61,180.8,180.52,180.64,2616.49,2021,12,22
2021-12-22 04:36:00+00:00,180.63,180.74,180.51,180.74,537.64,2021,12,22
2021-12-22 04:37:00+00:00,180.7,180.89,180.68,180.8,475.55,2021,12,22
2021-12-22 04:38:00+00:00,180.81,181.14,180.76,181.03,2402.82,2021,12,22
2021-12-22 04:39:00+00:00,181.01,181.06,180.89,180.99,999.83,2021,12,22
2021-12-22 04:40:00+00:00,180.98,181.03,180.9,181.0,250.42,2021,12,22
2021-12-22 04:41:00+00:00,181.02,181.08,180.88,180.88,365.52,2021,12,22
2021-12-22 04:42:00+00:00,180.91,180.91,180.6,180.64,586.37,2021,12,22
2021-12-22 04:43:00+00:00,180.63,180.82,180.63,180.82,442.76,2021,12,22
2021-12-22 04:44:00+00:00,180.83,180.95,180.8,180.89,733.55,2021,12,22
2021-12-22 04:45:00+00:00,180.88,180.88,180.67,180.84,264.28,2021,12,22
2021-12-22 04:46:00+00:00,180.86,181.01,180.84,180.96,536.13,2021,12,22
2021-12-22 04:47:00+00:00,180.95,181.05,180.8,181.05,417.02,2021,12,22
2021-12-22 04:48:00+00:00,181.04,181.11,180.91,181.03,677.43,2021,12,22
2021-12-22 04:49:00+00:00,181.01,181.1,180.87,180.87,581.86,2021,12,22
2021-12-22 04:50:00+00:00,180.88,181.17,180.88,181.13,1776.33,2021,12,22
2021-12-22 04:51:00+00:00,181.15,181.17,181.05,181.17,465.97,2021,12,22
2021-12-22 04:52:00+00:00,181.18,181.49,181.18,181.48,1798.28,2021,12,22
2021-12-22 04:53:00+00:00,181.48,181.69,181.44,181.6,1492.08,2021,12,22
2021-12-22 04:54:00+00:00,181.58,181.76,181.52,181.61,1181.67,2021,12,22
2021-12-22 04:55:00+00:00,181.6,181.78,181.55,181.76,845.41,2021,12,22
2021-12-22 04:56:00+00:00,181.75,182.01,181.69,181.92,3293.6,2021,12,22
2021-12-22 04:57:00+00:00,181.92,181.93,181.73,181.84,659.39,2021,12,22
2021-12-22 04:58:00+00:00,181.82,182.0,181.8,181.94,465.08,2021,12,22
2021-12-22 04:59:00+00:00,181.91,181.99,181.89,181.99,403.96,2021,12,22
2021-12-22 05:00:00+00:00,181.99,181.99,181.8,181.86,847.1,2021,12,22
2021-12-22 05:01:00+00:00,181.88,182.01,181.88,182.0,506.83,2021,12,22
2021-12-22 05:02:00+00:00,182.0,182.02,181.94,182.0,447.23,2021,12,22
2021-12-22 05:03:00+00:00,181.99,182.14,181.99,182.11,816.99,2021,12,22
2021-12-22 05:04:00+00:00,182.12,182.16,182.09,182.12,1063.6,2021,12,22
2021-12-22 05:05:00+00:00,182.11,182.2,182.09,182.16,1068.87,2021,12,22
2021-12-22 05:06:00+00:00,182.17,182.2,181.98,182.18,1347.26,2021,12,22
2021-12-22 05:07:00+00:00,182.16,182.61,182.16,182.55,2322.39,2021,12,22
2021-12-22 05:08:00+00:00,182.55,182.67,182.35,182.54,2837.78,2021,12,22
2021-12-22 05:09:00+00:00,182.56,182.67,182.51,182.6,576.59,2021,12,22
2021-12-22 05:10:00+00:00,182.62,182.93,182.6,182.93,1437.14,2021,12,22
2021-12-22 05:11:00+00:00,182.92,183.12,182.87,183.09,3351.96,2021,12,22
2021-12-22 05:12:00+00:00,183.09,183.44,183.08,183.44,3533.54,2021,12,22
2021-12-22 05:13:00+00:00,183.43,183.92,183.42,183.88,5070.62,2021,12,22
2021-12-22 05:14:00+00:00,183.87,183.91,183.27,183.51,4610.65,2021,12,22
2021-12-22 05:15:00+00:00,183.5,183.53,183.35,183.37,647.83,2021,12,22
2021-12-22 05:16:00+00:00,183.36,184.04,183.28,184.04,2354.34,2021,12,22
2021-12-22 05:17:00+00:00,184.03,184.48,183.88,184.2,4412.28,2021,12,22
2021-12-22 05:18:00+00:00,184.19,184.79,184.19,184.68,2739.52,2021,12,22
2021-12-22 05:19:00+00:00,184.67,184.96,184.54,184.79,2487.7,2021,12,22
2021-12-22 05:20:00+00:00,184.77,184.87,183.8,183.89,4742.57,2021,12,22
2021-12-22 05:21:00+00:00,183.84,184.08,183.81,183.98,1259.85,2021,12,22
2021-12-22 05:22:00+00:00,183.98,184.03,183.59,183.61,1050.88,2021,12,22
2021-12-22 05:23:00+00:00,183.61,183.73,183.54,183.66,937.66,2021,12,22
2021-12-22 05:24:00+00:00,183.66,184.0,183.59,183.86,732.95,2021,12,22
2021-12-22 05:25:00+00:00,183.87,184.12,183.86,184.11,388.81,2021,12,22
2021-12-22 05:26:00+00:00,184.11,184.38,183.92,184.33,1325.17,2021,12,22
2021-12-22 05:27:00+00:00,184.32,184.42,184.19,184.41,2310.52,2021,12,22
2021-12-22 05:28:00+00:00,184.41,184.61,184.29,184.5,1917.17,2021,12,22
2021-12-22 05:29:00+00:00,184.51,184.52,184.19,184.19,1608.23,2021,12,22
2021-12-22 05:30:00+00:00,184.19,184.58,184.19,184.49,1657.55,2021,12,22
2021-12-22 05:31:00+00:00,184.5,185.0,184.48,184.83,3914.12,2021,12,22
2021-12-22 05:32:00+00:00,184.83,184.95,184.5,184.5,1184.83,2021,12,22
2021-12-22 05:33:00+00:00,184.51,184.71,184.44,184.53,1609.99,2021,12,22
2021-12-22 05:34:00+00:00,184.51,184.51,184.34,184.45,529.26,2021,12,22
2021-12-22 05:35:00+00:00,184.44,184.64,184.38,184.48,456.57,2021,12,22
2021-12-22 05:36:00+00:00,184.48,184.58,184.36,184.53,881.28,2021,12,22
2021-12-22 05:37:00+00:00,184.53,184.63,184.45,184.45,707.16,2021,12,22
2021-12-22 05:38:00+00:00,184.45,184.53,184.3,184.45,636.64,2021,12,22
2021-12-22 05:39:00+00:00,184.44,184.45,184.29,184.35,598.44,2021,12,22
2021-12-22 05:40:00+00:00,184.35,184.4,184.24,184.27,559.61,2021,12,22
2021-12-22 05:41:00+00:00,184.27,184.44,184.21,184.28,977.09,2021,12,22
2021-12-22 05:42:00+00:00,184.28,184.39,184.26,184.39,429.95,2021,12,22
2021-12-22 05:43:00+00:00,184.39,184.54,184.38,184.38,640.51,2021,12,22
2021-12-22 05:44:00+00:00,184.42,184.97,184.42,184.9,2755.6,2021,12,22
2021-12-22 05:45:00+00:00,184.88,184.97,184.72,184.77,1772.26,2021,12,22
2021-12-22 05:46:00+00:00,184.76,184.92,184.63,184.87,1042.23,2021,12,22
2021-12-22 05:47:00+00:00,184.89,184.96,184.66,184.69,556.23,2021,12,22
2021-12-22 05:48:00+00:00,184.69,184.69,184.41,184.46,382.86,2021,12,22
2021-12-22 05:49:00+00:00,184.46,184.79,184.36,184.5,872.15,2021,12,22
2021-12-22 05:50:00+00:00,184.49,184.49,183.85,183.85,3070.34,2021,12,22
2021-12-22 05:51:00+00:00,183.84,183.99,183.81,183.92,341.05,2021,12,22
2021-12-22 05:52:00+00:00,183.91,183.97,183.6,183.68,816.64,2021,12,22
2021-12-22 05:53:00+00:00,183.67,183.81,183.38,183.62,2923.05,2021,12,22
2021-12-22 05:54:00+00:00,183.62,183.8,183.6,183.64,629.65,2021,12,22
2021-12-22 05:55:00+00:00,183.63,183.95,183.61,183.61,1125.18,2021,12,22
2021-12-22 05:56:00+00:00,183.61,183.86,183.53,183.79,727.32,2021,12,22
2021-12-22 05:57:00+00:00,183.8,183.9,183.72,183.77,1960.97,2021,12,22
2021-12-22 05:58:00+00:00,183.75,184.35,183.74,184.19,2192.76,2021,12,22
2021-12-22 05:59:00+00:00,184.18,184.27,184.05,184.23,900.18,2021,12,22
2021-12-22 06:00:00+00:00,184.23,184.29,184.16,184.25,650.24,2021,12,22
2021-12-22 06:01:00+00:00,184.25,184.5,184.04,184.47,680.34,2021,12,22
2021-12-22 06:02:00+00:00,184.48,184.55,184.43,184.51,431.95,2021,12,22
2021-12-22 06:03:00+00:00,184.51,184.51,184.1,184.25,400.99,2021,12,22
2021-12-22 06:04:00+00:00,184.29,184.29,184.01,184.13,422.83,2021,12,22
2021-12-22 06:05:00+00:00,184.09,184.31,184.09,184.14,444.83,2021,12,22
2021-12-22 06:06:00+00:00,184.13,184.13,183.59,183.6,2961.95,2021,12,22
2021-12-22 06:07:00+00:00,183.59,183.68,183.29,183.66,2402.05,2021,12,22
2021-12-22 06:08:00+00:00,183.7,183.89,183.6,183.6,608.54,2021,12,22
2021-12-22 06:09:00+00:00,183.6,183.79,183.6,183.71,333.52,2021,12,22
2021-12-22 06:10:00+00:00,183.71,183.9,183.71,183.87,263.84,2021,12,22
2021-12-22 06:11:00+00:00,183.86,184.18,183.85,184.14,573.29,2021,12,22
2021-12-22 06:12:00+00:00,184.15,184.73,184.1,184.59,2073.25,2021,12,22
2021-12-22 06:13:00+00:00,184.6,184.69,184.44,184.46,331.24,2021,12,22
2021-12-22 06:14:00+00:00,184.44,184.7,184.38,184.67,491.75,2021,12,22
2021-12-22 06:15:00+00:00,184.68,184.93,184.66,184.82,1499.38,2021,12,22
2021-12-22 06:16:00+00:00,184.83,184.99,184.76,184.89,737.41,2021,12,22
2021-12-22 06:17:00+00:00,184.9,184.93,184.61,184.77,708.98,2021,12,22
2021-12-22 06:18:00+00:00,184.82,184.98,184.69,184.85,1077.93,2021,12,22
2021-12-22 06:19:00+00:00,184.85,184.95,184.67,184.73,1544.17,2021,12,22
2021-12-22 06:20:00+00:00,184.73,184.9,184.6,184.64,655.72,2021,12,22
2021-12-22 06:21:00+00:00,184.68,184.79,184.64,184.78,383.35,2021,12,22
2021-12-22 06:22:00+00:00,184.77,184.86,184.74,184.8,197.66,2021,12,22
2021-12-22 06:23:00+00:00,184.79,184.89,184.71,184.82,333.6,2021,12,22
2021-12-22 06:24:00+00:00,184.81,184.95,184.55,184.58,1493.88,2021,12,22
2021-12-22 06:25:00+00:00,184.6,184.79,184.54,184.74,423.37,2021,12,22
2021-12-22 06:26:00+00:00,184.75,184.78,184.65,184.68,553.03,2021,12,22
2021-12-22 06:27:00+00:00,184.67,184.89,184.57,184.82,1306.45,2021,12,22
2021-12-22 06:28:00+00:00,184.82,184.93,184.81,184.88,158.58,2021,12,22
2021-12-22 06:29:00+00:00,184.87,184.9,184.61,184.9,441.63,2021,12,22
2021-12-22 06:30:00+00:00,184.9,185.0,184.67,184.87,1271.0,2021,12,22
2021-12-22 06:31:00+00:00,184.9,184.97,184.73,184.79,2876.8,2021,12,22
2021-12-22 06:32:00+00:00,184.8,184.87,184.65,184.73,289.84,2021,12,22
2021-12-22 06:33:00+00:00,184.72,184.82,184.52,184.6,458.33,2021,12,22
2021-12-22 06:34:00+00:00,184.62,184.93,184.58,184.91,496.18,2021,12,22
2021-12-22 06:35:00+00:00,184.9,184.94,184.66,184.69,1360.2,2021,12,22
2021-12-22 06:36:00+00:00,184.69,184.95,184.69,184.76,1188.69,2021,12,22
2021-12-22 06:37:00+00:00,184.77,184.99,184.76,184.87,1726.42,2021,12,22
2021-12-22 06:38:00+00:00,184.88,184.98,184.87,184.98,903.31,2021,12,22
2021-12-22 06:39:00+00:00,184.98,184.99,184.84,184.85,908.08,2021,12,22
2021-12-22 06:40:00+00:00,184.85,184.94,184.84,184.9,353.75,2021,12,22
2021-12-22 06:41:00+00:00,184.91,185.07,184.91,185.03,4143.91,2021,12,22
2021-12-22 06:42:00+00:00,185.03,185.29,185.03,185.27,1415.36,2021,12,22
2021-12-22 06:43:00+00:00,185.28,185.38,185.17,185.24,1380.27,2021,12,22
2021-12-22 06:44:00+00:00,185.25,185.5,185.2,185.48,3231.95,2021,12,22
2021-12-22 06:45:00+00:00,185.49,185.62,185.32,185.41,2057.72,2021,12,22
2021-12-22 06:46:00+00:00,185.42,185.49,185.3,185.41,1998.21,2021,12,22
2021-12-22 06:47:00+00:00,185.41,185.52,185.3,185.52,616.76,2021,12,22
2021-12-22 06:48:00+00:00,185.52,185.59,185.47,185.51,565.86,2021,12,22
2021-12-22 06:49:00+00:00,185.52,185.57,185.3,185.34,2125.56,2021,12,22
2021-12-22 06:50:00+00:00,185.35,185.45,185.23,185.45,644.64,2021,12,22
2021-12-22 06:51:00+00:00,185.45,185.49,185.3,185.31,2261.19,2021,12,22
2021-12-22 06:52:00+00:00,185.32,185.35,185.12,185.13,959.4,2021,12,22
2021-12-22 06:53:00+00:00,185.14,185.2,185.0,185.1,685.24,2021,12,22
2021-12-22 06:54:00+00:00,185.09,185.09,184.88,185.05,737.56,2021,12,22
2021-12-22 06:55:00+00:00,185.03,185.26,184.74,184.76,2667.85,2021,12,22
2021-12-22 06:56:00+00:00,184.75,184.77,184.54,184.59,472.18,2021,12,22
2021-12-22 06:57:00+00:00,184.59,184.69,184.55,184.61,476.33,2021,12,22
2021-12-22 06:58:00+00:00,184.62,184.67,184.54,184.64,836.88,2021,12,22
2021-12-22 06:59:00+00:00,184.64,184.68,184.6,184.61,822.43,2021,12,22
2021-12-22 07:00:00+00:00,184.61,184.9,184.6,184.84,557.44,2021,12,22
2021-12-22 07:01:00+00:00,184.83,184.97,184.79,184.97,382.63,2021,12,22
2021-12-22 07:02:00+00:00,184.95,184.99,184.73,184.92,419.88,2021,12,22
2021-12-22 07:03:00+00:00,184.94,185.03,184.92,185.02,1284.89,2021,12,22
2021-12-22 07:04:00+00:00,185.03,185.41,185.02,185.41,1103.81,2021,12,22
2021-12-22 07:05:00+00:00,185.38,185.4,185.2,185.23,684.41,2021,12,22
2021-12-22 07:06:00+00:00,185.23,185.36,185.18,185.35,419.86,2021,12,22
2021-12-22 07:07:00+00:00,185.34,185.35,185.04,185.18,697.46,2021,12,22
2021-12-22 07:08:00+00:00,185.15,185.4,184.96,185.11,2349.57,2021,12,22
2021-12-22 07:09:00+00:00,185.14,185.2,184.97,185.19,466.11,2021,12,22
2021-12-22 07:10:00+00:00,185.2,185.5,185.13,185.4,752.9,2021,12,22
2021-12-22 07:11:00+00:00,185.37,185.69,185.3,185.68,2156.9,2021,12,22
2021-12-22 07:12:00+00:00,185.69,185.69,185.55,185.63,1665.65,2021,12,22
2021-12-22 07:13:00+00:00,185.63,185.83,185.62,185.82,946.93,2021,12,22
2021-12-22 07:14:00+00:00,185.82,185.89,185.57,185.85,2011.53,2021,12,22
2021-12-22 07:15:00+00:00,185.84,185.97,185.7,185.97,925.4,2021,12,22
2021-12-22 07:16:00+00:00,185.95,186.18,185.75,185.85,4713.01,2021,12,22
2021-12-22 07:17:00+00:00,185.85,186.83,185.82,186.46,5652.99,2021,12,22
2021-12-22 07:18:00+00:00,186.47,186.67,186.42,186.55,751.69,2021,12,22
2021-12-22 07:19:00+00:00,186.53,186.74,186.53,186.61,513.13,2021,12,22
2021-12-22 07:20:00+00:00,186.63,186.65,186.45,186.49,758.93,2021,12,22
2021-12-22 07:21:00+00:00,186.5,186.54,186.31,186.48,919.67,2021,12,22
2021-12-22 07:22:00+00:00,186.44,186.58,186.28,186.39,2639.66,2021,12,22
2021-12-22 07:23:00+00:00,186.41,186.68,186.37,186.62,841.62,2021,12,22
2021-12-22 07:24:00+00:00,186.65,186.73,186.55,186.59,490.11,2021,12,22
2021-12-22 07:25:00+00:00,186.58,186.62,186.41,186.42,776.31,2021,12,22
2021-12-22 07:26:00+00:00,186.42,186.52,186.34,186.45,645.66,2021,12,22
2021-12-22 07:27:00+00:00,186.44,186.61,186.4,186.6,409.1,2021,12,22
2021-12-22 07:28:00+00:00,186.55,186.7,186.43,186.64,477.14,2021,12,22
2021-12-22 07:29:00+00:00,186.61,186.65,186.36,186.49,660.36,2021,12,22
2021-12-22 07:30:00+00:00,186.52,186.58,185.91,185.92,1553.29,2021,12,22
2021-12-22 07:31:00+00:00,185.97,186.17,185.9,185.96,904.27,2021,12,22
2021-12-22 07:32:00+00:00,185.95,185.95,185.77,185.88,401.14,2021,12,22
2021-12-22 07:33:00+00:00,185.86,185.88,185.64,185.84,692.37,2021,12,22
2021-12-22 07:34:00+00:00,185.84,186.23,185.84,185.92,879.81,2021,12,22
2021-12-22 07:35:00+00:00,185.96,186.32,185.94,186.31,920.91,2021,12,22
2021-12-22 07:36:00+00:00,186.29,186.36,186.23,186.25,1029.37,2021,12,22
2021-12-22 07:37:00+00:00,186.23,186.37,186.2,186.35,393.71,2021,12,22
2021-12-22 07:38:00+00:00,186.29,186.53,186.27,186.33,381.32,2021,12,22
2021-12-22 07:39:00+00:00,186.33,186.36,185.85,185.92,1260.47,2021,12,22
2021-12-22 07:40:00+00:00,185.92,186.36,185.92,186.13,1608.46,2021,12,22
2021-12-22 07:41:00+00:00,186.13,186.28,186.02,186.21,850.68,2021,12,22
2021-12-22 07:42:00+00:00,186.22,186.32,186.16,186.32,417.78,2021,12,22
2021-12-22 07:43:00+00:00,186.3,186.6,186.19,186.53,4767.72,2021,12,22
2021-12-22 07:44:00+00:00,186.54,186.68,186.45,186.47,1631.61,2021,12,22
2021-12-22 07:45:00+00:00,186.48,186.64,186.46,186.6,501.02,2021,12,22
2021-12-22 07:46:00+00:00,186.59,186.85,186.48,186.78,3327.8,2021,12,22
2021-12-22 07:47:00+00:00,186.77,186.84,186.71,186.71,591.29,2021,12,22
2021-12-22 07:48:00+00:00,186.71,187.25,186.7,187.05,4633.43,2021,12,22
2021-12-22 07:49:00+00:00,187.06,187.22,187.01,187.13,593.89,2021,12,22
2021-12-22 07:50:00+00:00,187.13,187.2,187.07,187.14,730.45,2021,12,22
2021-12-22 07:51:00+00:00,187.17,187.31,187.16,187.19,1229.88,2021,12,22
2021-12-22 07:52:00+00:00,187.2,187.27,186.84,186.91,1247.53,2021,12,22
2021-12-22 07:53:00+00:00,186.9,186.91,186.78,186.81,330.34,2021,12,22
2021-12-22 07:54:00+00:00,186.8,186.85,186.61,186.68,1153.89,2021,12,22
2021-12-22 07:55:00+00:00,186.66,186.7,186.27,186.37,1187.69,2021,12,22
2021-12-22 07:56:00+00:00,186.37,186.39,186.15,186.36,1250.19,2021,12,22
2021-12-22 07:57:00+00:00,186.36,186.44,186.27,186.34,324.55,2021,12,22
2021-12-22 07:58:00+00:00,186.31,186.54,186.29,186.44,746.75,2021,12,22
2021-12-22 07:59:00+00:00,186.44,186.63,186.28,186.28,768.83,2021,12,22
2021-12-22 08:00:00+00:00,186.3,186.73,186.29,186.72,624.54,2021,12,22
2021-12-22 08:01:00+00:00,186.72,186.83,186.61,186.72,709.29,2021,12,22
2021-12-22 08:02:00+00:00,186.7,186.7,186.29,186.58,1228.84,2021,12,22
2021-12-22 08:03:00+00:00,186.52,186.71,186.43,186.43,731.07,2021,12,22
2021-12-22 08:04:00+00:00,186.51,186.51,186.23,186.24,513.68,2021,12,22
2021-12-22 08:05:00+00:00,186.23,186.24,185.97,186.01,1390.98,2021,12,22
2021-12-22 08:06:00+00:00,186.01,186.06,185.77,185.81,499.94,2021,12,22
2021-12-22 08:07:00+00:00,185.81,185.88,185.63,185.82,1592.08,2021,12,22
2021-12-22 08:08:00+00:00,185.83,185.84,185.69,185.76,363.57,2021,12,22
2021-12-22 08:09:00+00:00,185.76,185.81,185.66,185.75,488.22,2021,12,22
2021-12-22 08:10:00+00:00,185.75,185.75,185.41,185.46,1329.99,2021,12,22
2021-12-22 08:11:00+00:00,185.47,185.7,185.46,185.56,540.5,2021,12,22
2021-12-22 08:12:00+00:00,185.56,185.94,185.56,185.89,899.21,2021,12,22
2021-12-22 08:13:00+00:00,185.86,186.19,185.85,186.17,646.96,2021,12,22
2021-12-22 08:14:00+00:00,186.16,186.27,185.93,185.97,787.16,2021,12,22
2021-12-22 08:15:00+00:00,185.99,186.14,185.94,185.99,363.7,2021,12,22
2021-12-22 08:16:00+00:00,185.99,186.12,185.93,186.0,355.35,2021,12,22
2021-12-22 08:17:00+00:00,186.0,186.2,186.0,186.0,1739.82,2021,12,22
2021-12-22 08:18:00+00:00,185.99,186.28,185.98,186.24,469.31,2021,12,22
2021-12-22 08:19:00+00:00,186.26,186.38,186.2,186.36,709.36,2021,12,22
2021-12-22 08:20:00+00:00,186.36,186.51,186.36,186.49,321.72,2021,12,22
2021-12-22 08:21:00+00:00,186.45,186.62,186.35,186.5,1331.48,2021,12,22
2021-12-22 08:22:00+00:00,186.49,187.0,186.49,186.97,3418.98,2021,12,22
2021-12-22 08:23:00+00:00,186.97,187.43,186.95,187.33,1794.36,2021,12,22
2021-12-22 08:24:00+00:00,187.32,187.44,187.07,187.08,1298.05,2021,12,22
2021-12-22 08:25:00+00:00,187.09,187.09,186.8,186.87,1281.64,2021,12,22
2021-12-22 08:26:00+00:00,186.94,187.15,186.93,187.09,1155.26,2021,12,22
2021-12-22 08:27:00+00:00,187.06,187.14,186.95,187.03,1746.24,2021,12,22
2021-12-22 08:28:00+00:00,187.02,187.13,186.93,186.96,1040.32,2021,12,22
2021-12-22 08:29:00+00:00,186.96,187.03,186.69,186.7,1045.86,2021,12,22
2021-12-22 08:30:00+00:00,186.7,186.7,186.5,186.68,764.96,2021,12,22
2021-12-22 08:31:00+00:00,186.69,186.69,186.47,186.49,1336.17,2021,12,22
2021-12-22 08:32:00+00:00,186.5,186.98,186.5,186.89,711.49,2021,12,22
2021-12-22 08:33:00+00:00,186.91,187.07,186.91,187.04,475.47,2021,12,22
2021-12-22 08:34:00+00:00,187.04,187.26,186.91,187.11,1621.35,2021,12,22
2021-12-22 08:35:00+00:00,187.14,187.22,187.0,187.08,566.37,2021,12,22
2021-12-22 08:36:00+00:00,187.08,187.23,187.07,187.12,547.9,2021,12,22
2021-12-22 08:37:00+00:00,187.14,187.42,187.12,187.27,1734.41,2021,12,22
2021-12-22 08:38:00+00:00,187.25,187.49,187.15,187.25,5320.0,2021,12,22
2021-12-22 08:39:00+00:00,187.24,187.39,187.24,187.39,572.81,2021,12,22
2021-12-22 08:40:00+00:00,187.4,187.55,187.24,187.41,1913.92,2021,12,22
2021-12-22 08:41:00+00:00,187.4,187.55,187.31,187.35,476.42,2021,12,22
2021-12-22 08:42:00+00:00,187.34,187.35,187.08,187.11,724.23,2021,12,22
2021-12-22 08:43:00+00:00,187.13,187.22,187.03,187.03,599.56,2021,12,22
2021-12-22 08:44:00+00:00,187.04,187.08,186.83,186.9,726.88,2021,12,22
2021-12-22 08:45:00+00:00,186.91,186.97,186.75,186.85,832.2,2021,12,22
2021-12-22 08:46:00+00:00,186.87,186.88,186.52,186.62,1458.57,2021,12,22
2021-12-22 08:47:00+00:00,186.63,186.65,186.39,186.45,1600.61,2021,12,22
2021-12-22 08:48:00+00:00,186.45,186.5,186.25,186.31,579.05,2021,12,22
2021-12-22 08:49:00+00:00,186.3,186.33,186.12,186.18,819.09,2021,12,22
2021-12-22 08:50:00+00:00,186.18,186.45,186.16,186.4,586.39,2021,12,22
2021-12-22 08:51:00+00:00,186.4,186.43,186.25,186.41,1303.64,2021,12,22
2021-12-22 08:52:00+00:00,186.38,186.4,186.3,186.34,220.92,2021,12,22
2021-12-22 08:53:00+00:00,186.36,186.57,186.36,186.53,425.83,2021,12,22
2021-12-22 08:54:00+00:00,186.53,186.84,186.53,186.76,737.8,2021,12,22
2021-12-22 08:55:00+00:00,186.78,186.96,186.78,186.88,776.54,2021,12,22
2021-12-22 08:56:00+00:00,186.87,186.88,186.73,186.88,883.19,2021,12,22
2021-12-22 08:57:00+00:00,186.86,186.95,186.44,186.49,1098.23,2021,12,22
2021-12-22 08:58:00+00:00,186.45,186.6,186.43,186.56,542.6,2021,12,22
2021-12-22 08:59:00+00:00,186.53,186.67,186.31,186.36,944.99,2021,12,22
2021-12-22 09:00:00+00:00,186.35,186.51,186.33,186.49,725.18,2021,12,22
2021-12-22 09:01:00+00:00,186.45,186.76,186.43,186.71,395.06,2021,12,22
2021-12-22 09:02:00+00:00,186.7,186.89,186.69,186.76,498.1,2021,12,22
2021-12-22 09:03:00+00:00,186.75,186.94,186.74,186.87,465.88,2021,12,22
2021-12-22 09:04:00+00:00,186.91,186.97,186.8,186.93,469.1,2021,12,22
2021-12-22 09:05:00+00:00,186.91,186.93,186.51,186.56,693.79,2021,12,22
2021-12-22 09:06:00+00:00,186.57,186.71,186.52,186.63,426.68,2021,12,22
2021-12-22 09:07:00+00:00,186.61,186.68,186.51,186.57,357.51,2021,12,22
2021-12-22 09:08:00+00:00,186.59,186.65,186.53,186.54,232.95,2021,12,22
2021-12-22 09:09:00+00:00,186.55,186.69,186.51,186.58,484.85,2021,12,22
2021-12-22 09:10:00+00:00,186.55,186.59,186.26,186.4,1849.02,2021,12,22
2021-12-22 09:11:00+00:00,186.4,186.54,186.34,186.47,444.98,2021,12,22
2021-12-22 09:12:00+00:00,186.48,186.64,186.4,186.5,758.35,2021,12,22
2021-12-22 09:13:00+00:00,186.49,186.52,185.86,186.04,4875.66,2021,12,22
2021-12-22 09:14:00+00:00,186.03,186.11,185.98,186.09,508.24,2021,12,22
2021-12-22 09:15:00+00:00,186.08,186.09,185.52,185.6,1168.93,2021,12,22
2021-12-22 09:16:00+00:00,185.57,185.75,185.56,185.71,475.8,2021,12,22
2021-12-22 09:17:00+00:00,185.71,185.81,185.65,185.73,253.66,2021,12,22
2021-12-22 09:18:00+00:00,185.72,185.73,185.51,185.61,822.37,2021,12,22
2021-12-22 09:19:00+00:00,185.6,185.69,185.52,185.66,1205.7,2021,12,22
2021-12-22 09:20:00+00:00,185.62,185.78,185.57,185.6,540.66,2021,12,22
2021-12-22 09:21:00+00:00,185.59,185.63,185.18,185.34,2114.52,2021,12,22
2021-12-22 09:22:00+00:00,185.35,185.42,185.25,185.3,241.57,2021,12,22
2021-12-22 09:23:00+00:00,185.29,185.35,185.15,185.25,720.43,2021,12,22
2021-12-22 09:24:00+00:00,185.29,185.29,185.06,185.08,598.66,2021,12,22
2021-12-22 09:25:00+00:00,185.07,185.2,184.81,184.98,3978.15,2021,12,22
2021-12-22 09:26:00+00:00,184.98,185.15,184.92,185.07,1226.15,2021,12,22
2021-12-22 09:27:00+00:00,185.08,185.27,185.07,185.24,1187.22,2021,12,22
2021-12-22 09:28:00+00:00,185.24,185.34,185.1,185.22,528.67,2021,12,22
2021-12-22 09:29:00+00:00,185.22,185.36,185.02,185.1,570.27,2021,12,22
2021-12-22 09:30:00+00:00,185.1,185.11,184.89,184.91,566.05,2021,12,22
2021-12-22 09:31:00+00:00,184.9,184.95,184.64,184.8,2183.32,2021,12,22
2021-12-22 09:32:00+00:00,184.81,184.91,184.64,184.69,860.82,2021,12,22
2021-12-22 09:33:00+00:00,184.72,184.74,184.54,184.66,1210.63,2021,12,22
2021-12-22 09:34:00+00:00,184.69,184.74,184.56,184.57,792.34,2021,12,22
2021-12-22 09:35:00+00:00,184.57,184.61,184.28,184.34,4864.15,2021,12,22
2021-12-22 09:36:00+00:00,184.34,184.58,184.27,184.49,587.07,2021,12,22
2021-12-22 09:37:00+00:00,184.49,184.53,184.05,184.13,1049.11,2021,12,22
2021-12-22 09:38:00+00:00,184.15,184.23,183.79,183.85,1823.47,2021,12,22
2021-12-22 09:39:00+00:00,183.88,183.88,183.45,183.5,1465.8,2021,12,22
2021-12-22 09:40:00+00:00,183.5,183.6,183.18,183.21,3088.17,2021,12,22
2021-12-22 09:41:00+00:00,183.21,183.84,183.15,183.78,2189.14,2021,12,22
2021-12-22 09:42:00+00:00,183.77,184.15,183.69,183.97,1215.26,2021,12,22
2021-12-22 09:43:00+00:00,183.97,184.19,183.87,184.02,983.81,2021,12,22
2021-12-22 09:44:00+00:00,184.07,184.31,184.03,184.19,1867.85,2021,12,22
2021-12-22 09:45:00+00:00,184.18,184.21,183.97,184.07,401.12,2021,12,22
2021-12-22 09:46:00+00:00,184.05,184.33,183.9,184.3,1362.98,2021,12,22
2021-12-22 09:47:00+00:00,184.3,184.33,183.94,184.03,791.03,2021,12,22
2021-12-22 09:48:00+00:00,184.03,184.09,183.54,183.63,2191.91,2021,12,22
2021-12-22 09:49:00+00:00,183.59,184.06,183.5,183.95,1393.2,2021,12,22
2021-12-22 09:50:00+00:00,183.96,184.0,183.78,183.86,484.49,2021,12,22
2021-12-22 09:51:00+00:00,183.85,183.86,183.5,183.66,935.24,2021,12,22
2021-12-22 09:52:00+00:00,183.69,184.0,183.67,183.91,617.52,2021,12,22
2021-12-22 09:53:00+00:00,183.92,184.15,183.92,184.08,580.74,2021,12,22
2021-12-22 09:54:00+00:00,184.09,184.11,183.62,183.62,1507.65,2021,12,22
2021-12-22 09:55:00+00:00,183.61,183.62,183.15,183.17,1602.45,2021,12,22
2021-12-22 09:56:00+00:00,183.17,183.2,182.91,182.96,1890.76,2021,12,22
2021-12-22 09:57:00+00:00,182.96,183.45,182.83,183.34,3511.28,2021,12,22
2021-12-22 09:58:00+00:00,183.34,183.65,183.29,183.64,339.65,2021,12,22
2021-12-22 09:59:00+00:00,183.65,183.71,183.44,183.7,1120.38,2021,12,22
2021-12-22 10:00:00+00:00,183.7,183.72,183.31,183.38,509.9,2021,12,22
2021-12-22 10:01:00+00:00,183.38,183.42,183.24,183.36,1289.99,2021,12,22
2021-12-22 10:02:00+00:00,183.36,184.04,183.36,183.89,1751.75,2021,12,22
2021-12-22 10:03:00+00:00,183.95,184.25,183.94,184.25,713.62,2021,12,22
2021-12-22 10:04:00+00:00,184.26,184.3,184.09,184.2,654.44,2021,12,22
2021-12-22 10:05:00+00:00,184.19,184.3,184.18,184.27,338.5,2021,12,22
2021-12-22 10:06:00+00:00,184.28,184.73,184.27,184.71,1674.47,2021,12,22
2021-12-22 10:07:00+00:00,184.69,184.9,184.69,184.8,1227.58,2021,12,22
2021-12-22 10:08:00+00:00,184.77,184.89,184.73,184.82,669.81,2021,12,22
2021-12-22 10:09:00+00:00,184.81,184.88,184.51,184.59,840.37,2021,12,22
2021-12-22 10:10:00+00:00,184.55,184.62,184.43,184.59,4144.14,2021,12,22
2021-12-22 10:11:00+00:00,184.6,184.75,184.53,184.53,400.92,2021,12,22
2021-12-22 10:12:00+00:00,184.55,184.8,184.38,184.6,3789.6,2021,12,22
2021-12-22 10:13:00+00:00,184.59,184.8,184.57,184.67,530.56,2021,12,22
2021-12-22 10:14:00+00:00,184.65,184.86,184.64,184.83,1281.58,2021,12,22
2021-12-22 10:15:00+00:00,184.82,184.89,184.58,184.63,745.66,2021,12,22
2021-12-22 10:16:00+00:00,184.61,184.83,184.58,184.79,1291.79,2021,12,22
2021-12-22 10:17:00+00:00,184.8,185.0,184.79,184.99,621.28,2021,12,22
2021-12-22 10:18:00+00:00,185.0,185.0,184.74,184.78,508.9,2021,12,22
2021-12-22 10:19:00+00:00,184.74,185.0,184.74,184.97,512.99,2021,12,22
2021-12-22 10:20:00+00:00,184.94,185.0,184.74,184.86,480.64,2021,12,22
2021-12-22 10:21:00+00:00,184.87,184.92,184.72,184.76,407.57,2021,12,22
2021-12-22 10:22:00+00:00,184.75,184.87,184.64,184.82,455.66,2021,12,22
2021-12-22 10:23:00+00:00,184.81,184.88,184.79,184.83,123.72,2021,12,22
2021-12-22 10:24:00+00:00,184.86,184.94,184.77,184.93,1623.48,2021,12,22
2021-12-22 10:25:00+00:00,184.92,185.0,184.89,184.94,542.47,2021,12,22
2021-12-22 10:26:00+00:00,184.94,185.0,184.91,184.97,713.44,2021,12,22
2021-12-22 10:27:00+00:00,184.99,185.05,184.88,184.97,659.17,2021,12,22
2021-12-22 10:28:00+00:00,184.97,185.29,184.93,185.27,2624.62,2021,12,22
2021-12-22 10:29:00+00:00,185.26,185.4,185.2,185.3,604.45,2021,12,22
2021-12-22 10:30:00+00:00,185.33,185.69,185.33,185.43,1231.19,2021,12,22
2021-12-22 10:31:00+00:00,185.41,185.41,185.02,185.08,2416.32,2021,12,22
2021-12-22 10:32:00+00:00,185.05,185.09,184.54,184.64,830.53,2021,12,22
2021-12-22 10:33:00+00:00,184.57,184.7,184.46,184.46,393.24,2021,12,22
2021-12-22 10:34:00+00:00,184.45,184.5,184.33,184.42,645.08,2021,12,22
2021-12-22 10:35:00+00:00,184.41,184.66,184.33,184.66,1236.02,2021,12,22
2021-12-22 10:36:00+00:00,184.66,184.66,184.32,184.44,537.44,2021,12,22
2021-12-22 10:37:00+00:00,184.48,184.78,184.39,184.76,1563.88,2021,12,22
2021-12-22 10:38:00+00:00,184.76,184.9,184.52,184.71,1195.98,2021,12,22
2021-12-22 10:39:00+00:00,184.77,184.94,184.74,184.9,490.61,2021,12,22
2021-12-22 10:40:00+00:00,184.91,184.95,184.8,184.85,470.31,2021,12,22
2021-12-22 10:41:00+00:00,184.84,184.93,184.64,184.71,559.98,2021,12,22
2021-12-22 10:42:00+00:00,184.7,184.87,184.66,184.79,222.78,2021,12,22
2021-12-22 10:43:00+00:00,184.8,184.83,184.68,184.68,227.97,2021,12,22
2021-12-22 10:44:00+00:00,184.69,184.82,184.56,184.61,708.86,2021,12,22
2021-12-22 10:45:00+00:00,184.65,184.83,184.61,184.73,385.38,2021,12,22
2021-12-22 10:46:00+00:00,184.73,184.96,184.73,184.8,698.18,2021,12,22
2021-12-22 10:47:00+00:00,184.76,184.95,184.71,184.79,1073.49,2021,12,22
2021-12-22 10:48:00+00:00,184.83,184.9,184.61,184.68,482.87,2021,12,22
2021-12-22 10:49:00+00:00,184.7,184.9,184.7,184.88,563.87,2021,12,22
2021-12-22 10:50:00+00:00,184.87,185.08,184.84,185.04,891.11,2021,12,22
2021-12-22 10:51:00+00:00,185.04,185.21,185.04,185.17,296.21,2021,12,22
2021-12-22 10:52:00+00:00,185.17,185.24,185.12,185.15,476.91,2021,12,22
2021-12-22 10:53:00+00:00,185.15,185.2,185.01,185.16,551.52,2021,12,22
2021-12-22 10:54:00+00:00,185.17,185.35,185.13,185.31,1474.6,2021,12,22
2021-12-22 10:55:00+00:00,185.31,185.67,185.31,185.63,1070.42,2021,12,22
2021-12-22 10:56:00+00:00,185.64,185.7,185.54,185.6,685.39,2021,12,22
2021-12-22 10:57:00+00:00,185.65,185.79,185.57,185.65,4605.85,2021,12,22
2021-12-22 10:58:00+00:00,185.66,186.04,185.62,186.0,1902.92,2021,12,22
2021-12-22 10:59:00+00:00,186.01,186.16,185.91,186.12,2468.89,2021,12,22
2021-12-22 11:00:00+00:00,186.13,186.44,186.12,186.22,1944.19,2021,12,22
2021-12-22 11:01:00+00:00,186.22,186.39,186.21,186.31,513.98,2021,12,22
2021-12-22 11:02:00+00:00,186.31,186.42,186.21,186.42,744.15,2021,12,22
2021-12-22 11:03:00+00:00,186.39,186.5,186.33,186.34,692.68,2021,12,22
2021-12-22 11:04:00+00:00,186.34,186.55,186.28,186.49,648.17,2021,12,22
2021-12-22 11:05:00+00:00,186.5,186.55,186.36,186.48,794.92,2021,12,22
2021-12-22 11:06:00+00:00,186.47,186.53,186.3,186.43,1375.34,2021,12,22
2021-12-22 11:07:00+00:00,186.43,186.49,186.38,186.42,169.06,2021,12,22
2021-12-22 11:08:00+00:00,186.4,186.54,186.39,186.5,289.51,2021,12,22
2021-12-22 11:09:00+00:00,186.48,186.66,186.47,186.58,770.01,2021,12,22
2021-12-22 11:10:00+00:00,186.56,186.79,186.55,186.61,1171.98,2021,12,22
2021-12-22 11:11:00+00:00,186.65,186.76,186.6,186.74,309.14,2021,12,22
2021-12-22 11:12:00+00:00,186.74,186.74,186.5,186.51,1730.04,2021,12,22
2021-12-22 11:13:00+00:00,186.51,186.64,186.5,186.5,495.9,2021,12,22
2021-12-22 11:14:00+00:00,186.53,186.68,186.5,186.61,382.7,2021,12,22
2021-12-22 11:15:00+00:00,186.64,186.81,186.61,186.74,382.48,2021,12,22
2021-12-22 11:16:00+00:00,186.73,186.74,186.48,186.54,1181.32,2021,12,22
2021-12-22 11:17:00+00:00,186.55,186.67,186.46,186.5,814.59,2021,12,22
2021-12-22 11:18:00+00:00,186.5,186.56,185.91,186.1,1495.3,2021,12,22
2021-12-22 11:19:00+00:00,186.12,186.23,185.98,185.98,935.67,2021,12,22
2021-12-22 11:20:00+00:00,185.97,185.97,185.8,185.81,686.5,2021,12,22
2021-12-22 11:21:00+00:00,185.81,185.94,185.79,185.84,310.32,2021,12,22
2021-12-22 11:22:00+00:00,185.84,185.94,185.8,185.92,331.64,2021,12,22
2021-12-22 11:23:00+00:00,185.94,186.07,185.9,186.06,279.21,2021,12,22
2021-12-22 11:24:00+00:00,186.02,186.06,185.8,185.95,429.17,2021,12,22
2021-12-22 11:25:00+00:00,186.0,186.22,186.0,186.11,408.74,2021,12,22
2021-12-22 11:26:00+00:00,186.11,186.31,186.04,186.04,829.22,2021,12,22
2021-12-22 11:27:00+00:00,186.04,186.04,185.73,185.77,310.75,2021,12,22
2021-12-22 11:28:00+00:00,185.79,185.8,185.63,185.68,259.55,2021,12,22
2021-12-22 11:29:00+00:00,185.67,185.7,185.53,185.59,1121.66,2021,12,22
2021-12-22 11:30:00+00:00,185.61,185.61,185.52,185.58,1765.12,2021,12,22
2021-12-22 11:31:00+00:00,185.58,185.89,185.52,185.75,1256.65,2021,12,22
2021-12-22 11:32:00+00:00,185.8,185.88,185.73,185.74,310.76,2021,12,22
2021-12-22 11:33:00+00:00,185.71,185.75,185.52,185.65,636.84,2021,12,22
2021-12-22 11:34:00+00:00,185.66,185.79,185.63,185.75,184.87,2021,12,22
2021-12-22 11:35:00+00:00,185.72,185.79,185.67,185.67,550.47,2021,12,22
2021-12-22 11:36:00+00:00,185.66,185.85,185.61,185.83,224.26,2021,12,22
2021-12-22 11:37:00+00:00,185.82,185.93,185.78,185.8,1083.2,2021,12,22
2021-12-22 11:38:00+00:00,185.8,185.95,185.7,185.93,573.2,2021,12,22
2021-12-22 11:39:00+00:00,185.93,185.98,185.83,185.84,297.51,2021,12,22
2021-12-22 11:40:00+00:00,185.86,185.88,185.76,185.8,160.98,2021,12,22
2021-12-22 11:41:00+00:00,185.79,185.93,185.72,185.91,341.82,2021,12,22
2021-12-22 11:42:00+00:00,185.9,185.9,185.59,185.62,218.65,2021,12,22
2021-12-22 11:43:00+00:00,185.61,185.62,185.52,185.53,1243.56,2021,12,22
2021-12-22 11:44:00+00:00,185.55,185.62,185.29,185.32,1664.55,2021,12,22
2021-12-22 11:45:00+00:00,185.32,185.59,185.23,185.41,923.15,2021,12,22
2021-12-22 11:46:00+00:00,185.38,185.69,185.31,185.67,413.55,2021,12,22
2021-12-22 11:47:00+00:00,185.67,185.77,184.56,184.79,6533.1,2021,12,22
2021-12-22 11:48:00+00:00,184.74,184.82,184.12,184.48,4669.66,2021,12,22
2021-12-22 11:49:00+00:00,184.48,185.39,184.45,185.12,2582.68,2021,12,22
2021-12-22 11:50:00+00:00,185.08,185.25,184.95,184.96,927.44,2021,12,22
2021-12-22 11:51:00+00:00,184.95,185.08,184.67,184.75,937.16,2021,12,22
2021-12-22 11:52:00+00:00,184.74,184.97,184.67,184.77,1191.48,2021,12,22
2021-12-22 11:53:00+00:00,184.74,184.96,184.71,184.86,239.22,2021,12,22
2021-12-22 11:54:00+00:00,184.91,185.08,184.91,185.06,308.84,2021,12,22
2021-12-22 11:55:00+00:00,185.09,185.17,184.97,184.97,469.2,2021,12,22
2021-12-22 11:56:00+00:00,184.99,185.37,184.98,185.34,1882.21,2021,12,22
2021-12-22 11:57:00+00:00,185.36,185.51,185.34,185.49,1070.78,2021,12,22
2021-12-22 11:58:00+00:00,185.5,185.54,185.37,185.44,429.21,2021,12,22
2021-12-22 11:59:00+00:00,185.45,185.68,185.38,185.56,668.35,2021,12,22
2021-12-22 12:00:00+00:00,185.56,186.0,185.51,185.89,2782.34,2021,12,22
2021-12-22 12:01:00+00:00,185.9,186.01,185.8,185.83,401.98,2021,12,22
2021-12-22 12:02:00+00:00,185.8,185.82,185.64,185.7,303.57,2021,12,22
2021-12-22 12:03:00+00:00,185.68,185.76,185.52,185.74,331.35,2021,12,22
2021-12-22 12:04:00+00:00,185.72,185.98,185.63,185.96,488.95,2021,12,22
2021-12-22 12:05:00+00:00,185.95,185.98,185.85,185.86,446.38,2021,12,22
2021-12-22 12:06:00+00:00,185.84,186.02,185.81,185.96,455.26,2021,12,22
2021-12-22 12:07:00+00:00,185.94,186.18,185.85,186.09,1004.09,2021,12,22
2021-12-22 12:08:00+00:00,186.09,186.21,186.04,186.1,218.07,2021,12,22
2021-12-22 12:09:00+00:00,186.08,186.09,185.77,185.99,883.9,2021,12,22
2021-12-22 12:10:00+00:00,185.99,186.18,185.87,186.08,338.95,2021,12,22
2021-12-22 12:11:00+00:00,186.05,186.1,185.68,185.84,1506.89,2021,12,22
2021-12-22 12:12:00+00:00,185.8,185.92,185.76,185.81,806.15,2021,12,22
2021-12-22 12:13:00+00:00,185.81,185.94,185.81,185.89,436.59,2021,12,22
2021-12-22 12:14:00+00:00,185.87,185.87,185.62,185.64,345.35,2021,12,22
2021-12-22 12:15:00+00:00,185.64,185.65,185.18,185.22,647.88,2021,12,22
2021-12-22 12:16:00+00:00,185.2,185.33,185.11,185.15,5308.3,2021,12,22
2021-12-22 12:17:00+00:00,185.15,185.31,185.04,185.04,2496.18,2021,12,22
2021-12-22 12:18:00+00:00,185.04,185.17,184.97,185.07,795.64,2021,12,22
2021-12-22 12:19:00+00:00,185.04,185.1,184.94,184.99,607.94,2021,12,22
2021-12-22 12:20:00+00:00,184.99,185.18,184.57,184.65,3383.8,2021,12,22
2021-12-22 12:21:00+00:00,184.66,184.66,184.01,184.28,4204.55,2021,12,22
2021-12-22 12:22:00+00:00,184.31,184.45,184.19,184.3,738.79,2021,12,22
2021-12-22 12:23:00+00:00,184.24,184.4,183.91,183.93,2516.49,2021,12,22
2021-12-22 12:24:00+00:00,183.91,184.22,183.44,183.7,3426.33,2021,12,22
2021-12-22 12:25:00+00:00,183.66,183.66,183.27,183.33,1275.64,2021,12,22
2021-12-22 12:26:00+00:00,183.34,183.37,183.08,183.29,1573.27,2021,12,22
2021-12-22 12:27:00+00:00,183.28,183.82,183.16,183.75,2141.37,2021,12,22
2021-12-22 12:28:00+00:00,183.76,184.03,183.67,183.92,1220.06,2021,12,22
2021-12-22 12:29:00+00:00,183.88,184.03,183.83,183.86,744.02,2021,12,22
2021-12-22 12:30:00+00:00,183.89,184.14,183.8,184.05,527.66,2021,12,22
2021-12-22 12:31:00+00:00,184.04,184.07,183.2,183.2,4648.68,2021,12,22
2021-12-22 12:32:00+00:00,183.21,183.25,182.6,182.67,2661.98,2021,12,22
2021-12-22 12:33:00+00:00,182.67,182.91,182.38,182.42,1394.25,2021,12,22
2021-12-22 12:34:00+00:00,182.39,182.51,182.03,182.35,4122.4,2021,12,22
2021-12-22 12:35:00+00:00,182.35,182.89,182.35,182.61,1906.2,2021,12,22
2021-12-22 12:36:00+00:00,182.64,183.02,182.64,182.93,1693.74,2021,12,22
2021-12-22 12:37:00+00:00,182.94,182.97,182.61,182.77,1772.76,2021,12,22
2021-12-22 12:38:00+00:00,182.76,182.8,182.47,182.52,409.87,2021,12,22
2021-12-22 12:39:00+00:00,182.54,182.64,182.29,182.31,2590.9,2021,12,22
2021-12-22 12:40:00+00:00,182.31,182.55,182.25,182.54,1218.32,2021,12,22
2021-12-22 12:41:00+00:00,182.52,182.67,182.46,182.64,1385.37,2021,12,22
2021-12-22 12:42:00+00:00,182.63,182.64,182.39,182.5,565.18,2021,12,22
2021-12-22 12:43:00+00:00,182.5,182.61,182.4,182.59,1629.24,2021,12,22
2021-12-22 12:44:00+00:00,182.62,182.84,182.54,182.84,1433.31,2021,12,22
2021-12-22 12:45:00+00:00,182.83,183.11,182.74,183.01,1012.98,2021,12,22
2021-12-22 12:46:00+00:00,183.0,183.4,183.0,183.31,573.64,2021,12,22
2021-12-22 12:47:00+00:00,183.29,183.35,182.85,182.85,496.16,2021,12,22
2021-12-22 12:48:00+00:00,182.86,182.86,182.6,182.75,599.74,2021,12,22
2021-12-22 12:49:00+00:00,182.76,182.81,182.48,182.49,343.54,2021,12,22
2021-12-22 12:50:00+00:00,182.48,182.62,182.35,182.45,1839.52,2021,12,22
2021-12-22 12:51:00+00:00,182.44,182.6,182.16,182.24,889.22,2021,12,22
2021-12-22 12:52:00+00:00,182.18,182.34,182.09,182.29,1546.64,2021,12,22
2021-12-22 12:53:00+00:00,182.26,182.31,181.44,181.53,7299.78,2021,12,22
2021-12-22 12:54:00+00:00,181.56,181.58,181.25,181.56,1876.87,2021,12,22
2021-12-22 12:55:00+00:00,181.54,181.93,181.37,181.5,1333.36,2021,12,22
2021-12-22 12:56:00+00:00,181.47,181.59,181.24,181.59,916.75,2021,12,22
2021-12-22 12:57:00+00:00,181.6,182.15,181.52,182.12,1169.81,2021,12,22
2021-12-22 12:58:00+00:00,182.13,182.23,181.88,182.17,1155.87,2021,12,22
2021-12-22 12:59:00+00:00,182.2,182.51,182.17,182.27,838.17,2021,12,22
2021-12-22 13:00:00+00:00,182.26,182.28,182.03,182.15,1199.9,2021,12,22
2021-12-22 13:01:00+00:00,182.12,182.56,182.04,182.56,1018.0,2021,12,22
2021-12-22 13:02:00+00:00,182.56,182.79,182.54,182.73,667.54,2021,12,22
2021-12-22 13:03:00+00:00,182.73,182.87,182.65,182.82,695.84,2021,12,22
2021-12-22 13:04:00+00:00,182.81,183.07,182.63,183.04,879.49,2021,12,22
2021-12-22 13:05:00+00:00,183.02,183.14,182.91,182.94,339.03,2021,12,22
2021-12-22 13:06:00+00:00,182.98,183.61,182.89,183.61,819.62,2021,12,22
2021-12-22 13:07:00+00:00,183.61,183.67,183.31,183.36,876.96,2021,12,22
2021-12-22 13:08:00+00:00,183.34,183.43,183.0,183.0,1110.94,2021,12,22
2021-12-22 13:09:00+00:00,183.04,183.07,182.84,182.97,1168.87,2021,12,22
2021-12-22 13:10:00+00:00,182.97,183.75,182.85,183.73,1213.49,2021,12,22
2021-12-22 13:11:00+00:00,183.74,184.0,183.68,183.91,2644.43,2021,12,22
2021-12-22 13:12:00+00:00,183.95,183.95,183.75,183.75,333.56,2021,12,22
2021-12-22 13:13:00+00:00,183.75,184.4,183.74,184.34,3648.47,2021,12,22
2021-12-22 13:14:00+00:00,184.35,184.41,184.1,184.11,1636.6,2021,12,22
2021-12-22 13:15:00+00:00,184.12,184.48,184.12,184.44,618.93,2021,12,22
2021-12-22 13:16:00+00:00,184.44,184.64,183.97,184.0,2001.82,2021,12,22
2021-12-22 13:17:00+00:00,184.01,184.26,183.85,183.87,1490.03,2021,12,22
2021-12-22 13:18:00+00:00,183.85,183.94,183.55,183.81,1954.71,2021,12,22
2021-12-22 13:19:00+00:00,183.85,184.29,183.83,184.29,1732.76,2021,12,22
2021-12-22 13:20:00+00:00,184.24,184.61,184.08,184.52,2966.91,2021,12,22
2021-12-22 13:21:00+00:00,184.54,184.58,184.37,184.42,869.18,2021,12,22
2021-12-22 13:22:00+00:00,184.43,184.55,184.39,184.48,663.93,2021,12,22
2021-12-22 13:23:00+00:00,184.48,184.56,183.89,183.9,1032.97,2021,12,22
2021-12-22 13:24:00+00:00,183.89,183.9,183.61,183.65,818.16,2021,12,22
2021-12-22 13:25:00+00:00,183.63,183.67,183.11,183.15,1155.27,2021,12,22
2021-12-22 13:26:00+00:00,183.16,183.35,182.96,183.3,788.76,2021,12,22
2021-12-22 13:27:00+00:00,183.36,183.55,183.01,183.06,841.69,2021,12,22
2021-12-22 13:28:00+00:00,183.05,183.1,182.53,182.76,2555.14,2021,12,22
2021-12-22 13:29:00+00:00,182.77,182.92,182.5,182.56,678.78,2021,12,22
2021-12-22 13:30:00+00:00,182.6,183.13,182.43,183.02,2857.15,2021,12,22
2021-12-22 13:31:00+00:00,183.04,183.26,182.7,183.19,1030.41,2021,12,22
2021-12-22 13:32:00+00:00,183.18,183.23,182.77,182.77,627.55,2021,12,22
2021-12-22 13:33:00+00:00,182.76,182.79,182.32,182.46,878.27,2021,12,22
2021-12-22 13:34:00+00:00,182.49,182.56,182.39,182.43,914.79,2021,12,22
2021-12-22 13:35:00+00:00,182.4,182.87,182.16,182.72,2071.92,2021,12,22
2021-12-22 13:36:00+00:00,182.72,182.94,182.67,182.87,993.93,2021,12,22
2021-12-22 13:37:00+00:00,182.83,182.9,182.66,182.67,831.59,2021,12,22
2021-12-22 13:38:00+00:00,182.64,182.82,182.41,182.78,1296.29,2021,12,22
2021-12-22 13:39:00+00:00,182.79,182.8,182.57,182.63,464.32,2021,12,22
2021-12-22 13:40:00+00:00,182.67,183.12,182.63,183.04,766.52,2021,12,22
2021-12-22 13:41:00+00:00,183.04,183.45,183.02,183.45,1261.02,2021,12,22
2021-12-22 13:42:00+00:00,183.44,183.57,183.3,183.51,269.42,2021,12,22
2021-12-22 13:43:00+00:00,183.52,183.56,183.25,183.29,568.63,2021,12,22
2021-12-22 13:44:00+00:00,183.27,183.56,183.2,183.5,536.0,2021,12,22
2021-12-22 13:45:00+00:00,183.48,183.79,183.48,183.73,809.3,2021,12,22
2021-12-22 13:46:00+00:00,183.73,183.9,183.68,183.87,371.71,2021,12,22
2021-12-22 13:47:00+00:00,183.87,183.87,183.69,183.85,629.84,2021,12,22
2021-12-22 13:48:00+00:00,183.85,184.06,183.83,183.91,801.56,2021,12,22
2021-12-22 13:49:00+00:00,183.91,184.2,183.88,184.2,913.95,2021,12,22
2021-12-22 13:50:00+00:00,184.2,184.25,183.43,183.54,2873.89,2021,12,22
2021-12-22 13:51:00+00:00,183.54,183.64,183.37,183.5,1733.53,2021,12,22
2021-12-22 13:52:00+00:00,183.52,183.52,183.23,183.3,447.56,2021,12,22
2021-12-22 13:53:00+00:00,183.31,183.87,183.31,183.82,901.89,2021,12,22
2021-12-22 13:54:00+00:00,183.82,183.99,183.8,183.8,514.3,2021,12,22
2021-12-22 13:55:00+00:00,183.79,183.97,183.56,183.96,766.48,2021,12,22
2021-12-22 13:56:00+00:00,183.96,183.96,183.76,183.87,931.35,2021,12,22
2021-12-22 13:57:00+00:00,183.87,183.88,183.65,183.8,525.16,2021,12,22
2021-12-22 13:58:00+00:00,183.79,184.2,183.78,184.18,565.93,2021,12,22
2021-12-22 13:59:00+00:00,184.19,184.29,184.07,184.25,700.29,2021,12,22
2021-12-22 14:00:00+00:00,184.24,184.58,184.09,184.58,773.02,2021,12,22
2021-12-22 14:01:00+00:00,184.56,184.69,184.51,184.65,959.03,2021,12,22
2021-12-22 14:02:00+00:00,184.65,184.72,184.14,184.33,1968.35,2021,12,22
2021-12-22 14:03:00+00:00,184.29,184.36,184.17,184.32,815.74,2021,12,22
2021-12-22 14:04:00+00:00,184.35,184.43,184.11,184.15,619.44,2021,12,22
2021-12-22 14:05:00+00:00,184.14,184.39,184.13,184.34,454.43,2021,12,22
2021-12-22 14:06:00+00:00,184.33,184.44,184.18,184.24,327.19,2021,12,22
2021-12-22 14:07:00+00:00,184.24,184.51,184.16,184.5,702.72,2021,12,22
2021-12-22 14:08:00+00:00,184.52,184.66,184.37,184.5,1299.78,2021,12,22
2021-12-22 14:09:00+00:00,184.49,184.63,184.38,184.62,821.11,2021,12,22
2021-12-22 14:10:00+00:00,184.63,184.65,184.44,184.51,389.4,2021,12,22
2021-12-22 14:11:00+00:00,184.52,184.61,184.14,184.2,769.79,2021,12,22
2021-12-22 14:12:00+00:00,184.19,184.19,184.01,184.09,372.11,2021,12,22
2021-12-22 14:13:00+00:00,184.06,184.18,184.01,184.13,458.46,2021,12,22
2021-12-22 14:14:00+00:00,184.06,184.08,183.85,184.06,797.94,2021,12,22
2021-12-22 14:15:00+00:00,184.08,184.12,183.89,183.96,500.07,2021,12,22
2021-12-22 14:16:00+00:00,183.99,184.05,183.89,183.92,626.4,2021,12,22
2021-12-22 14:17:00+00:00,183.93,184.0,183.9,183.99,735.05,2021,12,22
2021-12-22 14:18:00+00:00,183.99,184.0,183.89,183.91,1104.07,2021,12,22
2021-12-22 14:19:00+00:00,183.95,183.95,183.76,183.93,379.24,2021,12,22
2021-12-22 14:20:00+00:00,183.93,184.03,183.84,184.02,1037.02,2021,12,22
2021-12-22 14:21:00+00:00,184.02,184.06,183.86,183.95,358.63,2021,12,22
2021-12-22 14:22:00+00:00,183.95,184.02,183.84,184.02,635.29,2021,12,22
2021-12-22 14:23:00+00:00,184.02,184.17,184.0,184.08,409.27,2021,12,22
2021-12-22 14:24:00+00:00,184.08,184.12,183.97,184.06,365.99,2021,12,22
2021-12-22 14:25:00+00:00,184.04,184.14,183.95,184.1,392.43,2021,12,22
2021-12-22 14:26:00+00:00,184.08,184.25,183.96,184.01,737.12,2021,12,22
2021-12-22 14:27:00+00:00,184.0,184.08,183.98,184.04,262.98,2021,12,22
2021-12-22 14:28:00+00:00,184.03,184.1,183.9,184.1,485.82,2021,12,22
2021-12-22 14:29:00+00:00,184.08,184.09,183.85,183.98,540.58,2021,12,22
2021-12-22 14:30:00+00:00,183.96,183.96,183.78,183.92,743.55,2021,12,22
2021-12-22 14:31:00+00:00,183.92,184.0,183.56,183.62,1186.52,2021,12,22
2021-12-22 14:32:00+00:00,183.6,183.66,183.45,183.45,631.32,2021,12,22
2021-12-22 14:33:00+00:00,183.44,183.73,183.39,183.43,974.6,2021,12,22
2021-12-22 14:34:00+00:00,183.42,183.43,183.22,183.26,790.47,2021,12,22
2021-12-22 14:35:00+00:00,183.3,183.44,183.18,183.37,649.27,2021,12,22
2021-12-22 14:36:00+00:00,183.38,183.51,183.17,183.23,468.39,2021,12,22
2021-12-22 14:37:00+00:00,183.17,183.44,183.17,183.44,244.53,2021,12,22
2021-12-22 14:38:00+00:00,183.43,183.64,183.08,183.09,2626.84,2021,12,22
2021-12-22 14:39:00+00:00,183.08,183.63,183.08,183.53,664.38,2021,12,22
2021-12-22 14:40:00+00:00,183.55,183.66,183.44,183.47,628.26,2021,12,22
2021-12-22 14:41:00+00:00,183.44,183.44,183.1,183.35,872.05,2021,12,22
2021-12-22 14:42:00+00:00,183.35,183.45,183.35,183.4,356.24,2021,12,22
2021-12-22 14:43:00+00:00,183.37,183.63,183.33,183.58,665.94,2021,12,22
2021-12-22 14:44:00+00:00,183.6,183.9,183.58,183.9,518.05,2021,12,22
2021-12-22 14:45:00+00:00,183.85,183.98,183.84,183.84,468.6,2021,12,22
2021-12-22 14:46:00+00:00,183.88,184.23,183.87,184.21,1108.03,2021,12,22
2021-12-22 14:47:00+00:00,184.22,184.53,184.18,184.53,354.09,2021,12,22
2021-12-22 14:48:00+00:00,184.53,184.88,184.49,184.82,2123.75,2021,12,22
2021-12-22 14:49:00+00:00,184.86,184.91,184.71,184.74,1141.43,2021,12,22
2021-12-22 14:50:00+00:00,184.76,184.78,184.4,184.5,1408.6,2021,12,22
2021-12-22 14:51:00+00:00,184.5,184.57,184.13,184.16,906.53,2021,12,22
2021-12-22 14:52:00+00:00,184.16,184.32,184.07,184.32,426.02,2021,12,22
2021-12-22 14:53:00+00:00,184.29,184.9,184.29,184.9,1361.11,2021,12,22
2021-12-22 14:54:00+00:00,184.91,185.09,184.79,185.02,2353.97,2021,12,22
2021-12-22 14:55:00+00:00,185.03,185.08,184.7,184.89,837.69,2021,12,22
2021-12-22 14:56:00+00:00,184.92,184.92,184.57,184.6,711.77,2021,12,22
2021-12-22 14:57:00+00:00,184.6,184.69,184.26,184.31,431.05,2021,12,22
2021-12-22 14:58:00+00:00,184.33,184.83,184.33,184.71,815.22,2021,12,22
2021-12-22 14:59:00+00:00,184.7,184.89,184.49,184.58,754.77,2021,12,22
2021-12-22 15:00:00+00:00,184.57,185.03,184.54,184.96,1020.18,2021,12,22
2021-12-22 15:01:00+00:00,184.96,185.0,184.67,184.79,966.59,2021,12,22
2021-12-22 15:02:00+00:00,184.79,184.99,184.73,184.92,585.59,2021,12,22
2021-12-22 15:03:00+00:00,184.93,185.14,184.9,184.9,824.65,2021,12,22
2021-12-22 15:04:00+00:00,184.9,185.02,184.65,185.02,2673.03,2021,12,22
2021-12-22 15:05:00+00:00,184.98,185.1,184.89,185.04,651.02,2021,12,22
2021-12-22 15:06:00+00:00,185.05,185.05,184.86,184.88,388.52,2021,12,22
2021-12-22 15:07:00+00:00,184.92,184.94,184.51,184.52,573.14,2021,12,22
2021-12-22 15:08:00+00:00,184.51,184.83,184.48,184.82,526.62,2021,12,22
2021-12-22 15:09:00+00:00,184.85,184.89,184.4,184.5,720.51,2021,12,22
2021-12-22 15:10:00+00:00,184.49,184.91,184.46,184.81,463.63,2021,12,22
2021-12-22 15:11:00+00:00,184.79,185.12,184.73,185.0,2148.36,2021,12,22
2021-12-22 15:12:00+00:00,185.02,185.07,184.79,185.07,769.26,2021,12,22
2021-12-22 15:13:00+00:00,185.05,185.21,184.96,185.16,572.42,2021,12,22
2021-12-22 15:14:00+00:00,185.16,185.44,185.04,185.13,1578.0,2021,12,22
2021-12-22 15:15:00+00:00,185.09,185.3,185.06,185.3,846.14,2021,12,22
2021-12-22 15:16:00+00:00,185.27,185.58,185.27,185.57,1029.7,2021,12,22
2021-12-22 15:17:00+00:00,185.58,185.7,185.55,185.65,585.5,2021,12,22
2021-12-22 15:18:00+00:00,185.64,185.73,185.5,185.71,655.75,2021,12,22
2021-12-22 15:19:00+00:00,185.73,185.92,185.65,185.89,1245.63,2021,12,22
2021-12-22 15:20:00+00:00,185.88,186.27,185.86,186.05,3950.51,2021,12,22
2021-12-22 15:21:00+00:00,186.04,186.18,185.99,186.08,775.64,2021,12,22
2021-12-22 15:22:00+00:00,186.09,186.11,185.91,185.99,1837.46,2021,12,22
2021-12-22 15:23:00+00:00,185.98,185.98,185.62,185.66,1166.64,2021,12,22
2021-12-22 15:24:00+00:00,185.65,185.82,185.56,185.56,1030.15,2021,12,22
2021-12-22 15:25:00+00:00,185.57,185.62,185.33,185.37,852.35,2021,12,22
2021-12-22 15:26:00+00:00,185.37,185.41,185.08,185.24,3028.06,2021,12,22
2021-12-22 15:27:00+00:00,185.21,185.21,185.01,185.03,340.78,2021,12,22
2021-12-22 15:28:00+00:00,185.02,185.02,184.66,184.69,836.39,2021,12,22
2021-12-22 15:29:00+00:00,184.68,184.72,184.37,184.37,833.71,2021,12,22
2021-12-22 15:30:00+00:00,184.38,184.92,184.32,184.55,910.47,2021,12,22
2021-12-22 15:31:00+00:00,184.53,184.65,184.17,184.26,1151.41,2021,12,22
2021-12-22 15:32:00+00:00,184.25,184.39,184.15,184.27,846.39,2021,12,22
2021-12-22 15:33:00+00:00,184.29,184.58,184.19,184.31,1023.64,2021,12,22
2021-12-22 15:34:00+00:00,184.33,184.71,184.3,184.49,1017.31,2021,12,22
2021-12-22 15:35:00+00:00,184.49,184.7,184.41,184.65,983.39,2021,12,22
2021-12-22 15:36:00+00:00,184.69,184.77,184.58,184.6,700.99,2021,12,22
2021-12-22 15:37:00+00:00,184.59,185.34,184.59,185.17,1494.57,2021,12,22
2021-12-22 15:38:00+00:00,185.21,185.47,185.21,185.46,977.81,2021,12,22
2021-12-22 15:39:00+00:00,185.44,185.44,185.19,185.26,643.46,2021,12,22
2021-12-22 15:40:00+00:00,185.27,185.33,184.76,185.06,2916.1,2021,12,22
2021-12-22 15:41:00+00:00,185.04,185.26,184.97,185.04,754.84,2021,12,22
2021-12-22 15:42:00+00:00,185.04,185.07,184.88,184.97,518.06,2021,12,22
2021-12-22 15:43:00+00:00,184.99,185.03,184.4,184.64,2311.15,2021,12,22
2021-12-22 15:44:00+00:00,184.64,184.64,184.35,184.55,889.55,2021,12,22
2021-12-22 15:45:00+00:00,184.55,185.0,184.53,184.89,1496.2,2021,12,22
2021-12-22 15:46:00+00:00,184.89,185.11,184.89,184.96,897.54,2021,12,22
2021-12-22 15:47:00+00:00,184.98,185.0,184.81,184.95,675.26,2021,12,22
2021-12-22 15:48:00+00:00,184.99,185.0,184.82,184.95,904.15,2021,12,22
2021-12-22 15:49:00+00:00,184.95,185.02,184.85,184.94,663.44,2021,12,22
2021-12-22 15:50:00+00:00,184.93,185.11,184.93,185.1,985.31,2021,12,22
2021-12-22 15:51:00+00:00,185.1,185.2,184.95,185.03,1415.27,2021,12,22
2021-12-22 15:52:00+00:00,185.02,185.08,184.97,185.08,162.62,2021,12,22
2021-12-22 15:53:00+00:00,185.07,185.08,184.54,184.64,1688.78,2021,12,22
2021-12-22 15:54:00+00:00,184.64,184.82,184.57,184.8,658.67,2021,12,22
2021-12-22 15:55:00+00:00,184.78,184.83,184.72,184.78,547.28,2021,12,22
2021-12-22 15:56:00+00:00,184.8,184.88,184.67,184.71,916.17,2021,12,22
2021-12-22 15:57:00+00:00,184.71,185.04,184.7,184.93,565.84,2021,12,22
2021-12-22 15:58:00+00:00,184.9,185.13,184.85,185.05,1029.88,2021,12,22
2021-12-22 15:59:00+00:00,185.08,185.15,184.94,185.05,480.36,2021,12,22
2021-12-22 16:00:00+00:00,185.06,185.17,184.73,184.75,1127.14,2021,12,22
2021-12-22 16:01:00+00:00,184.73,184.76,184.58,184.6,914.19,2021,12,22
2021-12-22 16:02:00+00:00,184.59,184.71,184.34,184.42,803.58,2021,12,22
2021-12-22 16:03:00+00:00,184.43,184.58,184.4,184.51,332.41,2021,12,22
2021-12-22 16:04:00+00:00,184.5,184.52,184.07,184.14,589.51,2021,12,22
2021-12-22 16:05:00+00:00,184.12,184.16,183.71,184.0,2753.11,2021,12,22
2021-12-22 16:06:00+00:00,183.96,184.04,183.61,184.0,1182.02,2021,12,22
2021-12-22 16:07:00+00:00,184.0,184.08,183.8,184.07,330.24,2021,12,22
2021-12-22 16:08:00+00:00,184.05,184.27,184.03,184.27,564.42,2021,12,22
2021-12-22 16:09:00+00:00,184.28,185.2,184.24,185.09,5117.83,2021,12,22
2021-12-22 16:10:00+00:00,185.1,185.69,185.1,185.35,3345.04,2021,12,22
2021-12-22 16:11:00+00:00,185.35,185.41,185.08,185.34,997.59,2021,12,22
2021-12-22 16:12:00+00:00,185.38,185.38,184.65,184.76,850.77,2021,12,22
2021-12-22 16:13:00+00:00,184.73,185.2,184.65,185.06,772.83,2021,12,22
2021-12-22 16:14:00+00:00,185.04,185.48,185.02,185.3,813.03,2021,12,22
2021-12-22 16:15:00+00:00,185.3,185.52,185.13,185.13,950.77,2021,12,22
2021-12-22 16:16:00+00:00,185.13,185.66,185.12,185.26,1605.95,2021,12,22
2021-12-22 16:17:00+00:00,185.28,185.54,185.14,185.34,905.01,2021,12,22
2021-12-22 16:18:00+00:00,185.39,185.39,185.11,185.18,718.48,2021,12,22
2021-12-22 16:19:00+00:00,185.19,185.36,185.16,185.23,1115.57,2021,12,22
2021-12-22 16:20:00+00:00,185.22,185.54,185.15,185.33,1010.76,2021,12,22
2021-12-22 16:21:00+00:00,185.34,185.35,184.64,184.72,1204.77,2021,12,22
2021-12-22 16:22:00+00:00,184.75,185.05,184.69,184.8,704.82,2021,12,22
2021-12-22 16:23:00+00:00,184.83,184.83,184.59,184.61,531.24,2021,12,22
2021-12-22 16:24:00+00:00,184.6,184.79,184.6,184.66,913.89,2021,12,22
2021-12-22 16:25:00+00:00,184.65,184.69,184.51,184.53,570.69,2021,12,22
2021-12-22 16:26:00+00:00,184.53,184.8,184.32,184.78,748.95,2021,12,22
2021-12-22 16:27:00+00:00,184.78,184.86,184.67,184.73,959.34,2021,12,22
2021-12-22 16:28:00+00:00,184.72,184.73,184.26,184.37,857.37,2021,12,22
2021-12-22 16:29:00+00:00,184.39,184.51,184.35,184.42,453.16,2021,12,22
2021-12-22 16:30:00+00:00,184.4,184.47,184.2,184.38,705.48,2021,12,22
2021-12-22 16:31:00+00:00,184.38,184.69,184.27,184.53,1496.28,2021,12,22
2021-12-22 16:32:00+00:00,184.56,184.91,184.55,184.82,350.58,2021,12,22
2021-12-22 16:33:00+00:00,184.82,185.03,184.82,184.95,540.43,2021,12,22
2021-12-22 16:34:00+00:00,184.93,184.96,184.64,184.87,648.04,2021,12,22
2021-12-22 16:35:00+00:00,184.84,184.96,184.73,184.8,1627.73,2021,12,22
2021-12-22 16:36:00+00:00,184.81,184.81,184.47,184.55,334.07,2021,12,22
2021-12-22 16:37:00+00:00,184.54,184.78,184.48,184.71,446.39,2021,12,22
2021-12-22 16:38:00+00:00,184.72,184.86,184.64,184.83,379.93,2021,12,22
2021-12-22 16:39:00+00:00,184.78,184.86,184.59,184.7,453.05,2021,12,22
2021-12-22 16:40:00+00:00,184.69,184.88,184.52,184.59,493.77,2021,12,22
2021-12-22 16:41:00+00:00,184.59,184.86,184.52,184.69,1206.0,2021,12,22
2021-12-22 16:42:00+00:00,184.71,184.8,184.55,184.56,412.36,2021,12,22
2021-12-22 16:43:00+00:00,184.58,184.77,184.51,184.58,603.45,2021,12,22
2021-12-22 16:44:00+00:00,184.6,184.82,184.59,184.68,311.53,2021,12,22
2021-12-22 16:45:00+00:00,184.69,184.69,184.53,184.53,284.13,2021,12,22
2021-12-22 16:46:00+00:00,184.53,184.53,184.0,184.05,2019.08,2021,12,22
2021-12-22 16:47:00+00:00,184.06,184.06,183.67,183.75,1293.67,2021,12,22
2021-12-22 16:48:00+00:00,183.78,183.78,183.6,183.65,700.52,2021,12,22
2021-12-22 16:49:00+00:00,183.64,183.78,183.37,183.42,597.16,2021,12,22
2021-12-22 16:50:00+00:00,183.4,183.74,183.36,183.53,2233.05,2021,12,22
2021-12-22 16:51:00+00:00,183.52,183.82,183.52,183.74,269.77,2021,12,22
2021-12-22 16:52:00+00:00,183.72,183.75,183.55,183.71,1254.46,2021,12,22
2021-12-22 16:53:00+00:00,183.73,183.82,183.58,183.71,627.45,2021,12,22
2021-12-22 16:54:00+00:00,183.71,183.8,183.63,183.79,127.25,2021,12,22
2021-12-22 16:55:00+00:00,183.79,183.95,183.65,183.71,479.77,2021,12,22
2021-12-22 16:56:00+00:00,183.71,183.97,183.7,183.78,262.14,2021,12,22
2021-12-22 16:57:00+00:00,183.78,183.83,183.67,183.77,305.52,2021,12,22
2021-12-22 16:58:00+00:00,183.77,183.85,183.67,183.74,423.18,2021,12,22
2021-12-22 16:59:00+00:00,183.74,183.95,183.67,183.7,557.58,2021,12,22
2021-12-22 17:00:00+00:00,183.67,183.99,183.67,183.79,409.59,2021,12,22
2021-12-22 17:01:00+00:00,183.78,183.92,183.71,183.82,290.37,2021,12,22
2021-12-22 17:02:00+00:00,183.83,183.83,183.46,183.51,959.42,2021,12,22
2021-12-22 17:03:00+00:00,183.5,183.97,183.5,183.83,531.61,2021,12,22
2021-12-22 17:04:00+00:00,183.84,183.9,183.52,183.66,524.2,2021,12,22
2021-12-22 17:05:00+00:00,183.63,183.73,183.5,183.67,607.21,2021,12,22
2021-12-22 17:06:00+00:00,183.65,183.72,183.42,183.62,524.47,2021,12,22
2021-12-22 17:07:00+00:00,183.6,183.92,183.6,183.87,458.05,2021,12,22
2021-12-22 17:08:00+00:00,183.84,184.03,183.69,183.84,631.1,2021,12,22
2021-12-22 17:09:00+00:00,183.85,183.87,183.56,183.58,460.41,2021,12,22
2021-12-22 17:10:00+00:00,183.57,183.64,183.33,183.39,475.78,2021,12,22
2021-12-22 17:11:00+00:00,183.37,183.44,182.95,182.99,1766.37,2021,12,22
2021-12-22 17:12:00+00:00,182.99,183.18,182.97,182.98,609.04,2021,12,22
2021-12-22 17:13:00+00:00,182.98,183.12,182.94,183.02,303.22,2021,12,22
2021-12-22 17:14:00+00:00,183.03,183.13,182.95,183.12,553.13,2021,12,22
2021-12-22 17:15:00+00:00,183.12,183.16,182.96,183.14,1710.64,2021,12,22
2021-12-22 17:16:00+00:00,183.15,183.36,183.06,183.21,724.43,2021,12,22
2021-12-22 17:17:00+00:00,183.21,183.59,183.2,183.39,602.44,2021,12,22
2021-12-22 17:18:00+00:00,183.35,183.69,183.35,183.65,336.51,2021,12,22
2021-12-22 17:19:00+00:00,183.64,183.67,183.28,183.28,832.25,2021,12,22
2021-12-22 17:20:00+00:00,183.27,183.54,183.25,183.44,1131.03,2021,12,22
2021-12-22 17:21:00+00:00,183.48,183.62,183.33,183.33,360.89,2021,12,22
2021-12-22 17:22:00+00:00,183.37,183.79,183.33,183.7,204.95,2021,12,22
2021-12-22 17:23:00+00:00,183.7,183.96,183.7,183.96,352.47,2021,12,22
2021-12-22 17:24:00+00:00,183.97,184.0,183.41,183.51,709.06,2021,12,22
2021-12-22 17:25:00+00:00,183.53,183.57,183.14,183.14,488.8,2021,12,22
2021-12-22 17:26:00+00:00,183.13,183.23,183.04,183.18,419.48,2021,12,22
2021-12-22 17:27:00+00:00,183.15,183.15,182.7,182.85,1032.97,2021,12,22
2021-12-22 17:28:00+00:00,182.89,182.97,182.44,182.45,1132.69,2021,12,22
2021-12-22 17:29:00+00:00,182.45,182.96,182.41,182.75,2832.49,2021,12,22
2021-12-22 17:30:00+00:00,182.75,182.8,182.39,182.43,705.07,2021,12,22
2021-12-22 17:31:00+00:00,182.42,182.7,182.41,182.59,1119.39,2021,12,22
2021-12-22 17:32:00+00:00,182.59,182.65,182.45,182.54,386.74,2021,12,22
2021-12-22 17:33:00+00:00,182.54,182.61,182.27,182.39,395.04,2021,12,22
2021-12-22 17:34:00+00:00,182.41,182.41,182.27,182.33,421.21,2021,12,22
2021-12-22 17:35:00+00:00,182.32,182.45,182.16,182.19,1882.25,2021,12,22
2021-12-22 17:36:00+00:00,182.19,182.39,182.17,182.39,414.75,2021,12,22
2021-12-22 17:37:00+00:00,182.4,182.42,182.02,182.02,599.93,2021,12,22
2021-12-22 17:38:00+00:00,182.04,182.23,181.96,182.08,1359.7,2021,12,22
2021-12-22 17:39:00+00:00,182.1,182.15,181.71,181.93,1913.81,2021,12,22
2021-12-22 17:40:00+00:00,181.92,182.0,181.71,181.76,1523.93,2021,12,22
2021-12-22 17:41:00+00:00,181.72,181.79,181.5,181.59,1345.57,2021,12,22
2021-12-22 17:42:00+00:00,181.6,181.64,181.31,181.46,671.0,2021,12,22
2021-12-22 17:43:00+00:00,181.47,181.58,181.14,181.29,2005.06,2021,12,22
2021-12-22 17:44:00+00:00,181.26,181.29,180.34,180.66,6940.74,2021,12,22
2021-12-22 17:45:00+00:00,180.64,181.04,180.61,181.03,1370.49,2021,12,22
2021-12-22 17:46:00+00:00,181.03,181.23,180.84,180.88,1128.5,2021,12,22
2021-12-22 17:47:00+00:00,180.92,181.09,180.77,180.81,1157.71,2021,12,22
2021-12-22 17:48:00+00:00,180.77,181.25,180.77,181.14,1418.61,2021,12,22
2021-12-22 17:49:00+00:00,181.2,181.25,180.86,180.87,797.55,2021,12,22
2021-12-22 17:50:00+00:00,180.88,181.16,180.85,181.02,513.82,2021,12,22
2021-12-22 17:51:00+00:00,181.04,181.22,180.55,180.76,2484.31,2021,12,22
2021-12-22 17:52:00+00:00,180.76,180.9,180.59,180.73,711.26,2021,12,22
2021-12-22 17:53:00+00:00,180.72,180.96,180.68,180.89,581.48,2021,12,22
2021-12-22 17:54:00+00:00,180.89,181.04,180.73,180.94,332.28,2021,12,22
2021-12-22 17:55:00+00:00,180.92,180.94,180.69,180.77,651.31,2021,12,22
2021-12-22 17:56:00+00:00,180.82,180.86,180.59,180.83,599.02,2021,12,22
2021-12-22 17:57:00+00:00,180.81,180.9,180.68,180.68,611.97,2021,12,22
2021-12-22 17:58:00+00:00,180.68,180.68,180.38,180.46,1573.81,2021,12,22
2021-12-22 17:59:00+00:00,180.42,180.55,180.35,180.42,623.5,2021,12,22
2021-12-22 18:00:00+00:00,180.4,180.4,180.13,180.21,1837.36,2021,12,22
2021-12-22 18:01:00+00:00,180.22,180.39,180.21,180.27,1469.46,2021,12,22
2021-12-22 18:02:00+00:00,180.25,180.93,180.22,180.82,1480.46,2021,12,22
2021-12-22 18:03:00+00:00,180.83,181.18,180.83,180.98,1212.18,2021,12,22
2021-12-22 18:04:00+00:00,180.99,181.03,180.5,180.91,1584.96,2021,12,22
2021-12-22 18:05:00+00:00,180.9,181.03,180.72,180.85,477.28,2021,12,22
2021-12-22 18:06:00+00:00,180.86,180.93,180.42,180.58,802.58,2021,12,22
2021-12-22 18:07:00+00:00,180.55,180.87,180.47,180.86,326.1,2021,12,22
2021-12-22 18:08:00+00:00,180.86,180.86,180.59,180.8,462.7,2021,12,22
2021-12-22 18:09:00+00:00,180.8,180.94,180.62,180.94,585.15,2021,12,22
2021-12-22 18:10:00+00:00,180.94,181.06,180.86,181.0,465.27,2021,12,22
2021-12-22 18:11:00+00:00,181.0,181.07,180.89,181.0,893.67,2021,12,22
2021-12-22 18:12:00+00:00,181.01,181.03,180.78,180.89,635.24,2021,12,22
2021-12-22 18:13:00+00:00,180.89,181.12,180.84,181.04,361.78,2021,12,22
2021-12-22 18:14:00+00:00,181.04,181.1,180.92,181.04,571.13,2021,12,22
2021-12-22 18:15:00+00:00,181.03,181.08,180.72,180.72,850.7,2021,12,22
2021-12-22 18:16:00+00:00,180.71,181.16,180.65,181.07,817.48,2021,12,22
2021-12-22 18:17:00+00:00,181.1,181.11,180.91,180.91,276.31,2021,12,22
2021-12-22 18:18:00+00:00,180.92,181.16,180.82,181.07,432.05,2021,12,22
2021-12-22 18:19:00+00:00,181.07,181.15,180.92,181.0,444.03,2021,12,22
2021-12-22 18:20:00+00:00,180.94,181.06,180.82,180.96,1182.54,2021,12,22
2021-12-22 18:21:00+00:00,180.95,181.02,180.71,180.85,1456.22,2021,12,22
2021-12-22 18:22:00+00:00,180.85,180.85,180.41,180.82,2766.07,2021,12,22
2021-12-22 18:23:00+00:00,180.83,180.91,180.7,180.8,439.08,2021,12,22
2021-12-22 18:24:00+00:00,180.81,181.06,180.75,180.94,458.34,2021,12,22
2021-12-22 18:25:00+00:00,180.94,181.12,180.91,181.1,377.44,2021,12,22
2021-12-22 18:26:00+00:00,181.1,181.1,180.86,180.89,947.85,2021,12,22
2021-12-22 18:27:00+00:00,180.89,181.08,180.89,181.01,325.86,2021,12,22
2021-12-22 18:28:00+00:00,181.01,181.15,180.94,181.15,575.38,2021,12,22
2021-12-22 18:29:00+00:00,181.16,181.36,181.1,181.35,2137.02,2021,12,22
2021-12-22 18:30:00+00:00,181.36,181.5,181.05,181.46,1509.12,2021,12,22
2021-12-22 18:31:00+00:00,181.46,181.56,181.4,181.4,1520.39,2021,12,22
2021-12-22 18:32:00+00:00,181.4,181.44,181.32,181.34,449.94,2021,12,22
2021-12-22 18:33:00+00:00,181.33,181.51,181.24,181.24,526.43,2021,12,22
2021-12-22 18:34:00+00:00,181.23,181.37,181.2,181.33,262.79,2021,12,22
2021-12-22 18:35:00+00:00,181.32,181.33,181.01,181.05,525.3,2021,12,22
2021-12-22 18:36:00+00:00,181.05,181.12,180.76,180.87,589.13,2021,12,22
2021-12-22 18:37:00+00:00,180.88,180.94,180.6,180.64,720.25,2021,12,22
2021-12-22 18:38:00+00:00,180.64,180.65,180.36,180.42,822.26,2021,12,22
2021-12-22 18:39:00+00:00,180.42,180.48,180.11,180.33,2169.45,2021,12,22
2021-12-22 18:40:00+00:00,180.31,180.42,180.27,180.31,700.42,2021,12,22
2021-12-22 18:41:00+00:00,180.3,180.43,180.2,180.27,1535.67,2021,12,22
2021-12-22 18:42:00+00:00,180.28,180.44,180.14,180.32,610.43,2021,12,22
2021-12-22 18:43:00+00:00,180.32,180.67,180.25,180.53,1236.35,2021,12,22
2021-12-22 18:44:00+00:00,180.53,180.57,180.42,180.55,720.94,2021,12,22
2021-12-22 18:45:00+00:00,180.56,180.77,180.41,180.63,511.63,2021,12,22
2021-12-22 18:46:00+00:00,180.62,180.86,180.54,180.86,339.9,2021,12,22
2021-12-22 18:47:00+00:00,180.86,180.91,180.59,180.73,1023.82,2021,12,22
2021-12-22 18:48:00+00:00,180.7,180.7,180.43,180.48,273.56,2021,12,22
2021-12-22 18:49:00+00:00,180.47,180.76,180.39,180.7,2056.41,2021,12,22
2021-12-22 18:50:00+00:00,180.69,180.98,180.59,180.94,301.02,2021,12,22
2021-12-22 18:51:00+00:00,180.95,180.95,180.5,180.66,1309.16,2021,12,22
2021-12-22 18:52:00+00:00,180.66,180.85,180.65,180.81,432.34,2021,12,22
2021-12-22 18:53:00+00:00,180.85,181.24,180.81,181.08,484.63,2021,12,22
2021-12-22 18:54:00+00:00,181.05,181.07,180.64,180.73,574.48,2021,12,22
2021-12-22 18:55:00+00:00,180.72,180.72,180.48,180.5,447.72,2021,12,22
2021-12-22 18:56:00+00:00,180.49,180.52,180.33,180.43,462.65,2021,12,22
2021-12-22 18:57:00+00:00,180.46,180.52,180.3,180.39,863.24,2021,12,22
2021-12-22 18:58:00+00:00,180.36,180.47,180.29,180.4,516.83,2021,12,22
2021-12-22 18:59:00+00:00,180.4,180.56,180.32,180.5,859.34,2021,12,22
2021-12-22 19:00:00+00:00,180.47,180.47,180.1,180.21,534.49,2021,12,22
2021-12-22 19:01:00+00:00,180.24,180.24,180.1,180.1,391.31,2021,12,22
2021-12-22 19:02:00+00:00,180.14,180.27,180.06,180.19,662.74,2021,12,22
2021-12-22 19:03:00+00:00,180.19,180.39,180.19,180.32,1117.8,2021,12,22
2021-12-22 19:04:00+00:00,180.33,180.34,180.13,180.33,253.03,2021,12,22
2021-12-22 19:05:00+00:00,180.33,180.54,180.32,180.46,1635.05,2021,12,22
2021-12-22 19:06:00+00:00,180.46,180.53,180.28,180.31,1063.37,2021,12,22
2021-12-22 19:07:00+00:00,180.31,180.47,180.21,180.35,429.25,2021,12,22
2021-12-22 19:08:00+00:00,180.35,180.49,180.33,180.49,382.98,2021,12,22
2021-12-22 19:09:00+00:00,180.49,180.49,180.25,180.38,406.0,2021,12,22
2021-12-22 19:10:00+00:00,180.39,180.48,180.3,180.45,143.88,2021,12,22
2021-12-22 19:11:00+00:00,180.46,180.76,180.32,180.61,1106.68,2021,12,22
2021-12-22 19:12:00+00:00,180.62,180.89,180.62,180.86,217.74,2021,12,22
2021-12-22 19:13:00+00:00,180.85,181.01,180.74,180.96,1375.33,2021,12,22
2021-12-22 19:14:00+00:00,180.96,181.05,180.88,181.01,203.85,2021,12,22
2021-12-22 19:15:00+00:00,181.01,181.01,180.81,180.82,152.8,2021,12,22
2021-12-22 19:16:00+00:00,180.82,180.99,180.71,180.98,243.96,2021,12,22
2021-12-22 19:17:00+00:00,180.99,181.0,180.74,180.93,208.74,2021,12,22
2021-12-22 19:18:00+00:00,180.95,181.03,180.81,180.87,507.42,2021,12,22
2021-12-22 19:19:00+00:00,180.88,180.93,180.75,180.85,570.27,2021,12,22
2021-12-22 19:20:00+00:00,180.87,180.87,180.69,180.8,303.21,2021,12,22
2021-12-22 19:21:00+00:00,180.78,180.83,180.66,180.68,74.9,2021,12,22
2021-12-22 19:22:00+00:00,180.67,180.83,180.57,180.83,426.72,2021,12,22
2021-12-22 19:23:00+00:00,180.85,180.94,180.72,180.78,430.8,2021,12,22
2021-12-22 19:24:00+00:00,180.78,180.92,180.67,180.7,297.95,2021,12,22
2021-12-22 19:25:00+00:00,180.69,180.89,180.66,180.89,429.59,2021,12,22
2021-12-22 19:26:00+00:00,180.9,180.98,180.72,180.74,809.85,2021,12,22
2021-12-22 19:27:00+00:00,180.77,180.77,180.6,180.67,316.6,2021,12,22
2021-12-22 19:28:00+00:00,180.67,180.69,180.51,180.69,286.44,2021,12,22
2021-12-22 19:29:00+00:00,180.68,180.9,180.61,180.79,347.14,2021,12,22
2021-12-22 19:30:00+00:00,180.79,180.9,180.75,180.85,844.24,2021,12,22
2021-12-22 19:31:00+00:00,180.84,180.9,180.79,180.85,306.29,2021,12,22
2021-12-22 19:32:00+00:00,180.86,180.92,180.62,180.68,592.9,2021,12,22
2021-12-22 19:33:00+00:00,180.68,180.82,180.56,180.58,981.14,2021,12,22
2021-12-22 19:34:00+00:00,180.57,180.57,180.24,180.29,1225.22,2021,12,22
2021-12-22 19:35:00+00:00,180.29,180.51,180.23,180.32,1061.3,2021,12,22
2021-12-22 19:36:00+00:00,180.3,180.47,180.29,180.4,706.46,2021,12,22
2021-12-22 19:37:00+00:00,180.38,180.58,180.34,180.5,844.28,2021,12,22
2021-12-22 19:38:00+00:00,180.48,180.55,180.35,180.49,856.8,2021,12,22
2021-12-22 19:39:00+00:00,180.46,180.6,180.38,180.55,670.82,2021,12,22
2021-12-22 19:40:00+00:00,180.55,180.57,180.37,180.51,608.11,2021,12,22
2021-12-22 19:41:00+00:00,180.5,180.71,180.34,180.37,2304.98,2021,12,22
2021-12-22 19:42:00+00:00,180.39,180.43,180.26,180.28,1296.3,2021,12,22
2021-12-22 19:43:00+00:00,180.28,180.3,180.22,180.29,860.02,2021,12,22
2021-12-22 19:44:00+00:00,180.25,180.31,180.12,180.19,1303.16,2021,12,22
2021-12-22 19:45:00+00:00,180.19,180.26,180.12,180.24,1632.95,2021,12,22
2021-12-22 19:46:00+00:00,180.24,180.25,180.1,180.16,1120.34,2021,12,22
2021-12-22 19:47:00+00:00,180.16,180.22,180.0,180.09,2553.29,2021,12,22
2021-12-22 19:48:00+00:00,180.08,180.08,179.53,179.71,2989.72,2021,12,22
2021-12-22 19:49:00+00:00,179.72,179.94,179.63,179.81,737.3,2021,12,22
2021-12-22 19:50:00+00:00,179.81,180.1,179.73,180.1,4390.83,2021,12,22
2021-12-22 19:51:00+00:00,180.1,180.3,180.04,180.29,674.52,2021,12,22
2021-12-22 19:52:00+00:00,180.3,180.45,180.23,180.42,416.17,2021,12,22
2021-12-22 19:53:00+00:00,180.42,180.45,180.22,180.42,436.38,2021,12,22
2021-12-22 19:54:00+00:00,180.42,180.53,180.27,180.53,260.56,2021,12,22
2021-12-22 19:55:00+00:00,180.53,180.55,180.31,180.4,528.51,2021,12,22
2021-12-22 19:56:00+00:00,180.4,180.4,179.99,180.17,1961.74,2021,12,22
2021-12-22 19:57:00+00:00,180.21,180.27,180.07,180.27,1473.25,2021,12,22
2021-12-22 19:58:00+00:00,180.23,180.26,180.09,180.23,374.87,2021,12,22
2021-12-22 19:59:00+00:00,180.21,180.41,180.1,180.27,488.67,2021,12,22
2021-12-22 20:00:00+00:00,180.23,180.3,179.97,180.02,548.65,2021,12,22
2021-12-22 20:01:00+00:00,180.03,180.07,179.8,179.87,953.82,2021,12,22
2021-12-22 20:02:00+00:00,179.89,179.95,179.69,179.94,1105.38,2021,12,22
2021-12-22 20:03:00+00:00,179.94,180.0,179.85,180.0,551.17,2021,12,22
2021-12-22 20:04:00+00:00,180.0,180.07,179.9,180.0,453.3,2021,12,22
2021-12-22 20:05:00+00:00,180.0,180.21,180.0,180.18,523.38,2021,12,22
2021-12-22 20:06:00+00:00,180.16,180.31,180.08,180.3,984.55,2021,12,22
2021-12-22 20:07:00+00:00,180.29,180.39,180.18,180.32,481.46,2021,12,22
2021-12-22 20:08:00+00:00,180.35,180.62,180.3,180.57,1231.94,2021,12,22
2021-12-22 20:09:00+00:00,180.59,180.68,180.55,180.67,348.89,2021,12,22
2021-12-22 20:10:00+00:00,180.63,181.01,180.51,180.92,2498.87,2021,12,22
2021-12-22 20:11:00+00:00,180.92,181.05,180.86,180.87,539.38,2021,12,22
2021-12-22 20:12:00+00:00,180.88,181.05,180.85,180.94,442.39,2021,12,22
2021-12-22 20:13:00+00:00,180.96,180.99,180.81,180.87,396.91,2021,12,22
2021-12-22 20:14:00+00:00,180.87,181.01,180.09,180.21,5471.08,2021,12,22
2021-12-22 20:15:00+00:00,180.2,180.28,179.93,180.18,2935.27,2021,12,22
2021-12-22 20:16:00+00:00,180.18,180.39,179.92,180.38,832.95,2021,12,22
2021-12-22 20:17:00+00:00,180.38,180.39,180.25,180.25,217.62,2021,12,22
2021-12-22 20:18:00+00:00,180.24,180.35,180.21,180.31,349.35,2021,12,22
2021-12-22 20:19:00+00:00,180.31,180.47,180.31,180.36,525.97,2021,12,22
2021-12-22 20:20:00+00:00,180.35,180.44,180.16,180.26,619.0,2021,12,22
2021-12-22 20:21:00+00:00,180.26,180.37,180.19,180.37,403.1,2021,12,22
2021-12-22 20:22:00+00:00,180.35,180.48,180.12,180.19,542.62,2021,12,22
2021-12-22 20:23:00+00:00,180.2,180.42,180.03,180.38,1390.58,2021,12,22
2021-12-22 20:24:00+00:00,180.37,180.41,180.22,180.24,414.13,2021,12,22
2021-12-22 20:25:00+00:00,180.28,180.42,180.19,180.22,317.09,2021,12,22
2021-12-22 20:26:00+00:00,180.23,180.37,180.2,180.26,657.96,2021,12,22
2021-12-22 20:27:00+00:00,180.27,180.27,180.1,180.14,860.45,2021,12,22
2021-12-22 20:28:00+00:00,180.14,180.25,180.03,180.05,1617.71,2021,12,22
2021-12-22 20:29:00+00:00,180.08,180.09,179.91,179.96,656.4,2021,12,22
2021-12-22 20:30:00+00:00,179.97,180.12,179.91,180.04,680.14,2021,12,22
2021-12-22 20:31:00+00:00,180.04,180.14,180.01,180.08,303.77,2021,12,22
2021-12-22 20:32:00+00:00,180.08,180.14,179.8,179.81,1039.07,2021,12,22
2021-12-22 20:33:00+00:00,179.83,179.95,179.81,179.92,135.24,2021,12,22
2021-12-22 20:34:00+00:00,179.91,179.99,179.78,179.92,480.61,2021,12,22
2021-12-22 20:35:00+00:00,179.95,179.99,179.8,179.86,306.78,2021,12,22
2021-12-22 20:36:00+00:00,179.85,179.95,179.83,179.94,272.61,2021,12,22
2021-12-22 20:37:00+00:00,179.94,179.95,179.72,179.92,725.05,2021,12,22
2021-12-22 20:38:00+00:00,179.93,179.99,179.87,179.91,370.15,2021,12,22
2021-12-22 20:39:00+00:00,179.91,180.21,179.91,180.18,1315.65,2021,12,22
2021-12-22 20:40:00+00:00,180.17,180.18,180.0,180.13,334.71,2021,12,22
2021-12-22 20:41:00+00:00,180.13,180.2,180.09,180.2,171.1,2021,12,22
2021-12-22 20:42:00+00:00,180.2,180.2,180.08,180.1,363.09,2021,12,22
2021-12-22 20:43:00+00:00,180.09,180.11,179.94,180.0,403.75,2021,12,22
2021-12-22 20:44:00+00:00,180.0,180.19,180.0,180.17,482.33,2021,12,22
2021-12-22 20:45:00+00:00,180.17,180.29,180.12,180.29,271.35,2021,12,22
2021-12-22 20:46:00+00:00,180.28,180.44,180.24,180.41,437.92,2021,12,22
2021-12-22 20:47:00+00:00,180.41,180.5,180.4,180.49,703.44,2021,12,22
2021-12-22 20:48:00+00:00,180.49,180.49,180.22,180.3,643.03,2021,12,22
2021-12-22 20:49:00+00:00,180.3,180.39,180.23,180.34,1262.92,2021,12,22
2021-12-22 20:50:00+00:00,180.35,180.49,180.26,180.48,781.31,2021,12,22
2021-12-22 20:51:00+00:00,180.46,180.72,180.41,180.61,947.95,2021,12,22
2021-12-22 20:52:00+00:00,180.63,180.84,180.63,180.74,689.2,2021,12,22
2021-12-22 20:53:00+00:00,180.74,180.81,180.55,180.61,604.2,2021,12,22
2021-12-22 20:54:00+00:00,180.61,180.63,180.35,180.41,439.55,2021,12,22
2021-12-22 20:55:00+00:00,180.42,180.47,180.27,180.35,363.94,2021,12,22
2021-12-22 20:56:00+00:00,180.35,180.48,180.33,180.48,355.63,2021,12,22
2021-12-22 20:57:00+00:00,180.49,180.55,179.84,180.02,2334.06,2021,12,22
2021-12-22 20:58:00+00:00,180.04,180.15,179.91,180.15,300.73,2021,12,22
2021-12-22 20:59:00+00:00,180.13,180.19,179.99,180.16,289.69,2021,12,22
2021-12-22 21:00:00+00:00,180.18,180.18,179.79,179.95,1079.3,2021,12,22
2021-12-22 21:01:00+00:00,179.96,180.04,179.89,179.99,417.4,2021,12,22
2021-12-22 21:02:00+00:00,180.01,180.14,180.0,180.11,426.85,2021,12,22
2021-12-22 21:03:00+00:00,180.1,180.14,180.0,180.07,279.57,2021,12,22
2021-12-22 21:04:00+00:00,180.06,180.12,179.9,180.01,633.03,2021,12,22
2021-12-22 21:05:00+00:00,180.02,180.21,179.94,180.21,687.38,2021,12,22
2021-12-22 21:06:00+00:00,180.21,180.23,179.9,179.95,463.15,2021,12,22
2021-12-22 21:07:00+00:00,179.95,179.95,179.77,179.83,1547.93,2021,12,22
2021-12-22 21:08:00+00:00,179.83,179.95,179.72,179.91,1560.66,2021,12,22
2021-12-22 21:09:00+00:00,179.91,179.93,179.76,179.91,270.54,2021,12,22
2021-12-22 21:10:00+00:00,179.91,180.03,179.87,180.01,509.6,2021,12,22
2021-12-22 21:11:00+00:00,179.99,180.09,179.81,179.95,934.86,2021,12,22
2021-12-22 21:12:00+00:00,179.97,180.07,179.85,179.9,645.61,2021,12,22
2021-12-22 21:13:00+00:00,179.88,180.04,179.83,180.01,473.63,2021,12,22
2021-12-22 21:14:00+00:00,180.0,180.02,179.89,179.9,430.12,2021,12,22
2021-12-22 21:15:00+00:00,179.89,179.95,179.73,179.94,365.9,2021,12,22
2021-12-22 21:16:00+00:00,179.95,180.04,179.83,179.9,642.7,2021,12,22
2021-12-22 21:17:00+00:00,179.9,179.91,179.75,179.88,664.31,2021,12,22
2021-12-22 21:18:00+00:00,179.88,180.14,179.84,180.14,811.95,2021,12,22
2021-12-22 21:19:00+00:00,180.13,180.15,179.84,180.03,1532.92,2021,12,22
2021-12-22 21:20:00+00:00,180.03,180.06,179.86,180.04,333.65,2021,12,22
2021-12-22 21:21:00+00:00,180.03,180.07,179.99,180.07,319.52,2021,12,22
2021-12-22 21:22:00+00:00,180.06,180.1,179.98,180.05,505.43,2021,12,22
2021-12-22 21:23:00+00:00,180.05,180.18,180.05,180.15,1431.77,2021,12,22
2021-12-22 21:24:00+00:00,180.16,180.46,180.15,180.4,828.19,2021,12,22
2021-12-22 21:25:00+00:00,180.36,180.47,180.35,180.46,361.17,2021,12,22
2021-12-22 21:26:00+00:00,180.45,180.83,180.45,180.75,952.07,2021,12,22
2021-12-22 21:27:00+00:00,180.74,180.91,180.73,180.84,714.01,2021,12,22
2021-12-22 21:28:00+00:00,180.85,180.85,180.74,180.8,662.74,2021,12,22
2021-12-22 21:29:00+00:00,180.81,180.82,180.6,180.73,939.59,2021,12,22
2021-12-22 21:30:00+00:00,180.74,180.75,180.61,180.62,283.86,2021,12,22
2021-12-22 21:31:00+00:00,180.62,180.8,180.59,180.72,231.06,2021,12,22
2021-12-22 21:32:00+00:00,180.73,180.79,180.59,180.68,407.69,2021,12,22
2021-12-22 21:33:00+00:00,180.69,180.74,180.55,180.69,710.27,2021,12,22
2021-12-22 21:34:00+00:00,180.68,180.91,180.67,180.84,481.89,2021,12,22
2021-12-22 21:35:00+00:00,180.83,180.9,180.66,180.71,400.21,2021,12,22
2021-12-22 21:36:00+00:00,180.7,180.86,180.68,180.84,524.69,2021,12,22
2021-12-22 21:37:00+00:00,180.83,180.9,180.74,180.84,649.34,2021,12,22
2021-12-22 21:38:00+00:00,180.83,181.13,180.8,181.13,4555.29,2021,12,22
2021-12-22 21:39:00+00:00,181.12,181.41,181.08,181.31,1212.69,2021,12,22
2021-12-22 21:40:00+00:00,181.29,181.38,181.22,181.37,572.57,2021,12,22
2021-12-22 21:41:00+00:00,181.35,181.35,180.94,181.13,986.27,2021,12,22
2021-12-22 21:42:00+00:00,181.12,181.35,181.07,181.22,616.67,2021,12,22
2021-12-22 21:43:00+00:00,181.22,181.34,181.16,181.26,312.17,2021,12,22
2021-12-22 21:44:00+00:00,181.26,181.5,181.26,181.38,852.09,2021,12,22
2021-12-22 21:45:00+00:00,181.37,181.48,181.29,181.33,351.67,2021,12,22
2021-12-22 21:46:00+00:00,181.32,181.32,181.11,181.18,593.17,2021,12,22
2021-12-22 21:47:00+00:00,181.18,181.42,181.16,181.17,707.57,2021,12,22
2021-12-22 21:48:00+00:00,181.17,181.24,181.01,181.17,1205.57,2021,12,22
2021-12-22 21:49:00+00:00,181.18,181.23,181.11,181.23,285.83,2021,12,22
2021-12-22 21:50:00+00:00,181.23,181.43,181.11,181.32,967.34,2021,12,22
2021-12-22 21:51:00+00:00,181.36,181.45,181.27,181.35,552.53,2021,12,22
2021-12-22 21:52:00+00:00,181.35,181.42,181.27,181.34,272.9,2021,12,22
2021-12-22 21:53:00+00:00,181.34,181.61,181.34,181.58,1018.27,2021,12,22
2021-12-22 21:54:00+00:00,181.58,181.58,181.43,181.51,289.92,2021,12,22
2021-12-22 21:55:00+00:00,181.51,181.61,181.5,181.57,417.95,2021,12,22
2021-12-22 21:56:00+00:00,181.58,181.65,181.5,181.55,1418.47,2021,12,22
2021-12-22 21:57:00+00:00,181.54,181.59,181.53,181.54,119.8,2021,12,22
2021-12-22 21:58:00+00:00,181.54,181.76,181.42,181.5,1163.72,2021,12,22
2021-12-22 21:59:00+00:00,181.47,181.65,181.47,181.65,115.39,2021,12,22
2021-12-22 22:00:00+00:00,181.64,181.64,181.3,181.4,845.59,2021,12,22
2021-12-22 22:01:00+00:00,181.39,181.39,181.0,181.0,1221.19,2021,12,22
2021-12-22 22:02:00+00:00,181.01,181.21,181.0,181.21,1414.64,2021,12,22
2021-12-22 22:03:00+00:00,181.25,181.38,181.25,181.25,328.68,2021,12,22
2021-12-22 22:04:00+00:00,181.24,181.41,181.07,181.09,299.61,2021,12,22
2021-12-22 22:05:00+00:00,181.11,181.11,180.75,180.88,1222.92,2021,12,22
2021-12-22 22:06:00+00:00,180.89,180.96,180.74,180.86,316.4,2021,12,22
2021-12-22 22:07:00+00:00,180.83,181.0,180.77,180.87,465.08,2021,12,22
2021-12-22 22:08:00+00:00,180.88,180.92,180.76,180.82,441.79,2021,12,22
2021-12-22 22:09:00+00:00,180.81,180.82,180.69,180.77,116.95,2021,12,22
2021-12-22 22:10:00+00:00,180.77,180.91,180.71,180.71,260.29,2021,12,22
2021-12-22 22:11:00+00:00,180.72,180.72,180.64,180.65,348.99,2021,12,22
2021-12-22 22:12:00+00:00,180.65,180.77,180.64,180.75,177.55,2021,12,22
2021-12-22 22:13:00+00:00,180.76,180.76,180.37,180.37,643.13,2021,12,22
2021-12-22 22:14:00+00:00,180.38,180.54,180.37,180.4,336.39,2021,12,22
2021-12-22 22:15:00+00:00,180.41,180.55,180.29,180.52,294.75,2021,12,22
2021-12-22 22:16:00+00:00,180.51,180.65,180.51,180.61,262.04,2021,12,22
2021-12-22 22:17:00+00:00,180.62,180.7,180.58,180.6,470.65,2021,12,22
2021-12-22 22:18:00+00:00,180.6,180.67,180.57,180.64,208.82,2021,12,22
2021-12-22 22:19:00+00:00,180.65,180.7,180.56,180.56,130.86,2021,12,22
2021-12-22 22:20:00+00:00,180.56,180.59,180.36,180.36,342.41,2021,12,22
2021-12-22 22:21:00+00:00,180.36,180.44,180.25,180.26,224.55,2021,12,22
2021-12-22 22:22:00+00:00,180.28,180.33,180.22,180.29,130.2,2021,12,22
2021-12-22 22:23:00+00:00,180.3,180.34,180.23,180.23,177.82,2021,12,22
2021-12-22 22:24:00+00:00,180.23,180.46,180.16,180.43,297.45,2021,12,22
2021-12-22 22:25:00+00:00,180.46,180.46,180.39,180.4,67.06,2021,12,22
2021-12-22 22:26:00+00:00,180.42,180.46,180.3,180.3,146.29,2021,12,22
2021-12-22 22:27:00+00:00,180.31,180.49,180.31,180.43,293.28,2021,12,22
2021-12-22 22:28:00+00:00,180.44,180.76,180.43,180.76,1274.87,2021,12,22
2021-12-22 22:29:00+00:00,180.75,180.79,180.71,180.75,75.6,2021,12,22
2021-12-22 22:30:00+00:00,180.74,180.74,180.55,180.73,1039.07,2021,12,22
2021-12-22 22:31:00+00:00,180.73,180.76,180.68,180.75,97.54,2021,12,22
2021-12-22 22:32:00+00:00,180.75,180.94,180.74,180.91,89.72,2021,12,22
2021-12-22 22:33:00+00:00,180.92,180.97,180.91,180.95,276.5,2021,12,22
2021-12-22 22:34:00+00:00,180.94,181.0,180.93,181.0,91.16,2021,12,22
2021-12-22 22:35:00+00:00,180.99,181.01,180.98,181.0,77.81,2021,12,22
2021-12-22 22:36:00+00:00,181.01,181.01,180.92,180.93,245.8,2021,12,22
2021-12-22 22:37:00+00:00,180.94,180.94,180.82,180.87,114.32,2021,12,22
2021-12-22 22:38:00+00:00,180.87,180.87,180.69,180.7,228.12,2021,12,22
2021-12-22 22:39:00+00:00,180.7,180.74,180.64,180.7,239.61,2021,12,22
2021-12-22 22:40:00+00:00,180.7,180.92,180.65,180.85,176.41,2021,12,22
2021-12-22 22:41:00+00:00,180.88,180.93,180.71,180.74,181.69,2021,12,22
2021-12-22 22:42:00+00:00,180.72,180.78,180.66,180.76,207.3,2021,12,22
2021-12-22 22:43:00+00:00,180.74,180.99,180.72,180.96,450.02,2021,12,22
2021-12-22 22:44:00+00:00,180.98,181.03,180.92,180.96,170.25,2021,12,22
2021-12-22 22:45:00+00:00,180.93,181.02,180.89,181.0,282.46,2021,12,22
2021-12-22 22:46:00+00:00,180.99,181.09,180.92,181.05,378.58,2021,12,22
2021-12-22 22:47:00+00:00,181.06,181.23,181.05,181.21,199.77,2021,12,22
2021-12-22 22:48:00+00:00,181.21,181.29,181.19,181.25,346.64,2021,12,22
2021-12-22 22:49:00+00:00,181.24,181.3,181.2,181.29,345.11,2021,12,22
2021-12-22 22:50:00+00:00,181.3,181.39,181.29,181.36,588.21,2021,12,22
2021-12-22 22:51:00+00:00,181.35,181.48,181.34,181.42,403.57,2021,12,22
2021-12-22 22:52:00+00:00,181.46,181.65,181.43,181.58,344.61,2021,12,22
2021-12-22 22:53:00+00:00,181.59,181.59,181.19,181.24,662.07,2021,12,22
2021-12-22 22:54:00+00:00,181.26,181.5,181.25,181.28,401.29,2021,12,22
2021-12-22 22:55:00+00:00,181.28,181.28,181.07,181.17,173.16,2021,12,22
2021-12-22 22:56:00+00:00,181.16,181.45,181.16,181.42,699.14,2021,12,22
2021-12-22 22:57:00+00:00,181.44,181.53,181.33,181.38,1042.13,2021,12,22
2021-12-22 22:58:00+00:00,181.39,181.41,181.35,181.4,69.78,2021,12,22
2021-12-22 22:59:00+00:00,181.4,181.52,181.39,181.41,412.8,2021,12,22
2021-12-22 23:00:00+00:00,181.44,181.49,181.12,181.14,648.83,2021,12,22
2021-12-22 23:01:00+00:00,181.14,181.15,181.03,181.07,328.39,2021,12,22
2021-12-22 23:02:00+00:00,181.08,181.21,181.07,181.13,474.08,2021,12,22
2021-12-22 23:03:00+00:00,181.13,181.14,180.44,180.52,705.07,2021,12,22
2021-12-22 23:04:00+00:00,180.51,180.56,180.41,180.47,365.38,2021,12,22
2021-12-22 23:05:00+00:00,180.47,180.66,180.34,180.6,376.97,2021,12,22
2021-12-22 23:06:00+00:00,180.63,180.67,180.48,180.52,1072.86,2021,12,22
2021-12-22 23:07:00+00:00,180.5,180.64,180.45,180.46,284.15,2021,12,22
2021-12-22 23:08:00+00:00,180.47,180.5,180.13,180.24,851.79,2021,12,22
2021-12-22 23:09:00+00:00,180.27,180.42,180.2,180.35,246.45,2021,12,22
2021-12-22 23:10:00+00:00,180.34,180.36,180.16,180.2,350.85,2021,12,22
2021-12-22 23:11:00+00:00,180.2,180.25,180.0,180.05,859.22,2021,12,22
2021-12-22 23:12:00+00:00,180.04,180.04,179.84,179.93,576.34,2021,12,22
2021-12-22 23:13:00+00:00,179.93,180.02,179.83,179.97,1532.35,2021,12,22
2021-12-22 23:14:00+00:00,179.98,180.13,179.86,179.98,677.49,2021,12,22
2021-12-22 23:15:00+00:00,180.0,180.39,179.98,180.27,351.85,2021,12,22
2021-12-22 23:16:00+00:00,180.27,180.44,180.26,180.33,310.93,2021,12,22
2021-12-22 23:17:00+00:00,180.32,180.32,179.64,179.71,901.22,2021,12,22
2021-12-22 23:18:00+00:00,179.73,179.8,178.18,178.66,12156.87,2021,12,22
2021-12-22 23:19:00+00:00,178.67,178.95,178.65,178.73,1344.12,2021,12,22
2021-12-22 23:20:00+00:00,178.73,178.79,178.53,178.69,797.32,2021,12,22
2021-12-22 23:21:00+00:00,178.71,178.89,178.38,178.59,886.26,2021,12,22
2021-12-22 23:22:00+00:00,178.59,178.59,177.65,177.95,5126.45,2021,12,22
2021-12-22 23:23:00+00:00,177.9,178.04,177.8,177.87,1205.22,2021,12,22
2021-12-22 23:24:00+00:00,177.84,178.48,177.84,178.47,924.55,2021,12,22
2021-12-22 23:25:00+00:00,178.45,178.75,178.45,178.64,1185.0,2021,12,22
2021-12-22 23:26:00+00:00,178.64,178.72,178.35,178.66,1434.46,2021,12,22
2021-12-22 23:27:00+00:00,178.72,178.96,178.7,178.81,859.31,2021,12,22
2021-12-22 23:28:00+00:00,178.81,178.94,178.7,178.86,348.53,2021,12,22
2021-12-22 23:29:00+00:00,178.85,179.22,178.62,179.04,1513.72,2021,12,22
2021-12-22 23:30:00+00:00,179.02,179.14,178.55,178.55,335.09,2021,12,22
2021-12-22 23:31:00+00:00,178.54,178.88,178.19,178.78,1105.31,2021,12,22
2021-12-22 23:32:00+00:00,178.78,178.84,178.45,178.49,359.46,2021,12,22
2021-12-22 23:33:00+00:00,178.49,178.58,178.42,178.55,377.86,2021,12,22
2021-12-22 23:34:00+00:00,178.51,178.6,178.46,178.6,460.41,2021,12,22
2021-12-22 23:35:00+00:00,178.6,178.6,178.48,178.55,462.96,2021,12,22
2021-12-22 23:36:00+00:00,178.54,178.6,178.5,178.53,191.16,2021,12,22
2021-12-22 23:37:00+00:00,178.52,178.56,178.19,178.24,706.56,2021,12,22
2021-12-22 23:38:00+00:00,178.2,178.21,178.03,178.2,338.0,2021,12,22
2021-12-22 23:39:00+00:00,178.19,178.29,178.11,178.19,391.64,2021,12,22
2021-12-22 23:40:00+00:00,178.18,178.21,177.6,177.8,2171.47,2021,12,22
2021-12-22 23:41:00+00:00,177.82,178.04,177.82,177.93,727.9,2021,12,22
2021-12-22 23:42:00+00:00,177.96,177.98,177.78,177.81,281.33,2021,12,22
2021-12-22 23:43:00+00:00,177.8,177.81,177.6,177.62,416.41,2021,12,22
2021-12-22 23:44:00+00:00,177.63,177.69,177.13,177.23,2242.06,2021,12,22
2021-12-22 23:45:00+00:00,177.23,177.79,177.05,177.77,1575.15,2021,12,22
2021-12-22 23:46:00+00:00,177.8,177.95,177.78,177.89,445.07,2021,12,22
2021-12-22 23:47:00+00:00,177.9,178.35,177.88,178.34,722.5,2021,12,22
2021-12-22 23:48:00+00:00,178.36,178.39,177.98,178.11,1098.12,2021,12,22
2021-12-22 23:49:00+00:00,178.14,178.15,177.7,178.06,501.54,2021,12,22
2021-12-22 23:50:00+00:00,178.06,178.48,177.84,178.43,741.46,2021,12,22
2021-12-22 23:51:00+00:00,178.38,178.46,178.11,178.16,341.98,2021,12,22
2021-12-22 23:52:00+00:00,178.16,178.88,178.16,178.76,3155.02,2021,12,22
2021-12-22 23:53:00+00:00,178.73,178.83,178.4,178.5,923.74,2021,12,22
2021-12-22 23:54:00+00:00,178.56,178.67,178.33,178.4,508.14,2021,12,22
2021-12-22 23:55:00+00:00,178.35,178.83,178.35,178.48,831.36,2021,12,22
2021-12-22 23:56:00+00:00,178.47,178.65,178.34,178.61,843.45,2021,12,22
2021-12-22 23:57:00+00:00,178.57,178.66,178.3,178.52,930.28,2021,12,22
2021-12-22 23:58:00+00:00,178.53,178.84,178.39,178.39,622.53,2021,12,22
2021-12-22 23:59:00+00:00,178.38,178.43,178.31,178.4,330.08,2021,12,22
2021-12-23 00:00:00+00:00,178.38,178.72,178.05,178.49,3003.14,2021,12,23
2021-12-23 00:01:00+00:00,178.48,179.03,178.44,178.87,1371.89,2021,12,23
2021-12-23 00:02:00+00:00,178.89,178.98,178.3,178.89,3513.12,2021,12,23
2021-12-23 00:03:00+00:00,178.93,179.01,178.67,178.67,1016.78,2021,12,23
2021-12-23 00:04:00+00:00,178.72,179.02,178.7,178.9,973.26,2021,12,23
2021-12-23 00:05:00+00:00,178.89,178.93,178.41,178.41,1542.55,2021,12,23
2021-12-23 00:06:00+00:00,178.41,178.42,177.89,178.1,1665.4,2021,12,23
2021-12-23 00:07:00+00:00,178.1,178.1,177.28,177.38,2431.77,2021,12,23
2021-12-23 00:08:00+00:00,177.37,177.55,177.06,177.37,3025.57,2021,12,23
2021-12-23 00:09:00+00:00,177.37,177.38,176.75,176.93,4592.29,2021,12,23
2021-12-23 00:10:00+00:00,176.92,177.33,176.75,176.99,1331.88,2021,12,23
2021-12-23 00:11:00+00:00,177.05,177.34,176.98,177.28,937.23,2021,12,23
2021-12-23 00:12:00+00:00,177.3,177.38,177.03,177.16,1625.06,2021,12,23
2021-12-23 00:13:00+00:00,177.15,177.34,177.05,177.22,1152.87,2021,12,23
2021-12-23 00:14:00+00:00,177.24,177.41,176.73,177.33,1476.59,2021,12,23
2021-12-23 00:15:00+00:00,177.3,177.46,177.0,177.09,1381.06,2021,12,23
2021-12-23 00:16:00+00:00,177.09,177.21,177.03,177.1,859.11,2021,12,23
2021-12-23 00:17:00+00:00,177.12,177.52,176.62,176.89,3206.06,2021,12,23
2021-12-23 00:18:00+00:00,176.85,176.86,176.11,176.45,6795.16,2021,12,23
2021-12-23 00:19:00+00:00,176.45,176.48,176.19,176.43,666.3,2021,12,23
2021-12-23 00:20:00+00:00,176.44,176.69,176.11,176.32,1438.31,2021,12,23
2021-12-23 00:21:00+00:00,176.32,176.5,176.07,176.45,1986.05,2021,12,23
2021-12-23 00:22:00+00:00,176.47,176.72,176.35,176.53,1447.48,2021,12,23
2021-12-23 00:23:00+00:00,176.55,176.69,176.17,176.2,1300.65,2021,12,23
2021-12-23 00:24:00+00:00,176.21,176.44,176.12,176.24,1667.37,2021,12,23
2021-12-23 00:25:00+00:00,176.24,176.34,176.16,176.27,744.36,2021,12,23
2021-12-23 00:26:00+00:00,176.27,176.65,176.12,176.65,1428.45,2021,12,23
2021-12-23 00:27:00+00:00,176.65,176.75,176.47,176.63,1578.14,2021,12,23
2021-12-23 00:28:00+00:00,176.62,176.67,176.3,176.46,483.81,2021,12,23
2021-12-23 00:29:00+00:00,176.46,176.47,176.25,176.44,783.53,2021,12,23
2021-12-23 00:30:00+00:00,176.44,176.44,176.07,176.18,892.11,2021,12,23
2021-12-23 00:31:00+00:00,176.22,176.41,176.11,176.36,975.23,2021,12,23
2021-12-23 00:32:00+00:00,176.38,176.4,176.02,176.15,637.79,2021,12,23
2021-12-23 00:33:00+00:00,176.11,176.25,176.0,176.15,1816.31,2021,12,23
2021-12-23 00:34:00+00:00,176.15,176.26,176.05,176.21,701.8,2021,12,23
2021-12-23 00:35:00+00:00,176.21,176.26,175.77,175.86,1828.69,2021,12,23
2021-12-23 00:36:00+00:00,175.86,176.26,175.64,176.26,2281.31,2021,12,23
2021-12-23 00:37:00+00:00,176.26,176.46,176.23,176.43,570.41,2021,12,23
2021-12-23 00:38:00+00:00,176.44,176.8,176.26,176.71,3539.0,2021,12,23
2021-12-23 00:39:00+00:00,176.71,177.13,176.58,177.07,1045.63,2021,12,23
2021-12-23 00:40:00+00:00,177.08,177.33,177.0,177.22,793.73,2021,12,23
2021-12-23 00:41:00+00:00,177.24,177.72,177.21,177.68,1635.66,2021,12,23
2021-12-23 00:42:00+00:00,177.66,177.81,177.4,177.54,2681.47,2021,12,23
2021-12-23 00:43:00+00:00,177.54,177.55,176.92,177.33,4705.25,2021,12,23
2021-12-23 00:44:00+00:00,177.33,177.6,177.24,177.49,791.33,2021,12,23
2021-12-23 00:45:00+00:00,177.46,177.6,177.18,177.56,3917.52,2021,12,23
2021-12-23 00:46:00+00:00,177.58,177.81,177.47,177.73,714.53,2021,12,23
2021-12-23 00:47:00+00:00,177.69,178.16,177.57,177.98,2418.49,2021,12,23
2021-12-23 00:48:00+00:00,177.98,178.12,177.89,178.08,1052.2,2021,12,23
2021-12-23 00:49:00+00:00,178.08,178.23,178.02,178.19,796.04,2021,12,23
2021-12-23 00:50:00+00:00,178.19,178.19,177.87,178.01,1003.55,2021,12,23
2021-12-23 00:51:00+00:00,177.98,178.09,177.78,178.05,2279.53,2021,12,23
2021-12-23 00:52:00+00:00,178.02,178.05,177.73,178.04,1313.04,2021,12,23
2021-12-23 00:53:00+00:00,178.02,178.18,177.73,177.96,2356.11,2021,12,23
2021-12-23 00:54:00+00:00,177.97,178.11,177.8,177.91,1265.95,2021,12,23
2021-12-23 00:55:00+00:00,177.94,178.0,177.74,177.85,1345.08,2021,12,23
2021-12-23 00:56:00+00:00,177.86,177.89,177.33,177.33,3389.34,2021,12,23
2021-12-23 00:57:00+00:00,177.32,177.32,176.8,177.2,3955.98,2021,12,23
2021-12-23 00:58:00+00:00,177.21,177.53,177.21,177.34,1017.99,2021,12,23
2021-12-23 00:59:00+00:00,177.32,177.74,177.31,177.72,537.5,2021,12,23
2021-12-23 01:00:00+00:00,177.73,177.74,176.92,177.1,1583.03,2021,12,23
2021-12-23 01:01:00+00:00,177.12,177.29,176.91,177.29,1013.11,2021,12,23
2021-12-23 01:02:00+00:00,177.3,177.34,176.96,177.07,397.66,2021,12,23
2021-12-23 01:03:00+00:00,177.07,177.25,176.9,177.24,3234.53,2021,12,23
2021-12-23 01:04:00+00:00,177.24,177.33,177.11,177.28,424.84,2021,12,23
2021-12-23 01:05:00+00:00,177.26,177.28,177.01,177.12,388.92,2021,12,23
2021-12-23 01:06:00+00:00,177.11,177.21,176.97,177.2,450.12,2021,12,23
2021-12-23 01:07:00+00:00,177.2,177.62,177.2,177.59,653.36,2021,12,23
2021-12-23 01:08:00+00:00,177.58,177.91,177.57,177.76,1211.56,2021,12,23
2021-12-23 01:09:00+00:00,177.76,177.97,177.7,177.81,533.13,2021,12,23
2021-12-23 01:10:00+00:00,177.79,177.87,177.33,177.33,410.19,2021,12,23
2021-12-23 01:11:00+00:00,177.32,177.57,177.29,177.51,580.98,2021,12,23
2021-12-23 01:12:00+00:00,177.51,177.8,177.41,177.74,626.29,2021,12,23
2021-12-23 01:13:00+00:00,177.74,177.85,177.52,177.52,291.89,2021,12,23
2021-12-23 01:14:00+00:00,177.52,177.62,177.44,177.45,519.8,2021,12,23
2021-12-23 01:15:00+00:00,177.46,177.93,177.46,177.85,388.51,2021,12,23
2021-12-23 01:16:00+00:00,177.85,177.87,177.59,177.63,383.28,2021,12,23
2021-12-23 01:17:00+00:00,177.61,177.76,177.52,177.55,607.72,2021,12,23
2021-12-23 01:18:00+00:00,177.55,177.67,177.17,177.19,861.27,2021,12,23
2021-12-23 01:19:00+00:00,177.21,177.31,176.75,176.99,3192.61,2021,12,23
2021-12-23 01:20:00+00:00,176.99,177.1,176.55,176.64,1422.42,2021,12,23
2021-12-23 01:21:00+00:00,176.64,176.74,176.51,176.66,553.83,2021,12,23
2021-12-23 01:22:00+00:00,176.64,176.72,176.54,176.67,369.68,2021,12,23
2021-12-23 01:23:00+00:00,176.67,176.96,176.67,176.76,400.78,2021,12,23
2021-12-23 01:24:00+00:00,176.75,177.14,176.73,177.13,294.29,2021,12,23
2021-12-23 01:25:00+00:00,177.13,177.35,177.03,177.3,726.1,2021,12,23
2021-12-23 01:26:00+00:00,177.31,177.63,177.17,177.57,154.28,2021,12,23
2021-12-23 01:27:00+00:00,177.59,177.77,177.53,177.59,577.22,2021,12,23
2021-12-23 01:28:00+00:00,177.62,177.77,177.61,177.66,342.72,2021,12,23
2021-12-23 01:29:00+00:00,177.66,177.9,177.66,177.84,889.81,2021,12,23
2021-12-23 01:30:00+00:00,177.81,177.98,177.77,177.95,812.05,2021,12,23
2021-12-23 01:31:00+00:00,177.96,178.15,177.93,178.14,829.84,2021,12,23
2021-12-23 01:32:00+00:00,178.12,178.2,177.99,178.0,754.71,2021,12,23
2021-12-23 01:33:00+00:00,177.98,178.0,177.81,177.97,341.2,2021,12,23
2021-12-23 01:34:00+00:00,177.98,178.14,177.95,178.08,332.59,2021,12,23
2021-12-23 01:35:00+00:00,178.05,178.22,178.03,178.19,717.32,2021,12,23
2021-12-23 01:36:00+00:00,178.2,178.26,178.12,178.25,299.52,2021,12,23
2021-12-23 01:37:00+00:00,178.22,178.25,178.08,178.18,955.66,2021,12,23
2021-12-23 01:38:00+00:00,178.19,178.39,178.14,178.23,1355.15,2021,12,23
2021-12-23 01:39:00+00:00,178.23,178.39,178.07,178.38,561.15,2021,12,23
2021-12-23 01:40:00+00:00,178.38,178.55,178.29,178.36,650.46,2021,12,23
2021-12-23 01:41:00+00:00,178.35,178.46,178.29,178.35,513.43,2021,12,23
2021-12-23 01:42:00+00:00,178.35,178.65,178.3,178.56,518.78,2021,12,23
2021-12-23 01:43:00+00:00,178.58,178.74,178.53,178.67,424.42,2021,12,23
2021-12-23 01:44:00+00:00,178.66,179.04,178.64,178.91,1872.07,2021,12,23
2021-12-23 01:45:00+00:00,178.89,178.99,178.73,178.87,791.2,2021,12,23
2021-12-23 01:46:00+00:00,178.88,179.13,178.88,178.98,991.82,2021,12,23
2021-12-23 01:47:00+00:00,178.99,179.18,178.89,179.02,751.67,2021,12,23
2021-12-23 01:48:00+00:00,179.04,179.28,179.04,179.18,516.25,2021,12,23
2021-12-23 01:49:00+00:00,179.18,179.39,179.11,179.3,918.97,2021,12,23
2021-12-23 01:50:00+00:00,179.31,179.43,179.15,179.33,1155.76,2021,12,23
2021-12-23 01:51:00+00:00,179.33,179.46,179.29,179.42,293.48,2021,12,23
2021-12-23 01:52:00+00:00,179.43,179.49,179.17,179.2,492.46,2021,12,23
2021-12-23 01:53:00+00:00,179.19,179.54,179.19,179.4,658.72,2021,12,23
2021-12-23 01:54:00+00:00,179.45,179.69,179.45,179.57,634.57,2021,12,23
2021-12-23 01:55:00+00:00,179.56,179.81,179.53,179.76,544.07,2021,12,23
2021-12-23 01:56:00+00:00,179.76,179.93,179.76,179.83,416.8,2021,12,23
2021-12-23 01:57:00+00:00,179.83,179.95,179.76,179.85,747.32,2021,12,23
2021-12-23 01:58:00+00:00,179.83,180.21,179.82,180.11,1272.27,2021,12,23
2021-12-23 01:59:00+00:00,180.11,180.19,179.86,180.05,1883.59,2021,12,23
2021-12-23 02:00:00+00:00,180.01,180.15,179.5,179.54,1025.09,2021,12,23
2021-12-23 02:01:00+00:00,179.54,179.6,179.25,179.3,878.27,2021,12,23
2021-12-23 02:02:00+00:00,179.32,179.45,179.15,179.42,427.03,2021,12,23
2021-12-23 02:03:00+00:00,179.4,179.68,179.38,179.67,246.58,2021,12,23
2021-12-23 02:04:00+00:00,179.68,179.86,179.51,179.54,1649.15,2021,12,23
2021-12-23 02:05:00+00:00,179.54,179.75,179.39,179.75,418.24,2021,12,23
2021-12-23 02:06:00+00:00,179.74,179.83,179.62,179.76,286.68,2021,12,23
2021-12-23 02:07:00+00:00,179.79,180.14,179.71,180.14,994.26,2021,12,23
2021-12-23 02:08:00+00:00,180.13,180.36,180.07,180.25,1162.38,2021,12,23
2021-12-23 02:09:00+00:00,180.23,180.85,180.2,180.74,2370.07,2021,12,23
2021-12-23 02:10:00+00:00,180.74,180.85,180.54,180.62,1390.87,2021,12,23
2021-12-23 02:11:00+00:00,180.59,181.11,180.59,181.05,2493.48,2021,12,23
2021-12-23 02:12:00+00:00,181.06,181.12,180.87,181.07,808.09,2021,12,23
2021-12-23 02:13:00+00:00,181.08,181.19,181.0,181.03,587.14,2021,12,23
2021-12-23 02:14:00+00:00,181.03,181.36,180.94,181.33,1593.84,2021,12,23
2021-12-23 02:15:00+00:00,181.28,181.55,181.27,181.51,1528.94,2021,12,23
2021-12-23 02:16:00+00:00,181.5,181.88,181.49,181.87,650.78,2021,12,23
2021-12-23 02:17:00+00:00,181.88,181.97,181.07,181.55,3176.18,2021,12,23
2021-12-23 02:18:00+00:00,181.53,181.65,181.24,181.24,801.76,2021,12,23
2021-12-23 02:19:00+00:00,181.24,181.57,181.08,181.1,1383.91,2021,12,23
2021-12-23 02:20:00+00:00,181.11,181.11,180.73,181.06,1700.87,2021,12,23
2021-12-23 02:21:00+00:00,181.06,181.46,180.98,181.31,882.48,2021,12,23
2021-12-23 02:22:00+00:00,181.3,181.45,181.24,181.28,411.68,2021,12,23
2021-12-23 02:23:00+00:00,181.31,181.66,181.3,181.64,888.81,2021,12,23
2021-12-23 02:24:00+00:00,181.59,181.78,181.5,181.73,475.51,2021,12,23
2021-12-23 02:25:00+00:00,181.72,181.72,181.46,181.6,477.96,2021,12,23
2021-12-23 02:26:00+00:00,181.6,181.88,181.46,181.84,760.46,2021,12,23
2021-12-23 02:27:00+00:00,181.83,181.88,181.7,181.8,523.95,2021,12,23
2021-12-23 02:28:00+00:00,181.8,182.06,181.78,181.96,1314.0,2021,12,23
2021-12-23 02:29:00+00:00,181.97,182.28,181.97,182.06,864.33,2021,12,23
2021-12-23 02:30:00+00:00,182.07,182.28,181.97,182.21,1022.02,2021,12,23
2021-12-23 02:31:00+00:00,182.21,182.32,181.64,181.74,2524.51,2021,12,23
2021-12-23 02:32:00+00:00,181.73,182.15,181.46,182.1,1741.93,2021,12,23
2021-12-23 02:33:00+00:00,182.12,182.3,182.01,182.09,660.97,2021,12,23
2021-12-23 02:34:00+00:00,182.1,182.34,182.1,182.17,570.08,2021,12,23
2021-12-23 02:35:00+00:00,182.17,182.18,181.85,181.98,412.05,2021,12,23
2021-12-23 02:36:00+00:00,181.96,182.05,181.66,181.92,652.2,2021,12,23
2021-12-23 02:37:00+00:00,181.94,182.2,181.84,182.13,860.31,2021,12,23
2021-12-23 02:38:00+00:00,182.11,182.41,182.07,182.25,2320.33,2021,12,23
2021-12-23 02:39:00+00:00,182.24,182.48,182.19,182.45,741.45,2021,12,23
2021-12-23 02:40:00+00:00,182.45,182.5,182.12,182.46,826.26,2021,12,23
2021-12-23 02:41:00+00:00,182.45,182.84,182.27,182.58,6396.18,2021,12,23
2021-12-23 02:42:00+00:00,182.59,182.91,182.12,182.2,2347.23,2021,12,23
2021-12-23 02:43:00+00:00,182.2,182.47,182.17,182.31,785.62,2021,12,23
2021-12-23 02:44:00+00:00,182.27,182.49,182.01,182.06,721.45,2021,12,23
2021-12-23 02:45:00+00:00,182.08,182.17,181.56,181.63,1814.08,2021,12,23
2021-12-23 02:46:00+00:00,181.64,181.84,181.6,181.71,449.85,2021,12,23
2021-12-23 02:47:00+00:00,181.71,181.96,181.66,181.67,773.68,2021,12,23
2021-12-23 02:48:00+00:00,181.66,181.74,181.42,181.63,1927.49,2021,12,23
2021-12-23 02:49:00+00:00,181.58,181.62,181.27,181.41,543.74,2021,12,23
2021-12-23 02:50:00+00:00,181.41,181.41,180.86,180.95,1818.11,2021,12,23
2021-12-23 02:51:00+00:00,180.92,181.03,180.85,180.91,936.54,2021,12,23
2021-12-23 02:52:00+00:00,180.94,180.94,180.6,180.64,564.55,2021,12,23
2021-12-23 02:53:00+00:00,180.68,180.76,180.35,180.66,913.21,2021,12,23
2021-12-23 02:54:00+00:00,180.66,180.79,180.45,180.48,953.02,2021,12,23
2021-12-23 02:55:00+00:00,180.45,180.49,180.34,180.4,450.25,2021,12,23
2021-12-23 02:56:00+00:00,180.4,180.45,180.12,180.16,438.11,2021,12,23
2021-12-23 02:57:00+00:00,180.18,180.24,180.07,180.24,266.64,2021,12,23
2021-12-23 02:58:00+00:00,180.24,180.26,180.01,180.02,971.25,2021,12,23
2021-12-23 02:59:00+00:00,180.02,180.05,179.8,179.86,1550.66,2021,12,23
2021-12-23 03:00:00+00:00,179.87,180.43,179.76,180.26,1661.24,2021,12,23
2021-12-23 03:01:00+00:00,180.28,180.42,180.2,180.24,2616.53,2021,12,23
2021-12-23 03:02:00+00:00,180.24,180.33,180.02,180.03,1285.79,2021,12,23
2021-12-23 03:03:00+00:00,180.02,180.07,179.88,179.93,1533.91,2021,12,23
2021-12-23 03:04:00+00:00,179.93,179.93,179.62,179.62,285.66,2021,12,23
2021-12-23 03:05:00+00:00,179.62,179.79,179.61,179.63,1116.39,2021,12,23
2021-12-23 03:06:00+00:00,179.7,179.87,179.63,179.87,371.43,2021,12,23
2021-12-23 03:07:00+00:00,179.87,180.34,179.74,180.34,1635.4,2021,12,23
2021-12-23 03:08:00+00:00,180.32,180.35,179.07,179.64,15145.85,2021,12,23
2021-12-23 03:09:00+00:00,179.54,179.6,179.3,179.35,2866.71,2021,12,23
2021-12-23 03:10:00+00:00,179.33,179.39,179.0,179.06,585.76,2021,12,23
2021-12-23 03:11:00+00:00,179.03,179.15,178.94,179.08,935.59,2021,12,23
2021-12-23 03:12:00+00:00,179.07,179.26,179.07,179.17,667.32,2021,12,23
2021-12-23 03:13:00+00:00,179.19,179.61,179.19,179.31,712.4,2021,12,23
2021-12-23 03:14:00+00:00,179.31,179.32,179.0,179.01,582.32,2021,12,23
2021-12-23 03:15:00+00:00,179.01,179.17,178.91,179.0,953.33,2021,12,23
2021-12-23 03:16:00+00:00,179.03,179.22,178.86,178.97,580.86,2021,12,23
2021-12-23 03:17:00+00:00,178.97,179.16,178.9,178.95,287.89,2021,12,23
2021-12-23 03:18:00+00:00,178.95,178.95,178.81,178.87,491.8,2021,12,23
2021-12-23 03:19:00+00:00,178.87,179.15,178.77,179.15,536.25,2021,12,23
2021-12-23 03:20:00+00:00,179.15,179.18,178.82,178.82,395.29,2021,12,23
2021-12-23 03:21:00+00:00,178.83,179.47,178.8,179.44,476.67,2021,12,23
2021-12-23 03:22:00+00:00,179.46,179.69,179.45,179.53,641.83,2021,12,23
2021-12-23 03:23:00+00:00,179.54,179.65,179.53,179.59,203.64,2021,12,23
2021-12-23 03:24:00+00:00,179.54,179.7,179.54,179.65,264.47,2021,12,23
2021-12-23 03:25:00+00:00,179.67,179.71,179.17,179.28,498.89,2021,12,23
2021-12-23 03:26:00+00:00,179.29,179.44,179.2,179.22,155.78,2021,12,23
2021-12-23 03:27:00+00:00,179.22,179.44,179.22,179.43,172.64,2021,12,23
2021-12-23 03:28:00+00:00,179.42,180.0,179.42,180.0,673.21,2021,12,23
2021-12-23 03:29:00+00:00,179.99,180.1,179.89,180.07,660.36,2021,12,23
2021-12-23 03:30:00+00:00,180.1,180.15,180.01,180.01,381.29,2021,12,23
2021-12-23 03:31:00+00:00,180.01,180.34,179.95,180.25,1631.61,2021,12,23
2021-12-23 03:32:00+00:00,180.2,180.27,179.97,179.97,757.29,2021,12,23
2021-12-23 03:33:00+00:00,179.97,180.26,179.89,180.26,1558.47,2021,12,23
2021-12-23 03:34:00+00:00,180.26,180.32,180.01,180.32,353.11,2021,12,23
2021-12-23 03:35:00+00:00,180.34,180.45,179.86,180.04,4637.8,2021,12,23
2021-12-23 03:36:00+00:00,180.05,180.26,180.03,180.19,502.27,2021,12,23
2021-12-23 03:37:00+00:00,180.19,180.37,180.03,180.06,274.51,2021,12,23
2021-12-23 03:38:00+00:00,180.03,180.28,180.03,180.27,582.6,2021,12,23
2021-12-23 03:39:00+00:00,180.29,180.51,180.25,180.47,409.03,2021,12,23
2021-12-23 03:40:00+00:00,180.51,180.67,180.47,180.64,580.29,2021,12,23
2021-12-23 03:41:00+00:00,180.65,180.78,180.55,180.69,426.5,2021,12,23
2021-12-23 03:42:00+00:00,180.67,180.77,180.49,180.59,706.01,2021,12,23
2021-12-23 03:43:00+00:00,180.58,180.65,180.39,180.55,230.96,2021,12,23
2021-12-23 03:44:00+00:00,180.54,180.58,180.33,180.37,536.94,2021,12,23
2021-12-23 03:45:00+00:00,180.36,180.7,180.32,180.66,468.11,2021,12,23
2021-12-23 03:46:00+00:00,180.67,180.72,180.32,180.72,394.85,2021,12,23
2021-12-23 03:47:00+00:00,180.72,180.72,180.41,180.46,307.07,2021,12,23
2021-12-23 03:48:00+00:00,180.46,180.51,180.34,180.35,175.57,2021,12,23
2021-12-23 03:49:00+00:00,180.36,180.58,180.36,180.58,746.11,2021,12,23
2021-12-23 03:50:00+00:00,180.59,180.67,180.52,180.65,284.25,2021,12,23
2021-12-23 03:51:00+00:00,180.65,180.73,180.54,180.63,381.82,2021,12,23
2021-12-23 03:52:00+00:00,180.66,180.79,180.61,180.63,708.65,2021,12,23
2021-12-23 03:53:00+00:00,180.63,180.67,180.54,180.67,333.05,2021,12,23
2021-12-23 03:54:00+00:00,180.67,180.98,180.67,180.91,882.53,2021,12,23
2021-12-23 03:55:00+00:00,180.89,180.92,180.75,180.84,464.25,2021,12,23
2021-12-23 03:56:00+00:00,180.83,180.97,180.81,180.87,584.26,2021,12,23
2021-12-23 03:57:00+00:00,180.88,181.0,180.85,180.91,698.27,2021,12,23
2021-12-23 03:58:00+00:00,180.93,180.99,180.81,180.86,282.89,2021,12,23
2021-12-23 03:59:00+00:00,180.81,181.01,180.79,180.87,1278.8,2021,12,23
2021-12-23 04:00:00+00:00,180.89,180.98,180.7,180.97,305.46,2021,12,23
2021-12-23 04:01:00+00:00,180.98,181.09,180.92,181.05,371.05,2021,12,23
2021-12-23 04:02:00+00:00,181.04,181.19,180.94,181.01,333.76,2021,12,23
2021-12-23 04:03:00+00:00,181.01,181.09,180.79,180.99,626.79,2021,12,23
2021-12-23 04:04:00+00:00,180.99,181.2,180.94,181.2,121.73,2021,12,23
2021-12-23 04:05:00+00:00,181.19,181.24,181.1,181.18,349.99,2021,12,23
2021-12-23 04:06:00+00:00,181.18,181.33,181.06,181.3,381.64,2021,12,23
2021-12-23 04:07:00+00:00,181.29,181.31,180.93,180.96,331.72,2021,12,23
2021-12-23 04:08:00+00:00,180.95,181.19,180.91,180.92,784.72,2021,12,23
2021-12-23 04:09:00+00:00,180.91,180.91,180.64,180.72,787.34,2021,12,23
2021-12-23 04:10:00+00:00,180.72,180.83,180.68,180.72,336.49,2021,12,23
2021-12-23 04:11:00+00:00,180.72,180.77,180.62,180.75,258.61,2021,12,23
2021-12-23 04:12:00+00:00,180.75,180.76,180.56,180.71,564.9,2021,12,23
2021-12-23 04:13:00+00:00,180.69,180.74,180.56,180.64,141.87,2021,12,23
2021-12-23 04:14:00+00:00,180.6,180.6,180.44,180.52,164.7,2021,12,23
2021-12-23 04:15:00+00:00,180.53,180.66,180.42,180.54,572.26,2021,12,23
2021-12-23 04:16:00+00:00,180.53,180.53,180.43,180.52,386.47,2021,12,23
2021-12-23 04:17:00+00:00,180.53,180.53,180.4,180.51,299.04,2021,12,23
2021-12-23 04:18:00+00:00,180.49,180.55,180.45,180.55,276.41,2021,12,23
2021-12-23 04:19:00+00:00,180.52,180.58,180.42,180.55,240.89,2021,12,23
2021-12-23 04:20:00+00:00,180.56,180.66,180.46,180.51,559.99,2021,12,23
2021-12-23 04:21:00+00:00,180.49,180.65,180.44,180.61,305.37,2021,12,23
2021-12-23 04:22:00+00:00,180.61,180.84,180.58,180.79,172.55,2021,12,23
2021-12-23 04:23:00+00:00,180.79,180.8,180.61,180.61,105.76,2021,12,23
2021-12-23 04:24:00+00:00,180.66,180.81,180.65,180.81,207.56,2021,12,23
2021-12-23 04:25:00+00:00,180.81,180.84,180.71,180.71,165.27,2021,12,23
2021-12-23 04:26:00+00:00,180.7,180.93,180.59,180.93,266.57,2021,12,23
2021-12-23 04:27:00+00:00,180.93,181.29,180.93,181.24,1167.73,2021,12,23
2021-12-23 04:28:00+00:00,181.24,181.34,181.12,181.12,1142.39,2021,12,23
2021-12-23 04:29:00+00:00,181.13,181.28,181.12,181.2,303.77,2021,12,23
2021-12-23 04:30:00+00:00,181.2,181.59,181.11,181.52,2748.66,2021,12,23
2021-12-23 04:31:00+00:00,181.52,181.66,181.41,181.47,606.01,2021,12,23
2021-12-23 04:32:00+00:00,181.48,181.64,181.41,181.56,875.62,2021,12,23
2021-12-23 04:33:00+00:00,181.59,181.59,181.26,181.37,467.86,2021,12,23
2021-12-23 04:34:00+00:00,181.37,181.39,181.06,181.06,274.65,2021,12,23
2021-12-23 04:35:00+00:00,181.07,181.13,180.98,181.04,288.41,2021,12,23
2021-12-23 04:36:00+00:00,181.01,181.05,180.88,181.01,105.59,2021,12,23
2021-12-23 04:37:00+00:00,181.02,181.1,181.01,181.1,191.42,2021,12,23
2021-12-23 04:38:00+00:00,181.1,181.12,180.76,180.76,145.38,2021,12,23
2021-12-23 04:39:00+00:00,180.76,180.85,180.68,180.69,262.06,2021,12,23
2021-12-23 04:40:00+00:00,180.69,180.74,180.55,180.55,355.26,2021,12,23
2021-12-23 04:41:00+00:00,180.58,180.62,180.38,180.43,528.74,2021,12,23
2021-12-23 04:42:00+00:00,180.44,180.62,180.43,180.55,256.25,2021,12,23
2021-12-23 04:43:00+00:00,180.54,180.67,180.51,180.58,190.0,2021,12,23
2021-12-23 04:44:00+00:00,180.56,180.62,180.44,180.47,268.35,2021,12,23
2021-12-23 04:45:00+00:00,180.46,180.48,180.25,180.25,276.04,2021,12,23
2021-12-23 04:46:00+00:00,180.28,180.31,180.19,180.28,347.74,2021,12,23
2021-12-23 04:47:00+00:00,180.3,180.34,180.1,180.12,159.86,2021,12,23
2021-12-23 04:48:00+00:00,180.12,180.23,179.97,179.98,617.84,2021,12,23
2021-12-23 04:49:00+00:00,179.99,180.01,179.85,179.92,327.11,2021,12,23
2021-12-23 04:50:00+00:00,179.9,179.96,179.8,179.92,290.86,2021,12,23
2021-12-23 04:51:00+00:00,179.91,179.92,179.53,179.61,1790.81,2021,12,23
2021-12-23 04:52:00+00:00,179.62,179.65,179.42,179.59,1184.68,2021,12,23
2021-12-23 04:53:00+00:00,179.59,179.71,179.5,179.71,177.81,2021,12,23
2021-12-23 04:54:00+00:00,179.66,179.7,179.56,179.62,135.12,2021,12,23
2021-12-23 04:55:00+00:00,179.62,179.7,179.54,179.54,406.25,2021,12,23
2021-12-23 04:56:00+00:00,179.56,179.59,179.29,179.4,678.13,2021,12,23
2021-12-23 04:57:00+00:00,179.39,179.41,179.24,179.29,424.78,2021,12,23
2021-12-23 04:58:00+00:00,179.32,179.48,179.28,179.46,412.76,2021,12,23
2021-12-23 04:59:00+00:00,179.41,179.52,179.38,179.42,192.97,2021,12,23
2021-12-23 05:00:00+00:00,179.38,179.75,179.38,179.71,414.57,2021,12,23
2021-12-23 05:01:00+00:00,179.71,180.01,179.65,180.0,222.02,2021,12,23
2021-12-23 05:02:00+00:00,180.0,180.15,179.9,180.12,247.68,2021,12,23
2021-12-23 05:03:00+00:00,180.11,180.13,179.97,180.0,148.74,2021,12,23
2021-12-23 05:04:00+00:00,180.03,180.24,179.98,180.0,367.54,2021,12,23
2021-12-23 05:05:00+00:00,180.0,180.12,179.97,180.12,77.09,2021,12,23
2021-12-23 05:06:00+00:00,180.14,180.23,180.04,180.13,229.13,2021,12,23
2021-12-23 05:07:00+00:00,180.16,180.3,180.14,180.3,103.48,2021,12,23
2021-12-23 05:08:00+00:00,180.32,180.39,180.19,180.32,193.79,2021,12,23
2021-12-23 05:09:00+00:00,180.32,180.41,180.32,180.39,238.79,2021,12,23
2021-12-23 05:10:00+00:00,180.37,180.42,180.09,180.4,1204.69,2021,12,23
2021-12-23 05:11:00+00:00,180.41,180.6,180.36,180.6,319.15,2021,12,23
2021-12-23 05:12:00+00:00,180.61,180.65,180.42,180.47,254.86,2021,12,23
2021-12-23 05:13:00+00:00,180.42,180.5,180.34,180.4,443.87,2021,12,23
2021-12-23 05:14:00+00:00,180.36,180.56,180.22,180.53,435.39,2021,12,23
2021-12-23 05:15:00+00:00,180.53,180.68,180.38,180.39,411.35,2021,12,23
2021-12-23 05:16:00+00:00,180.4,180.49,180.21,180.21,148.16,2021,12,23
2021-12-23 05:17:00+00:00,180.23,180.25,179.92,179.95,1005.57,2021,12,23
2021-12-23 05:18:00+00:00,179.97,180.05,179.91,180.01,200.71,2021,12,23
2021-12-23 05:19:00+00:00,179.99,180.1,179.61,179.76,173.58,2021,12,23
2021-12-23 05:20:00+00:00,179.74,179.86,179.62,179.72,316.92,2021,12,23
2021-12-23 05:21:00+00:00,179.76,179.91,179.61,179.62,447.85,2021,12,23
2021-12-23 05:22:00+00:00,179.65,179.72,179.49,179.51,158.69,2021,12,23
2021-12-23 05:23:00+00:00,179.5,179.56,179.41,179.5,325.03,2021,12,23
2021-12-23 05:24:00+00:00,179.49,179.71,179.47,179.62,517.87,2021,12,23
2021-12-23 05:25:00+00:00,179.64,179.82,179.64,179.78,124.44,2021,12,23
2021-12-23 05:26:00+00:00,179.78,179.88,179.62,179.71,129.44,2021,12,23
2021-12-23 05:27:00+00:00,179.72,179.82,179.62,179.72,318.77,2021,12,23
2021-12-23 05:28:00+00:00,179.69,180.1,179.69,179.99,390.04,2021,12,23
2021-12-23 05:29:00+00:00,179.95,180.11,179.88,180.05,954.0,2021,12,23
2021-12-23 05:30:00+00:00,180.08,180.2,180.03,180.03,201.2,2021,12,23
2021-12-23 05:31:00+00:00,180.05,180.39,180.02,180.17,185.6,2021,12,23
2021-12-23 05:32:00+00:00,180.24,180.35,180.18,180.26,202.89,2021,12,23
2021-12-23 05:33:00+00:00,180.26,180.28,180.11,180.2,125.98,2021,12,23
2021-12-23 05:34:00+00:00,180.2,180.23,179.69,179.69,188.88,2021,12,23
2021-12-23 05:35:00+00:00,179.71,179.71,179.46,179.46,348.22,2021,12,23
2021-12-23 05:36:00+00:00,179.48,179.51,179.3,179.43,675.48,2021,12,23
2021-12-23 05:37:00+00:00,179.44,179.81,179.44,179.74,646.5,2021,12,23
2021-12-23 05:38:00+00:00,179.73,179.76,179.56,179.73,575.56,2021,12,23
2021-12-23 05:39:00+00:00,179.68,179.68,179.34,179.34,263.13,2021,12,23
2021-12-23 05:40:00+00:00,179.34,179.49,179.32,179.43,396.61,2021,12,23
2021-12-23 05:41:00+00:00,179.41,179.57,179.38,179.48,420.24,2021,12,23
2021-12-23 05:42:00+00:00,179.44,179.57,179.19,179.27,868.4,2021,12,23
2021-12-23 05:43:00+00:00,179.29,179.36,179.07,179.21,570.87,2021,12,23
2021-12-23 05:44:00+00:00,179.2,179.23,179.1,179.2,304.5,2021,12,23
2021-12-23 05:45:00+00:00,179.23,179.27,179.1,179.15,237.62,2021,12,23
2021-12-23 05:46:00+00:00,179.16,179.32,179.1,179.23,376.9,2021,12,23
2021-12-23 05:47:00+00:00,179.21,179.33,178.96,179.05,551.71,2021,12,23
2021-12-23 05:48:00+00:00,179.03,179.35,179.02,179.15,1863.77,2021,12,23
2021-12-23 05:49:00+00:00,179.12,179.15,179.0,179.0,305.6,2021,12,23
2021-12-23 05:50:00+00:00,179.0,179.12,178.97,179.07,217.08,2021,12,23
2021-12-23 05:51:00+00:00,179.06,179.49,179.06,179.44,318.84,2021,12,23
2021-12-23 05:52:00+00:00,179.46,179.49,179.16,179.2,323.83,2021,12,23
2021-12-23 05:53:00+00:00,179.21,179.55,179.21,179.52,207.02,2021,12,23
2021-12-23 05:54:00+00:00,179.44,179.52,179.31,179.38,348.29,2021,12,23
2021-12-23 05:55:00+00:00,179.38,179.63,179.38,179.59,568.32,2021,12,23
2021-12-23 05:56:00+00:00,179.6,179.81,179.54,179.68,293.18,2021,12,23
2021-12-23 05:57:00+00:00,179.73,179.76,179.24,179.36,424.05,2021,12,23
2021-12-23 05:58:00+00:00,179.36,179.55,179.36,179.46,460.52,2021,12,23
2021-12-23 05:59:00+00:00,179.45,179.46,179.12,179.29,506.44,2021,12,23
2021-12-23 06:00:00+00:00,179.29,179.29,178.86,178.96,608.33,2021,12,23
2021-12-23 06:01:00+00:00,179.0,179.1,178.8,178.88,569.89,2021,12,23
2021-12-23 06:02:00+00:00,178.85,178.96,178.85,178.91,74.54,2021,12,23
2021-12-23 06:03:00+00:00,178.93,179.1,178.87,179.06,268.48,2021,12,23
2021-12-23 06:04:00+00:00,179.06,179.24,179.05,179.21,257.53,2021,12,23
2021-12-23 06:05:00+00:00,179.23,179.27,179.16,179.22,185.64,2021,12,23
2021-12-23 06:06:00+00:00,179.21,179.22,178.86,178.95,215.65,2021,12,23
2021-12-23 06:07:00+00:00,178.96,179.07,178.8,178.85,573.68,2021,12,23
2021-12-23 06:08:00+00:00,178.85,179.29,178.85,179.29,303.41,2021,12,23
2021-12-23 06:09:00+00:00,179.29,179.36,179.08,179.08,225.33,2021,12,23
2021-12-23 06:10:00+00:00,179.08,179.25,179.01,179.25,585.41,2021,12,23
2021-12-23 06:11:00+00:00,179.25,179.29,179.06,179.22,413.12,2021,12,23
2021-12-23 06:12:00+00:00,179.24,179.4,179.03,179.35,557.05,2021,12,23
2021-12-23 06:13:00+00:00,179.31,179.41,179.3,179.37,293.31,2021,12,23
2021-12-23 06:14:00+00:00,179.36,179.44,179.32,179.38,93.5,2021,12,23
2021-12-23 06:15:00+00:00,179.41,179.65,179.38,179.61,260.51,2021,12,23
2021-12-23 06:16:00+00:00,179.61,179.66,179.39,179.47,206.23,2021,12,23
2021-12-23 06:17:00+00:00,179.48,179.48,179.28,179.4,243.02,2021,12,23
2021-12-23 06:18:00+00:00,179.41,179.82,179.4,179.74,211.29,2021,12,23
2021-12-23 06:19:00+00:00,179.74,179.85,179.61,179.73,710.97,2021,12,23
2021-12-23 06:20:00+00:00,179.71,179.94,179.67,179.91,1501.06,2021,12,23
2021-12-23 06:21:00+00:00,179.86,179.89,179.62,179.8,374.49,2021,12,23
2021-12-23 06:22:00+00:00,179.81,179.98,179.81,179.93,598.78,2021,12,23
2021-12-23 06:23:00+00:00,179.87,179.96,179.77,179.85,292.06,2021,12,23
2021-12-23 06:24:00+00:00,179.89,180.08,179.88,179.93,542.98,2021,12,23
2021-12-23 06:25:00+00:00,179.92,180.02,179.8,180.02,200.83,2021,12,23
2021-12-23 06:26:00+00:00,180.01,180.05,179.93,180.02,152.79,2021,12,23
2021-12-23 06:27:00+00:00,180.0,180.0,179.77,179.9,268.42,2021,12,23
2021-12-23 06:28:00+00:00,179.88,180.25,179.88,180.16,331.14,2021,12,23
2021-12-23 06:29:00+00:00,180.12,180.17,180.0,180.13,269.77,2021,12,23
2021-12-23 06:30:00+00:00,180.12,180.14,179.83,180.04,133.16,2021,12,23
2021-12-23 06:31:00+00:00,180.03,180.04,179.7,179.73,229.48,2021,12,23
2021-12-23 06:32:00+00:00,179.7,179.91,179.7,179.9,254.23,2021,12,23
2021-12-23 06:33:00+00:00,179.91,179.93,179.69,179.71,180.78,2021,12,23
2021-12-23 06:34:00+00:00,179.74,179.82,179.51,179.75,286.83,2021,12,23
2021-12-23 06:35:00+00:00,179.76,180.1,179.71,180.08,236.33,2021,12,23
2021-12-23 06:36:00+00:00,180.07,180.09,179.8,180.06,459.71,2021,12,23
2021-12-23 06:37:00+00:00,180.07,180.16,179.86,180.08,399.71,2021,12,23
2021-12-23 06:38:00+00:00,180.07,180.07,179.91,180.0,129.44,2021,12,23
2021-12-23 06:39:00+00:00,180.02,180.03,179.82,179.89,588.06,2021,12,23
2021-12-23 06:40:00+00:00,179.91,179.96,179.63,179.63,498.45,2021,12,23
2021-12-23 06:41:00+00:00,179.68,179.68,179.52,179.57,189.91,2021,12,23
2021-12-23 06:42:00+00:00,179.54,179.57,179.45,179.5,362.09,2021,12,23
2021-12-23 06:43:00+00:00,179.49,179.54,179.34,179.39,449.25,2021,12,23
2021-12-23 06:44:00+00:00,179.38,179.52,179.29,179.43,465.51,2021,12,23
2021-12-23 06:45:00+00:00,179.42,179.44,179.22,179.35,378.68,2021,12,23
2021-12-23 06:46:00+00:00,179.33,179.62,179.28,179.61,225.27,2021,12,23
2021-12-23 06:47:00+00:00,179.6,179.62,179.41,179.52,162.23,2021,12,23
2021-12-23 06:48:00+00:00,179.5,179.59,179.39,179.49,386.66,2021,12,23
2021-12-23 06:49:00+00:00,179.46,179.46,179.24,179.42,199.0,2021,12,23
2021-12-23 06:50:00+00:00,179.42,179.45,179.26,179.3,86.56,2021,12,23
2021-12-23 06:51:00+00:00,179.28,179.5,179.26,179.49,384.68,2021,12,23
2021-12-23 06:52:00+00:00,179.51,179.62,179.43,179.45,324.17,2021,12,23
2021-12-23 06:53:00+00:00,179.43,179.77,179.43,179.75,214.61,2021,12,23
2021-12-23 06:54:00+00:00,179.76,179.85,179.72,179.76,117.93,2021,12,23
2021-12-23 06:55:00+00:00,179.81,179.81,179.55,179.6,188.79,2021,12,23
2021-12-23 06:56:00+00:00,179.56,179.71,179.55,179.61,406.13,2021,12,23
2021-12-23 06:57:00+00:00,179.6,179.7,179.52,179.64,219.29,2021,12,23
2021-12-23 06:58:00+00:00,179.66,179.83,179.65,179.71,303.11,2021,12,23
2021-12-23 06:59:00+00:00,179.7,180.15,179.7,180.04,1015.14,2021,12,23
2021-12-23 07:00:00+00:00,180.04,180.16,179.99,180.1,339.5,2021,12,23
2021-12-23 07:01:00+00:00,180.07,180.08,179.73,179.87,311.26,2021,12,23
2021-12-23 07:02:00+00:00,179.9,180.0,179.83,179.99,194.27,2021,12,23
2021-12-23 07:03:00+00:00,179.99,179.99,179.54,179.67,386.64,2021,12,23
2021-12-23 07:04:00+00:00,179.67,179.77,179.49,179.49,390.53,2021,12,23
2021-12-23 07:05:00+00:00,179.49,179.81,179.49,179.69,138.39,2021,12,23
2021-12-23 07:06:00+00:00,179.68,179.85,179.68,179.68,305.43,2021,12,23
2021-12-23 07:07:00+00:00,179.7,179.77,179.65,179.75,123.39,2021,12,23
2021-12-23 07:08:00+00:00,179.75,179.83,179.66,179.81,251.99,2021,12,23
2021-12-23 07:09:00+00:00,179.82,179.87,179.48,179.52,339.76,2021,12,23
2021-12-23 07:10:00+00:00,179.53,179.7,179.51,179.69,286.58,2021,12,23
2021-12-23 07:11:00+00:00,179.64,180.0,179.5,179.91,1057.58,2021,12,23
2021-12-23 07:12:00+00:00,179.89,179.89,179.55,179.55,787.99,2021,12,23
2021-12-23 07:13:00+00:00,179.57,179.65,179.5,179.61,167.19,2021,12,23
2021-12-23 07:14:00+00:00,179.61,179.94,179.61,179.71,386.22,2021,12,23
2021-12-23 07:15:00+00:00,179.7,179.7,179.7,179.7,1.47,2021,12,23
2021-12-23 07:16:00+00:00,179.51,179.54,179.4,179.43,407.31,2021,12,23
2021-12-23 07:17:00+00:00,179.41,179.54,179.36,179.42,154.1,2021,12,23
2021-12-23 07:18:00+00:00,179.41,179.6,179.4,179.4,85.83,2021,12,23
2021-12-23 07:19:00+00:00,179.43,179.6,179.43,179.53,459.15,2021,12,23
2021-12-23 07:20:00+00:00,179.53,179.77,179.45,179.62,2757.67,2021,12,23
2021-12-23 07:21:00+00:00,179.61,179.7,179.56,179.63,202.24,2021,12,23
2021-12-23 07:22:00+00:00,179.64,179.75,179.57,179.6,350.77,2021,12,23
2021-12-23 07:23:00+00:00,179.59,179.71,179.29,179.38,1248.38,2021,12,23
2021-12-23 07:24:00+00:00,179.37,179.7,179.37,179.67,950.58,2021,12,23
2021-12-23 07:25:00+00:00,179.68,179.7,179.48,179.52,388.69,2021,12,23
2021-12-23 07:26:00+00:00,179.5,179.59,179.47,179.55,193.86,2021,12,23
2021-12-23 07:27:00+00:00,179.56,179.56,179.43,179.44,131.07,2021,12,23
2021-12-23 07:28:00+00:00,179.44,179.6,179.44,179.56,85.9,2021,12,23
2021-12-23 07:29:00+00:00,179.56,179.77,179.56,179.7,2279.73,2021,12,23
2021-12-23 07:30:00+00:00,179.69,179.71,179.39,179.49,606.1,2021,12,23
2021-12-23 07:31:00+00:00,179.5,179.5,179.25,179.27,278.16,2021,12,23
2021-12-23 07:32:00+00:00,179.25,179.37,178.71,178.73,2271.46,2021,12,23
2021-12-23 07:33:00+00:00,178.72,178.87,178.7,178.77,686.46,2021,12,23
2021-12-23 07:34:00+00:00,178.77,178.91,178.47,178.47,1338.32,2021,12,23
2021-12-23 07:35:00+00:00,178.47,178.52,178.4,178.48,471.11,2021,12,23
2021-12-23 07:36:00+00:00,178.49,178.71,178.49,178.58,507.04,2021,12,23
2021-12-23 07:37:00+00:00,178.58,178.61,178.21,178.36,3582.85,2021,12,23
2021-12-23 07:38:00+00:00,178.36,178.37,178.11,178.16,1908.7,2021,12,23
2021-12-23 07:39:00+00:00,178.18,178.21,177.84,177.93,3103.21,2021,12,23
2021-12-23 07:40:00+00:00,177.98,178.32,177.97,178.06,1251.35,2021,12,23
2021-12-23 07:41:00+00:00,178.06,178.29,178.06,178.28,265.09,2021,12,23
2021-12-23 07:42:00+00:00,178.26,178.33,178.06,178.08,295.26,2021,12,23
2021-12-23 07:43:00+00:00,178.07,178.07,177.76,178.0,2082.22,2021,12,23
2021-12-23 07:44:00+00:00,177.99,178.1,177.77,178.1,561.03,2021,12,23
2021-12-23 07:45:00+00:00,178.11,178.18,177.76,177.8,738.56,2021,12,23
2021-12-23 07:46:00+00:00,177.81,177.96,177.34,177.47,2420.25,2021,12,23
2021-12-23 07:47:00+00:00,177.47,177.64,177.23,177.4,1976.73,2021,12,23
2021-12-23 07:48:00+00:00,177.42,177.43,177.14,177.37,763.17,2021,12,23
2021-12-23 07:49:00+00:00,177.39,177.47,177.13,177.22,1438.75,2021,12,23
2021-12-23 07:50:00+00:00,177.24,177.29,177.07,177.12,1355.36,2021,12,23
2021-12-23 07:51:00+00:00,177.19,177.32,177.01,177.31,697.19,2021,12,23
2021-12-23 07:52:00+00:00,177.3,177.48,177.3,177.46,267.53,2021,12,23
2021-12-23 07:53:00+00:00,177.46,177.67,177.02,177.53,4521.26,2021,12,23
2021-12-23 07:54:00+00:00,177.65,178.18,177.53,178.14,5961.45,2021,12,23
2021-12-23 07:55:00+00:00,178.13,178.18,177.75,177.91,2273.92,2021,12,23
2021-12-23 07:56:00+00:00,177.92,178.12,177.67,178.03,3351.49,2021,12,23
2021-12-23 07:57:00+00:00,178.02,178.16,177.95,178.13,633.51,2021,12,23
2021-12-23 07:58:00+00:00,178.14,178.14,177.74,177.79,466.95,2021,12,23
2021-12-23 07:59:00+00:00,177.79,177.93,177.7,177.88,774.66,2021,12,23
2021-12-23 08:00:00+00:00,177.87,177.95,177.33,177.35,679.15,2021,12,23
2021-12-23 08:01:00+00:00,177.35,177.98,177.35,177.8,1011.95,2021,12,23
2021-12-23 08:02:00+00:00,177.81,178.12,177.79,177.92,2631.71,2021,12,23
2021-12-23 08:03:00+00:00,177.91,177.99,177.61,177.66,2028.74,2021,12,23
2021-12-23 08:04:00+00:00,177.71,177.81,177.51,177.56,705.84,2021,12,23
2021-12-23 08:05:00+00:00,177.51,177.57,177.36,177.38,397.56,2021,12,23
2021-12-23 08:06:00+00:00,177.35,177.5,177.13,177.46,2674.53,2021,12,23
2021-12-23 08:07:00+00:00,177.47,177.78,177.45,177.76,1034.5,2021,12,23
2021-12-23 08:08:00+00:00,177.77,177.88,177.57,177.69,906.11,2021,12,23
2021-12-23 08:09:00+00:00,177.75,177.89,177.69,177.85,478.89,2021,12,23
2021-12-23 08:10:00+00:00,177.89,178.03,177.83,178.03,663.22,2021,12,23
2021-12-23 08:11:00+00:00,178.03,178.05,177.93,178.02,257.5,2021,12,23
2021-12-23 08:12:00+00:00,178.02,178.03,177.54,177.86,2294.16,2021,12,23
2021-12-23 08:13:00+00:00,177.87,178.07,177.87,178.03,454.56,2021,12,23
2021-12-23 08:14:00+00:00,178.03,178.3,178.03,178.24,887.45,2021,12,23
2021-12-23 08:15:00+00:00,178.25,178.58,178.19,178.51,1365.55,2021,12,23
2021-12-23 08:16:00+00:00,178.51,178.56,178.45,178.53,352.76,2021,12,23
2021-12-23 08:17:00+00:00,178.53,178.53,178.22,178.26,327.12,2021,12,23
2021-12-23 08:18:00+00:00,178.24,178.37,178.22,178.32,206.99,2021,12,23
2021-12-23 08:19:00+00:00,178.3,178.3,177.88,177.9,367.04,2021,12,23
2021-12-23 08:20:00+00:00,177.91,178.23,177.8,178.23,465.58,2021,12,23
2021-12-23 08:21:00+00:00,178.23,178.32,178.19,178.3,104.37,2021,12,23
2021-12-23 08:22:00+00:00,178.29,178.32,177.99,178.03,674.75,2021,12,23
2021-12-23 08:23:00+00:00,178.03,178.3,178.0,178.3,286.1,2021,12,23
2021-12-23 08:24:00+00:00,178.3,179.85,178.23,179.68,11632.16,2021,12,23
2021-12-23 08:25:00+00:00,179.67,179.68,179.12,179.15,910.98,2021,12,23
2021-12-23 08:26:00+00:00,179.16,179.16,178.88,178.92,1423.57,2021,12,23
2021-12-23 08:27:00+00:00,178.92,179.09,178.89,178.99,709.96,2021,12,23
2021-12-23 08:28:00+00:00,178.96,179.09,178.91,179.01,510.4,2021,12,23
2021-12-23 08:29:00+00:00,178.99,179.04,178.87,178.89,490.65,2021,12,23
2021-12-23 08:30:00+00:00,178.89,178.99,178.8,178.97,696.22,2021,12,23
2021-12-23 08:31:00+00:00,178.96,179.0,178.83,178.92,329.36,2021,12,23
2021-12-23 08:32:00+00:00,178.92,179.08,178.92,179.05,712.47,2021,12,23
2021-12-23 08:33:00+00:00,179.06,179.09,178.71,178.74,433.67,2021,12,23
2021-12-23 08:34:00+00:00,178.73,179.11,178.67,179.01,1069.92,2021,12,23
2021-12-23 08:35:00+00:00,179.0,179.23,178.94,179.2,324.46,2021,12,23
2021-12-23 08:36:00+00:00,179.2,179.29,178.95,179.01,451.71,2021,12,23
2021-12-23 08:37:00+00:00,179.0,179.04,178.68,178.8,226.06,2021,12,23
2021-12-23 08:38:00+00:00,178.84,178.86,178.59,178.59,523.89,2021,12,23
2021-12-23 08:39:00+00:00,178.59,179.03,178.52,178.97,479.0,2021,12,23
2021-12-23 08:40:00+00:00,178.93,179.0,178.5,178.52,1296.52,2021,12,23
2021-12-23 08:41:00+00:00,178.52,178.87,178.52,178.86,260.03,2021,12,23
2021-12-23 08:42:00+00:00,178.87,179.06,178.84,178.99,500.97,2021,12,23
2021-12-23 08:43:00+00:00,178.99,179.05,178.75,179.01,813.96,2021,12,23
2021-12-23 08:44:00+00:00,179.0,179.18,178.84,179.12,594.95,2021,12,23
2021-12-23 08:45:00+00:00,179.12,179.12,178.85,178.89,115.51,2021,12,23
2021-12-23 08:46:00+00:00,178.89,178.9,178.7,178.83,294.0,2021,12,23
2021-12-23 08:47:00+00:00,178.83,179.18,178.82,179.14,591.34,2021,12,23
2021-12-23 08:48:00+00:00,179.12,179.78,179.12,179.32,5293.57,2021,12,23
2021-12-23 08:49:00+00:00,179.36,179.44,179.28,179.41,236.47,2021,12,23
2021-12-23 08:50:00+00:00,179.38,179.41,179.23,179.37,647.47,2021,12,23
2021-12-23 08:51:00+00:00,179.41,179.41,179.22,179.26,172.44,2021,12,23
2021-12-23 08:52:00+00:00,179.28,179.3,179.04,179.05,740.03,2021,12,23
2021-12-23 08:53:00+00:00,179.05,179.5,179.05,179.48,1503.25,2021,12,23
2021-12-23 08:54:00+00:00,179.5,179.62,179.37,179.53,301.78,2021,12,23
2021-12-23 08:55:00+00:00,179.57,179.59,179.33,179.33,820.63,2021,12,23
2021-12-23 08:56:00+00:00,179.34,179.46,179.23,179.4,322.5,2021,12,23
2021-12-23 08:57:00+00:00,179.4,179.59,179.37,179.56,152.46,2021,12,23
2021-12-23 08:58:00+00:00,179.57,179.59,179.38,179.52,244.89,2021,12,23
2021-12-23 08:59:00+00:00,179.55,179.89,179.55,179.86,514.93,2021,12,23
2021-12-23 09:00:00+00:00,179.87,179.89,179.54,179.8,917.42,2021,12,23
2021-12-23 09:01:00+00:00,179.76,179.88,179.64,179.64,345.61,2021,12,23
2021-12-23 09:02:00+00:00,179.64,179.68,179.37,179.42,838.95,2021,12,23
2021-12-23 09:03:00+00:00,179.46,179.63,179.44,179.45,305.67,2021,12,23
2021-12-23 09:04:00+00:00,179.44,179.56,179.34,179.45,582.17,2021,12,23
2021-12-23 09:05:00+00:00,179.47,179.52,179.18,179.21,499.99,2021,12,23
2021-12-23 09:06:00+00:00,179.2,179.36,179.2,179.34,234.59,2021,12,23
2021-12-23 09:07:00+00:00,179.28,179.29,179.13,179.23,1000.32,2021,12,23
2021-12-23 09:08:00+00:00,179.25,179.53,179.25,179.53,195.15,2021,12,23
2021-12-23 09:09:00+00:00,179.53,179.54,179.33,179.47,1182.12,2021,12,23
2021-12-23 09:10:00+00:00,179.45,179.52,179.35,179.49,298.52,2021,12,23
2021-12-23 09:11:00+00:00,179.51,179.59,179.45,179.48,529.03,2021,12,23
2021-12-23 09:12:00+00:00,179.49,179.55,179.41,179.46,140.05,2021,12,23
2021-12-23 09:13:00+00:00,179.48,179.48,179.48,179.48,0.9,2021,12,23
2021-12-23 09:14:00+00:00,179.43,179.47,179.34,179.41,367.85,2021,12,23
2021-12-23 09:15:00+00:00,179.43,179.54,179.35,179.35,241.75,2021,12,23
2021-12-23 09:16:00+00:00,179.37,179.55,179.36,179.47,367.45,2021,12,23
2021-12-23 09:17:00+00:00,179.43,179.47,179.33,179.38,148.05,2021,12,23
2021-12-23 09:18:00+00:00,179.38,179.51,179.35,179.44,288.37,2021,12,23
2021-12-23 09:19:00+00:00,179.4,179.63,179.37,179.47,541.59,2021,12,23
2021-12-23 09:20:00+00:00,179.49,179.61,179.39,179.39,619.17,2021,12,23
2021-12-23 09:21:00+00:00,179.4,179.41,179.29,179.41,481.32,2021,12,23
2021-12-23 09:22:00+00:00,179.41,179.41,179.17,179.2,846.37,2021,12,23
2021-12-23 09:23:00+00:00,179.19,179.41,179.08,179.36,2564.08,2021,12,23
2021-12-23 09:24:00+00:00,179.35,179.39,179.31,179.34,144.79,2021,12,23
2021-12-23 09:25:00+00:00,179.34,179.41,179.33,179.38,262.49,2021,12,23
2021-12-23 09:26:00+00:00,179.4,179.4,179.3,179.31,264.53,2021,12,23
2021-12-23 09:27:00+00:00,179.3,179.33,179.04,179.09,606.01,2021,12,23
2021-12-23 09:28:00+00:00,179.08,179.1,178.95,179.09,673.11,2021,12,23
2021-12-23 09:29:00+00:00,179.07,179.07,178.98,178.99,402.05,2021,12,23
2021-12-23 09:30:00+00:00,178.99,179.1,178.93,179.08,695.06,2021,12,23
2021-12-23 09:31:00+00:00,179.06,179.23,179.06,179.22,597.22,2021,12,23
2021-12-23 09:32:00+00:00,179.23,179.25,179.01,179.02,187.07,2021,12,23
2021-12-23 09:33:00+00:00,179.02,179.02,178.65,178.79,442.09,2021,12,23
2021-12-23 09:34:00+00:00,178.8,178.84,178.12,178.17,1604.74,2021,12,23
2021-12-23 09:35:00+00:00,178.16,178.23,178.09,178.2,283.58,2021,12,23
2021-12-23 09:36:00+00:00,178.2,178.58,178.06,178.56,1194.44,2021,12,23
2021-12-23 09:37:00+00:00,178.53,178.54,178.21,178.36,188.51,2021,12,23
2021-12-23 09:38:00+00:00,178.36,178.49,178.26,178.47,302.27,2021,12,23
2021-12-23 09:39:00+00:00,178.46,178.59,178.43,178.48,239.71,2021,12,23
2021-12-23 09:40:00+00:00,178.52,178.94,178.48,178.89,786.67,2021,12,23
2021-12-23 09:41:00+00:00,178.86,179.0,178.85,178.92,543.35,2021,12,23
2021-12-23 09:42:00+00:00,178.87,178.98,178.79,178.8,436.83,2021,12,23
2021-12-23 09:43:00+00:00,178.83,179.01,178.74,178.97,538.61,2021,12,23
2021-12-23 09:44:00+00:00,178.98,179.18,178.93,179.16,766.97,2021,12,23
2021-12-23 09:45:00+00:00,179.17,179.2,179.0,179.07,312.05,2021,12,23
2021-12-23 09:46:00+00:00,179.08,179.19,179.03,179.09,311.97,2021,12,23
2021-12-23 09:47:00+00:00,179.1,179.1,178.6,178.6,642.92,2021,12,23
2021-12-23 09:48:00+00:00,178.6,178.68,178.51,178.57,400.11,2021,12,23
2021-12-23 09:49:00+00:00,178.62,178.62,178.36,178.39,342.76,2021,12,23
2021-12-23 09:50:00+00:00,178.43,178.7,178.38,178.7,132.78,2021,12,23
2021-12-23 09:51:00+00:00,178.71,178.71,178.55,178.65,293.87,2021,12,23
2021-12-23 09:52:00+00:00,178.65,179.02,178.65,178.85,292.23,2021,12,23
2021-12-23 09:53:00+00:00,178.86,179.06,178.84,179.06,174.14,2021,12,23
2021-12-23 09:54:00+00:00,179.07,179.09,178.7,178.74,397.81,2021,12,23
2021-12-23 09:55:00+00:00,178.74,179.04,178.73,179.04,159.09,2021,12,23
2021-12-23 09:56:00+00:00,179.03,179.06,178.75,178.81,281.97,2021,12,23
2021-12-23 09:57:00+00:00,178.8,179.13,178.8,179.09,414.61,2021,12,23
2021-12-23 09:58:00+00:00,179.1,179.31,179.07,179.3,365.26,2021,12,23
2021-12-23 09:59:00+00:00,179.31,179.4,179.07,179.07,500.47,2021,12,23
2021-12-23 10:00:00+00:00,179.06,179.4,179.04,179.35,231.12,2021,12,23
2021-12-23 10:01:00+00:00,179.35,179.5,179.32,179.36,340.51,2021,12,23
2021-12-23 10:02:00+00:00,179.4,179.5,179.29,179.29,224.43,2021,12,23
2021-12-23 10:03:00+00:00,179.31,179.32,179.12,179.18,495.84,2021,12,23
2021-12-23 10:04:00+00:00,179.2,179.35,179.17,179.32,261.85,2021,12,23
2021-12-23 10:05:00+00:00,179.34,179.54,179.3,179.38,210.74,2021,12,23
2021-12-23 10:06:00+00:00,179.37,179.47,179.29,179.47,225.71,2021,12,23
2021-12-23 10:07:00+00:00,179.49,179.54,179.18,179.32,162.39,2021,12,23
2021-12-23 10:08:00+00:00,179.31,179.31,178.99,179.03,558.28,2021,12,23
2021-12-23 10:09:00+00:00,179.0,179.09,178.96,179.05,176.76,2021,12,23
2021-12-23 10:10:00+00:00,179.05,179.3,179.0,179.0,240.14,2021,12,23
2021-12-23 10:11:00+00:00,178.99,179.07,178.94,178.99,465.7,2021,12,23
2021-12-23 10:12:00+00:00,179.0,179.16,178.92,178.93,295.14,2021,12,23
2021-12-23 10:13:00+00:00,178.97,178.99,178.77,178.91,294.94,2021,12,23
2021-12-23 10:14:00+00:00,178.86,178.88,178.37,178.57,1136.44,2021,12,23
2021-12-23 10:15:00+00:00,178.57,178.6,178.3,178.35,407.66,2021,12,23
2021-12-23 10:16:00+00:00,178.38,178.46,178.31,178.33,369.29,2021,12,23
2021-12-23 10:17:00+00:00,178.38,178.59,178.33,178.52,326.35,2021,12,23
2021-12-23 10:18:00+00:00,178.52,178.67,178.38,178.44,375.07,2021,12,23
2021-12-23 10:19:00+00:00,178.45,178.54,178.34,178.42,71.33,2021,12,23
2021-12-23 10:20:00+00:00,178.41,178.41,178.14,178.19,295.28,2021,12,23
2021-12-23 10:21:00+00:00,178.19,178.39,178.18,178.38,90.85,2021,12,23
2021-12-23 10:22:00+00:00,178.39,178.42,178.06,178.16,249.8,2021,12,23
2021-12-23 10:23:00+00:00,178.23,178.48,178.18,178.26,648.36,2021,12,23
2021-12-23 10:24:00+00:00,178.27,178.56,178.27,178.56,769.85,2021,12,23
2021-12-23 10:25:00+00:00,178.59,179.03,178.47,178.93,3852.92,2021,12,23
2021-12-23 10:26:00+00:00,178.95,179.05,178.73,178.81,349.68,2021,12,23
2021-12-23 10:27:00+00:00,178.83,179.01,178.82,178.91,222.8,2021,12,23
2021-12-23 10:28:00+00:00,178.93,179.11,178.77,178.83,434.32,2021,12,23
2021-12-23 10:29:00+00:00,178.83,179.26,178.8,179.26,723.27,2021,12,23
2021-12-23 10:30:00+00:00,179.26,179.3,178.81,178.86,437.55,2021,12,23
2021-12-23 10:31:00+00:00,178.85,178.87,178.58,178.73,1308.73,2021,12,23
2021-12-23 10:32:00+00:00,178.73,178.88,178.7,178.73,1357.67,2021,12,23
2021-12-23 10:33:00+00:00,178.71,178.71,178.49,178.65,237.2,2021,12,23
2021-12-23 10:34:00+00:00,178.68,178.87,178.65,178.79,309.45,2021,12,23
2021-12-23 10:35:00+00:00,178.79,178.89,178.69,178.85,142.09,2021,12,23
2021-12-23 10:36:00+00:00,178.85,179.0,178.7,178.79,333.36,2021,12,23
2021-12-23 10:37:00+00:00,178.78,179.18,178.72,179.04,252.54,2021,12,23
2021-12-23 10:38:00+00:00,179.03,179.06,178.9,178.98,390.28,2021,12,23
2021-12-23 10:39:00+00:00,178.95,179.06,178.84,178.92,176.33,2021,12,23
2021-12-23 10:40:00+00:00,178.94,178.99,178.28,178.3,2649.77,2021,12,23
2021-12-23 10:41:00+00:00,178.33,178.34,177.98,178.07,2929.25,2021,12,23
2021-12-23 10:42:00+00:00,178.1,178.45,177.91,178.3,2549.82,2021,12,23
2021-12-23 10:43:00+00:00,178.35,178.37,178.06,178.06,294.74,2021,12,23
2021-12-23 10:44:00+00:00,178.07,178.28,177.93,178.23,237.87,2021,12,23
2021-12-23 10:45:00+00:00,178.25,178.31,178.17,178.25,165.95,2021,12,23
2021-12-23 10:46:00+00:00,178.25,178.39,177.81,178.14,3727.5,2021,12,23
2021-12-23 10:47:00+00:00,178.16,178.39,178.04,178.32,434.4,2021,12,23
2021-12-23 10:48:00+00:00,178.32,178.43,178.01,178.09,589.36,2021,12,23
2021-12-23 10:49:00+00:00,178.1,178.29,178.06,178.28,175.39,2021,12,23
2021-12-23 10:50:00+00:00,178.26,178.47,178.26,178.45,312.64,2021,12,23
2021-12-23 10:51:00+00:00,178.46,178.75,178.46,178.65,1118.99,2021,12,23
2021-12-23 10:52:00+00:00,178.65,178.92,178.63,178.92,306.65,2021,12,23
2021-12-23 10:53:00+00:00,178.9,178.92,178.77,178.92,373.2,2021,12,23
2021-12-23 10:54:00+00:00,178.89,179.01,178.67,178.77,562.74,2021,12,23
2021-12-23 10:55:00+00:00,178.77,178.89,178.61,178.72,119.57,2021,12,23
2021-12-23 10:56:00+00:00,178.7,178.97,178.68,178.96,772.26,2021,12,23
2021-12-23 10:57:00+00:00,178.92,178.98,178.69,178.79,734.74,2021,12,23
2021-12-23 10:58:00+00:00,178.77,178.88,178.73,178.79,124.18,2021,12,23
2021-12-23 10:59:00+00:00,178.78,178.88,178.6,178.84,815.71,2021,12,23
2021-12-23 11:00:00+00:00,178.86,179.15,178.83,179.12,409.82,2021,12,23
2021-12-23 11:01:00+00:00,179.1,179.24,178.99,179.11,1872.65,2021,12,23
2021-12-23 11:02:00+00:00,179.09,179.13,178.89,179.0,284.65,2021,12,23
2021-12-23 11:03:00+00:00,178.98,179.08,178.93,178.93,206.19,2021,12,23
2021-12-23 11:04:00+00:00,178.97,179.4,178.95,179.33,670.35,2021,12,23
2021-12-23 11:05:00+00:00,179.34,179.5,179.34,179.37,446.25,2021,12,23
2021-12-23 11:06:00+00:00,179.4,179.43,179.3,179.39,332.21,2021,12,23
2021-12-23 11:07:00+00:00,179.35,179.47,179.32,179.45,314.13,2021,12,23
2021-12-23 11:08:00+00:00,179.45,179.72,179.44,179.63,776.17,2021,12,23
2021-12-23 11:09:00+00:00,179.67,179.96,179.55,179.86,2738.47,2021,12,23
2021-12-23 11:10:00+00:00,179.88,180.36,179.86,180.24,4047.06,2021,12,23
2021-12-23 11:11:00+00:00,180.26,180.4,180.2,180.39,725.11,2021,12,23
2021-12-23 11:12:00+00:00,180.39,180.66,180.34,180.38,2370.16,2021,12,23
2021-12-23 11:13:00+00:00,180.38,180.57,180.3,180.31,862.41,2021,12,23
2021-12-23 11:14:00+00:00,180.3,180.32,179.95,180.2,1912.81,2021,12,23
2021-12-23 11:15:00+00:00,180.19,180.29,179.87,179.93,3263.86,2021,12,23
2021-12-23 11:16:00+00:00,179.92,179.92,179.56,179.63,1135.39,2021,12,23
2021-12-23 11:17:00+00:00,179.67,179.74,179.14,179.17,737.53,2021,12,23
2021-12-23 11:18:00+00:00,179.16,179.17,178.92,179.0,721.22,2021,12,23
2021-12-23 11:19:00+00:00,179.0,179.12,178.72,178.82,1717.3,2021,12,23
2021-12-23 11:20:00+00:00,178.81,178.99,178.78,178.9,849.99,2021,12,23
2021-12-23 11:21:00+00:00,178.9,179.01,178.67,178.72,2421.18,2021,12,23
2021-12-23 11:22:00+00:00,178.73,178.89,178.61,178.66,845.15,2021,12,23
2021-12-23 11:23:00+00:00,178.68,178.82,178.65,178.74,239.67,2021,12,23
2021-12-23 11:24:00+00:00,178.75,178.75,178.43,178.54,720.28,2021,12,23
2021-12-23 11:25:00+00:00,178.54,178.78,178.54,178.57,464.27,2021,12,23
2021-12-23 11:26:00+00:00,178.58,178.64,178.49,178.53,191.78,2021,12,23
2021-12-23 11:27:00+00:00,178.53,178.8,178.47,178.8,459.61,2021,12,23
2021-12-23 11:28:00+00:00,178.77,178.97,178.74,178.95,482.09,2021,12,23
2021-12-23 11:29:00+00:00,178.91,178.96,178.6,178.67,414.78,2021,12,23
2021-12-23 11:30:00+00:00,178.67,178.7,178.5,178.5,520.18,2021,12,23
2021-12-23 11:31:00+00:00,178.49,178.5,178.02,178.04,2263.56,2021,12,23
2021-12-23 11:32:00+00:00,178.07,178.15,178.01,178.11,479.05,2021,12,23
2021-12-23 11:33:00+00:00,178.12,178.25,178.03,178.07,599.83,2021,12,23
2021-12-23 11:34:00+00:00,178.06,178.34,177.87,177.91,1020.45,2021,12,23
2021-12-23 11:35:00+00:00,177.9,178.3,177.87,178.26,1030.12,2021,12,23
2021-12-23 11:36:00+00:00,178.27,178.39,178.11,178.17,334.05,2021,12,23
2021-12-23 11:37:00+00:00,178.15,178.22,178.04,178.22,304.29,2021,12,23
2021-12-23 11:38:00+00:00,178.23,178.27,177.89,178.23,938.23,2021,12,23
2021-12-23 11:39:00+00:00,178.22,178.31,178.11,178.31,1373.53,2021,12,23
2021-12-23 11:40:00+00:00,178.33,178.47,178.31,178.42,251.15,2021,12,23
2021-12-23 11:41:00+00:00,178.41,178.54,178.38,178.46,373.47,2021,12,23
2021-12-23 11:42:00+00:00,178.48,178.54,178.31,178.32,334.32,2021,12,23
2021-12-23 11:43:00+00:00,178.31,178.34,178.03,178.08,450.2,2021,12,23
2021-12-23 11:44:00+00:00,178.08,178.22,178.05,178.16,304.11,2021,12,23
2021-12-23 11:45:00+00:00,178.17,178.55,178.14,178.47,468.51,2021,12,23
2021-12-23 11:46:00+00:00,178.47,179.1,178.42,179.03,1279.92,2021,12,23
2021-12-23 11:47:00+00:00,179.03,179.09,178.77,178.92,370.83,2021,12,23
2021-12-23 11:48:00+00:00,178.96,179.11,178.9,178.99,529.28,2021,12,23
2021-12-23 11:49:00+00:00,179.05,179.05,178.88,178.93,218.9,2021,12,23
2021-12-23 11:50:00+00:00,178.88,179.18,178.75,179.15,320.4,2021,12,23
2021-12-23 11:51:00+00:00,179.17,179.2,178.96,179.02,555.26,2021,12,23
2021-12-23 11:52:00+00:00,179.01,179.24,178.95,179.24,318.16,2021,12,23
2021-12-23 11:53:00+00:00,179.24,179.3,178.97,178.97,495.87,2021,12,23
2021-12-23 11:54:00+00:00,178.94,179.25,178.94,179.05,389.16,2021,12,23
2021-12-23 11:55:00+00:00,179.05,179.35,179.05,179.23,721.47,2021,12,23
2021-12-23 11:56:00+00:00,179.27,179.28,179.0,179.08,172.82,2021,12,23
2021-12-23 11:57:00+00:00,179.05,179.1,178.99,179.05,276.5,2021,12,23
2021-12-23 11:58:00+00:00,179.03,179.17,179.0,179.09,259.2,2021,12,23
2021-12-23 11:59:00+00:00,179.09,179.2,178.87,179.02,539.53,2021,12,23
2021-12-23 12:00:00+00:00,179.02,179.39,179.01,179.28,343.92,2021,12,23
2021-12-23 12:01:00+00:00,179.29,179.29,179.02,179.08,469.32,2021,12,23
2021-12-23 12:02:00+00:00,179.05,179.12,178.87,179.08,317.53,2021,12,23
2021-12-23 12:03:00+00:00,179.06,179.13,178.69,178.82,747.97,2021,12,23
2021-12-23 12:04:00+00:00,178.82,178.88,178.55,178.73,1451.14,2021,12,23
2021-12-23 12:05:00+00:00,178.71,179.02,178.69,179.02,536.38,2021,12,23
2021-12-23 12:06:00+00:00,179.02,179.04,178.92,178.95,174.08,2021,12,23
2021-12-23 12:07:00+00:00,178.95,179.06,178.87,179.02,368.46,2021,12,23
2021-12-23 12:08:00+00:00,179.03,179.03,178.6,178.65,286.26,2021,12,23
2021-12-23 12:09:00+00:00,178.67,178.98,178.66,178.89,334.81,2021,12,23
2021-12-23 12:10:00+00:00,178.92,179.0,178.61,178.77,826.48,2021,12,23
2021-12-23 12:11:00+00:00,178.74,178.94,178.68,178.74,689.83,2021,12,23
2021-12-23 12:12:00+00:00,178.72,178.95,178.69,178.9,212.96,2021,12,23
2021-12-23 12:13:00+00:00,178.92,179.04,178.74,178.74,427.97,2021,12,23
2021-12-23 12:14:00+00:00,178.74,178.74,178.62,178.73,169.26,2021,12,23
2021-12-23 12:15:00+00:00,178.73,179.03,178.72,179.03,361.04,2021,12,23
2021-12-23 12:16:00+00:00,178.99,179.0,178.34,178.41,1507.21,2021,12,23
2021-12-23 12:17:00+00:00,178.41,178.46,178.18,178.24,715.33,2021,12,23
2021-12-23 12:18:00+00:00,178.24,178.44,178.04,178.04,1032.34,2021,12,23
2021-12-23 12:19:00+00:00,178.06,178.12,177.92,178.07,1984.55,2021,12,23
2021-12-23 12:20:00+00:00,178.07,178.09,177.89,178.08,628.56,2021,12,23
2021-12-23 12:21:00+00:00,178.07,178.07,177.83,178.06,406.79,2021,12,23
2021-12-23 12:22:00+00:00,178.08,178.12,177.87,178.01,1488.31,2021,12,23
2021-12-23 12:23:00+00:00,177.97,178.02,177.58,177.69,1488.38,2021,12,23
2021-12-23 12:24:00+00:00,177.72,178.03,177.72,177.92,530.96,2021,12,23
2021-12-23 12:25:00+00:00,177.92,178.27,177.85,178.21,180.46,2021,12,23
2021-12-23 12:26:00+00:00,178.21,178.3,178.12,178.23,275.8,2021,12,23
2021-12-23 12:27:00+00:00,178.22,178.31,178.19,178.22,424.45,2021,12,23
2021-12-23 12:28:00+00:00,178.21,178.46,178.19,178.39,361.05,2021,12,23
2021-12-23 12:29:00+00:00,178.39,178.58,178.27,178.41,376.37,2021,12,23
2021-12-23 12:30:00+00:00,178.45,178.61,178.42,178.61,285.07,2021,12,23
2021-12-23 12:31:00+00:00,178.59,178.74,178.59,178.69,215.2,2021,12,23
2021-12-23 12:32:00+00:00,178.68,178.79,178.5,178.71,669.59,2021,12,23
2021-12-23 12:33:00+00:00,178.73,178.86,178.68,178.78,670.27,2021,12,23
2021-12-23 12:34:00+00:00,178.86,178.92,178.73,178.91,285.92,2021,12,23
2021-12-23 12:35:00+00:00,178.91,179.28,178.88,179.05,755.63,2021,12,23
2021-12-23 12:36:00+00:00,179.05,179.13,178.93,178.97,236.24,2021,12,23
2021-12-23 12:37:00+00:00,178.98,179.12,178.87,179.08,799.21,2021,12,23
2021-12-23 12:38:00+00:00,179.1,179.2,178.91,179.09,672.89,2021,12,23
2021-12-23 12:39:00+00:00,179.05,179.1,178.94,179.01,705.62,2021,12,23
2021-12-23 12:40:00+00:00,179.02,179.2,178.96,179.14,133.71,2021,12,23
2021-12-23 12:41:00+00:00,179.11,179.28,179.03,179.09,2329.86,2021,12,23
2021-12-23 12:42:00+00:00,179.09,179.1,178.66,178.77,1969.67,2021,12,23
2021-12-23 12:43:00+00:00,178.77,178.98,178.77,178.9,616.91,2021,12,23
2021-12-23 12:44:00+00:00,178.9,178.99,178.78,178.89,402.01,2021,12,23
2021-12-23 12:45:00+00:00,178.88,179.11,178.87,178.98,805.12,2021,12,23
2021-12-23 12:46:00+00:00,178.98,179.15,178.78,178.96,827.1,2021,12,23
2021-12-23 12:47:00+00:00,178.96,179.25,178.86,179.25,470.99,2021,12,23
2021-12-23 12:48:00+00:00,179.25,179.33,179.01,179.03,590.82,2021,12,23
2021-12-23 12:49:00+00:00,179.06,179.14,178.94,179.12,984.54,2021,12,23
2021-12-23 12:50:00+00:00,179.12,179.12,178.9,178.96,420.05,2021,12,23
2021-12-23 12:51:00+00:00,178.93,178.98,178.74,178.74,508.06,2021,12,23
2021-12-23 12:52:00+00:00,178.74,178.82,178.74,178.81,98.24,2021,12,23
2021-12-23 12:53:00+00:00,178.8,178.81,178.69,178.72,306.08,2021,12,23
2021-12-23 12:54:00+00:00,178.75,179.19,178.75,179.12,411.18,2021,12,23
2021-12-23 12:55:00+00:00,179.12,179.17,178.92,179.15,295.91,2021,12,23
2021-12-23 12:56:00+00:00,179.15,179.23,179.13,179.21,411.22,2021,12,23
2021-12-23 12:57:00+00:00,179.21,179.21,178.47,178.47,1448.83,2021,12,23
2021-12-23 12:58:00+00:00,178.5,178.71,178.48,178.66,503.44,2021,12,23
2021-12-23 12:59:00+00:00,178.65,178.65,178.38,178.57,767.78,2021,12,23
2021-12-23 13:00:00+00:00,178.58,178.97,178.58,178.85,391.06,2021,12,23
2021-12-23 13:01:00+00:00,178.86,179.01,178.79,178.85,207.66,2021,12,23
2021-12-23 13:02:00+00:00,178.84,178.98,178.8,178.82,514.7,2021,12,23
2021-12-23 13:03:00+00:00,178.82,179.15,178.67,179.15,357.35,2021,12,23
2021-12-23 13:04:00+00:00,179.15,179.29,179.05,179.09,458.34,2021,12,23
2021-12-23 13:05:00+00:00,179.07,179.14,178.97,179.12,540.64,2021,12,23
2021-12-23 13:06:00+00:00,179.1,179.18,179.0,179.09,611.87,2021,12,23
2021-12-23 13:07:00+00:00,179.12,179.31,179.09,179.25,464.86,2021,12,23
2021-12-23 13:08:00+00:00,179.25,179.78,179.25,179.65,1940.74,2021,12,23
2021-12-23 13:09:00+00:00,179.69,180.25,179.58,180.13,3113.29,2021,12,23
2021-12-23 13:10:00+00:00,180.15,180.22,179.93,180.08,1660.95,2021,12,23
2021-12-23 13:11:00+00:00,180.09,180.15,179.91,180.1,735.94,2021,12,23
2021-12-23 13:12:00+00:00,180.11,180.2,179.8,179.91,1251.4,2021,12,23
2021-12-23 13:13:00+00:00,179.93,180.1,179.68,179.72,408.8,2021,12,23
2021-12-23 13:14:00+00:00,179.7,179.87,179.28,179.38,1828.1,2021,12,23
2021-12-23 13:15:00+00:00,179.38,179.63,179.38,179.55,307.52,2021,12,23
2021-12-23 13:16:00+00:00,179.55,179.87,179.53,179.79,248.87,2021,12,23
2021-12-23 13:17:00+00:00,179.76,179.76,179.51,179.68,400.0,2021,12,23
2021-12-23 13:18:00+00:00,179.68,179.93,179.62,179.78,678.84,2021,12,23
2021-12-23 13:19:00+00:00,179.83,179.88,179.76,179.83,177.96,2021,12,23
2021-12-23 13:20:00+00:00,179.84,179.84,179.45,179.51,633.79,2021,12,23
2021-12-23 13:21:00+00:00,179.51,179.64,179.36,179.47,1075.86,2021,12,23
2021-12-23 13:22:00+00:00,179.47,180.02,179.46,179.82,1583.7,2021,12,23
2021-12-23 13:23:00+00:00,179.79,179.93,179.7,179.92,243.32,2021,12,23
2021-12-23 13:24:00+00:00,179.93,179.99,179.76,179.87,222.3,2021,12,23
2021-12-23 13:25:00+00:00,179.87,179.92,179.78,179.83,498.96,2021,12,23
2021-12-23 13:26:00+00:00,179.84,179.88,179.64,179.68,1425.91,2021,12,23
2021-12-23 13:27:00+00:00,179.68,179.75,179.54,179.69,820.94,2021,12,23
2021-12-23 13:28:00+00:00,179.7,180.0,179.65,179.88,1117.16,2021,12,23
2021-12-23 13:29:00+00:00,179.91,180.05,179.91,179.99,540.14,2021,12,23
2021-12-23 13:30:00+00:00,179.98,180.04,179.58,179.68,966.97,2021,12,23
2021-12-23 13:31:00+00:00,179.67,179.96,179.66,179.77,809.95,2021,12,23
2021-12-23 13:32:00+00:00,179.78,179.93,179.73,179.92,1398.14,2021,12,23
2021-12-23 13:33:00+00:00,179.93,179.95,179.73,179.73,701.68,2021,12,23
2021-12-23 13:34:00+00:00,179.72,179.81,179.59,179.8,1396.07,2021,12,23
2021-12-23 13:35:00+00:00,179.8,179.96,179.74,179.91,636.0,2021,12,23
2021-12-23 13:36:00+00:00,179.91,179.98,179.77,179.9,952.04,2021,12,23
2021-12-23 13:37:00+00:00,179.9,179.95,179.81,179.81,762.69,2021,12,23
2021-12-23 13:38:00+00:00,179.81,180.15,179.75,180.01,689.89,2021,12,23
2021-12-23 13:39:00+00:00,180.01,180.16,180.0,180.16,456.88,2021,12,23
2021-12-23 13:40:00+00:00,180.15,180.19,179.93,180.02,744.44,2021,12,23
2021-12-23 13:41:00+00:00,180.03,180.1,179.85,179.87,1081.94,2021,12,23
2021-12-23 13:42:00+00:00,179.9,179.93,179.72,179.76,518.57,2021,12,23
2021-12-23 13:43:00+00:00,179.75,179.98,179.72,179.98,168.52,2021,12,23
2021-12-23 13:44:00+00:00,179.97,180.0,179.8,179.81,329.54,2021,12,23
2021-12-23 13:45:00+00:00,179.8,180.0,179.8,179.9,829.88,2021,12,23
2021-12-23 13:46:00+00:00,179.9,180.02,179.8,179.8,1386.5,2021,12,23
2021-12-23 13:47:00+00:00,179.79,179.82,179.7,179.76,313.92,2021,12,23
2021-12-23 13:48:00+00:00,179.75,179.89,179.74,179.81,410.86,2021,12,23
2021-12-23 13:49:00+00:00,179.82,179.85,179.67,179.74,406.05,2021,12,23
2021-12-23 13:50:00+00:00,179.77,179.92,179.77,179.91,124.95,2021,12,23
2021-12-23 13:51:00+00:00,179.88,180.03,179.8,179.97,151.82,2021,12,23
2021-12-23 13:52:00+00:00,179.99,180.12,179.86,179.92,421.76,2021,12,23
2021-12-23 13:53:00+00:00,179.9,179.9,179.75,179.87,235.97,2021,12,23
2021-12-23 13:54:00+00:00,179.87,179.97,179.84,179.93,421.87,2021,12,23
2021-12-23 13:55:00+00:00,179.92,180.09,179.9,180.06,480.24,2021,12,23
2021-12-23 13:56:00+00:00,180.07,180.15,179.69,179.83,863.58,2021,12,23
2021-12-23 13:57:00+00:00,179.84,180.03,179.77,180.01,867.41,2021,12,23
2021-12-23 13:58:00+00:00,179.97,180.01,179.72,179.87,443.35,2021,12,23
2021-12-23 13:59:00+00:00,179.88,179.9,179.59,179.7,629.62,2021,12,23
2021-12-23 14:00:00+00:00,179.76,180.0,179.56,179.99,776.62,2021,12,23
2021-12-23 14:01:00+00:00,180.0,180.1,179.99,180.1,313.66,2021,12,23
2021-12-23 14:02:00+00:00,180.08,180.1,179.93,180.05,1372.78,2021,12,23
2021-12-23 14:03:00+00:00,180.06,180.12,180.0,180.02,509.02,2021,12,23
2021-12-23 14:04:00+00:00,180.02,180.38,179.98,180.31,773.58,2021,12,23
2021-12-23 14:05:00+00:00,180.31,180.4,180.23,180.33,759.18,2021,12,23
2021-12-23 14:06:00+00:00,180.31,180.48,180.22,180.33,535.02,2021,12,23
2021-12-23 14:07:00+00:00,180.36,180.41,180.22,180.41,240.52,2021,12,23
2021-12-23 14:08:00+00:00,180.4,180.52,180.37,180.5,491.62,2021,12,23
2021-12-23 14:09:00+00:00,180.5,180.72,180.49,180.6,1129.21,2021,12,23
2021-12-23 14:10:00+00:00,180.6,180.8,180.55,180.77,1064.91,2021,12,23
2021-12-23 14:11:00+00:00,180.77,181.0,180.72,180.82,1411.76,2021,12,23
2021-12-23 14:12:00+00:00,180.81,181.0,180.81,180.88,1012.37,2021,12,23
2021-12-23 14:13:00+00:00,180.88,180.95,180.82,180.89,1376.77,2021,12,23
2021-12-23 14:14:00+00:00,180.89,181.07,180.88,180.93,1330.69,2021,12,23
2021-12-23 14:15:00+00:00,180.93,180.95,180.73,180.94,694.01,2021,12,23
2021-12-23 14:16:00+00:00,180.9,181.06,180.8,180.99,618.28,2021,12,23
2021-12-23 14:17:00+00:00,181.0,181.14,180.81,180.89,812.04,2021,12,23
2021-12-23 14:18:00+00:00,180.89,180.96,180.61,180.63,895.12,2021,12,23
2021-12-23 14:19:00+00:00,180.6,180.68,180.24,180.25,1191.96,2021,12,23
2021-12-23 14:20:00+00:00,180.25,180.32,180.05,180.25,1451.32,2021,12,23
2021-12-23 14:21:00+00:00,180.24,180.25,180.03,180.09,285.17,2021,12,23
2021-12-23 14:22:00+00:00,180.08,180.18,180.03,180.12,863.06,2021,12,23
2021-12-23 14:23:00+00:00,180.07,180.17,180.0,180.13,566.71,2021,12,23
2021-12-23 14:24:00+00:00,180.13,180.17,179.77,179.92,1569.92,2021,12,23
2021-12-23 14:25:00+00:00,179.9,180.16,179.9,179.99,1551.61,2021,12,23
2021-12-23 14:26:00+00:00,179.99,180.09,179.68,179.7,902.92,2021,12,23
2021-12-23 14:27:00+00:00,179.7,179.78,179.55,179.68,1114.82,2021,12,23
2021-12-23 14:28:00+00:00,179.67,179.76,179.56,179.73,361.59,2021,12,23
2021-12-23 14:29:00+00:00,179.75,179.83,179.66,179.75,556.09,2021,12,23
2021-12-23 14:30:00+00:00,179.75,179.92,179.55,179.61,935.74,2021,12,23
2021-12-23 14:31:00+00:00,179.6,179.6,179.36,179.39,648.13,2021,12,23
2021-12-23 14:32:00+00:00,179.39,179.56,179.24,179.5,941.38,2021,12,23
2021-12-23 14:33:00+00:00,179.51,179.53,179.38,179.45,191.71,2021,12,23
2021-12-23 14:34:00+00:00,179.45,179.53,179.31,179.36,462.32,2021,12,23
2021-12-23 14:35:00+00:00,179.37,179.72,179.37,179.58,997.4,2021,12,23
2021-12-23 14:36:00+00:00,179.58,179.66,179.42,179.51,919.98,2021,12,23
2021-12-23 14:37:00+00:00,179.51,179.6,179.33,179.56,594.53,2021,12,23
2021-12-23 14:38:00+00:00,179.5,179.66,179.46,179.6,537.01,2021,12,23
2021-12-23 14:39:00+00:00,179.61,179.67,179.34,179.36,660.23,2021,12,23
2021-12-23 14:40:00+00:00,179.35,179.55,179.23,179.24,1183.72,2021,12,23
2021-12-23 14:41:00+00:00,179.22,179.37,179.18,179.35,562.77,2021,12,23
2021-12-23 14:42:00+00:00,179.35,179.39,179.28,179.34,305.54,2021,12,23
2021-12-23 14:43:00+00:00,179.33,180.17,179.33,180.04,10580.1,2021,12,23
2021-12-23 14:44:00+00:00,180.05,180.09,179.9,180.06,730.87,2021,12,23
2021-12-23 14:45:00+00:00,180.06,180.09,179.61,179.63,1756.36,2021,12,23
2021-12-23 14:46:00+00:00,179.64,179.69,179.35,179.5,1773.8,2021,12,23
2021-12-23 14:47:00+00:00,179.51,179.54,179.2,179.2,622.61,2021,12,23
2021-12-23 14:48:00+00:00,179.21,179.21,178.93,178.94,1206.05,2021,12,23
2021-12-23 14:49:00+00:00,178.93,178.93,178.63,178.71,777.05,2021,12,23
2021-12-23 14:50:00+00:00,178.71,178.94,178.7,178.77,576.27,2021,12,23
2021-12-23 14:51:00+00:00,178.78,178.87,178.74,178.83,505.07,2021,12,23
2021-12-23 14:52:00+00:00,178.83,179.0,178.83,178.91,436.95,2021,12,23
2021-12-23 14:53:00+00:00,178.97,179.02,178.76,178.81,547.6,2021,12,23
2021-12-23 14:54:00+00:00,178.84,179.01,178.77,178.79,410.8,2021,12,23
2021-12-23 14:55:00+00:00,178.8,178.82,178.6,178.78,967.47,2021,12,23
2021-12-23 14:56:00+00:00,178.79,179.03,178.78,178.97,577.93,2021,12,23
2021-12-23 14:57:00+00:00,178.98,179.05,178.81,178.92,561.42,2021,12,23
2021-12-23 14:58:00+00:00,178.92,179.06,178.91,178.93,223.63,2021,12,23
2021-12-23 14:59:00+00:00,178.92,179.09,178.91,179.03,374.66,2021,12,23
2021-12-23 15:00:00+00:00,179.02,179.2,179.0,179.2,148.62,2021,12,23
2021-12-23 15:01:00+00:00,179.2,179.45,179.16,179.41,452.21,2021,12,23
2021-12-23 15:02:00+00:00,179.39,179.41,177.48,178.83,16780.84,2021,12,23
2021-12-23 15:03:00+00:00,178.84,178.96,178.67,178.94,1163.36,2021,12,23
2021-12-23 15:04:00+00:00,178.92,179.05,178.8,178.84,502.09,2021,12,23
2021-12-23 15:05:00+00:00,178.84,179.13,178.84,178.96,873.88,2021,12,23
2021-12-23 15:06:00+00:00,178.97,179.21,178.97,179.21,395.71,2021,12,23
2021-12-23 15:07:00+00:00,179.22,179.38,179.18,179.21,1346.88,2021,12,23
2021-12-23 15:08:00+00:00,179.22,179.27,178.8,178.97,1417.2,2021,12,23
2021-12-23 15:09:00+00:00,179.0,179.06,178.86,179.0,501.49,2021,12,23
2021-12-23 15:10:00+00:00,179.0,179.09,178.93,179.04,445.63,2021,12,23
2021-12-23 15:11:00+00:00,179.03,179.11,178.94,179.1,732.52,2021,12,23
2021-12-23 15:12:00+00:00,179.1,179.34,179.02,179.3,584.11,2021,12,23
2021-12-23 15:13:00+00:00,179.33,179.63,179.21,179.36,2915.05,2021,12,23
2021-12-23 15:14:00+00:00,179.38,179.51,179.34,179.48,775.91,2021,12,23
2021-12-23 15:15:00+00:00,179.48,179.56,179.34,179.49,661.06,2021,12,23
2021-12-23 15:16:00+00:00,179.49,179.55,179.35,179.47,1610.79,2021,12,23
2021-12-23 15:17:00+00:00,179.5,179.58,179.43,179.58,346.9,2021,12,23
2021-12-23 15:18:00+00:00,179.56,179.8,179.56,179.76,628.51,2021,12,23
2021-12-23 15:19:00+00:00,179.75,179.83,179.7,179.82,520.63,2021,12,23
2021-12-23 15:20:00+00:00,179.82,179.87,179.7,179.75,1326.08,2021,12,23
2021-12-23 15:21:00+00:00,179.77,179.84,179.74,179.78,358.48,2021,12,23
2021-12-23 15:22:00+00:00,179.78,179.86,179.77,179.77,630.64,2021,12,23
2021-12-23 15:23:00+00:00,179.76,179.78,179.57,179.7,949.6,2021,12,23
2021-12-23 15:24:00+00:00,179.69,179.89,179.6,179.89,370.54,2021,12,23
2021-12-23 15:25:00+00:00,179.86,179.86,179.59,179.59,916.38,2021,12,23
2021-12-23 15:26:00+00:00,179.63,179.74,179.58,179.7,466.28,2021,12,23
2021-12-23 15:27:00+00:00,179.69,179.75,179.67,179.74,296.86,2021,12,23
2021-12-23 15:28:00+00:00,179.74,179.81,179.7,179.8,286.26,2021,12,23
2021-12-23 15:29:00+00:00,179.79,179.91,179.78,179.82,756.88,2021,12,23
2021-12-23 15:30:00+00:00,179.81,179.92,179.75,179.87,938.49,2021,12,23
2021-12-23 15:31:00+00:00,179.88,180.23,179.81,180.0,4035.06,2021,12,23
2021-12-23 15:32:00+00:00,179.97,180.1,179.89,179.97,3225.11,2021,12,23
2021-12-23 15:33:00+00:00,179.99,180.1,179.94,180.02,373.38,2021,12,23
2021-12-23 15:34:00+00:00,180.02,180.05,179.86,180.05,538.46,2021,12,23
2021-12-23 15:35:00+00:00,180.05,180.09,179.87,179.9,516.83,2021,12,23
2021-12-23 15:36:00+00:00,179.9,180.03,179.89,179.97,475.52,2021,12,23
2021-12-23 15:37:00+00:00,179.97,179.99,179.84,179.94,415.03,2021,12,23
2021-12-23 15:38:00+00:00,179.95,180.02,179.83,179.84,514.45,2021,12,23
2021-12-23 15:39:00+00:00,179.85,180.01,179.75,179.81,852.49,2021,12,23
2021-12-23 15:40:00+00:00,179.81,179.86,179.7,179.81,446.56,2021,12,23
2021-12-23 15:41:00+00:00,179.82,179.86,179.7,179.81,168.08,2021,12,23
2021-12-23 15:42:00+00:00,179.82,180.0,179.68,179.97,625.15,2021,12,23
2021-12-23 15:43:00+00:00,179.97,179.99,179.91,179.98,207.06,2021,12,23
2021-12-23 15:44:00+00:00,179.98,180.08,179.82,179.99,714.33,2021,12,23
2021-12-23 15:45:00+00:00,179.99,180.07,179.94,179.98,311.9,2021,12,23
2021-12-23 15:46:00+00:00,179.99,180.04,179.88,179.99,582.38,2021,12,23
2021-12-23 15:47:00+00:00,179.97,180.0,179.65,179.68,1098.64,2021,12,23
2021-12-23 15:48:00+00:00,179.68,179.74,179.63,179.7,251.7,2021,12,23
2021-12-23 15:49:00+00:00,179.69,179.79,179.63,179.73,198.42,2021,12,23
2021-12-23 15:50:00+00:00,179.74,179.97,179.71,179.97,386.99,2021,12,23
2021-12-23 15:51:00+00:00,179.97,179.98,179.87,179.94,266.95,2021,12,23
2021-12-23 15:52:00+00:00,179.94,180.06,179.91,180.04,1170.85,2021,12,23
2021-12-23 15:53:00+00:00,180.03,180.34,180.0,180.28,1915.72,2021,12,23
2021-12-23 15:54:00+00:00,180.32,180.33,180.07,180.18,540.9,2021,12,23
2021-12-23 15:55:00+00:00,180.2,180.44,180.18,180.3,1437.24,2021,12,23
2021-12-23 15:56:00+00:00,180.29,180.29,180.17,180.23,2244.56,2021,12,23
2021-12-23 15:57:00+00:00,180.22,180.45,180.02,180.42,2196.89,2021,12,23
2021-12-23 15:58:00+00:00,180.41,180.8,180.33,180.66,2246.1,2021,12,23
2021-12-23 15:59:00+00:00,180.66,180.95,180.6,180.94,2163.78,2021,12,23
2021-12-23 16:00:00+00:00,180.94,181.3,180.9,181.11,3107.96,2021,12,23
2021-12-23 16:01:00+00:00,181.13,181.41,180.93,181.32,2993.37,2021,12,23
2021-12-23 16:02:00+00:00,181.33,181.38,181.0,181.09,1209.29,2021,12,23
2021-12-23 16:03:00+00:00,181.09,181.68,181.0,181.49,4257.14,2021,12,23
2021-12-23 16:04:00+00:00,181.48,181.75,181.42,181.57,1621.18,2021,12,23
2021-12-23 16:05:00+00:00,181.58,181.8,181.55,181.61,893.67,2021,12,23
2021-12-23 16:06:00+00:00,181.62,181.88,181.52,181.54,2004.17,2021,12,23
2021-12-23 16:07:00+00:00,181.58,181.8,181.49,181.77,3051.93,2021,12,23
2021-12-23 16:08:00+00:00,181.76,181.86,181.69,181.75,858.1,2021,12,23
2021-12-23 16:09:00+00:00,181.75,181.75,181.22,181.4,1343.43,2021,12,23
2021-12-23 16:10:00+00:00,181.39,181.64,181.38,181.56,690.58,2021,12,23
2021-12-23 16:11:00+00:00,181.58,181.95,181.46,181.46,2199.2,2021,12,23
2021-12-23 16:12:00+00:00,181.46,181.71,181.46,181.71,260.61,2021,12,23
2021-12-23 16:13:00+00:00,181.7,181.71,181.39,181.43,695.94,2021,12,23
2021-12-23 16:14:00+00:00,181.42,181.43,181.15,181.18,804.75,2021,12,23
2021-12-23 16:15:00+00:00,181.18,181.39,181.17,181.29,810.86,2021,12,23
2021-12-23 16:16:00+00:00,181.27,181.68,181.25,181.57,1144.91,2021,12,23
2021-12-23 16:17:00+00:00,181.54,181.73,181.44,181.67,1112.84,2021,12,23
2021-12-23 16:18:00+00:00,181.67,181.75,181.55,181.62,1284.39,2021,12,23
2021-12-23 16:19:00+00:00,181.62,181.76,181.6,181.67,452.84,2021,12,23
2021-12-23 16:20:00+00:00,181.67,181.79,181.66,181.71,3096.84,2021,12,23
2021-12-23 16:21:00+00:00,181.71,181.93,181.67,181.77,3909.11,2021,12,23
2021-12-23 16:22:00+00:00,181.75,181.77,181.42,181.47,875.87,2021,12,23
2021-12-23 16:23:00+00:00,181.46,181.56,181.36,181.45,827.48,2021,12,23
2021-12-23 16:24:00+00:00,181.47,181.76,181.34,181.43,1354.29,2021,12,23
2021-12-23 16:25:00+00:00,181.38,181.43,181.28,181.34,353.36,2021,12,23
2021-12-23 16:26:00+00:00,181.35,181.39,181.11,181.16,414.9,2021,12,23
2021-12-23 16:27:00+00:00,181.15,181.18,180.83,180.88,1518.82,2021,12,23
2021-12-23 16:28:00+00:00,180.89,180.97,180.58,180.61,815.88,2021,12,23
2021-12-23 16:29:00+00:00,180.6,180.72,180.58,180.6,444.7,2021,12,23
2021-12-23 16:30:00+00:00,180.6,180.74,180.58,180.69,798.42,2021,12,23
2021-12-23 16:31:00+00:00,180.68,180.72,180.41,180.55,834.78,2021,12,23
2021-12-23 16:32:00+00:00,180.55,180.64,180.47,180.52,606.62,2021,12,23
2021-12-23 16:33:00+00:00,180.56,180.57,180.3,180.3,1014.24,2021,12,23
2021-12-23 16:34:00+00:00,180.3,180.32,180.1,180.27,1727.18,2021,12,23
2021-12-23 16:35:00+00:00,180.24,180.44,180.2,180.31,515.06,2021,12,23
2021-12-23 16:36:00+00:00,180.31,180.44,180.27,180.44,267.24,2021,12,23
2021-12-23 16:37:00+00:00,180.43,180.73,180.34,180.39,1322.55,2021,12,23
2021-12-23 16:38:00+00:00,180.37,180.58,180.37,180.53,560.64,2021,12,23
2021-12-23 16:39:00+00:00,180.53,180.76,180.53,180.75,313.59,2021,12,23
2021-12-23 16:40:00+00:00,180.77,180.87,180.6,180.65,451.5,2021,12,23
2021-12-23 16:41:00+00:00,180.66,180.86,180.64,180.8,345.2,2021,12,23
2021-12-23 16:42:00+00:00,180.79,180.88,180.49,180.56,523.66,2021,12,23
2021-12-23 16:43:00+00:00,180.54,181.64,180.45,181.63,5318.67,2021,12,23
2021-12-23 16:44:00+00:00,181.61,181.82,181.55,181.78,1100.0,2021,12,23
2021-12-23 16:45:00+00:00,181.78,182.15,181.76,182.12,2673.65,2021,12,23
2021-12-23 16:46:00+00:00,182.13,182.6,182.07,182.41,3070.26,2021,12,23
2021-12-23 16:47:00+00:00,182.4,182.96,182.39,182.84,4960.41,2021,12,23
2021-12-23 16:48:00+00:00,182.84,182.96,182.27,182.28,3733.81,2021,12,23
2021-12-23 16:49:00+00:00,182.28,182.36,181.88,182.09,2250.49,2021,12,23
2021-12-23 16:50:00+00:00,182.1,182.49,182.06,182.47,705.3,2021,12,23
2021-12-23 16:51:00+00:00,182.47,182.97,182.38,182.83,3313.0,2021,12,23
2021-12-23 16:52:00+00:00,182.82,182.91,182.6,182.82,1133.17,2021,12,23
2021-12-23 16:53:00+00:00,182.77,183.2,182.72,182.94,1819.62,2021,12,23
2021-12-23 16:54:00+00:00,182.94,183.36,182.87,183.35,1348.23,2021,12,23
2021-12-23 16:55:00+00:00,183.34,183.53,183.21,183.34,3330.49,2021,12,23
2021-12-23 16:56:00+00:00,183.32,183.71,183.28,183.65,2516.39,2021,12,23
2021-12-23 16:57:00+00:00,183.66,184.3,183.55,184.2,6625.01,2021,12,23
2021-12-23 16:58:00+00:00,184.19,184.31,184.0,184.18,3281.39,2021,12,23
2021-12-23 16:59:00+00:00,184.18,184.29,184.0,184.28,2277.04,2021,12,23
2021-12-23 17:00:00+00:00,184.3,184.42,184.18,184.18,952.93,2021,12,23
2021-12-23 17:01:00+00:00,184.21,184.33,183.39,183.45,3820.95,2021,12,23
2021-12-23 17:02:00+00:00,183.4,183.44,182.91,183.07,2566.85,2021,12,23
2021-12-23 17:03:00+00:00,183.06,183.68,182.96,183.56,3740.34,2021,12,23
2021-12-23 17:04:00+00:00,183.55,183.79,183.24,183.31,723.03,2021,12,23
2021-12-23 17:05:00+00:00,183.31,183.79,183.29,183.65,1257.54,2021,12,23
2021-12-23 17:06:00+00:00,183.65,183.7,183.31,183.53,948.47,2021,12,23
2021-12-23 17:07:00+00:00,183.53,183.6,183.24,183.34,879.52,2021,12,23
2021-12-23 17:08:00+00:00,183.34,183.35,183.0,183.18,880.68,2021,12,23
2021-12-23 17:09:00+00:00,183.18,183.63,183.11,183.45,1980.46,2021,12,23
2021-12-23 17:10:00+00:00,183.45,183.52,182.95,183.13,2440.1,2021,12,23
2021-12-23 17:11:00+00:00,183.14,183.39,183.0,183.32,515.21,2021,12,23
2021-12-23 17:12:00+00:00,183.28,183.53,183.17,183.17,719.05,2021,12,23
2021-12-23 17:13:00+00:00,183.17,183.31,183.12,183.27,869.75,2021,12,23
2021-12-23 17:14:00+00:00,183.26,183.42,183.08,183.19,1619.6,2021,12,23
2021-12-23 17:15:00+00:00,183.2,183.66,183.17,183.63,1530.19,2021,12,23
2021-12-23 17:16:00+00:00,183.63,183.91,183.55,183.91,588.66,2021,12,23
2021-12-23 17:17:00+00:00,183.9,183.98,183.75,183.76,1115.21,2021,12,23
2021-12-23 17:18:00+00:00,183.76,183.76,183.48,183.58,870.61,2021,12,23
2021-12-23 17:19:00+00:00,183.58,183.89,183.57,183.67,1153.25,2021,12,23
2021-12-23 17:20:00+00:00,183.68,183.84,183.65,183.72,307.82,2021,12,23
2021-12-23 17:21:00+00:00,183.71,183.78,183.35,183.38,905.64,2021,12,23
2021-12-23 17:22:00+00:00,183.38,183.78,183.38,183.78,376.33,2021,12,23
2021-12-23 17:23:00+00:00,183.77,184.11,183.69,183.83,2977.29,2021,12,23
2021-12-23 17:24:00+00:00,183.84,183.97,183.71,183.81,952.04,2021,12,23
2021-12-23 17:25:00+00:00,183.81,183.96,183.7,183.85,519.61,2021,12,23
2021-12-23 17:26:00+00:00,183.82,183.97,183.71,183.76,505.29,2021,12,23
2021-12-23 17:27:00+00:00,183.76,183.78,183.49,183.67,942.44,2021,12,23
2021-12-23 17:28:00+00:00,183.66,183.78,183.55,183.7,633.45,2021,12,23
2021-12-23 17:29:00+00:00,183.7,183.82,183.6,183.65,656.81,2021,12,23
2021-12-23 17:30:00+00:00,183.66,183.8,183.62,183.78,543.38,2021,12,23
2021-12-23 17:31:00+00:00,183.77,184.32,183.69,184.32,1697.69,2021,12,23
2021-12-23 17:32:00+00:00,184.32,184.5,184.24,184.43,1425.63,2021,12,23
2021-12-23 17:33:00+00:00,184.43,184.98,184.42,184.75,5505.47,2021,12,23
2021-12-23 17:34:00+00:00,184.74,184.88,184.49,184.56,1300.34,2021,12,23
2021-12-23 17:35:00+00:00,184.56,184.9,184.53,184.74,1673.1,2021,12,23
2021-12-23 17:36:00+00:00,184.74,185.0,184.73,184.89,4138.57,2021,12,23
2021-12-23 17:37:00+00:00,184.89,184.95,184.74,184.76,902.97,2021,12,23
2021-12-23 17:38:00+00:00,184.75,184.77,184.61,184.66,709.77,2021,12,23
2021-12-23 17:39:00+00:00,184.66,184.8,184.45,184.62,2597.27,2021,12,23
2021-12-23 17:40:00+00:00,184.61,184.8,184.57,184.75,646.17,2021,12,23
2021-12-23 17:41:00+00:00,184.75,184.79,184.68,184.77,1149.97,2021,12,23
2021-12-23 17:42:00+00:00,184.72,185.12,184.7,185.12,2789.96,2021,12,23
2021-12-23 17:43:00+00:00,185.13,185.65,185.02,185.57,5361.86,2021,12,23
2021-12-23 17:44:00+00:00,185.59,185.67,184.93,185.24,2979.55,2021,12,23
2021-12-23 17:45:00+00:00,185.24,185.74,185.12,185.64,4064.96,2021,12,23
2021-12-23 17:46:00+00:00,185.63,185.88,185.56,185.83,2107.45,2021,12,23
2021-12-23 17:47:00+00:00,185.83,186.17,185.68,186.07,7981.74,2021,12,23
2021-12-23 17:48:00+00:00,186.08,186.21,185.72,186.06,3596.91,2021,12,23
2021-12-23 17:49:00+00:00,186.06,186.49,186.05,186.34,5099.07,2021,12,23
2021-12-23 17:50:00+00:00,186.34,186.47,185.73,185.87,4345.2,2021,12,23
2021-12-23 17:51:00+00:00,185.88,186.4,185.83,186.35,2506.26,2021,12,23
2021-12-23 17:52:00+00:00,186.35,186.48,186.06,186.32,1449.51,2021,12,23
2021-12-23 17:53:00+00:00,186.29,186.58,186.25,186.49,2321.82,2021,12,23
2021-12-23 17:54:00+00:00,186.49,186.85,186.48,186.85,1702.81,2021,12,23
2021-12-23 17:55:00+00:00,186.84,186.99,186.59,186.95,2696.06,2021,12,23
2021-12-23 17:56:00+00:00,186.94,187.1,186.89,187.05,5772.32,2021,12,23
2021-12-23 17:57:00+00:00,187.04,187.45,186.92,187.45,4276.4,2021,12,23
2021-12-23 17:58:00+00:00,187.45,187.85,187.44,187.74,9817.07,2021,12,23
2021-12-23 17:59:00+00:00,187.74,188.0,187.71,187.91,7706.36,2021,12,23
2021-12-23 18:00:00+00:00,187.9,188.3,187.9,188.17,15343.65,2021,12,23
2021-12-23 18:01:00+00:00,188.19,188.68,188.1,188.49,5881.13,2021,12,23
2021-12-23 18:02:00+00:00,188.55,189.0,188.5,188.88,9193.78,2021,12,23
2021-12-23 18:03:00+00:00,188.88,189.0,188.59,188.85,8496.43,2021,12,23
2021-12-23 18:04:00+00:00,188.85,188.96,187.68,187.75,5565.16,2021,12,23
2021-12-23 18:05:00+00:00,187.75,188.43,187.68,188.38,3634.38,2021,12,23
2021-12-23 18:06:00+00:00,188.38,188.62,187.72,187.75,2993.07,2021,12,23
2021-12-23 18:07:00+00:00,187.73,188.0,187.15,187.33,4720.45,2021,12,23
2021-12-23 18:08:00+00:00,187.33,187.41,186.93,187.12,5958.24,2021,12,23
2021-12-23 18:09:00+00:00,187.11,187.84,187.0,187.72,4971.85,2021,12,23
2021-12-23 18:10:00+00:00,187.72,188.13,187.67,187.97,5071.61,2021,12,23
2021-12-23 18:11:00+00:00,187.97,188.16,187.81,187.93,3616.84,2021,12,23
2021-12-23 18:12:00+00:00,187.94,188.95,187.91,188.86,3359.2,2021,12,23
2021-12-23 18:13:00+00:00,188.84,188.93,188.42,188.66,1719.66,2021,12,23
2021-12-23 18:14:00+00:00,188.67,188.96,188.64,188.85,2779.07,2021,12,23
2021-12-23 18:15:00+00:00,188.83,189.47,188.81,189.42,8253.57,2021,12,23
2021-12-23 18:16:00+00:00,189.42,189.5,189.24,189.46,2637.15,2021,12,23
2021-12-23 18:17:00+00:00,189.47,189.98,189.46,189.7,11248.43,2021,12,23
2021-12-23 18:18:00+00:00,189.65,189.75,189.49,189.68,2269.48,2021,12,23
2021-12-23 18:19:00+00:00,189.69,190.0,189.44,189.92,10544.37,2021,12,23
2021-12-23 18:20:00+00:00,189.93,190.33,189.89,190.3,7465.16,2021,12,23
2021-12-23 18:21:00+00:00,190.26,191.14,190.22,190.4,15891.09,2021,12,23
2021-12-23 18:22:00+00:00,190.4,190.58,190.13,190.19,3605.67,2021,12,23
2021-12-23 18:23:00+00:00,190.19,190.51,190.15,190.43,3826.5,2021,12,23
2021-12-23 18:24:00+00:00,190.43,190.77,190.0,190.61,6350.86,2021,12,23
2021-12-23 18:25:00+00:00,190.63,190.92,190.42,190.43,3244.8,2021,12,23
2021-12-23 18:26:00+00:00,190.44,190.79,190.33,190.7,1903.22,2021,12,23
2021-12-23 18:27:00+00:00,190.69,190.82,190.36,190.36,2453.96,2021,12,23
2021-12-23 18:28:00+00:00,190.33,190.99,190.32,190.96,2595.92,2021,12,23
2021-12-23 18:29:00+00:00,190.97,191.52,190.9,191.51,3897.65,2021,12,23
2021-12-23 18:30:00+00:00,191.51,191.68,190.88,191.05,6207.24,2021,12,23
2021-12-23 18:31:00+00:00,191.05,191.37,190.99,191.05,6422.04,2021,12,23
2021-12-23 18:32:00+00:00,191.05,191.39,190.5,190.61,2681.49,2021,12,23
2021-12-23 18:33:00+00:00,190.62,191.12,190.62,190.96,3596.27,2021,12,23
2021-12-23 18:34:00+00:00,190.93,191.01,190.6,190.94,2400.68,2021,12,23
2021-12-23 18:35:00+00:00,190.94,190.96,190.61,190.67,1504.52,2021,12,23
2021-12-23 18:36:00+00:00,190.67,190.89,190.6,190.63,1845.05,2021,12,23
2021-12-23 18:37:00+00:00,190.62,191.15,189.53,190.7,9909.5,2021,12,23
2021-12-23 18:38:00+00:00,190.74,191.5,190.67,191.29,4585.04,2021,12,23
2021-12-23 18:39:00+00:00,191.3,191.3,190.42,190.45,2528.58,2021,12,23
2021-12-23 18:40:00+00:00,190.45,190.5,189.95,190.01,2663.49,2021,12,23
2021-12-23 18:41:00+00:00,190.02,190.16,189.71,190.12,1998.68,2021,12,23
2021-12-23 18:42:00+00:00,190.13,190.23,189.77,189.81,1687.03,2021,12,23
2021-12-23 18:43:00+00:00,189.81,189.82,188.33,188.55,8666.43,2021,12,23
2021-12-23 18:44:00+00:00,188.57,189.09,188.45,188.93,3414.54,2021,12,23
2021-12-23 18:45:00+00:00,189.01,189.01,188.25,188.35,3121.65,2021,12,23
2021-12-23 18:46:00+00:00,188.36,188.87,188.05,188.83,4848.35,2021,12,23
2021-12-23 18:47:00+00:00,188.86,189.42,188.79,189.31,1610.33,2021,12,23
2021-12-23 18:48:00+00:00,189.32,189.7,189.32,189.63,2909.01,2021,12,23
2021-12-23 18:49:00+00:00,189.64,189.64,189.47,189.55,733.36,2021,12,23
2021-12-23 18:50:00+00:00,189.56,189.83,189.44,189.69,990.15,2021,12,23
2021-12-23 18:51:00+00:00,189.69,190.22,189.69,190.13,2327.06,2021,12,23
2021-12-23 18:52:00+00:00,190.13,190.46,190.06,190.42,2066.49,2021,12,23
2021-12-23 18:53:00+00:00,190.44,190.61,190.36,190.61,1304.81,2021,12,23
2021-12-23 18:54:00+00:00,190.62,190.63,189.59,189.77,2460.52,2021,12,23
2021-12-23 18:55:00+00:00,189.74,190.13,189.64,190.13,1621.59,2021,12,23
2021-12-23 18:56:00+00:00,190.17,190.45,190.0,190.09,1700.68,2021,12,23
2021-12-23 18:57:00+00:00,190.08,190.18,189.75,189.81,1125.12,2021,12,23
2021-12-23 18:58:00+00:00,189.8,190.23,189.63,189.65,2819.69,2021,12,23
2021-12-23 18:59:00+00:00,189.63,190.25,189.5,190.0,1575.32,2021,12,23
2021-12-23 19:00:00+00:00,190.0,190.17,189.96,189.96,1778.41,2021,12,23
2021-12-23 19:01:00+00:00,189.97,190.01,189.79,189.97,768.62,2021,12,23
2021-12-23 19:02:00+00:00,189.97,190.09,189.81,189.83,1115.25,2021,12,23
2021-12-23 19:03:00+00:00,189.82,189.88,189.35,189.63,2722.11,2021,12,23
2021-12-23 19:04:00+00:00,189.66,189.7,189.26,189.4,957.93,2021,12,23
2021-12-23 19:05:00+00:00,189.42,189.49,189.07,189.12,951.11,2021,12,23
2021-12-23 19:06:00+00:00,189.13,189.58,189.0,189.55,1826.92,2021,12,23
2021-12-23 19:07:00+00:00,189.54,189.85,189.41,189.79,1478.46,2021,12,23
2021-12-23 19:08:00+00:00,189.79,189.83,189.36,189.48,858.93,2021,12,23
2021-12-23 19:09:00+00:00,189.48,189.58,189.22,189.41,680.33,2021,12,23
2021-12-23 19:10:00+00:00,189.41,190.1,189.41,190.06,2449.66,2021,12,23
2021-12-23 19:11:00+00:00,190.05,190.22,190.0,190.14,1452.63,2021,12,23
2021-12-23 19:12:00+00:00,190.16,190.22,189.92,190.18,1559.52,2021,12,23
2021-12-23 19:13:00+00:00,190.19,190.33,190.09,190.1,1005.08,2021,12,23
2021-12-23 19:14:00+00:00,190.07,190.25,190.0,190.15,653.95,2021,12,23
2021-12-23 19:15:00+00:00,190.15,190.26,190.0,190.09,1688.75,2021,12,23
2021-12-23 19:16:00+00:00,190.12,190.16,189.88,190.04,1044.83,2021,12,23
2021-12-23 19:17:00+00:00,190.01,190.27,189.98,190.18,817.23,2021,12,23
2021-12-23 19:18:00+00:00,190.21,190.31,189.93,190.3,620.45,2021,12,23
2021-12-23 19:19:00+00:00,190.31,190.5,190.26,190.36,1363.52,2021,12,23
2021-12-23 19:20:00+00:00,190.4,190.6,190.36,190.56,1036.97,2021,12,23
2021-12-23 19:21:00+00:00,190.55,191.0,190.52,190.93,3383.44,2021,12,23
2021-12-23 19:22:00+00:00,190.93,191.19,190.73,191.05,2842.44,2021,12,23
2021-12-23 19:23:00+00:00,191.05,191.27,190.91,191.27,2797.6,2021,12,23
2021-12-23 19:24:00+00:00,191.27,191.34,190.85,190.86,1099.82,2021,12,23
2021-12-23 19:25:00+00:00,190.89,191.22,190.84,191.0,2218.51,2021,12,23
2021-12-23 19:26:00+00:00,191.01,191.25,190.97,191.11,688.29,2021,12,23
2021-12-23 19:27:00+00:00,191.12,191.26,191.02,191.15,1250.79,2021,12,23
2021-12-23 19:28:00+00:00,191.15,191.2,190.98,191.05,640.63,2021,12,23
2021-12-23 19:29:00+00:00,191.06,191.22,190.99,191.06,1390.4,2021,12,23
2021-12-23 19:30:00+00:00,191.06,191.22,191.03,191.22,1814.75,2021,12,23
2021-12-23 19:31:00+00:00,191.2,191.3,191.06,191.08,1269.44,2021,12,23
2021-12-23 19:32:00+00:00,191.07,191.35,191.02,191.26,575.72,2021,12,23
2021-12-23 19:33:00+00:00,191.28,191.49,191.13,191.43,2674.24,2021,12,23
2021-12-23 19:34:00+00:00,191.44,191.65,191.33,191.61,2135.85,2021,12,23
2021-12-23 19:35:00+00:00,191.62,191.68,191.44,191.49,1392.96,2021,12,23
2021-12-23 19:36:00+00:00,191.48,191.65,191.48,191.64,1367.3,2021,12,23
2021-12-23 19:37:00+00:00,191.64,191.99,191.58,191.88,3143.84,2021,12,23
2021-12-23 19:38:00+00:00,191.87,192.0,191.81,191.93,1982.44,2021,12,23
2021-12-23 19:39:00+00:00,191.9,192.0,191.79,191.89,958.58,2021,12,23
2021-12-23 19:40:00+00:00,191.88,192.06,191.77,191.85,8089.58,2021,12,23
2021-12-23 19:41:00+00:00,191.85,192.06,191.76,191.89,2070.1,2021,12,23
2021-12-23 19:42:00+00:00,191.89,191.97,191.75,191.84,1365.32,2021,12,23
2021-12-23 19:43:00+00:00,191.85,191.94,191.76,191.86,737.34,2021,12,23
2021-12-23 19:44:00+00:00,191.86,192.55,191.77,192.55,6984.03,2021,12,23
2021-12-23 19:45:00+00:00,192.51,192.82,192.41,192.79,3070.21,2021,12,23
2021-12-23 19:46:00+00:00,192.79,193.29,192.63,193.26,5052.83,2021,12,23
2021-12-23 19:47:00+00:00,193.22,193.26,192.73,193.03,3410.21,2021,12,23
2021-12-23 19:48:00+00:00,193.05,193.3,192.81,193.3,1922.31,2021,12,23
2021-12-23 19:49:00+00:00,193.29,193.5,193.2,193.29,3059.02,2021,12,23
2021-12-23 19:50:00+00:00,193.29,193.35,193.0,193.03,2167.68,2021,12,23
2021-12-23 19:51:00+00:00,193.04,193.09,191.96,192.09,7449.11,2021,12,23
2021-12-23 19:52:00+00:00,192.1,192.15,191.66,191.92,1931.19,2021,12,23
2021-12-23 19:53:00+00:00,191.92,192.09,191.75,191.81,2857.89,2021,12,23
2021-12-23 19:54:00+00:00,191.8,191.8,191.14,191.6,5060.49,2021,12,23
2021-12-23 19:55:00+00:00,191.59,191.81,191.5,191.72,1773.08,2021,12,23
2021-12-23 19:56:00+00:00,191.7,191.86,191.12,191.24,1855.86,2021,12,23
2021-12-23 19:57:00+00:00,191.23,191.72,191.14,191.65,1631.92,2021,12,23
2021-12-23 19:58:00+00:00,191.66,191.75,191.3,191.3,1858.11,2021,12,23
2021-12-23 19:59:00+00:00,191.3,191.62,191.03,191.15,1525.62,2021,12,23
2021-12-23 20:00:00+00:00,191.11,191.33,190.78,190.87,2357.29,2021,12,23
2021-12-23 20:01:00+00:00,190.86,190.95,190.54,190.57,1808.59,2021,12,23
2021-12-23 20:02:00+00:00,190.55,190.6,189.27,189.79,8666.56,2021,12,23
2021-12-23 20:03:00+00:00,189.76,190.04,189.68,190.04,3030.11,2021,12,23
2021-12-23 20:04:00+00:00,190.04,190.21,189.85,190.18,1831.08,2021,12,23
2021-12-23 20:05:00+00:00,190.19,190.82,190.19,190.68,2227.17,2021,12,23
2021-12-23 20:06:00+00:00,190.64,191.29,190.6,191.12,4725.36,2021,12,23
2021-12-23 20:07:00+00:00,191.12,191.17,190.75,190.81,1806.84,2021,12,23
2021-12-23 20:08:00+00:00,190.81,191.37,190.81,191.22,1195.41,2021,12,23
2021-12-23 20:09:00+00:00,191.2,191.35,191.08,191.1,1199.41,2021,12,23
2021-12-23 20:10:00+00:00,191.09,191.81,191.09,191.78,2325.92,2021,12,23
2021-12-23 20:11:00+00:00,191.78,192.61,191.69,192.22,6182.68,2021,12,23
2021-12-23 20:12:00+00:00,192.21,192.59,192.07,192.29,2226.59,2021,12,23
2021-12-23 20:13:00+00:00,192.28,192.3,191.56,191.7,1369.15,2021,12,23
2021-12-23 20:14:00+00:00,191.69,191.93,191.68,191.72,625.54,2021,12,23
2021-12-23 20:15:00+00:00,191.73,192.44,191.73,192.29,1745.3,2021,12,23
2021-12-23 20:16:00+00:00,192.29,192.36,191.69,191.69,910.38,2021,12,23
2021-12-23 20:17:00+00:00,191.7,191.72,191.26,191.49,1281.21,2021,12,23
2021-12-23 20:18:00+00:00,191.48,191.54,190.85,190.85,2273.02,2021,12,23
2021-12-23 20:19:00+00:00,190.87,191.05,190.84,191.02,1161.38,2021,12,23
2021-12-23 20:20:00+00:00,191.01,191.3,190.88,191.22,830.3,2021,12,23
2021-12-23 20:21:00+00:00,191.23,191.76,191.18,191.52,595.75,2021,12,23
2021-12-23 20:22:00+00:00,191.51,191.51,190.74,190.78,1406.88,2021,12,23
2021-12-23 20:23:00+00:00,190.81,190.82,190.5,190.73,1474.7,2021,12,23
2021-12-23 20:24:00+00:00,190.73,190.92,190.64,190.69,990.86,2021,12,23
2021-12-23 20:25:00+00:00,190.65,190.68,190.24,190.37,1537.16,2021,12,23
2021-12-23 20:26:00+00:00,190.37,190.74,190.34,190.58,889.48,2021,12,23
2021-12-23 20:27:00+00:00,190.57,190.58,190.0,190.15,1632.97,2021,12,23
2021-12-23 20:28:00+00:00,190.15,190.54,190.13,190.53,1414.94,2021,12,23
2021-12-23 20:29:00+00:00,190.53,190.72,190.47,190.67,1203.71,2021,12,23
2021-12-23 20:30:00+00:00,190.67,190.93,190.58,190.89,1636.25,2021,12,23
2021-12-23 20:31:00+00:00,190.9,191.18,190.61,191.15,909.19,2021,12,23
2021-12-23 20:32:00+00:00,191.18,191.25,191.01,191.09,1830.89,2021,12,23
2021-12-23 20:33:00+00:00,191.1,191.1,190.53,190.74,1028.24,2021,12,23
2021-12-23 20:34:00+00:00,190.74,190.75,190.4,190.6,878.91,2021,12,23
2021-12-23 20:35:00+00:00,190.61,191.1,190.59,191.1,1039.81,2021,12,23
2021-12-23 20:36:00+00:00,191.1,191.4,191.04,191.33,755.63,2021,12,23
2021-12-23 20:37:00+00:00,191.33,191.72,191.32,191.6,1206.87,2021,12,23
2021-12-23 20:38:00+00:00,191.59,191.61,191.24,191.31,1158.53,2021,12,23
2021-12-23 20:39:00+00:00,191.31,191.47,190.84,190.86,845.72,2021,12,23
2021-12-23 20:40:00+00:00,190.84,190.9,190.5,190.7,1822.09,2021,12,23
2021-12-23 20:41:00+00:00,190.71,190.99,190.56,190.78,645.25,2021,12,23
2021-12-23 20:42:00+00:00,190.79,191.1,190.73,191.05,727.56,2021,12,23
2021-12-23 20:43:00+00:00,191.05,191.07,190.57,190.66,1487.15,2021,12,23
2021-12-23 20:44:00+00:00,190.67,190.97,190.65,190.97,1183.47,2021,12,23
2021-12-23 20:45:00+00:00,190.98,191.19,190.91,191.03,1429.36,2021,12,23
2021-12-23 20:46:00+00:00,191.05,191.35,191.03,191.3,1129.17,2021,12,23
2021-12-23 20:47:00+00:00,191.29,191.34,191.1,191.18,1341.76,2021,12,23
2021-12-23 20:48:00+00:00,191.22,191.49,191.22,191.39,1185.08,2021,12,23
2021-12-23 20:49:00+00:00,191.37,191.62,191.32,191.55,4087.01,2021,12,23
2021-12-23 20:50:00+00:00,191.55,191.6,191.3,191.6,394.1,2021,12,23
2021-12-23 20:51:00+00:00,191.6,192.06,191.55,191.93,1597.92,2021,12,23
2021-12-23 20:52:00+00:00,191.92,192.13,191.69,191.74,888.33,2021,12,23
2021-12-23 20:53:00+00:00,191.74,191.78,191.42,191.54,458.5,2021,12,23
2021-12-23 20:54:00+00:00,191.54,191.78,191.42,191.47,1126.09,2021,12,23
2021-12-23 20:55:00+00:00,191.46,191.48,191.13,191.17,478.5,2021,12,23
2021-12-23 20:56:00+00:00,191.17,191.61,191.13,191.43,1003.29,2021,12,23
2021-12-23 20:57:00+00:00,191.43,191.74,191.39,191.54,430.41,2021,12,23
2021-12-23 20:58:00+00:00,191.54,191.8,191.42,191.6,626.54,2021,12,23
2021-12-23 20:59:00+00:00,191.6,191.6,191.08,191.2,420.23,2021,12,23
2021-12-23 21:00:00+00:00,191.19,191.54,191.12,191.37,467.98,2021,12,23
2021-12-23 21:01:00+00:00,191.37,191.37,191.04,191.25,1223.86,2021,12,23
2021-12-23 21:02:00+00:00,191.23,191.24,190.57,190.63,2364.81,2021,12,23
2021-12-23 21:03:00+00:00,190.62,190.74,190.24,190.33,1058.78,2021,12,23
2021-12-23 21:04:00+00:00,190.32,190.54,190.11,190.35,3796.04,2021,12,23
2021-12-23 21:05:00+00:00,190.35,190.48,190.3,190.37,1297.81,2021,12,23
2021-12-23 21:06:00+00:00,190.38,190.45,190.15,190.45,1045.49,2021,12,23
2021-12-23 21:07:00+00:00,190.44,190.54,190.24,190.4,892.86,2021,12,23
2021-12-23 21:08:00+00:00,190.4,190.45,190.06,190.14,857.19,2021,12,23
2021-12-23 21:09:00+00:00,190.13,190.19,189.7,189.86,2404.88,2021,12,23
2021-12-23 21:10:00+00:00,189.84,189.95,189.51,189.7,1662.93,2021,12,23
2021-12-23 21:11:00+00:00,189.7,189.85,189.61,189.65,1049.71,2021,12,23
2021-12-23 21:12:00+00:00,189.65,189.72,189.45,189.58,1207.12,2021,12,23
2021-12-23 21:13:00+00:00,189.58,189.68,189.48,189.63,946.13,2021,12,23
2021-12-23 21:14:00+00:00,189.63,189.92,189.49,189.8,575.48,2021,12,23
2021-12-23 21:15:00+00:00,189.81,189.92,189.72,189.75,718.62,2021,12,23
2021-12-23 21:16:00+00:00,189.75,190.21,189.62,190.21,1302.27,2021,12,23
2021-12-23 21:17:00+00:00,190.21,190.35,189.96,189.96,1028.95,2021,12,23
2021-12-23 21:18:00+00:00,189.96,190.07,189.79,190.05,787.19,2021,12,23
2021-12-23 21:19:00+00:00,190.06,190.19,189.91,190.05,953.15,2021,12,23
2021-12-23 21:20:00+00:00,190.08,190.08,189.62,189.78,1121.23,2021,12,23
2021-12-23 21:21:00+00:00,189.78,189.97,189.78,189.91,806.05,2021,12,23
2021-12-23 21:22:00+00:00,189.91,190.08,189.47,189.47,1408.6,2021,12,23
2021-12-23 21:23:00+00:00,189.48,189.61,189.11,189.25,1305.09,2021,12,23
2021-12-23 21:24:00+00:00,189.23,189.35,189.02,189.3,1177.32,2021,12,23
2021-12-23 21:25:00+00:00,189.3,189.3,189.04,189.24,659.54,2021,12,23
2021-12-23 21:26:00+00:00,189.23,189.7,189.22,189.27,1565.54,2021,12,23
2021-12-23 21:27:00+00:00,189.27,189.49,189.24,189.4,1091.28,2021,12,23
2021-12-23 21:28:00+00:00,189.4,189.53,189.29,189.48,1014.03,2021,12,23
2021-12-23 21:29:00+00:00,189.48,189.52,189.06,189.24,1010.97,2021,12,23
2021-12-23 21:30:00+00:00,189.24,189.24,188.94,189.01,1791.65,2021,12,23
2021-12-23 21:31:00+00:00,189.03,189.1,188.69,188.73,2085.69,2021,12,23
2021-12-23 21:32:00+00:00,188.73,188.97,188.73,188.87,1115.34,2021,12,23
2021-12-23 21:33:00+00:00,188.88,189.0,188.88,188.89,574.61,2021,12,23
2021-12-23 21:34:00+00:00,188.88,189.16,188.79,189.08,774.29,2021,12,23
2021-12-23 21:35:00+00:00,189.08,189.18,189.03,189.07,638.23,2021,12,23
2021-12-23 21:36:00+00:00,189.08,189.09,188.76,188.79,1909.93,2021,12,23
2021-12-23 21:37:00+00:00,188.8,189.05,188.78,189.02,563.28,2021,12,23
2021-12-23 21:38:00+00:00,189.0,189.0,188.7,188.91,903.11,2021,12,23
2021-12-23 21:39:00+00:00,188.94,189.41,188.93,189.37,816.61,2021,12,23
2021-12-23 21:40:00+00:00,189.37,189.72,189.3,189.53,1088.26,2021,12,23
2021-12-23 21:41:00+00:00,189.53,189.57,189.29,189.4,845.46,2021,12,23
2021-12-23 21:42:00+00:00,189.4,189.49,189.21,189.44,469.7,2021,12,23
2021-12-23 21:43:00+00:00,189.44,189.73,189.41,189.64,711.55,2021,12,23
2021-12-23 21:44:00+00:00,189.64,189.72,189.5,189.58,874.71,2021,12,23
2021-12-23 21:45:00+00:00,189.58,189.76,189.52,189.76,516.91,2021,12,23
2021-12-23 21:46:00+00:00,189.75,189.94,189.57,189.9,483.88,2021,12,23
2021-12-23 21:47:00+00:00,189.9,190.14,189.75,189.75,1261.94,2021,12,23
2021-12-23 21:48:00+00:00,189.75,189.8,189.57,189.7,593.87,2021,12,23
2021-12-23 21:49:00+00:00,189.7,190.21,189.68,190.18,1611.72,2021,12,23
2021-12-23 21:50:00+00:00,190.19,190.19,189.75,189.76,1097.5,2021,12,23
2021-12-23 21:51:00+00:00,189.75,189.95,189.29,189.31,1716.99,2021,12,23
2021-12-23 21:52:00+00:00,189.28,189.28,188.67,189.02,5036.27,2021,12,23
2021-12-23 21:53:00+00:00,189.03,189.2,189.0,189.05,654.17,2021,12,23
2021-12-23 21:54:00+00:00,189.06,189.19,188.95,189.19,1474.68,2021,12,23
2021-12-23 21:55:00+00:00,189.17,189.21,188.9,188.93,898.42,2021,12,23
2021-12-23 21:56:00+00:00,188.91,189.08,188.77,189.04,664.2,2021,12,23
2021-12-23 21:57:00+00:00,189.03,189.15,188.73,188.95,1158.26,2021,12,23
2021-12-23 21:58:00+00:00,188.94,189.09,188.86,188.97,701.76,2021,12,23
2021-12-23 21:59:00+00:00,188.97,189.09,188.84,188.96,549.68,2021,12,23
2021-12-23 22:00:00+00:00,188.97,189.1,188.85,188.99,993.85,2021,12,23
2021-12-23 22:01:00+00:00,188.99,189.14,188.94,189.08,571.98,2021,12,23
2021-12-23 22:02:00+00:00,189.1,189.11,188.88,189.03,781.04,2021,12,23
2021-12-23 22:03:00+00:00,189.0,189.23,189.0,189.14,781.86,2021,12,23
2021-12-23 22:04:00+00:00,189.14,189.27,188.88,189.22,1319.74,2021,12,23
2021-12-23 22:05:00+00:00,189.21,189.27,188.94,188.99,692.72,2021,12,23
2021-12-23 22:06:00+00:00,189.0,189.48,189.0,189.35,1261.27,2021,12,23
2021-12-23 22:07:00+00:00,189.38,189.61,189.31,189.39,696.22,2021,12,23
2021-12-23 22:08:00+00:00,189.39,189.43,189.21,189.3,369.36,2021,12,23
2021-12-23 22:09:00+00:00,189.3,189.46,189.3,189.44,609.63,2021,12,23
2021-12-23 22:10:00+00:00,189.42,189.43,188.98,189.01,371.58,2021,12,23
2021-12-23 22:11:00+00:00,189.0,189.31,188.93,189.31,512.09,2021,12,23
2021-12-23 22:12:00+00:00,189.3,189.48,189.2,189.44,2012.82,2021,12,23
2021-12-23 22:13:00+00:00,189.41,189.98,189.34,189.81,2606.27,2021,12,23
2021-12-23 22:14:00+00:00,189.84,190.22,189.8,190.04,2476.23,2021,12,23
2021-12-23 22:15:00+00:00,190.04,190.13,189.79,189.79,1610.49,2021,12,23
2021-12-23 22:16:00+00:00,189.83,190.0,189.52,189.55,1580.68,2021,12,23
2021-12-23 22:17:00+00:00,189.54,189.81,189.5,189.78,325.86,2021,12,23
2021-12-23 22:18:00+00:00,189.78,189.84,189.6,189.6,704.8,2021,12,23
2021-12-23 22:19:00+00:00,189.61,190.25,189.58,190.0,3873.1,2021,12,23
2021-12-23 22:20:00+00:00,190.0,190.23,189.96,190.21,466.78,2021,12,23
2021-12-23 22:21:00+00:00,190.21,190.24,189.82,189.9,1116.71,2021,12,23
2021-12-23 22:22:00+00:00,189.9,190.72,189.83,190.45,2894.48,2021,12,23
2021-12-23 22:23:00+00:00,190.45,190.95,190.35,190.78,3426.9,2021,12,23
2021-12-23 22:24:00+00:00,190.77,191.25,190.75,190.85,3329.48,2021,12,23
2021-12-23 22:25:00+00:00,190.85,191.53,190.81,191.26,5601.09,2021,12,23
2021-12-23 22:26:00+00:00,191.25,191.9,191.22,191.6,3672.06,2021,12,23
2021-12-23 22:27:00+00:00,191.59,193.0,191.52,192.66,15920.82,2021,12,23
2021-12-23 22:28:00+00:00,192.66,192.71,192.03,192.03,2755.39,2021,12,23
2021-12-23 22:29:00+00:00,192.04,192.05,191.57,191.66,1706.94,2021,12,23
2021-12-23 22:30:00+00:00,191.64,192.11,191.62,191.97,3224.82,2021,12,23
2021-12-23 22:31:00+00:00,191.97,192.07,191.68,191.68,2043.3,2021,12,23
2021-12-23 22:32:00+00:00,191.67,191.68,191.31,191.33,782.92,2021,12,23
2021-12-23 22:33:00+00:00,191.33,191.33,191.01,191.03,1085.94,2021,12,23
2021-12-23 22:34:00+00:00,191.03,191.07,190.92,190.93,704.52,2021,12,23
2021-12-23 22:35:00+00:00,190.93,190.93,190.81,190.83,879.34,2021,12,23
2021-12-23 22:36:00+00:00,190.84,190.85,190.74,190.78,378.79,2021,12,23
2021-12-23 22:37:00+00:00,190.78,190.79,190.63,190.7,521.75,2021,12,23
2021-12-23 22:38:00+00:00,190.71,190.85,190.67,190.81,614.8,2021,12,23
2021-12-23 22:39:00+00:00,190.8,190.82,190.78,190.79,201.4,2021,12,23
2021-12-23 22:40:00+00:00,190.79,191.0,190.78,190.98,1918.96,2021,12,23
2021-12-23 22:41:00+00:00,190.98,191.0,190.97,190.99,451.52,2021,12,23
2021-12-23 22:42:00+00:00,190.98,191.0,190.44,190.49,1210.05,2021,12,23
2021-12-23 22:43:00+00:00,190.48,190.52,190.43,190.52,420.73,2021,12,23
2021-12-23 22:44:00+00:00,190.52,190.9,190.52,190.7,1468.6,2021,12,23
2021-12-23 22:45:00+00:00,190.7,190.9,190.55,190.79,616.27,2021,12,23
2021-12-23 22:46:00+00:00,190.8,190.9,190.77,190.89,641.2,2021,12,23
2021-12-23 22:47:00+00:00,190.9,190.9,190.46,190.58,827.26,2021,12,23
2021-12-23 22:48:00+00:00,190.57,190.76,190.51,190.74,1036.98,2021,12,23
2021-12-23 22:49:00+00:00,190.74,190.74,190.44,190.44,618.05,2021,12,23
2021-12-23 22:50:00+00:00,190.5,190.56,190.47,190.53,286.0,2021,12,23
2021-12-23 22:51:00+00:00,190.52,190.54,190.44,190.54,451.24,2021,12,23
2021-12-23 22:52:00+00:00,190.54,190.62,190.47,190.51,147.22,2021,12,23
2021-12-23 22:53:00+00:00,190.52,190.55,190.39,190.47,506.25,2021,12,23
2021-12-23 22:54:00+00:00,190.47,190.53,190.25,190.42,280.18,2021,12,23
2021-12-23 22:55:00+00:00,190.41,190.46,190.14,190.15,430.52,2021,12,23
2021-12-23 22:56:00+00:00,190.16,190.22,190.05,190.13,688.99,2021,12,23
2021-12-23 22:57:00+00:00,190.13,190.19,190.05,190.06,673.62,2021,12,23
2021-12-23 22:58:00+00:00,190.05,190.09,189.88,189.88,1052.52,2021,12,23
2021-12-23 22:59:00+00:00,189.88,190.01,189.76,189.93,1377.02,2021,12,23
2021-12-23 23:00:00+00:00,189.92,190.58,189.92,190.47,1268.62,2021,12,23
2021-12-23 23:01:00+00:00,190.47,190.52,190.09,190.27,544.04,2021,12,23
2021-12-23 23:02:00+00:00,190.26,190.26,190.01,190.05,300.08,2021,12,23
2021-12-23 23:03:00+00:00,190.05,190.35,190.05,190.34,649.74,2021,12,23
2021-12-23 23:04:00+00:00,190.35,190.48,190.16,190.48,481.71,2021,12,23
2021-12-23 23:05:00+00:00,190.48,190.49,190.05,190.07,451.75,2021,12,23
2021-12-23 23:06:00+00:00,190.08,190.19,189.96,190.0,759.72,2021,12,23
2021-12-23 23:07:00+00:00,189.99,190.15,189.8,190.13,1427.14,2021,12,23
2021-12-23 23:08:00+00:00,190.12,190.14,189.82,189.91,656.52,2021,12,23
2021-12-23 23:09:00+00:00,189.89,189.91,189.63,189.78,1278.7,2021,12,23
2021-12-23 23:10:00+00:00,189.79,190.05,189.64,189.91,735.34,2021,12,23
2021-12-23 23:11:00+00:00,189.93,190.19,189.89,190.13,1977.55,2021,12,23
2021-12-23 23:12:00+00:00,190.13,190.22,189.82,189.98,586.14,2021,12,23
2021-12-23 23:13:00+00:00,189.99,190.08,189.85,190.0,342.75,2021,12,23
2021-12-23 23:14:00+00:00,190.01,190.1,189.66,189.77,1788.44,2021,12,23
2021-12-23 23:15:00+00:00,189.75,189.84,189.65,189.79,310.63,2021,12,23
2021-12-23 23:16:00+00:00,189.73,189.74,189.49,189.72,2442.34,2021,12,23
2021-12-23 23:17:00+00:00,189.71,189.87,189.7,189.86,330.79,2021,12,23
2021-12-23 23:18:00+00:00,189.86,190.49,189.86,190.37,1594.95,2021,12,23
2021-12-23 23:19:00+00:00,190.36,190.48,189.87,189.93,2123.89,2021,12,23
2021-12-23 23:20:00+00:00,189.93,190.15,189.83,189.92,499.21,2021,12,23
2021-12-23 23:21:00+00:00,189.93,189.96,189.78,189.86,314.77,2021,12,23
2021-12-23 23:22:00+00:00,189.87,189.93,189.5,189.7,1105.17,2021,12,23
2021-12-23 23:23:00+00:00,189.7,189.81,189.52,189.74,209.77,2021,12,23
2021-12-23 23:24:00+00:00,189.74,189.88,189.72,189.72,441.32,2021,12,23
2021-12-23 23:25:00+00:00,189.73,189.97,189.56,189.86,481.64,2021,12,23
2021-12-23 23:26:00+00:00,189.85,189.86,189.67,189.79,271.8,2021,12,23
2021-12-23 23:27:00+00:00,189.78,189.85,189.73,189.82,226.23,2021,12,23
2021-12-23 23:28:00+00:00,189.82,189.9,189.71,189.9,302.14,2021,12,23
2021-12-23 23:29:00+00:00,189.9,189.91,189.6,189.78,428.86,2021,12,23
2021-12-23 23:30:00+00:00,189.78,189.92,189.71,189.89,478.22,2021,12,23
2021-12-23 23:31:00+00:00,189.88,189.94,189.74,189.94,338.0,2021,12,23
2021-12-23 23:32:00+00:00,189.93,189.98,189.79,189.85,388.7,2021,12,23
2021-12-23 23:33:00+00:00,189.85,189.85,189.65,189.69,399.86,2021,12,23
2021-12-23 23:34:00+00:00,189.66,189.66,189.19,189.25,846.55,2021,12,23
2021-12-23 23:35:00+00:00,189.24,189.52,189.16,189.34,1185.75,2021,12,23
2021-12-23 23:36:00+00:00,189.34,189.6,189.24,189.57,392.44,2021,12,23
2021-12-23 23:37:00+00:00,189.57,189.58,189.36,189.43,724.11,2021,12,23
2021-12-23 23:38:00+00:00,189.4,189.8,189.37,189.73,786.04,2021,12,23
2021-12-23 23:39:00+00:00,189.68,189.81,189.62,189.73,303.79,2021,12,23
2021-12-23 23:40:00+00:00,189.75,189.77,189.46,189.56,267.61,2021,12,23
2021-12-23 23:41:00+00:00,189.57,189.65,189.28,189.5,944.15,2021,12,23
2021-12-23 23:42:00+00:00,189.5,189.56,189.43,189.52,296.26,2021,12,23
2021-12-23 23:43:00+00:00,189.5,189.65,189.41,189.64,363.93,2021,12,23
2021-12-23 23:44:00+00:00,189.63,189.85,189.62,189.82,520.56,2021,12,23
2021-12-23 23:45:00+00:00,189.81,190.06,189.8,190.03,854.75,2021,12,23
2021-12-23 23:46:00+00:00,190.03,190.09,189.89,190.03,788.71,2021,12,23
2021-12-23 23:47:00+00:00,190.04,190.21,190.01,190.07,1056.38,2021,12,23
2021-12-23 23:48:00+00:00,190.05,190.27,189.98,190.26,356.39,2021,12,23
2021-12-23 23:49:00+00:00,190.26,190.38,190.1,190.13,647.12,2021,12,23
2021-12-23 23:50:00+00:00,190.11,190.35,190.08,190.22,734.88,2021,12,23
2021-12-23 23:51:00+00:00,190.22,190.27,190.11,190.22,532.57,2021,12,23
2021-12-23 23:52:00+00:00,190.24,190.46,190.2,190.28,590.09,2021,12,23
2021-12-23 23:53:00+00:00,190.28,190.43,190.14,190.37,1061.84,2021,12,23
2021-12-23 23:54:00+00:00,190.41,190.42,190.27,190.29,185.09,2021,12,23
2021-12-23 23:55:00+00:00,190.3,190.46,190.3,190.36,154.71,2021,12,23
2021-12-23 23:56:00+00:00,190.36,190.39,190.06,190.06,318.92,2021,12,23
2021-12-23 23:57:00+00:00,190.12,190.18,190.06,190.13,500.44,2021,12,23
2021-12-23 23:58:00+00:00,190.13,190.15,189.88,189.95,390.86,2021,12,23
2021-12-23 23:59:00+00:00,189.96,190.15,189.96,190.03,691.35,2021,12,23
2021-12-24 00:00:00+00:00,190.08,190.12,189.8,189.88,783.69,2021,12,24
2021-12-24 00:01:00+00:00,189.85,190.12,189.85,189.98,756.68,2021,12,24
2021-12-24 00:02:00+00:00,189.91,190.05,189.8,190.05,913.32,2021,12,24
2021-12-24 00:03:00+00:00,189.97,190.27,189.97,190.1,1295.8,2021,12,24
2021-12-24 00:04:00+00:00,190.09,190.09,189.76,189.76,741.75,2021,12,24
2021-12-24 00:05:00+00:00,189.76,189.84,189.62,189.68,733.52,2021,12,24
2021-12-24 00:06:00+00:00,189.69,189.79,189.48,189.52,387.36,2021,12,24
2021-12-24 00:07:00+00:00,189.49,189.52,189.33,189.34,727.68,2021,12,24
2021-12-24 00:08:00+00:00,189.32,189.33,189.16,189.25,735.37,2021,12,24
2021-12-24 00:09:00+00:00,189.2,189.27,189.1,189.2,949.25,2021,12,24
2021-12-24 00:10:00+00:00,189.17,189.24,189.05,189.1,404.47,2021,12,24
2021-12-24 00:11:00+00:00,189.1,189.28,189.05,189.21,871.23,2021,12,24
2021-12-24 00:12:00+00:00,189.2,189.23,189.1,189.13,588.26,2021,12,24
2021-12-24 00:13:00+00:00,189.2,189.22,189.0,189.12,2682.5,2021,12,24
2021-12-24 00:14:00+00:00,189.13,189.34,189.11,189.26,696.32,2021,12,24
2021-12-24 00:15:00+00:00,189.25,189.26,189.05,189.19,474.12,2021,12,24
2021-12-24 00:16:00+00:00,189.18,189.54,189.18,189.43,1062.72,2021,12,24
2021-12-24 00:17:00+00:00,189.43,189.55,189.31,189.55,333.08,2021,12,24
2021-12-24 00:18:00+00:00,189.56,189.94,189.47,189.91,909.16,2021,12,24
2021-12-24 00:19:00+00:00,189.93,190.1,189.89,190.05,1454.7,2021,12,24
2021-12-24 00:20:00+00:00,190.05,190.27,190.01,190.18,860.55,2021,12,24
2021-12-24 00:21:00+00:00,190.21,190.28,190.01,190.2,1603.85,2021,12,24
2021-12-24 00:22:00+00:00,190.21,190.3,190.05,190.22,1655.32,2021,12,24
2021-12-24 00:23:00+00:00,190.24,190.26,190.11,190.19,703.73,2021,12,24
2021-12-24 00:24:00+00:00,190.19,190.63,190.17,190.45,1658.56,2021,12,24
2021-12-24 00:25:00+00:00,190.45,190.82,190.45,190.74,1784.09,2021,12,24
2021-12-24 00:26:00+00:00,190.72,190.88,190.67,190.71,757.59,2021,12,24
2021-12-24 00:27:00+00:00,190.68,190.94,190.68,190.83,1176.83,2021,12,24
2021-12-24 00:28:00+00:00,190.82,190.96,190.74,190.87,1129.87,2021,12,24
2021-12-24 00:29:00+00:00,190.89,191.27,190.89,191.21,2051.81,2021,12,24
2021-12-24 00:30:00+00:00,191.2,191.55,191.18,191.37,1265.84,2021,12,24
2021-12-24 00:31:00+00:00,191.36,191.73,191.35,191.73,2332.6,2021,12,24
2021-12-24 00:32:00+00:00,191.68,191.85,191.53,191.66,1417.75,2021,12,24
2021-12-24 00:33:00+00:00,191.68,191.89,191.52,191.71,2818.24,2021,12,24
2021-12-24 00:34:00+00:00,191.71,191.86,191.51,191.53,882.44,2021,12,24
2021-12-24 00:35:00+00:00,191.52,191.53,190.82,190.98,3756.64,2021,12,24
2021-12-24 00:36:00+00:00,190.96,190.96,190.62,190.71,1030.43,2021,12,24
2021-12-24 00:37:00+00:00,190.71,190.87,190.6,190.6,994.12,2021,12,24
2021-12-24 00:38:00+00:00,190.6,190.76,190.47,190.61,887.55,2021,12,24
2021-12-24 00:39:00+00:00,190.58,191.0,190.32,190.91,2177.86,2021,12,24
2021-12-24 00:40:00+00:00,190.88,191.13,190.7,191.02,1104.07,2021,12,24
2021-12-24 00:41:00+00:00,190.99,191.1,190.89,190.89,280.98,2021,12,24
2021-12-24 00:42:00+00:00,190.94,191.03,190.87,190.95,649.75,2021,12,24
2021-12-24 00:43:00+00:00,190.96,190.99,190.75,190.83,366.91,2021,12,24
2021-12-24 00:44:00+00:00,190.82,191.24,190.75,191.12,1094.47,2021,12,24
2021-12-24 00:45:00+00:00,191.11,191.18,190.94,190.94,456.92,2021,12,24
2021-12-24 00:46:00+00:00,190.93,191.02,190.83,190.92,767.26,2021,12,24
2021-12-24 00:47:00+00:00,190.9,191.08,190.89,190.91,549.6,2021,12,24
2021-12-24 00:48:00+00:00,190.92,190.97,189.78,189.94,3477.59,2021,12,24
2021-12-24 00:49:00+00:00,189.96,190.23,189.52,189.63,1271.71,2021,12,24
2021-12-24 00:50:00+00:00,189.66,189.81,189.39,189.62,1827.25,2021,12,24
2021-12-24 00:51:00+00:00,189.62,190.05,189.62,190.01,1771.62,2021,12,24
2021-12-24 00:52:00+00:00,189.99,190.04,189.79,189.93,522.01,2021,12,24
2021-12-24 00:53:00+00:00,189.92,189.95,189.71,189.94,541.97,2021,12,24
2021-12-24 00:54:00+00:00,189.95,190.08,189.86,189.88,548.44,2021,12,24
2021-12-24 00:55:00+00:00,189.94,190.07,189.85,189.92,384.47,2021,12,24
2021-12-24 00:56:00+00:00,189.92,190.23,189.76,190.1,1632.8,2021,12,24
2021-12-24 00:57:00+00:00,190.14,190.45,190.14,190.34,1256.43,2021,12,24
2021-12-24 00:58:00+00:00,190.34,190.39,189.6,189.6,1311.57,2021,12,24
2021-12-24 00:59:00+00:00,189.61,189.66,189.35,189.5,1460.4,2021,12,24
2021-12-24 01:00:00+00:00,189.47,189.53,189.28,189.51,1219.66,2021,12,24
2021-12-24 01:01:00+00:00,189.5,189.67,189.34,189.57,524.54,2021,12,24
2021-12-24 01:02:00+00:00,189.57,189.9,189.54,189.9,725.65,2021,12,24
2021-12-24 01:03:00+00:00,189.91,189.97,189.54,189.93,1206.41,2021,12,24
2021-12-24 01:04:00+00:00,189.9,189.93,189.55,189.67,2833.64,2021,12,24
2021-12-24 01:05:00+00:00,189.7,189.93,189.7,189.8,974.58,2021,12,24
2021-12-24 01:06:00+00:00,189.76,189.91,189.66,189.86,507.1,2021,12,24
2021-12-24 01:07:00+00:00,189.91,190.0,189.85,189.89,667.46,2021,12,24
2021-12-24 01:08:00+00:00,189.89,190.11,189.89,190.05,798.07,2021,12,24
2021-12-24 01:09:00+00:00,190.02,190.17,189.94,190.1,800.09,2021,12,24
2021-12-24 01:10:00+00:00,190.12,190.84,189.94,190.67,5171.62,2021,12,24
2021-12-24 01:11:00+00:00,190.66,190.85,190.32,190.4,1740.04,2021,12,24
2021-12-24 01:12:00+00:00,190.39,190.41,190.1,190.13,1728.47,2021,12,24
2021-12-24 01:13:00+00:00,190.15,190.37,189.47,189.52,4738.95,2021,12,24
2021-12-24 01:14:00+00:00,189.51,189.75,189.44,189.69,1543.15,2021,12,24
2021-12-24 01:15:00+00:00,189.7,189.86,189.64,189.83,819.4,2021,12,24
2021-12-24 01:16:00+00:00,189.83,189.93,189.71,189.82,1655.15,2021,12,24
2021-12-24 01:17:00+00:00,189.8,189.8,189.58,189.78,1051.87,2021,12,24
2021-12-24 01:18:00+00:00,189.82,189.83,189.58,189.72,759.42,2021,12,24
2021-12-24 01:19:00+00:00,189.75,189.8,189.54,189.64,509.61,2021,12,24
2021-12-24 01:20:00+00:00,189.64,189.81,189.57,189.69,1603.02,2021,12,24
2021-12-24 01:21:00+00:00,189.71,189.77,189.58,189.69,767.71,2021,12,24
2021-12-24 01:22:00+00:00,189.72,189.87,189.63,189.82,568.9,2021,12,24
2021-12-24 01:23:00+00:00,189.81,189.95,189.74,189.92,729.77,2021,12,24
2021-12-24 01:24:00+00:00,189.89,189.93,189.75,189.78,483.89,2021,12,24
2021-12-24 01:25:00+00:00,189.74,189.86,189.58,189.8,888.57,2021,12,24
2021-12-24 01:26:00+00:00,189.8,189.85,189.66,189.67,999.47,2021,12,24
2021-12-24 01:27:00+00:00,189.69,189.69,189.6,189.63,475.17,2021,12,24
2021-12-24 01:28:00+00:00,189.63,189.8,189.56,189.78,961.51,2021,12,24
2021-12-24 01:29:00+00:00,189.78,189.87,189.56,189.6,822.06,2021,12,24
2021-12-24 01:30:00+00:00,189.6,189.87,189.6,189.86,642.35,2021,12,24
2021-12-24 01:31:00+00:00,189.9,189.94,189.66,189.78,2130.3,2021,12,24
2021-12-24 01:32:00+00:00,189.78,189.81,189.55,189.7,1932.88,2021,12,24
2021-12-24 01:33:00+00:00,189.7,189.9,189.7,189.8,985.42,2021,12,24
2021-12-24 01:34:00+00:00,189.79,189.88,189.71,189.78,708.99,2021,12,24
2021-12-24 01:35:00+00:00,189.78,189.93,189.59,189.68,1411.42,2021,12,24
2021-12-24 01:36:00+00:00,189.68,189.75,189.41,189.55,1478.17,2021,12,24
2021-12-24 01:37:00+00:00,189.55,189.59,189.41,189.48,776.33,2021,12,24
2021-12-24 01:38:00+00:00,189.47,189.83,189.47,189.79,1558.24,2021,12,24
2021-12-24 01:39:00+00:00,189.74,189.82,189.56,189.6,1848.37,2021,12,24
2021-12-24 01:40:00+00:00,189.61,189.75,189.58,189.68,2850.31,2021,12,24
2021-12-24 01:41:00+00:00,189.68,189.72,189.47,189.47,755.63,2021,12,24
2021-12-24 01:42:00+00:00,189.5,189.73,189.48,189.72,1367.4,2021,12,24
2021-12-24 01:43:00+00:00,189.7,189.88,189.6,189.68,1711.84,2021,12,24
2021-12-24 01:44:00+00:00,189.68,189.81,189.63,189.76,566.69,2021,12,24
2021-12-24 01:45:00+00:00,189.76,189.86,189.72,189.78,906.72,2021,12,24
2021-12-24 01:46:00+00:00,189.77,189.86,189.77,189.82,506.39,2021,12,24
2021-12-24 01:47:00+00:00,189.84,189.84,189.69,189.72,281.8,2021,12,24
2021-12-24 01:48:00+00:00,189.7,190.42,189.7,190.34,4735.88,2021,12,24
2021-12-24 01:49:00+00:00,190.35,190.41,190.26,190.26,747.02,2021,12,24
2021-12-24 01:50:00+00:00,190.26,190.58,190.24,190.43,3055.52,2021,12,24
2021-12-24 01:51:00+00:00,190.43,190.43,190.24,190.28,342.32,2021,12,24
2021-12-24 01:52:00+00:00,190.29,190.29,190.08,190.19,637.01,2021,12,24
2021-12-24 01:53:00+00:00,190.19,190.22,189.9,189.96,693.9,2021,12,24
2021-12-24 01:54:00+00:00,189.96,190.21,189.93,190.12,743.96,2021,12,24
2021-12-24 01:55:00+00:00,190.16,190.45,190.12,190.36,1402.88,2021,12,24
2021-12-24 01:56:00+00:00,190.37,190.68,190.36,190.55,1186.22,2021,12,24
2021-12-24 01:57:00+00:00,190.59,190.63,190.31,190.35,1398.77,2021,12,24
2021-12-24 01:58:00+00:00,190.34,190.57,189.94,189.95,3093.95,2021,12,24
2021-12-24 01:59:00+00:00,189.95,190.58,189.95,190.5,2562.51,2021,12,24
2021-12-24 02:00:00+00:00,190.51,190.67,190.48,190.57,1494.82,2021,12,24
2021-12-24 02:01:00+00:00,190.57,190.74,190.48,190.58,836.51,2021,12,24
2021-12-24 02:02:00+00:00,190.58,190.64,190.5,190.59,1019.94,2021,12,24
2021-12-24 02:03:00+00:00,190.58,190.59,189.63,189.91,6283.99,2021,12,24
2021-12-24 02:04:00+00:00,189.89,189.99,189.81,189.94,1503.31,2021,12,24
2021-12-24 02:05:00+00:00,189.88,189.94,189.51,189.54,1882.16,2021,12,24
2021-12-24 02:06:00+00:00,189.53,189.67,189.49,189.52,486.92,2021,12,24
2021-12-24 02:07:00+00:00,189.53,189.53,189.2,189.31,1731.18,2021,12,24
2021-12-24 02:08:00+00:00,189.3,189.31,188.71,188.91,3034.61,2021,12,24
2021-12-24 02:09:00+00:00,188.9,189.29,188.89,189.07,2090.54,2021,12,24
2021-12-24 02:10:00+00:00,189.04,189.16,188.95,188.96,673.91,2021,12,24
2021-12-24 02:11:00+00:00,188.97,188.97,188.74,188.83,1188.65,2021,12,24
2021-12-24 02:12:00+00:00,188.8,188.86,188.66,188.81,1118.4,2021,12,24
2021-12-24 02:13:00+00:00,188.76,188.78,188.65,188.67,506.6,2021,12,24
2021-12-24 02:14:00+00:00,188.67,188.67,188.1,188.37,3092.93,2021,12,24
2021-12-24 02:15:00+00:00,188.35,188.51,188.2,188.26,864.24,2021,12,24
2021-12-24 02:16:00+00:00,188.27,188.29,188.03,188.12,880.11,2021,12,24
2021-12-24 02:17:00+00:00,188.12,188.32,188.11,188.24,1123.96,2021,12,24
2021-12-24 02:18:00+00:00,188.26,188.47,188.17,188.33,999.2,2021,12,24
2021-12-24 02:19:00+00:00,188.33,188.33,188.14,188.22,1261.0,2021,12,24
2021-12-24 02:20:00+00:00,188.21,188.25,188.09,188.12,424.48,2021,12,24
2021-12-24 02:21:00+00:00,188.12,188.3,188.05,188.11,626.39,2021,12,24
2021-12-24 02:22:00+00:00,188.11,188.16,188.03,188.12,1159.32,2021,12,24
2021-12-24 02:23:00+00:00,188.17,188.45,188.17,188.17,686.79,2021,12,24
2021-12-24 02:24:00+00:00,188.18,188.46,188.11,188.46,637.24,2021,12,24
2021-12-24 02:25:00+00:00,188.44,188.7,188.42,188.59,726.36,2021,12,24
2021-12-24 02:26:00+00:00,188.55,188.55,188.14,188.26,846.88,2021,12,24
2021-12-24 02:27:00+00:00,188.24,188.54,188.22,188.5,1256.37,2021,12,24
2021-12-24 02:28:00+00:00,188.53,188.78,188.49,188.78,435.21,2021,12,24
2021-12-24 02:29:00+00:00,188.79,188.85,188.74,188.83,379.96,2021,12,24
2021-12-24 02:30:00+00:00,188.82,189.08,188.68,188.68,2018.2,2021,12,24
2021-12-24 02:31:00+00:00,188.68,188.8,188.5,188.59,1962.77,2021,12,24
2021-12-24 02:32:00+00:00,188.59,188.74,188.53,188.71,727.01,2021,12,24
2021-12-24 02:33:00+00:00,188.7,188.7,188.49,188.68,651.21,2021,12,24
2021-12-24 02:34:00+00:00,188.67,188.95,188.66,188.91,568.32,2021,12,24
2021-12-24 02:35:00+00:00,188.91,188.94,188.51,188.57,551.58,2021,12,24
2021-12-24 02:36:00+00:00,188.57,188.76,188.52,188.75,599.97,2021,12,24
2021-12-24 02:37:00+00:00,188.75,188.93,188.74,188.89,191.59,2021,12,24
2021-12-24 02:38:00+00:00,188.89,188.92,188.84,188.89,377.34,2021,12,24
2021-12-24 02:39:00+00:00,188.89,189.08,188.89,189.0,814.51,2021,12,24
2021-12-24 02:40:00+00:00,189.0,189.12,188.98,189.12,916.23,2021,12,24
2021-12-24 02:41:00+00:00,189.11,189.2,189.03,189.18,446.12,2021,12,24
2021-12-24 02:42:00+00:00,189.17,189.56,189.13,189.49,1018.7,2021,12,24
2021-12-24 02:43:00+00:00,189.53,189.59,189.13,189.3,632.37,2021,12,24
2021-12-24 02:44:00+00:00,189.26,189.26,188.81,188.83,957.61,2021,12,24
2021-12-24 02:45:00+00:00,188.82,188.86,188.62,188.69,439.43,2021,12,24
2021-12-24 02:46:00+00:00,188.67,188.83,188.62,188.72,696.56,2021,12,24
2021-12-24 02:47:00+00:00,188.73,188.8,188.55,188.58,416.75,2021,12,24
2021-12-24 02:48:00+00:00,188.58,188.58,188.44,188.49,504.94,2021,12,24
2021-12-24 02:49:00+00:00,188.5,188.68,188.47,188.62,620.02,2021,12,24
2021-12-24 02:50:00+00:00,188.61,188.68,188.48,188.68,602.86,2021,12,24
2021-12-24 02:51:00+00:00,188.68,188.68,188.44,188.53,561.75,2021,12,24
2021-12-24 02:52:00+00:00,188.55,188.56,188.42,188.44,476.04,2021,12,24
2021-12-24 02:53:00+00:00,188.44,188.56,188.43,188.56,526.19,2021,12,24
2021-12-24 02:54:00+00:00,188.53,188.77,188.53,188.71,1036.31,2021,12,24
2021-12-24 02:55:00+00:00,188.7,189.0,188.68,188.99,516.31,2021,12,24
2021-12-24 02:56:00+00:00,188.99,189.07,188.6,188.63,1243.73,2021,12,24
2021-12-24 02:57:00+00:00,188.62,188.68,188.47,188.66,557.74,2021,12,24
2021-12-24 02:58:00+00:00,188.68,188.73,188.47,188.54,783.93,2021,12,24
2021-12-24 02:59:00+00:00,188.53,188.59,188.43,188.45,458.3,2021,12,24
2021-12-24 03:00:00+00:00,188.45,188.52,188.03,188.06,2991.89,2021,12,24
2021-12-24 03:01:00+00:00,188.04,188.13,188.03,188.07,660.78,2021,12,24
2021-12-24 03:02:00+00:00,188.1,188.22,188.1,188.15,403.03,2021,12,24
2021-12-24 03:03:00+00:00,188.14,188.33,188.06,188.32,849.78,2021,12,24
2021-12-24 03:04:00+00:00,188.33,188.35,188.18,188.27,1363.47,2021,12,24
2021-12-24 03:05:00+00:00,188.28,188.33,188.16,188.21,767.95,2021,12,24
2021-12-24 03:06:00+00:00,188.2,188.28,188.11,188.11,713.57,2021,12,24
2021-12-24 03:07:00+00:00,188.11,188.17,188.03,188.11,3784.6,2021,12,24
2021-12-24 03:08:00+00:00,188.11,188.36,188.09,188.3,578.95,2021,12,24
2021-12-24 03:09:00+00:00,188.3,188.31,188.06,188.2,545.01,2021,12,24
2021-12-24 03:10:00+00:00,188.22,188.3,188.22,188.22,364.94,2021,12,24
2021-12-24 03:11:00+00:00,188.2,188.24,188.12,188.17,480.7,2021,12,24
2021-12-24 03:12:00+00:00,188.16,188.33,188.13,188.15,893.24,2021,12,24
2021-12-24 03:13:00+00:00,188.15,188.16,188.03,188.13,912.93,2021,12,24
2021-12-24 03:14:00+00:00,188.13,188.32,188.13,188.25,554.19,2021,12,24
2021-12-24 03:15:00+00:00,188.25,188.48,188.25,188.48,880.48,2021,12,24
2021-12-24 03:16:00+00:00,188.47,188.68,188.47,188.5,630.43,2021,12,24
2021-12-24 03:17:00+00:00,188.54,188.62,188.38,188.52,545.06,2021,12,24
2021-12-24 03:18:00+00:00,188.51,188.55,188.31,188.31,323.3,2021,12,24
2021-12-24 03:19:00+00:00,188.32,188.47,188.29,188.42,727.74,2021,12,24
2021-12-24 03:20:00+00:00,188.45,188.57,188.31,188.57,763.66,2021,12,24
2021-12-24 03:21:00+00:00,188.57,188.88,188.54,188.74,411.5,2021,12,24
2021-12-24 03:22:00+00:00,188.75,188.91,188.69,188.89,657.81,2021,12,24
2021-12-24 03:23:00+00:00,188.89,188.89,188.77,188.83,407.2,2021,12,24
2021-12-24 03:24:00+00:00,188.82,188.83,188.48,188.6,1058.14,2021,12,24
2021-12-24 03:25:00+00:00,188.59,188.81,188.59,188.7,428.33,2021,12,24
2021-12-24 03:26:00+00:00,188.7,188.7,188.56,188.59,514.17,2021,12,24
2021-12-24 03:27:00+00:00,188.6,188.68,188.58,188.62,195.29,2021,12,24
2021-12-24 03:28:00+00:00,188.4,188.4,188.2,188.24,374.61,2021,12,24
2021-12-24 03:29:00+00:00,188.23,188.26,188.1,188.19,685.54,2021,12,24
2021-12-24 03:30:00+00:00,188.18,188.25,188.13,188.17,238.26,2021,12,24
2021-12-24 03:31:00+00:00,188.17,188.17,188.04,188.1,266.0,2021,12,24
2021-12-24 03:32:00+00:00,188.09,188.1,188.03,188.04,442.27,2021,12,24
2021-12-24 03:33:00+00:00,188.04,188.14,188.03,188.09,404.73,2021,12,24
2021-12-24 03:34:00+00:00,188.09,188.18,188.06,188.1,767.16,2021,12,24
2021-12-24 03:35:00+00:00,188.1,188.28,188.07,188.21,622.65,2021,12,24
2021-12-24 03:36:00+00:00,188.22,188.48,188.2,188.43,426.08,2021,12,24
2021-12-24 03:37:00+00:00,188.43,188.49,188.27,188.28,362.25,2021,12,24
2021-12-24 03:38:00+00:00,188.26,188.29,188.03,188.1,850.88,2021,12,24
2021-12-24 03:39:00+00:00,188.1,188.18,188.04,188.12,692.79,2021,12,24
2021-12-24 03:40:00+00:00,188.14,188.25,188.07,188.12,271.56,2021,12,24
2021-12-24 03:41:00+00:00,188.12,188.15,187.68,187.81,3343.37,2021,12,24
2021-12-24 03:42:00+00:00,187.81,187.97,187.69,187.94,1183.85,2021,12,24
2021-12-24 03:43:00+00:00,187.95,187.98,187.79,187.91,442.51,2021,12,24
2021-12-24 03:44:00+00:00,187.91,188.0,187.83,187.91,351.7,2021,12,24
2021-12-24 03:45:00+00:00,187.91,187.98,187.76,187.83,1072.38,2021,12,24
2021-12-24 03:46:00+00:00,187.84,188.0,187.78,187.92,835.9,2021,12,24
2021-12-24 03:47:00+00:00,187.92,187.95,187.68,187.76,1143.67,2021,12,24
2021-12-24 03:48:00+00:00,187.77,187.78,187.59,187.63,1136.49,2021,12,24
2021-12-24 03:49:00+00:00,187.69,187.69,187.41,187.56,1630.72,2021,12,24
2021-12-24 03:50:00+00:00,187.57,187.59,187.15,187.17,2308.43,2021,12,24
2021-12-24 03:51:00+00:00,187.17,187.36,186.98,187.26,3136.48,2021,12,24
2021-12-24 03:52:00+00:00,187.25,187.29,187.07,187.19,1081.18,2021,12,24
2021-12-24 03:53:00+00:00,187.2,187.5,187.07,187.46,745.71,2021,12,24
2021-12-24 03:54:00+00:00,187.46,187.87,187.46,187.86,1185.63,2021,12,24
2021-12-24 03:55:00+00:00,187.85,187.85,187.6,187.64,769.08,2021,12,24
2021-12-24 03:56:00+00:00,187.64,187.94,187.61,187.91,680.12,2021,12,24
2021-12-24 03:57:00+00:00,187.92,187.93,187.8,187.88,497.42,2021,12,24
2021-12-24 03:58:00+00:00,187.89,187.89,187.68,187.74,836.01,2021,12,24
2021-12-24 03:59:00+00:00,187.74,187.76,187.62,187.69,681.68,2021,12,24
2021-12-24 04:00:00+00:00,187.68,187.87,187.57,187.78,654.47,2021,12,24
2021-12-24 04:01:00+00:00,187.79,187.86,187.62,187.7,678.46,2021,12,24
2021-12-24 04:02:00+00:00,187.69,187.79,187.6,187.62,724.25,2021,12,24
2021-12-24 04:03:00+00:00,187.64,187.81,187.54,187.81,282.2,2021,12,24
2021-12-24 04:04:00+00:00,187.81,187.92,187.77,187.8,499.17,2021,12,24
2021-12-24 04:05:00+00:00,187.8,187.92,187.8,187.9,298.51,2021,12,24
2021-12-24 04:06:00+00:00,187.9,187.92,187.67,187.85,734.47,2021,12,24
2021-12-24 04:07:00+00:00,187.86,188.1,187.84,188.08,2688.86,2021,12,24
2021-12-24 04:08:00+00:00,188.08,188.38,188.08,188.35,381.97,2021,12,24
2021-12-24 04:09:00+00:00,188.38,188.44,188.2,188.2,832.15,2021,12,24
2021-12-24 04:10:00+00:00,188.26,188.54,188.13,188.54,1496.4,2021,12,24
2021-12-24 04:11:00+00:00,188.53,188.67,188.48,188.63,378.74,2021,12,24
2021-12-24 04:12:00+00:00,188.63,188.75,188.39,188.41,742.92,2021,12,24
2021-12-24 04:13:00+00:00,188.41,188.56,188.41,188.51,296.44,2021,12,24
2021-12-24 04:14:00+00:00,188.5,188.9,188.43,188.9,1563.66,2021,12,24
2021-12-24 04:15:00+00:00,188.9,188.94,188.83,188.85,525.8,2021,12,24
2021-12-24 04:16:00+00:00,188.84,188.84,188.49,188.55,725.63,2021,12,24
2021-12-24 04:17:00+00:00,188.48,188.57,188.45,188.49,330.51,2021,12,24
2021-12-24 04:18:00+00:00,188.49,188.54,188.29,188.32,571.45,2021,12,24
2021-12-24 04:19:00+00:00,188.32,188.5,188.32,188.35,505.97,2021,12,24
2021-12-24 04:20:00+00:00,188.35,188.38,188.17,188.29,709.81,2021,12,24
2021-12-24 04:21:00+00:00,188.28,188.5,188.25,188.27,757.57,2021,12,24
2021-12-24 04:22:00+00:00,188.27,188.28,188.05,188.1,437.52,2021,12,24
2021-12-24 04:23:00+00:00,188.08,188.19,187.98,187.98,775.21,2021,12,24
2021-12-24 04:24:00+00:00,187.99,188.17,187.99,188.11,329.95,2021,12,24
2021-12-24 04:25:00+00:00,188.1,188.21,188.07,188.08,202.92,2021,12,24
2021-12-24 04:26:00+00:00,188.11,188.11,188.08,188.11,11.62,2021,12,24
2021-12-24 04:27:00+00:00,188.08,188.14,188.08,188.14,113.65,2021,12,24
2021-12-24 04:28:00+00:00,188.14,188.14,188.08,188.11,68.26,2021,12,24
2021-12-24 04:29:00+00:00,188.11,188.14,188.06,188.14,23.07,2021,12,24
2021-12-24 04:30:00+00:00,188.06,188.14,188.06,188.14,23.41,2021,12,24
2021-12-24 04:31:00+00:00,188.14,188.14,188.04,188.1,43.8,2021,12,24
2021-12-24 04:32:00+00:00,188.1,188.14,188.04,188.14,47.83,2021,12,24
2021-12-24 04:33:00+00:00,188.04,188.14,188.02,188.14,33.7,2021,12,24
2021-12-24 04:34:00+00:00,188.11,188.14,188.02,188.14,13.26,2021,12,24
2021-12-24 04:35:00+00:00,188.02,188.14,188.02,188.02,24.1,2021,12,24
2021-12-24 04:36:00+00:00,188.1,188.14,188.0,188.14,156.61,2021,12,24
2021-12-24 04:37:00+00:00,188.0,188.16,188.0,188.0,73.58,2021,12,24
2021-12-24 04:38:00+00:00,188.14,188.14,187.99,187.99,68.59,2021,12,24
2021-12-24 04:39:00+00:00,187.99,188.14,187.99,188.14,19.55,2021,12,24
2021-12-24 04:40:00+00:00,188.14,188.17,187.95,188.17,110.85,2021,12,24
2021-12-24 04:41:00+00:00,188.17,188.22,187.95,188.18,167.68,2021,12,24
2021-12-24 04:42:00+00:00,188.18,188.23,187.95,187.99,36.39,2021,12,24
2021-12-24 04:43:00+00:00,188.23,188.24,188.14,188.23,37.79,2021,12,24
2021-12-24 04:44:00+00:00,188.23,188.25,187.99,187.99,104.21,2021,12,24
2021-12-24 04:45:00+00:00,188.25,188.26,188.0,188.26,72.62,2021,12,24
2021-12-24 04:46:00+00:00,188.14,188.26,188.0,188.14,35.45,2021,12,24
2021-12-24 04:47:00+00:00,188.18,188.26,187.95,188.26,34.08,2021,12,24
2021-12-24 04:48:00+00:00,188.14,188.27,187.94,187.94,178.74,2021,12,24
2021-12-24 04:49:00+00:00,188.0,188.27,187.94,188.0,8.37,2021,12,24
2021-12-24 04:50:00+00:00,188.0,188.0,187.94,188.0,60.18,2021,12,24
2021-12-24 04:51:00+00:00,188.0,188.0,187.94,187.95,113.84,2021,12,24
2021-12-24 04:52:00+00:00,188.0,188.28,187.93,187.94,192.8,2021,12,24
2021-12-24 04:53:00+00:00,187.94,188.3,187.94,188.3,119.19,2021,12,24
2021-12-24 04:54:00+00:00,188.3,188.3,187.93,188.28,105.45,2021,12,24
2021-12-24 04:55:00+00:00,187.93,188.3,187.93,187.93,47.86,2021,12,24
2021-12-24 04:56:00+00:00,187.93,188.3,187.92,187.92,122.09,2021,12,24
2021-12-24 04:57:00+00:00,187.99,188.3,187.92,187.99,82.83,2021,12,24
2021-12-24 04:58:00+00:00,188.3,188.31,187.81,187.93,658.35,2021,12,24
2021-12-24 04:59:00+00:00,187.93,187.93,187.8,187.87,445.74,2021,12,24
2021-12-24 05:00:00+00:00,187.87,187.87,187.67,187.67,413.43,2021,12,24
2021-12-24 05:01:00+00:00,187.71,187.71,187.41,187.43,872.0,2021,12,24
2021-12-24 05:02:00+00:00,187.41,187.43,187.04,187.3,1093.74,2021,12,24
2021-12-24 05:03:00+00:00,187.22,187.68,187.21,187.57,325.31,2021,12,24
2021-12-24 05:04:00+00:00,187.53,187.53,187.28,187.3,833.42,2021,12,24
2021-12-24 05:05:00+00:00,187.34,187.5,187.27,187.41,260.58,2021,12,24
2021-12-24 05:06:00+00:00,187.36,187.43,187.23,187.26,393.97,2021,12,24
2021-12-24 05:07:00+00:00,187.26,187.46,187.26,187.33,478.11,2021,12,24
2021-12-24 05:08:00+00:00,187.33,187.38,187.17,187.27,480.19,2021,12,24
2021-12-24 05:09:00+00:00,187.28,187.3,187.06,187.12,832.33,2021,12,24
2021-12-24 05:10:00+00:00,187.16,187.47,187.16,187.44,615.22,2021,12,24
2021-12-24 05:11:00+00:00,187.43,187.51,187.33,187.45,262.38,2021,12,24
2021-12-24 05:12:00+00:00,187.45,187.73,187.35,187.68,863.51,2021,12,24
2021-12-24 05:13:00+00:00,187.68,187.73,187.49,187.64,600.32,2021,12,24
2021-12-24 05:14:00+00:00,187.68,188.19,187.63,188.03,938.16,2021,12,24
2021-12-24 05:15:00+00:00,188.02,188.03,187.82,187.92,332.62,2021,12,24
2021-12-24 05:16:00+00:00,187.97,188.03,187.82,187.91,474.28,2021,12,24
2021-12-24 05:17:00+00:00,187.95,188.02,187.93,187.94,308.1,2021,12,24
2021-12-24 05:18:00+00:00,187.96,188.52,187.94,188.51,620.01,2021,12,24
2021-12-24 05:19:00+00:00,188.51,188.6,188.39,188.39,613.84,2021,12,24
2021-12-24 05:20:00+00:00,188.37,188.46,188.33,188.45,435.88,2021,12,24
2021-12-24 05:21:00+00:00,188.45,188.45,188.27,188.3,793.93,2021,12,24
2021-12-24 05:22:00+00:00,188.29,188.3,187.88,187.88,960.69,2021,12,24
2021-12-24 05:23:00+00:00,187.88,188.24,187.86,188.17,338.91,2021,12,24
2021-12-24 05:24:00+00:00,188.18,188.28,188.16,188.28,284.82,2021,12,24
2021-12-24 05:25:00+00:00,188.27,188.27,187.8,187.8,595.32,2021,12,24
2021-12-24 05:26:00+00:00,187.79,187.79,187.49,187.49,361.2,2021,12,24
2021-12-24 05:27:00+00:00,187.49,187.6,187.45,187.59,351.85,2021,12,24
2021-12-24 05:28:00+00:00,187.58,187.65,187.13,187.14,476.24,2021,12,24
2021-12-24 05:29:00+00:00,187.16,187.2,187.05,187.08,254.46,2021,12,24
2021-12-24 05:30:00+00:00,187.08,187.52,187.08,187.37,827.7,2021,12,24
2021-12-24 05:31:00+00:00,187.36,187.37,187.17,187.17,207.95,2021,12,24
2021-12-24 05:32:00+00:00,187.2,187.32,187.17,187.32,266.08,2021,12,24
2021-12-24 05:33:00+00:00,187.33,187.45,187.2,187.2,598.94,2021,12,24
2021-12-24 05:34:00+00:00,187.2,187.23,187.09,187.22,320.65,2021,12,24
2021-12-24 05:35:00+00:00,187.22,187.59,187.19,187.42,460.41,2021,12,24
2021-12-24 05:36:00+00:00,187.45,187.65,187.45,187.65,371.68,2021,12,24
2021-12-24 05:37:00+00:00,187.65,187.65,187.28,187.31,215.23,2021,12,24
2021-12-24 05:38:00+00:00,187.31,187.44,187.3,187.44,474.16,2021,12,24
2021-12-24 05:39:00+00:00,187.43,187.84,187.42,187.68,1190.69,2021,12,24
2021-12-24 05:40:00+00:00,187.68,187.83,187.67,187.71,224.79,2021,12,24
2021-12-24 05:41:00+00:00,187.71,187.87,187.64,187.64,1138.45,2021,12,24
2021-12-24 05:42:00+00:00,187.65,187.65,187.51,187.51,355.75,2021,12,24
2021-12-24 05:43:00+00:00,187.5,187.54,187.36,187.49,621.87,2021,12,24
2021-12-24 05:44:00+00:00,187.5,187.94,187.49,187.73,629.53,2021,12,24
2021-12-24 05:45:00+00:00,187.74,187.9,187.64,187.84,674.0,2021,12,24
2021-12-24 05:46:00+00:00,187.83,187.88,187.6,187.74,743.36,2021,12,24
2021-12-24 05:47:00+00:00,187.77,187.85,187.62,187.62,313.44,2021,12,24
2021-12-24 05:48:00+00:00,187.66,187.8,187.62,187.75,269.25,2021,12,24
2021-12-24 05:49:00+00:00,187.75,187.75,187.56,187.61,277.62,2021,12,24
2021-12-24 05:50:00+00:00,187.62,187.95,187.62,187.92,432.84,2021,12,24
2021-12-24 05:51:00+00:00,187.92,187.92,187.57,187.68,1129.78,2021,12,24
2021-12-24 05:52:00+00:00,187.69,187.69,187.34,187.47,443.44,2021,12,24
2021-12-24 05:53:00+00:00,187.48,187.55,187.38,187.38,391.66,2021,12,24
2021-12-24 05:54:00+00:00,187.38,187.38,187.13,187.32,566.75,2021,12,24
2021-12-24 05:55:00+00:00,187.29,187.53,187.28,187.5,271.26,2021,12,24
2021-12-24 05:56:00+00:00,187.47,187.5,187.22,187.27,564.22,2021,12,24
2021-12-24 05:57:00+00:00,187.26,187.3,187.23,187.3,306.96,2021,12,24
2021-12-24 05:58:00+00:00,187.29,187.48,187.29,187.45,393.23,2021,12,24
2021-12-24 05:59:00+00:00,187.45,187.6,187.45,187.57,555.87,2021,12,24
2021-12-24 06:00:00+00:00,187.56,187.57,187.22,187.29,560.67,2021,12,24
2021-12-24 06:01:00+00:00,187.28,187.3,187.12,187.25,599.63,2021,12,24
2021-12-24 06:02:00+00:00,187.26,187.3,187.07,187.09,675.34,2021,12,24
2021-12-24 06:03:00+00:00,187.08,187.09,186.78,186.83,1187.74,2021,12,24
2021-12-24 06:04:00+00:00,186.83,187.0,186.8,186.91,669.63,2021,12,24
2021-12-24 06:05:00+00:00,186.92,187.05,186.87,186.95,1652.25,2021,12,24
2021-12-24 06:06:00+00:00,186.94,187.04,186.92,186.93,599.6,2021,12,24
2021-12-24 06:07:00+00:00,186.92,186.95,186.73,186.78,850.43,2021,12,24
2021-12-24 06:08:00+00:00,186.77,186.87,186.7,186.79,819.1,2021,12,24
2021-12-24 06:09:00+00:00,186.79,186.89,186.73,186.73,676.85,2021,12,24
2021-12-24 06:10:00+00:00,186.72,186.84,186.64,186.71,568.62,2021,12,24
2021-12-24 06:11:00+00:00,186.71,186.79,186.57,186.77,872.45,2021,12,24
2021-12-24 06:12:00+00:00,186.77,187.0,186.4,186.57,3224.82,2021,12,24
2021-12-24 06:13:00+00:00,186.59,186.87,186.58,186.85,932.41,2021,12,24
2021-12-24 06:14:00+00:00,186.85,187.23,186.84,187.2,1099.71,2021,12,24
2021-12-24 06:15:00+00:00,187.2,187.2,186.81,186.99,633.87,2021,12,24
2021-12-24 06:16:00+00:00,186.99,187.13,186.8,187.0,1083.56,2021,12,24
2021-12-24 06:17:00+00:00,187.03,187.19,187.01,187.08,672.0,2021,12,24
2021-12-24 06:18:00+00:00,187.08,187.08,186.9,186.92,276.66,2021,12,24
2021-12-24 06:19:00+00:00,186.91,186.96,186.72,186.77,445.78,2021,12,24
2021-12-24 06:20:00+00:00,186.77,186.84,186.3,186.72,1488.65,2021,12,24
2021-12-24 06:21:00+00:00,186.68,186.77,186.48,186.65,566.53,2021,12,24
2021-12-24 06:22:00+00:00,186.61,186.8,186.42,186.77,416.08,2021,12,24
2021-12-24 06:23:00+00:00,186.77,186.99,186.61,186.83,633.27,2021,12,24
2021-12-24 06:24:00+00:00,186.85,186.92,186.6,186.6,1804.17,2021,12,24
2021-12-24 06:25:00+00:00,186.62,186.99,186.62,186.88,741.55,2021,12,24
2021-12-24 06:26:00+00:00,186.88,187.08,186.87,187.03,1124.41,2021,12,24
2021-12-24 06:27:00+00:00,187.05,187.05,186.71,186.76,877.13,2021,12,24
2021-12-24 06:28:00+00:00,186.74,187.02,186.74,186.99,441.17,2021,12,24
2021-12-24 06:29:00+00:00,187.0,187.03,186.86,187.0,706.95,2021,12,24
2021-12-24 06:30:00+00:00,187.0,187.42,186.98,187.31,1257.2,2021,12,24
2021-12-24 06:31:00+00:00,187.33,187.37,187.09,187.28,622.68,2021,12,24
2021-12-24 06:32:00+00:00,187.26,187.26,186.9,187.17,536.71,2021,12,24
2021-12-24 06:33:00+00:00,187.1,187.18,186.96,187.08,803.55,2021,12,24
2021-12-24 06:34:00+00:00,187.08,187.13,187.02,187.06,253.57,2021,12,24
2021-12-24 06:35:00+00:00,187.06,187.15,187.0,187.15,390.08,2021,12,24
2021-12-24 06:36:00+00:00,187.15,187.3,187.04,187.29,946.34,2021,12,24
2021-12-24 06:37:00+00:00,187.29,187.3,187.22,187.3,511.63,2021,12,24
2021-12-24 06:38:00+00:00,187.29,187.43,187.29,187.33,444.93,2021,12,24
2021-12-24 06:39:00+00:00,187.3,187.31,187.05,187.27,648.56,2021,12,24
2021-12-24 06:40:00+00:00,187.27,187.29,187.1,187.1,1001.77,2021,12,24
2021-12-24 06:41:00+00:00,187.09,187.37,186.95,187.26,2198.42,2021,12,24
2021-12-24 06:42:00+00:00,187.24,187.32,187.16,187.2,323.28,2021,12,24
2021-12-24 06:43:00+00:00,187.21,187.34,187.16,187.22,296.88,2021,12,24
2021-12-24 06:44:00+00:00,187.21,187.25,187.06,187.06,623.49,2021,12,24
2021-12-24 06:45:00+00:00,187.06,187.39,187.05,187.38,675.55,2021,12,24
2021-12-24 06:46:00+00:00,187.36,187.46,187.29,187.31,317.5,2021,12,24
2021-12-24 06:47:00+00:00,187.3,187.42,187.27,187.42,656.52,2021,12,24
2021-12-24 06:48:00+00:00,187.41,187.47,187.28,187.47,997.66,2021,12,24
2021-12-24 06:49:00+00:00,187.44,187.46,187.38,187.42,483.88,2021,12,24
2021-12-24 06:50:00+00:00,187.41,187.56,187.4,187.51,340.26,2021,12,24
2021-12-24 06:51:00+00:00,187.51,187.84,187.51,187.78,891.6,2021,12,24
2021-12-24 06:52:00+00:00,187.78,187.98,187.74,187.96,426.36,2021,12,24
2021-12-24 06:53:00+00:00,187.97,188.2,187.78,187.89,4563.49,2021,12,24
2021-12-24 06:54:00+00:00,187.89,188.0,187.72,187.88,628.74,2021,12,24
2021-12-24 06:55:00+00:00,187.88,187.88,187.51,187.62,837.62,2021,12,24
2021-12-24 06:56:00+00:00,187.62,187.68,187.41,187.42,314.02,2021,12,24
2021-12-24 06:57:00+00:00,187.41,187.41,187.25,187.3,545.41,2021,12,24
2021-12-24 06:58:00+00:00,187.3,187.7,187.3,187.66,674.55,2021,12,24
2021-12-24 06:59:00+00:00,187.65,187.67,187.48,187.48,368.63,2021,12,24
2021-12-24 07:00:00+00:00,187.53,187.54,187.23,187.25,1767.35,2021,12,24
2021-12-24 07:01:00+00:00,187.24,187.5,186.79,186.88,3190.33,2021,12,24
2021-12-24 07:02:00+00:00,186.87,187.12,186.78,186.87,1078.42,2021,12,24
2021-12-24 07:03:00+00:00,186.88,187.08,186.77,187.08,1055.4,2021,12,24
2021-12-24 07:04:00+00:00,187.09,187.36,187.0,187.3,685.79,2021,12,24
2021-12-24 07:05:00+00:00,187.3,187.39,187.12,187.13,666.4,2021,12,24
2021-12-24 07:06:00+00:00,187.12,187.31,187.03,187.31,547.66,2021,12,24
2021-12-24 07:07:00+00:00,187.31,187.44,187.3,187.3,380.03,2021,12,24
2021-12-24 07:08:00+00:00,187.32,187.41,187.27,187.28,354.14,2021,12,24
2021-12-24 07:09:00+00:00,187.27,187.38,187.26,187.26,341.57,2021,12,24
2021-12-24 07:10:00+00:00,187.25,187.26,187.1,187.22,356.64,2021,12,24
2021-12-24 07:11:00+00:00,187.21,187.43,187.21,187.33,501.87,2021,12,24
2021-12-24 07:12:00+00:00,187.32,187.54,187.3,187.34,1041.93,2021,12,24
2021-12-24 07:13:00+00:00,187.41,187.44,187.16,187.26,890.44,2021,12,24
2021-12-24 07:14:00+00:00,187.26,187.6,187.26,187.58,412.57,2021,12,24
2021-12-24 07:15:00+00:00,187.59,187.74,187.58,187.7,637.2,2021,12,24
2021-12-24 07:16:00+00:00,187.7,187.75,187.63,187.75,970.2,2021,12,24
2021-12-24 07:17:00+00:00,187.74,187.94,187.69,187.92,679.45,2021,12,24
2021-12-24 07:18:00+00:00,187.92,187.97,187.69,187.72,941.07,2021,12,24
2021-12-24 07:19:00+00:00,187.72,187.98,187.72,187.98,518.33,2021,12,24
2021-12-24 07:20:00+00:00,187.98,187.99,187.79,187.79,298.4,2021,12,24
2021-12-24 07:21:00+00:00,187.8,187.87,187.72,187.81,616.88,2021,12,24
2021-12-24 07:22:00+00:00,187.81,188.0,187.81,187.98,508.61,2021,12,24
2021-12-24 07:23:00+00:00,187.98,188.13,187.97,188.13,559.09,2021,12,24
2021-12-24 07:24:00+00:00,188.1,188.3,187.94,188.01,1524.03,2021,12,24
2021-12-24 07:25:00+00:00,188.01,188.09,187.49,187.57,3563.26,2021,12,24
2021-12-24 07:26:00+00:00,187.58,188.17,187.58,188.1,2492.95,2021,12,24
2021-12-24 07:27:00+00:00,188.13,188.13,187.87,188.09,950.23,2021,12,24
2021-12-24 07:28:00+00:00,188.12,188.2,188.0,188.08,670.19,2021,12,24
2021-12-24 07:29:00+00:00,188.06,188.13,187.97,188.08,437.78,2021,12,24
2021-12-24 07:30:00+00:00,188.08,188.31,188.07,188.17,1011.85,2021,12,24
2021-12-24 07:31:00+00:00,188.19,188.32,188.04,188.08,461.23,2021,12,24
2021-12-24 07:32:00+00:00,188.11,188.22,188.04,188.1,547.44,2021,12,24
2021-12-24 07:33:00+00:00,188.1,188.2,187.96,187.96,977.42,2021,12,24
2021-12-24 07:34:00+00:00,187.96,187.96,187.71,187.77,699.12,2021,12,24
2021-12-24 07:35:00+00:00,187.77,188.05,187.7,188.01,887.57,2021,12,24
2021-12-24 07:36:00+00:00,188.0,188.05,187.82,187.93,552.9,2021,12,24
2021-12-24 07:37:00+00:00,187.93,187.97,187.89,187.93,355.08,2021,12,24
2021-12-24 07:38:00+00:00,187.93,187.94,187.74,187.74,360.94,2021,12,24
2021-12-24 07:39:00+00:00,187.74,187.8,187.71,187.76,342.86,2021,12,24
2021-12-24 07:40:00+00:00,187.76,187.87,187.72,187.74,476.4,2021,12,24
2021-12-24 07:41:00+00:00,187.73,187.93,187.58,187.88,446.13,2021,12,24
2021-12-24 07:42:00+00:00,187.94,188.15,187.93,188.08,668.76,2021,12,24
2021-12-24 07:43:00+00:00,188.09,188.23,187.91,188.03,646.77,2021,12,24
2021-12-24 07:44:00+00:00,188.03,188.04,187.82,187.88,599.42,2021,12,24
2021-12-24 07:45:00+00:00,187.9,188.09,187.85,188.01,672.41,2021,12,24
2021-12-24 07:46:00+00:00,188.0,188.07,187.83,187.86,406.62,2021,12,24
2021-12-24 07:47:00+00:00,187.88,188.05,187.86,188.0,871.93,2021,12,24
2021-12-24 07:48:00+00:00,188.0,188.12,187.95,188.08,424.42,2021,12,24
2021-12-24 07:49:00+00:00,188.1,188.21,188.1,188.21,519.26,2021,12,24
2021-12-24 07:50:00+00:00,188.21,188.97,187.96,188.8,14715.61,2021,12,24
2021-12-24 07:51:00+00:00,188.81,189.12,188.78,188.78,2192.5,2021,12,24
2021-12-24 07:52:00+00:00,188.79,188.8,188.51,188.52,630.53,2021,12,24
2021-12-24 07:53:00+00:00,188.52,188.7,188.44,188.47,1029.77,2021,12,24
2021-12-24 07:54:00+00:00,188.47,188.53,188.36,188.47,651.68,2021,12,24
2021-12-24 07:55:00+00:00,188.47,188.77,188.47,188.77,878.18,2021,12,24
2021-12-24 07:56:00+00:00,188.77,188.89,188.65,188.84,939.39,2021,12,24
2021-12-24 07:57:00+00:00,188.83,188.83,188.45,188.51,784.31,2021,12,24
2021-12-24 07:58:00+00:00,188.54,188.78,188.48,188.76,701.17,2021,12,24
2021-12-24 07:59:00+00:00,188.76,188.8,188.62,188.79,585.06,2021,12,24
2021-12-24 08:00:00+00:00,188.81,188.96,188.66,188.72,885.79,2021,12,24
2021-12-24 08:01:00+00:00,188.71,188.74,188.54,188.67,422.65,2021,12,24
2021-12-24 08:02:00+00:00,188.65,188.66,188.27,188.5,1698.78,2021,12,24
2021-12-24 08:03:00+00:00,188.49,188.5,188.33,188.34,332.99,2021,12,24
2021-12-24 08:04:00+00:00,188.34,188.36,188.3,188.31,306.54,2021,12,24
2021-12-24 08:05:00+00:00,188.32,188.75,188.32,188.69,584.09,2021,12,24
2021-12-24 08:06:00+00:00,188.69,188.78,188.52,188.54,794.6,2021,12,24
2021-12-24 08:07:00+00:00,188.53,188.73,188.33,188.6,726.41,2021,12,24
2021-12-24 08:08:00+00:00,188.61,188.69,188.55,188.55,675.6,2021,12,24
2021-12-24 08:09:00+00:00,188.55,188.56,188.36,188.37,438.0,2021,12,24
2021-12-24 08:10:00+00:00,188.38,188.46,188.27,188.44,478.67,2021,12,24
2021-12-24 08:11:00+00:00,188.44,188.56,188.3,188.56,561.31,2021,12,24
2021-12-24 08:12:00+00:00,188.57,189.25,188.54,189.0,1640.77,2021,12,24
2021-12-24 08:13:00+00:00,188.99,189.03,188.79,188.96,519.98,2021,12,24
2021-12-24 08:14:00+00:00,188.95,189.49,188.95,189.42,2129.66,2021,12,24
2021-12-24 08:15:00+00:00,189.42,189.46,189.25,189.41,448.76,2021,12,24
2021-12-24 08:16:00+00:00,189.42,189.5,189.18,189.4,872.23,2021,12,24
2021-12-24 08:17:00+00:00,189.4,189.49,189.35,189.37,550.08,2021,12,24
2021-12-24 08:18:00+00:00,189.37,189.52,189.29,189.35,907.79,2021,12,24
2021-12-24 08:19:00+00:00,189.35,189.51,189.27,189.38,768.51,2021,12,24
2021-12-24 08:20:00+00:00,189.38,189.46,189.31,189.4,689.92,2021,12,24
2021-12-24 08:21:00+00:00,189.4,189.41,189.25,189.38,994.73,2021,12,24
2021-12-24 08:22:00+00:00,189.39,189.62,189.35,189.41,1023.26,2021,12,24
2021-12-24 08:23:00+00:00,189.41,189.47,189.23,189.47,617.5,2021,12,24
2021-12-24 08:24:00+00:00,189.47,189.68,189.4,189.44,1160.92,2021,12,24
2021-12-24 08:25:00+00:00,189.44,189.54,189.4,189.49,439.08,2021,12,24
2021-12-24 08:26:00+00:00,189.48,189.51,189.14,189.16,1113.69,2021,12,24
2021-12-24 08:27:00+00:00,189.16,189.48,189.14,189.44,940.7,2021,12,24
2021-12-24 08:28:00+00:00,189.45,189.45,189.25,189.37,598.62,2021,12,24
2021-12-24 08:29:00+00:00,189.37,189.4,189.25,189.26,582.59,2021,12,24
2021-12-24 08:30:00+00:00,189.27,189.45,189.22,189.32,492.58,2021,12,24
2021-12-24 08:31:00+00:00,189.31,189.55,189.22,189.49,827.0,2021,12,24
2021-12-24 08:32:00+00:00,189.49,189.63,189.38,189.58,932.38,2021,12,24
2021-12-24 08:33:00+00:00,189.58,189.66,189.56,189.63,298.15,2021,12,24
2021-12-24 08:34:00+00:00,189.62,189.77,189.62,189.66,625.1,2021,12,24
2021-12-24 08:35:00+00:00,189.67,189.69,189.53,189.56,372.19,2021,12,24
2021-12-24 08:36:00+00:00,189.55,189.56,189.31,189.5,543.85,2021,12,24
2021-12-24 08:37:00+00:00,189.49,189.49,189.38,189.41,198.72,2021,12,24
2021-12-24 08:38:00+00:00,189.41,189.67,189.41,189.64,738.45,2021,12,24
2021-12-24 08:39:00+00:00,189.65,189.65,189.45,189.55,591.61,2021,12,24
2021-12-24 08:40:00+00:00,189.51,189.57,189.45,189.57,275.01,2021,12,24
2021-12-24 08:41:00+00:00,189.57,189.57,189.35,189.36,431.34,2021,12,24
2021-12-24 08:42:00+00:00,189.36,189.5,189.35,189.42,562.08,2021,12,24
2021-12-24 08:43:00+00:00,189.43,189.55,189.42,189.54,658.71,2021,12,24
2021-12-24 08:44:00+00:00,189.53,189.66,189.5,189.64,496.26,2021,12,24
2021-12-24 08:45:00+00:00,189.64,189.95,189.58,189.9,1601.27,2021,12,24
2021-12-24 08:46:00+00:00,189.9,189.99,189.83,189.98,478.75,2021,12,24
2021-12-24 08:47:00+00:00,189.98,190.1,189.9,190.0,2175.85,2021,12,24
2021-12-24 08:48:00+00:00,190.0,190.22,189.9,190.22,1169.22,2021,12,24
2021-12-24 08:49:00+00:00,190.22,190.27,190.09,190.13,524.27,2021,12,24
2021-12-24 08:50:00+00:00,190.13,190.22,190.04,190.17,601.51,2021,12,24
2021-12-24 08:51:00+00:00,190.16,190.24,190.01,190.05,1064.28,2021,12,24
2021-12-24 08:52:00+00:00,190.05,190.33,190.05,190.33,1349.51,2021,12,24
2021-12-24 08:53:00+00:00,190.33,190.33,190.2,190.27,471.36,2021,12,24
2021-12-24 08:54:00+00:00,190.27,190.33,190.01,190.07,916.22,2021,12,24
2021-12-24 08:55:00+00:00,190.09,190.5,190.09,190.35,1766.66,2021,12,24
2021-12-24 08:56:00+00:00,190.35,190.41,190.23,190.38,682.49,2021,12,24
2021-12-24 08:57:00+00:00,190.38,190.58,190.37,190.45,1479.61,2021,12,24
2021-12-24 08:58:00+00:00,190.44,190.47,190.15,190.28,846.51,2021,12,24
2021-12-24 08:59:00+00:00,190.27,190.29,190.09,190.19,624.51,2021,12,24
2021-12-24 09:00:00+00:00,190.18,190.18,190.08,190.1,653.33,2021,12,24
2021-12-24 09:01:00+00:00,190.13,190.14,190.0,190.02,268.85,2021,12,24
2021-12-24 09:02:00+00:00,190.0,190.08,189.47,189.47,1236.96,2021,12,24
2021-12-24 09:03:00+00:00,189.47,189.47,189.01,189.26,1516.31,2021,12,24
2021-12-24 09:04:00+00:00,189.27,189.36,188.8,188.86,2791.53,2021,12,24
2021-12-24 09:05:00+00:00,188.86,188.99,188.81,188.88,841.23,2021,12,24
2021-12-24 09:06:00+00:00,188.86,189.13,188.8,189.11,909.76,2021,12,24
2021-12-24 09:07:00+00:00,189.1,189.25,188.94,189.14,403.95,2021,12,24
2021-12-24 09:08:00+00:00,189.14,189.26,189.03,189.21,891.45,2021,12,24
2021-12-24 09:09:00+00:00,189.19,189.22,189.08,189.12,449.19,2021,12,24
2021-12-24 09:10:00+00:00,189.13,189.37,189.11,189.18,2596.62,2021,12,24
2021-12-24 09:11:00+00:00,189.17,189.37,189.13,189.27,484.66,2021,12,24
2021-12-24 09:12:00+00:00,189.26,189.54,189.16,189.52,892.27,2021,12,24
2021-12-24 09:13:00+00:00,189.52,189.52,189.43,189.44,283.55,2021,12,24
2021-12-24 09:14:00+00:00,189.43,189.46,189.34,189.37,474.66,2021,12,24
2021-12-24 09:15:00+00:00,189.38,189.49,189.36,189.37,269.23,2021,12,24
2021-12-24 09:16:00+00:00,189.38,189.38,188.99,188.99,1331.05,2021,12,24
2021-12-24 09:17:00+00:00,189.0,189.4,188.99,189.34,942.55,2021,12,24
2021-12-24 09:18:00+00:00,189.34,189.34,189.2,189.32,474.68,2021,12,24
2021-12-24 09:19:00+00:00,189.33,189.5,189.32,189.5,340.74,2021,12,24
2021-12-24 09:20:00+00:00,189.49,189.59,189.36,189.39,796.37,2021,12,24
2021-12-24 09:21:00+00:00,189.39,189.88,189.36,189.81,1285.63,2021,12,24
2021-12-24 09:22:00+00:00,189.81,189.82,189.66,189.75,420.53,2021,12,24
2021-12-24 09:23:00+00:00,189.75,189.86,189.73,189.8,776.62,2021,12,24
2021-12-24 09:24:00+00:00,189.81,189.97,189.8,189.88,748.09,2021,12,24
2021-12-24 09:25:00+00:00,189.87,189.93,189.78,189.81,1399.14,2021,12,24
2021-12-24 09:26:00+00:00,189.81,189.89,189.78,189.86,274.55,2021,12,24
2021-12-24 09:27:00+00:00,189.87,190.08,189.86,190.04,408.3,2021,12,24
2021-12-24 09:28:00+00:00,190.04,190.06,189.96,189.97,481.38,2021,12,24
2021-12-24 09:29:00+00:00,189.97,189.97,189.31,189.56,2108.18,2021,12,24
2021-12-24 09:30:00+00:00,189.57,189.73,189.57,189.64,1080.67,2021,12,24
2021-12-24 09:31:00+00:00,189.64,189.7,189.39,189.41,673.6,2021,12,24
2021-12-24 09:32:00+00:00,189.41,189.42,189.23,189.28,1506.43,2021,12,24
2021-12-24 09:33:00+00:00,189.27,189.73,189.0,189.57,5160.66,2021,12,24
2021-12-24 09:34:00+00:00,189.57,189.88,189.48,189.83,844.31,2021,12,24
2021-12-24 09:35:00+00:00,189.83,189.83,189.67,189.74,402.22,2021,12,24
2021-12-24 09:36:00+00:00,189.75,189.79,189.57,189.79,447.26,2021,12,24
2021-12-24 09:37:00+00:00,189.79,189.95,189.74,189.91,420.46,2021,12,24
2021-12-24 09:38:00+00:00,189.91,190.02,189.86,189.95,581.75,2021,12,24
2021-12-24 09:39:00+00:00,189.95,189.96,189.82,189.91,459.73,2021,12,24
2021-12-24 09:40:00+00:00,189.91,189.93,189.67,189.68,941.35,2021,12,24
2021-12-24 09:41:00+00:00,189.68,189.78,189.64,189.65,1022.78,2021,12,24
2021-12-24 09:42:00+00:00,189.65,189.71,189.55,189.66,962.22,2021,12,24
2021-12-24 09:43:00+00:00,189.66,189.86,189.62,189.84,388.1,2021,12,24
2021-12-24 09:44:00+00:00,189.84,190.16,189.83,190.12,1757.88,2021,12,24
2021-12-24 09:45:00+00:00,190.11,190.22,190.11,190.19,746.03,2021,12,24
2021-12-24 09:46:00+00:00,190.21,190.47,190.07,190.42,1586.9,2021,12,24
2021-12-24 09:47:00+00:00,190.42,190.48,190.35,190.48,641.89,2021,12,24
2021-12-24 09:48:00+00:00,190.47,190.58,190.47,190.56,471.71,2021,12,24
2021-12-24 09:49:00+00:00,190.56,190.72,190.53,190.64,1076.45,2021,12,24
2021-12-24 09:50:00+00:00,190.65,190.72,190.58,190.61,268.48,2021,12,24
2021-12-24 09:51:00+00:00,190.61,190.77,190.6,190.64,1077.09,2021,12,24
2021-12-24 09:52:00+00:00,190.66,190.73,190.51,190.66,705.87,2021,12,24
2021-12-24 09:53:00+00:00,190.67,190.82,190.65,190.81,1025.62,2021,12,24
2021-12-24 09:54:00+00:00,190.78,190.9,190.39,190.9,5718.14,2021,12,24
2021-12-24 09:55:00+00:00,190.88,191.0,190.84,190.9,867.45,2021,12,24
2021-12-24 09:56:00+00:00,190.91,190.91,190.43,190.54,4124.03,2021,12,24
2021-12-24 09:57:00+00:00,190.54,190.75,190.47,190.68,694.53,2021,12,24
2021-12-24 09:58:00+00:00,190.69,190.9,190.62,190.88,506.54,2021,12,24
2021-12-24 09:59:00+00:00,190.88,190.88,190.76,190.85,532.97,2021,12,24
2021-12-24 10:00:00+00:00,190.84,190.86,190.69,190.85,885.52,2021,12,24
2021-12-24 10:01:00+00:00,190.87,191.07,190.82,191.04,2575.57,2021,12,24
2021-12-24 10:02:00+00:00,191.03,191.18,190.89,191.11,2990.87,2021,12,24
2021-12-24 10:03:00+00:00,191.11,191.31,191.04,191.3,1047.83,2021,12,24
2021-12-24 10:04:00+00:00,191.3,191.39,191.2,191.25,2081.35,2021,12,24
2021-12-24 10:05:00+00:00,191.26,191.36,191.15,191.31,1132.35,2021,12,24
2021-12-24 10:06:00+00:00,191.31,191.31,190.89,190.99,1264.04,2021,12,24
2021-12-24 10:07:00+00:00,190.98,190.98,190.76,190.83,804.79,2021,12,24
2021-12-24 10:08:00+00:00,190.81,190.86,190.62,190.64,493.94,2021,12,24
2021-12-24 10:09:00+00:00,190.64,190.7,190.47,190.67,2159.44,2021,12,24
2021-12-24 10:10:00+00:00,190.66,190.68,190.42,190.43,336.89,2021,12,24
2021-12-24 10:11:00+00:00,190.43,190.64,190.27,190.57,1304.98,2021,12,24
2021-12-24 10:12:00+00:00,190.6,190.71,190.53,190.63,1043.43,2021,12,24
2021-12-24 10:13:00+00:00,190.64,190.85,190.52,190.83,368.34,2021,12,24
2021-12-24 10:14:00+00:00,190.82,190.98,190.82,190.9,679.85,2021,12,24
2021-12-24 10:15:00+00:00,190.9,190.91,190.65,190.67,696.13,2021,12,24
2021-12-24 10:16:00+00:00,190.67,190.67,190.47,190.53,960.46,2021,12,24
2021-12-24 10:17:00+00:00,190.53,190.64,190.28,190.28,581.23,2021,12,24
2021-12-24 10:18:00+00:00,190.3,190.48,190.29,190.3,466.2,2021,12,24
2021-12-24 10:19:00+00:00,190.29,190.4,190.11,190.39,934.77,2021,12,24
2021-12-24 10:20:00+00:00,190.39,190.51,190.31,190.34,620.11,2021,12,24
2021-12-24 10:21:00+00:00,190.35,190.72,190.32,190.68,809.21,2021,12,24
2021-12-24 10:22:00+00:00,190.69,190.86,190.66,190.75,500.9,2021,12,24
2021-12-24 10:23:00+00:00,190.75,191.0,190.75,190.83,1388.44,2021,12,24
2021-12-24 10:24:00+00:00,190.82,190.82,190.43,190.46,1011.62,2021,12,24
2021-12-24 10:25:00+00:00,190.45,190.5,190.27,190.43,1156.46,2021,12,24
2021-12-24 10:26:00+00:00,190.44,190.55,190.3,190.36,395.74,2021,12,24
2021-12-24 10:27:00+00:00,190.36,190.38,190.07,190.33,1154.76,2021,12,24
2021-12-24 10:28:00+00:00,190.31,190.36,190.24,190.3,961.73,2021,12,24
2021-12-24 10:29:00+00:00,190.3,190.38,190.17,190.35,474.42,2021,12,24
2021-12-24 10:30:00+00:00,190.34,190.34,190.19,190.31,480.63,2021,12,24
2021-12-24 10:31:00+00:00,190.31,190.4,190.24,190.37,1387.37,2021,12,24
2021-12-24 10:32:00+00:00,190.38,190.52,190.28,190.5,495.48,2021,12,24
2021-12-24 10:33:00+00:00,190.49,190.68,190.49,190.67,381.26,2021,12,24
2021-12-24 10:34:00+00:00,190.67,190.74,190.65,190.69,279.8,2021,12,24
2021-12-24 10:35:00+00:00,190.69,190.71,190.5,190.66,341.57,2021,12,24
2021-12-24 10:36:00+00:00,190.67,190.72,190.58,190.58,408.55,2021,12,24
2021-12-24 10:37:00+00:00,190.57,190.58,190.38,190.48,349.07,2021,12,24
2021-12-24 10:38:00+00:00,190.48,190.5,190.42,190.43,144.55,2021,12,24
2021-12-24 10:39:00+00:00,190.42,190.63,190.41,190.58,450.69,2021,12,24
2021-12-24 10:40:00+00:00,190.57,190.57,190.33,190.42,385.1,2021,12,24
2021-12-24 10:41:00+00:00,190.42,190.42,190.35,190.37,230.74,2021,12,24
2021-12-24 10:42:00+00:00,190.37,190.4,190.16,190.3,735.1,2021,12,24
2021-12-24 10:43:00+00:00,190.28,190.28,190.11,190.25,964.99,2021,12,24
2021-12-24 10:44:00+00:00,190.26,190.38,190.24,190.25,578.19,2021,12,24
2021-12-24 10:45:00+00:00,190.24,190.4,190.16,190.4,601.57,2021,12,24
2021-12-24 10:46:00+00:00,190.4,190.5,190.25,190.26,830.42,2021,12,24
2021-12-24 10:47:00+00:00,190.25,190.25,190.11,190.17,526.12,2021,12,24
2021-12-24 10:48:00+00:00,190.17,190.17,190.07,190.16,565.1,2021,12,24
2021-12-24 10:49:00+00:00,190.16,190.34,190.08,190.18,516.62,2021,12,24
2021-12-24 10:50:00+00:00,190.19,190.28,190.1,190.23,782.49,2021,12,24
2021-12-24 10:51:00+00:00,190.25,190.37,190.23,190.31,513.43,2021,12,24
2021-12-24 10:52:00+00:00,190.31,190.43,190.08,190.15,844.11,2021,12,24
2021-12-24 10:53:00+00:00,190.16,190.16,189.98,190.0,1089.04,2021,12,24
2021-12-24 10:54:00+00:00,190.0,190.08,190.0,190.0,469.03,2021,12,24
2021-12-24 10:55:00+00:00,190.01,190.26,190.0,190.17,382.54,2021,12,24
2021-12-24 10:56:00+00:00,190.16,190.18,190.04,190.04,552.16,2021,12,24
2021-12-24 10:57:00+00:00,190.04,190.31,190.02,190.19,417.97,2021,12,24
2021-12-24 10:58:00+00:00,190.2,190.38,190.19,190.38,397.41,2021,12,24
2021-12-24 10:59:00+00:00,190.37,190.41,190.26,190.38,294.55,2021,12,24
2021-12-24 11:00:00+00:00,190.39,190.39,190.12,190.13,342.48,2021,12,24
2021-12-24 11:01:00+00:00,190.12,190.26,190.05,190.07,286.46,2021,12,24
2021-12-24 11:02:00+00:00,190.07,190.08,189.83,189.89,1141.18,2021,12,24
2021-12-24 11:03:00+00:00,189.9,189.91,189.81,189.86,491.5,2021,12,24
2021-12-24 11:04:00+00:00,189.85,189.89,189.57,189.63,1119.46,2021,12,24
2021-12-24 11:05:00+00:00,189.62,189.71,189.56,189.66,388.65,2021,12,24
2021-12-24 11:06:00+00:00,189.67,189.76,189.55,189.73,498.15,2021,12,24
2021-12-24 11:07:00+00:00,189.72,189.8,189.64,189.8,379.62,2021,12,24
2021-12-24 11:08:00+00:00,189.8,189.88,189.75,189.8,270.93,2021,12,24
2021-12-24 11:09:00+00:00,189.81,189.87,189.75,189.81,385.82,2021,12,24
2021-12-24 11:10:00+00:00,189.82,190.1,189.75,189.95,1537.74,2021,12,24
2021-12-24 11:11:00+00:00,189.95,190.19,189.85,190.05,1010.3,2021,12,24
2021-12-24 11:12:00+00:00,190.04,190.14,190.03,190.11,193.0,2021,12,24
2021-12-24 11:13:00+00:00,190.11,190.11,189.8,189.86,520.48,2021,12,24
2021-12-24 11:14:00+00:00,189.87,189.96,189.86,189.93,341.53,2021,12,24
2021-12-24 11:15:00+00:00,189.92,190.22,189.78,190.12,1378.89,2021,12,24
2021-12-24 11:16:00+00:00,190.12,190.18,190.06,190.12,834.93,2021,12,24
2021-12-24 11:17:00+00:00,190.12,190.12,189.69,189.7,2019.56,2021,12,24
2021-12-24 11:18:00+00:00,189.71,190.1,189.71,190.01,1329.28,2021,12,24
2021-12-24 11:19:00+00:00,190.01,190.05,189.94,190.04,243.92,2021,12,24
2021-12-24 11:20:00+00:00,190.04,190.09,189.89,189.95,449.81,2021,12,24
2021-12-24 11:21:00+00:00,189.95,190.02,189.95,190.02,492.34,2021,12,24
2021-12-24 11:22:00+00:00,190.01,190.4,189.96,190.38,1759.57,2021,12,24
2021-12-24 11:23:00+00:00,190.38,190.54,190.29,190.39,862.78,2021,12,24
2021-12-24 11:24:00+00:00,190.39,190.6,190.34,190.47,736.91,2021,12,24
2021-12-24 11:25:00+00:00,190.47,190.59,190.36,190.37,436.29,2021,12,24
2021-12-24 11:26:00+00:00,190.36,190.36,190.16,190.22,718.63,2021,12,24
2021-12-24 11:27:00+00:00,190.21,190.21,190.0,190.01,931.11,2021,12,24
2021-12-24 11:28:00+00:00,190.01,190.3,190.01,190.05,2338.97,2021,12,24
2021-12-24 11:29:00+00:00,190.04,190.07,189.93,190.03,647.22,2021,12,24
2021-12-24 11:30:00+00:00,190.02,190.04,189.89,189.89,660.33,2021,12,24
2021-12-24 11:31:00+00:00,189.89,189.9,189.6,189.77,926.7,2021,12,24
2021-12-24 11:32:00+00:00,189.75,189.81,189.64,189.69,746.08,2021,12,24
2021-12-24 11:33:00+00:00,189.68,189.85,189.68,189.73,447.32,2021,12,24
2021-12-24 11:34:00+00:00,189.73,189.8,189.61,189.79,579.83,2021,12,24
2021-12-24 11:35:00+00:00,189.79,189.82,189.74,189.82,243.03,2021,12,24
2021-12-24 11:36:00+00:00,189.81,189.83,189.61,189.69,1562.19,2021,12,24
2021-12-24 11:37:00+00:00,189.69,189.71,189.53,189.59,1223.1,2021,12,24
2021-12-24 11:38:00+00:00,189.59,189.7,189.51,189.65,783.09,2021,12,24
2021-12-24 11:39:00+00:00,189.65,189.71,189.64,189.71,400.41,2021,12,24
2021-12-24 11:40:00+00:00,189.71,189.8,189.4,189.67,2707.54,2021,12,24
2021-12-24 11:41:00+00:00,189.66,189.76,189.59,189.69,689.75,2021,12,24
2021-12-24 11:42:00+00:00,189.71,189.85,189.57,189.79,609.3,2021,12,24
2021-12-24 11:43:00+00:00,189.78,189.78,189.56,189.56,396.37,2021,12,24
2021-12-24 11:44:00+00:00,189.59,189.63,189.3,189.32,592.82,2021,12,24
2021-12-24 11:45:00+00:00,189.31,189.38,189.06,189.23,2113.56,2021,12,24
2021-12-24 11:46:00+00:00,189.22,189.35,189.13,189.3,802.92,2021,12,24
2021-12-24 11:47:00+00:00,189.28,189.71,189.26,189.7,590.58,2021,12,24
2021-12-24 11:48:00+00:00,189.69,189.69,189.36,189.37,345.86,2021,12,24
2021-12-24 11:49:00+00:00,189.36,189.36,189.12,189.15,966.55,2021,12,24
2021-12-24 11:50:00+00:00,189.13,189.2,188.94,188.97,1179.78,2021,12,24
2021-12-24 11:51:00+00:00,188.97,188.97,188.62,188.62,834.0,2021,12,24
2021-12-24 11:52:00+00:00,188.62,188.71,188.12,188.65,3215.2,2021,12,24
2021-12-24 11:53:00+00:00,188.66,188.71,188.29,188.38,1007.25,2021,12,24
2021-12-24 11:54:00+00:00,188.37,188.48,188.15,188.21,1019.57,2021,12,24
2021-12-24 11:55:00+00:00,188.19,188.86,188.19,188.86,1326.9,2021,12,24
2021-12-24 11:56:00+00:00,188.86,188.88,188.56,188.75,807.8,2021,12,24
2021-12-24 11:57:00+00:00,188.76,188.91,188.67,188.75,1264.7,2021,12,24
2021-12-24 11:58:00+00:00,188.75,188.94,188.75,188.94,342.06,2021,12,24
2021-12-24 11:59:00+00:00,188.93,189.03,188.76,188.76,513.3,2021,12,24
2021-12-24 12:00:00+00:00,188.76,188.98,188.35,188.96,2006.96,2021,12,24
2021-12-24 12:01:00+00:00,188.95,188.95,188.58,188.71,1304.4,2021,12,24
2021-12-24 12:02:00+00:00,188.7,188.71,188.27,188.36,1031.65,2021,12,24
2021-12-24 12:03:00+00:00,188.39,188.45,188.02,188.08,1344.34,2021,12,24
2021-12-24 12:04:00+00:00,188.12,188.23,187.88,187.89,1437.06,2021,12,24
2021-12-24 12:05:00+00:00,187.88,188.17,187.71,188.04,1893.24,2021,12,24
2021-12-24 12:06:00+00:00,188.04,188.17,187.96,188.02,929.81,2021,12,24
2021-12-24 12:07:00+00:00,188.0,188.12,187.93,188.03,786.81,2021,12,24
2021-12-24 12:08:00+00:00,188.03,188.38,188.0,188.33,575.17,2021,12,24
2021-12-24 12:09:00+00:00,188.31,188.6,188.27,188.49,452.96,2021,12,24
2021-12-24 12:10:00+00:00,188.49,188.56,188.01,188.02,674.0,2021,12,24
2021-12-24 12:11:00+00:00,188.03,188.46,188.01,188.38,931.81,2021,12,24
2021-12-24 12:12:00+00:00,188.39,188.65,188.38,188.5,570.7,2021,12,24
2021-12-24 12:13:00+00:00,188.49,188.6,188.33,188.33,714.68,2021,12,24
2021-12-24 12:14:00+00:00,188.34,188.63,188.32,188.59,558.0,2021,12,24
2021-12-24 12:15:00+00:00,188.56,188.65,188.47,188.58,543.51,2021,12,24
2021-12-24 12:16:00+00:00,188.59,188.75,188.53,188.6,862.02,2021,12,24
2021-12-24 12:17:00+00:00,188.61,188.68,188.52,188.53,699.85,2021,12,24
2021-12-24 12:18:00+00:00,188.52,188.68,188.51,188.53,498.79,2021,12,24
2021-12-24 12:19:00+00:00,188.53,188.63,188.42,188.63,770.82,2021,12,24
2021-12-24 12:20:00+00:00,188.63,188.63,188.25,188.4,428.16,2021,12,24
2021-12-24 12:21:00+00:00,188.38,188.71,188.26,188.53,598.38,2021,12,24
2021-12-24 12:22:00+00:00,188.53,188.71,188.53,188.63,354.36,2021,12,24
2021-12-24 12:23:00+00:00,188.63,188.8,188.62,188.8,429.77,2021,12,24
2021-12-24 12:24:00+00:00,188.81,188.87,188.68,188.75,1072.77,2021,12,24
2021-12-24 12:25:00+00:00,188.74,188.77,188.56,188.62,257.42,2021,12,24
2021-12-24 12:26:00+00:00,188.62,188.69,188.56,188.65,372.03,2021,12,24
2021-12-24 12:27:00+00:00,188.67,188.78,188.51,188.53,506.95,2021,12,24
2021-12-24 12:28:00+00:00,188.53,188.54,188.14,188.26,795.39,2021,12,24
2021-12-24 12:29:00+00:00,188.23,188.29,188.18,188.27,520.56,2021,12,24
2021-12-24 12:30:00+00:00,188.27,188.42,188.18,188.22,597.63,2021,12,24
2021-12-24 12:31:00+00:00,188.22,188.27,188.16,188.2,434.25,2021,12,24
2021-12-24 12:32:00+00:00,188.2,188.66,188.18,188.58,874.77,2021,12,24
2021-12-24 12:33:00+00:00,188.57,188.6,188.42,188.54,1159.24,2021,12,24
2021-12-24 12:34:00+00:00,188.53,188.6,188.45,188.53,385.19,2021,12,24
2021-12-24 12:35:00+00:00,188.52,188.65,188.45,188.61,523.76,2021,12,24
2021-12-24 12:36:00+00:00,188.61,188.73,188.56,188.72,476.6,2021,12,24
2021-12-24 12:37:00+00:00,188.71,188.87,188.43,188.48,1456.4,2021,12,24
2021-12-24 12:38:00+00:00,188.43,188.51,188.27,188.32,492.02,2021,12,24
2021-12-24 12:39:00+00:00,188.35,188.65,188.35,188.43,208.47,2021,12,24
2021-12-24 12:40:00+00:00,188.42,188.42,188.23,188.28,640.58,2021,12,24
2021-12-24 12:41:00+00:00,188.27,188.53,188.27,188.5,754.1,2021,12,24
2021-12-24 12:42:00+00:00,188.49,188.77,188.47,188.67,681.2,2021,12,24
2021-12-24 12:43:00+00:00,188.68,188.78,188.63,188.7,631.18,2021,12,24
2021-12-24 12:44:00+00:00,188.71,188.83,188.61,188.66,261.62,2021,12,24
2021-12-24 12:45:00+00:00,188.64,188.84,188.6,188.81,352.91,2021,12,24
2021-12-24 12:46:00+00:00,188.81,189.27,188.8,189.16,1085.3,2021,12,24
2021-12-24 12:47:00+00:00,189.17,189.5,189.17,189.41,996.92,2021,12,24
2021-12-24 12:48:00+00:00,189.4,189.51,189.34,189.42,496.58,2021,12,24
2021-12-24 12:49:00+00:00,189.42,189.51,189.41,189.44,535.9,2021,12,24
2021-12-24 12:50:00+00:00,189.45,189.63,189.44,189.56,567.49,2021,12,24
2021-12-24 12:51:00+00:00,189.59,189.69,189.36,189.46,1137.88,2021,12,24
2021-12-24 12:52:00+00:00,189.51,189.7,189.51,189.61,1270.75,2021,12,24
2021-12-24 12:53:00+00:00,189.63,189.68,189.34,189.34,766.32,2021,12,24
2021-12-24 12:54:00+00:00,189.37,189.59,189.35,189.55,368.71,2021,12,24
2021-12-24 12:55:00+00:00,189.56,189.6,189.39,189.57,280.81,2021,12,24
2021-12-24 12:56:00+00:00,189.57,189.62,189.42,189.44,1003.9,2021,12,24
2021-12-24 12:57:00+00:00,189.45,189.46,189.38,189.4,258.14,2021,12,24
2021-12-24 12:58:00+00:00,189.4,189.4,189.27,189.3,404.23,2021,12,24
2021-12-24 12:59:00+00:00,189.3,189.56,189.3,189.52,639.64,2021,12,24
2021-12-24 13:00:00+00:00,189.52,189.52,189.22,189.32,457.06,2021,12,24
2021-12-24 13:01:00+00:00,189.31,189.4,189.15,189.15,323.74,2021,12,24
2021-12-24 13:02:00+00:00,189.15,189.4,189.1,189.4,770.93,2021,12,24
2021-12-24 13:03:00+00:00,189.39,189.4,189.1,189.12,411.52,2021,12,24
2021-12-24 13:04:00+00:00,189.15,189.25,189.05,189.23,233.51,2021,12,24
2021-12-24 13:05:00+00:00,189.25,189.31,189.12,189.31,387.38,2021,12,24
2021-12-24 13:06:00+00:00,189.31,189.45,189.25,189.31,504.69,2021,12,24
2021-12-24 13:07:00+00:00,189.31,189.42,188.92,189.02,1901.9,2021,12,24
2021-12-24 13:08:00+00:00,188.99,189.08,188.87,189.03,1584.73,2021,12,24
2021-12-24 13:09:00+00:00,189.03,189.03,188.84,188.91,300.66,2021,12,24
2021-12-24 13:10:00+00:00,188.9,188.9,188.66,188.66,504.35,2021,12,24
2021-12-24 13:11:00+00:00,188.68,188.79,188.56,188.71,519.7,2021,12,24
2021-12-24 13:12:00+00:00,188.72,188.86,188.68,188.68,317.77,2021,12,24
2021-12-24 13:13:00+00:00,188.68,188.84,188.62,188.73,532.18,2021,12,24
2021-12-24 13:14:00+00:00,188.73,188.84,188.63,188.63,329.75,2021,12,24
2021-12-24 13:15:00+00:00,188.63,188.68,188.54,188.54,464.81,2021,12,24
2021-12-24 13:16:00+00:00,188.55,188.87,188.55,188.73,376.88,2021,12,24
2021-12-24 13:17:00+00:00,188.75,188.85,188.65,188.81,316.7,2021,12,24
2021-12-24 13:18:00+00:00,188.83,188.83,188.38,188.47,1860.5,2021,12,24
2021-12-24 13:19:00+00:00,188.46,188.9,188.46,188.9,589.44,2021,12,24
2021-12-24 13:20:00+00:00,188.91,188.95,188.71,188.88,647.23,2021,12,24
2021-12-24 13:21:00+00:00,188.88,188.89,188.76,188.8,320.08,2021,12,24
2021-12-24 13:22:00+00:00,188.84,189.27,188.8,189.21,905.04,2021,12,24
2021-12-24 13:23:00+00:00,189.21,189.34,189.08,189.2,400.3,2021,12,24
2021-12-24 13:24:00+00:00,189.26,189.35,189.2,189.35,433.53,2021,12,24
2021-12-24 13:25:00+00:00,189.34,189.45,189.32,189.45,585.01,2021,12,24
2021-12-24 13:26:00+00:00,189.45,189.55,189.42,189.45,296.62,2021,12,24
2021-12-24 13:27:00+00:00,189.44,189.47,189.37,189.47,441.16,2021,12,24
2021-12-24 13:28:00+00:00,189.46,189.59,189.41,189.52,423.76,2021,12,24
2021-12-24 13:29:00+00:00,189.51,189.69,189.45,189.68,748.4,2021,12,24
2021-12-24 13:30:00+00:00,189.67,189.67,189.37,189.44,2467.01,2021,12,24
2021-12-24 13:31:00+00:00,189.43,189.48,188.94,188.98,3340.17,2021,12,24
2021-12-24 13:32:00+00:00,188.99,189.05,188.88,188.97,504.33,2021,12,24
2021-12-24 13:33:00+00:00,188.97,189.11,188.86,188.95,439.54,2021,12,24
2021-12-24 13:34:00+00:00,188.95,189.13,188.94,189.01,215.87,2021,12,24
2021-12-24 13:35:00+00:00,189.0,189.06,188.65,188.91,988.53,2021,12,24
2021-12-24 13:36:00+00:00,188.91,189.16,188.91,189.03,532.37,2021,12,24
2021-12-24 13:37:00+00:00,188.99,189.06,188.97,189.06,307.45,2021,12,24
2021-12-24 13:38:00+00:00,189.05,189.38,189.05,189.32,186.24,2021,12,24
2021-12-24 13:39:00+00:00,189.32,189.44,189.31,189.35,281.16,2021,12,24
2021-12-24 13:40:00+00:00,189.34,189.51,189.3,189.51,600.89,2021,12,24
2021-12-24 13:41:00+00:00,189.52,189.62,189.5,189.55,261.03,2021,12,24
2021-12-24 13:42:00+00:00,189.55,189.69,189.47,189.68,632.69,2021,12,24
2021-12-24 13:43:00+00:00,189.66,189.69,189.5,189.63,432.5,2021,12,24
2021-12-24 13:44:00+00:00,189.59,189.72,189.58,189.67,521.51,2021,12,24
2021-12-24 13:45:00+00:00,189.7,189.74,189.61,189.7,567.42,2021,12,24
2021-12-24 13:46:00+00:00,189.68,189.76,189.36,189.49,1555.91,2021,12,24
2021-12-24 13:47:00+00:00,189.5,189.69,189.49,189.69,784.87,2021,12,24
2021-12-24 13:48:00+00:00,189.68,189.78,189.6,189.78,272.3,2021,12,24
2021-12-24 13:49:00+00:00,189.79,189.92,189.79,189.89,621.93,2021,12,24
2021-12-24 13:50:00+00:00,189.88,189.88,189.67,189.72,357.43,2021,12,24
2021-12-24 13:51:00+00:00,189.67,189.72,189.52,189.7,1024.76,2021,12,24
2021-12-24 13:52:00+00:00,189.68,189.7,189.54,189.69,960.98,2021,12,24
2021-12-24 13:53:00+00:00,189.68,189.69,189.62,189.63,212.86,2021,12,24
2021-12-24 13:54:00+00:00,189.61,189.67,189.58,189.67,165.15,2021,12,24
2021-12-24 13:55:00+00:00,189.67,189.75,189.67,189.74,301.84,2021,12,24
2021-12-24 13:56:00+00:00,189.75,189.92,189.75,189.91,277.29,2021,12,24
2021-12-24 13:57:00+00:00,189.93,190.08,189.8,189.99,1526.97,2021,12,24
2021-12-24 13:58:00+00:00,190.0,190.03,189.64,189.86,769.11,2021,12,24
2021-12-24 13:59:00+00:00,189.87,189.99,189.85,189.96,653.96,2021,12,24
2021-12-24 14:00:00+00:00,189.96,189.96,189.65,189.72,360.76,2021,12,24
2021-12-24 14:01:00+00:00,189.72,189.96,189.72,189.89,618.45,2021,12,24
2021-12-24 14:02:00+00:00,189.91,190.22,189.88,190.11,600.92,2021,12,24
2021-12-24 14:03:00+00:00,190.12,190.2,190.1,190.2,241.81,2021,12,24
2021-12-24 14:04:00+00:00,190.2,190.33,190.19,190.26,450.88,2021,12,24
2021-12-24 14:05:00+00:00,190.26,190.29,190.13,190.16,1162.08,2021,12,24
2021-12-24 14:06:00+00:00,190.19,190.53,190.18,190.3,960.83,2021,12,24
2021-12-24 14:07:00+00:00,190.37,190.47,190.35,190.47,474.56,2021,12,24
2021-12-24 14:08:00+00:00,190.48,190.71,190.48,190.57,842.35,2021,12,24
2021-12-24 14:09:00+00:00,190.58,190.64,190.34,190.59,435.69,2021,12,24
2021-12-24 14:10:00+00:00,190.6,190.75,190.57,190.7,584.9,2021,12,24
2021-12-24 14:11:00+00:00,190.7,190.89,190.64,190.89,617.13,2021,12,24
2021-12-24 14:12:00+00:00,190.89,191.05,190.82,191.04,1375.03,2021,12,24
2021-12-24 14:13:00+00:00,191.04,191.17,190.96,191.14,2176.43,2021,12,24
2021-12-24 14:14:00+00:00,191.14,191.3,191.03,191.27,825.56,2021,12,24
2021-12-24 14:15:00+00:00,191.27,191.36,191.06,191.23,1941.03,2021,12,24
2021-12-24 14:16:00+00:00,191.22,191.3,191.01,191.06,688.03,2021,12,24
2021-12-24 14:17:00+00:00,191.07,191.17,191.01,191.16,1987.31,2021,12,24
2021-12-24 14:18:00+00:00,191.15,191.29,191.05,191.18,1108.34,2021,12,24
2021-12-24 14:19:00+00:00,191.19,191.38,191.19,191.32,644.27,2021,12,24
2021-12-24 14:20:00+00:00,191.31,191.37,191.2,191.35,552.2,2021,12,24
2021-12-24 14:21:00+00:00,191.35,191.45,191.26,191.28,642.15,2021,12,24
2021-12-24 14:22:00+00:00,191.3,191.34,191.18,191.24,531.82,2021,12,24
2021-12-24 14:23:00+00:00,191.23,191.3,190.75,190.82,2768.26,2021,12,24
2021-12-24 14:24:00+00:00,190.82,190.85,190.6,190.79,1026.36,2021,12,24
2021-12-24 14:25:00+00:00,190.79,190.96,190.6,190.73,645.34,2021,12,24
2021-12-24 14:26:00+00:00,190.73,190.89,190.66,190.88,1233.19,2021,12,24
2021-12-24 14:27:00+00:00,190.88,190.94,190.71,190.94,523.39,2021,12,24
2021-12-24 14:28:00+00:00,190.91,190.99,190.87,190.88,526.8,2021,12,24
2021-12-24 14:29:00+00:00,190.88,190.93,190.8,190.82,1321.29,2021,12,24
2021-12-24 14:30:00+00:00,190.83,191.03,190.8,191.03,1002.49,2021,12,24
2021-12-24 14:31:00+00:00,190.92,191.12,190.77,191.12,447.35,2021,12,24
2021-12-24 14:32:00+00:00,191.13,191.21,191.06,191.07,347.0,2021,12,24
2021-12-24 14:33:00+00:00,191.05,191.25,191.05,191.25,282.44,2021,12,24
2021-12-24 14:34:00+00:00,191.25,191.41,191.16,191.37,842.95,2021,12,24
2021-12-24 14:35:00+00:00,191.38,191.44,191.23,191.33,394.87,2021,12,24
2021-12-24 14:36:00+00:00,191.33,191.44,191.33,191.37,406.27,2021,12,24
2021-12-24 14:37:00+00:00,191.36,191.39,191.1,191.17,960.33,2021,12,24
2021-12-24 14:38:00+00:00,191.19,191.37,191.18,191.37,340.57,2021,12,24
2021-12-24 14:39:00+00:00,191.33,191.46,191.33,191.39,495.09,2021,12,24
2021-12-24 14:40:00+00:00,191.39,191.42,191.02,191.22,751.25,2021,12,24
2021-12-24 14:41:00+00:00,191.23,191.41,191.23,191.23,292.98,2021,12,24
2021-12-24 14:42:00+00:00,191.22,191.46,191.21,191.45,387.82,2021,12,24
2021-12-24 14:43:00+00:00,191.45,191.47,191.22,191.4,1559.14,2021,12,24
2021-12-24 14:44:00+00:00,191.41,191.52,191.13,191.29,937.51,2021,12,24
2021-12-24 14:45:00+00:00,191.25,191.4,191.13,191.3,1019.23,2021,12,24
2021-12-24 14:46:00+00:00,191.31,191.44,191.29,191.44,287.55,2021,12,24
2021-12-24 14:47:00+00:00,191.44,191.52,191.39,191.44,447.81,2021,12,24
2021-12-24 14:48:00+00:00,191.45,191.58,191.44,191.47,895.45,2021,12,24
2021-12-24 14:49:00+00:00,191.47,191.92,191.47,191.78,1673.89,2021,12,24
2021-12-24 14:50:00+00:00,191.77,192.82,191.75,192.28,11117.63,2021,12,24
2021-12-24 14:51:00+00:00,192.29,192.69,192.03,192.08,3794.0,2021,12,24
2021-12-24 14:52:00+00:00,192.08,192.58,192.02,192.58,1926.56,2021,12,24
2021-12-24 14:53:00+00:00,192.57,192.73,192.32,192.33,1046.41,2021,12,24
2021-12-24 14:54:00+00:00,192.32,192.51,191.62,191.73,2753.29,2021,12,24
2021-12-24 14:55:00+00:00,191.74,191.95,191.3,191.35,1769.54,2021,12,24
2021-12-24 14:56:00+00:00,191.34,191.38,190.6,191.24,3853.45,2021,12,24
2021-12-24 14:57:00+00:00,191.25,191.25,190.49,190.52,1039.6,2021,12,24
2021-12-24 14:58:00+00:00,190.51,190.51,189.27,189.71,5825.07,2021,12,24
2021-12-24 14:59:00+00:00,189.72,190.24,189.58,189.86,2672.72,2021,12,24
2021-12-24 15:00:00+00:00,189.93,189.94,188.26,188.37,6178.56,2021,12,24
2021-12-24 15:01:00+00:00,188.41,188.45,187.01,187.56,8548.86,2021,12,24
2021-12-24 15:02:00+00:00,187.56,188.27,187.53,187.78,3380.24,2021,12,24
2021-12-24 15:03:00+00:00,187.84,187.95,187.26,187.39,3278.43,2021,12,24
2021-12-24 15:04:00+00:00,187.41,187.46,184.14,185.53,38524.25,2021,12,24
2021-12-24 15:05:00+00:00,185.53,185.53,184.53,185.4,7826.86,2021,12,24
2021-12-24 15:06:00+00:00,185.42,186.62,185.06,186.56,4585.77,2021,12,24
2021-12-24 15:07:00+00:00,186.56,187.17,186.41,187.14,3850.62,2021,12,24
2021-12-24 15:08:00+00:00,187.14,187.58,186.93,187.57,3224.67,2021,12,24
2021-12-24 15:09:00+00:00,187.57,187.81,187.01,187.7,5956.73,2021,12,24
2021-12-24 15:10:00+00:00,187.65,188.89,187.65,188.55,5664.76,2021,12,24
2021-12-24 15:11:00+00:00,188.55,189.75,188.49,189.66,6212.31,2021,12,24
2021-12-24 15:12:00+00:00,189.69,189.72,188.29,188.68,2237.26,2021,12,24
2021-12-24 15:13:00+00:00,188.69,189.56,188.61,188.79,4572.24,2021,12,24
2021-12-24 15:14:00+00:00,188.71,189.0,188.1,189.0,3555.84,2021,12,24
2021-12-24 15:15:00+00:00,189.01,189.93,189.0,189.33,2601.16,2021,12,24
2021-12-24 15:16:00+00:00,189.38,190.0,189.38,190.0,1780.8,2021,12,24
2021-12-24 15:17:00+00:00,190.0,190.78,189.88,190.78,2147.93,2021,12,24
2021-12-24 15:18:00+00:00,190.77,191.0,190.34,191.0,3934.31,2021,12,24
2021-12-24 15:19:00+00:00,191.0,191.48,190.74,190.81,5644.72,2021,12,24
2021-12-24 15:20:00+00:00,190.81,191.29,190.45,190.46,6077.49,2021,12,24
2021-12-24 15:21:00+00:00,190.45,190.6,189.58,189.79,2968.25,2021,12,24
2021-12-24 15:22:00+00:00,189.76,190.5,189.73,190.29,1073.65,2021,12,24
2021-12-24 15:23:00+00:00,190.26,190.56,190.09,190.09,856.78,2021,12,24
2021-12-24 15:24:00+00:00,190.08,190.41,190.0,190.24,895.37,2021,12,24
2021-12-24 15:25:00+00:00,190.27,190.27,189.65,189.71,1102.91,2021,12,24
2021-12-24 15:26:00+00:00,189.73,190.41,189.63,190.37,2162.48,2021,12,24
2021-12-24 15:27:00+00:00,190.33,190.74,190.25,190.72,1230.51,2021,12,24
2021-12-24 15:28:00+00:00,190.73,190.99,190.63,190.77,821.73,2021,12,24
2021-12-24 15:29:00+00:00,190.75,190.94,190.53,190.93,896.44,2021,12,24
2021-12-24 15:30:00+00:00,190.93,191.66,190.89,191.6,2195.87,2021,12,24
2021-12-24 15:31:00+00:00,191.65,192.24,191.47,191.49,7203.56,2021,12,24
2021-12-24 15:32:00+00:00,191.44,192.07,191.4,192.03,1564.6,2021,12,24
2021-12-24 15:33:00+00:00,192.03,192.18,191.86,191.92,3140.62,2021,12,24
2021-12-24 15:34:00+00:00,191.89,192.12,191.74,192.12,1996.21,2021,12,24
2021-12-24 15:35:00+00:00,192.12,192.66,192.11,192.66,3548.51,2021,12,24
2021-12-24 15:36:00+00:00,192.65,192.99,192.4,192.73,5468.09,2021,12,24
2021-12-24 15:37:00+00:00,192.72,192.72,192.16,192.61,4909.27,2021,12,24
2021-12-24 15:38:00+00:00,192.61,193.19,192.52,193.17,4004.99,2021,12,24
2021-12-24 15:39:00+00:00,193.17,194.0,193.1,193.72,8174.09,2021,12,24
2021-12-24 15:40:00+00:00,193.69,193.8,192.76,193.57,8595.89,2021,12,24
2021-12-24 15:41:00+00:00,193.57,193.85,192.78,192.78,5434.6,2021,12,24
2021-12-24 15:42:00+00:00,192.79,192.99,192.71,192.81,1550.4,2021,12,24
2021-12-24 15:43:00+00:00,192.8,193.5,192.5,193.49,1624.3,2021,12,24
2021-12-24 15:44:00+00:00,193.45,193.46,192.8,193.24,2550.72,2021,12,24
2021-12-24 15:45:00+00:00,193.24,193.72,192.84,192.84,3126.79,2021,12,24
2021-12-24 15:46:00+00:00,192.87,193.07,192.26,192.34,2355.56,2021,12,24
2021-12-24 15:47:00+00:00,192.35,193.04,192.25,193.01,1487.03,2021,12,24
2021-12-24 15:48:00+00:00,193.01,193.12,192.7,192.95,1570.84,2021,12,24
2021-12-24 15:49:00+00:00,192.94,193.5,192.8,193.45,1104.96,2021,12,24
2021-12-24 15:50:00+00:00,193.49,194.0,193.41,193.97,10351.78,2021,12,24
2021-12-24 15:51:00+00:00,193.96,194.5,193.91,194.33,6738.04,2021,12,24
2021-12-24 15:52:00+00:00,194.33,194.83,194.3,194.59,4536.92,2021,12,24
2021-12-24 15:53:00+00:00,194.59,194.94,194.44,194.86,3051.86,2021,12,24
2021-12-24 15:54:00+00:00,194.87,194.92,194.29,194.41,1701.33,2021,12,24
2021-12-24 15:55:00+00:00,194.41,194.95,194.38,194.86,2712.8,2021,12,24
2021-12-24 15:56:00+00:00,194.86,195.0,194.73,194.97,5120.19,2021,12,24
2021-12-24 15:57:00+00:00,194.97,195.26,194.8,195.23,7256.19,2021,12,24
2021-12-24 15:58:00+00:00,195.22,195.62,194.72,195.31,4757.11,2021,12,24
2021-12-24 15:59:00+00:00,195.33,195.63,195.25,195.45,2275.91,2021,12,24
2021-12-24 16:00:00+00:00,195.45,195.65,195.37,195.6,2430.39,2021,12,24
2021-12-24 16:01:00+00:00,195.6,195.65,194.99,195.32,5075.23,2021,12,24
2021-12-24 16:02:00+00:00,195.27,195.27,194.41,194.64,3373.72,2021,12,24
2021-12-24 16:03:00+00:00,194.63,194.78,194.29,194.54,5109.43,2021,12,24
2021-12-24 16:04:00+00:00,194.53,195.08,194.36,195.04,1763.73,2021,12,24
2021-12-24 16:05:00+00:00,195.01,195.82,194.94,195.79,3316.31,2021,12,24
2021-12-24 16:06:00+00:00,195.78,196.14,195.57,196.14,9545.23,2021,12,24
2021-12-24 16:07:00+00:00,196.11,196.59,196.03,196.41,8088.96,2021,12,24
2021-12-24 16:08:00+00:00,196.35,196.7,195.93,196.6,6149.68,2021,12,24
2021-12-24 16:09:00+00:00,196.59,196.99,196.46,196.98,4703.48,2021,12,24
2021-12-24 16:10:00+00:00,196.99,197.14,196.39,196.51,7474.18,2021,12,24
2021-12-24 16:11:00+00:00,196.5,196.8,196.02,196.73,3239.67,2021,12,24
2021-12-24 16:12:00+00:00,196.73,197.14,196.72,196.8,1878.91,2021,12,24
2021-12-24 16:13:00+00:00,196.77,197.03,196.63,196.73,2738.09,2021,12,24
2021-12-24 16:14:00+00:00,196.73,196.76,196.32,196.46,3542.26,2021,12,24
2021-12-24 16:15:00+00:00,196.46,197.09,196.44,196.87,999.91,2021,12,24
2021-12-24 16:16:00+00:00,196.88,196.89,196.33,196.73,5347.34,2021,12,24
2021-12-24 16:17:00+00:00,196.73,197.3,196.4,196.55,6405.07,2021,12,24
2021-12-24 16:18:00+00:00,196.5,196.69,195.71,195.85,5695.27,2021,12,24
2021-12-24 16:19:00+00:00,195.88,196.36,195.73,196.0,2907.06,2021,12,24
2021-12-24 16:20:00+00:00,196.0,196.79,195.96,196.47,1854.16,2021,12,24
2021-12-24 16:21:00+00:00,196.5,196.78,196.49,196.6,1288.12,2021,12,24
2021-12-24 16:22:00+00:00,196.6,196.83,196.51,196.53,976.72,2021,12,24
2021-12-24 16:23:00+00:00,196.55,196.62,196.1,196.23,1219.19,2021,12,24
2021-12-24 16:24:00+00:00,196.22,196.6,196.17,196.5,988.74,2021,12,24
2021-12-24 16:25:00+00:00,196.49,196.6,196.29,196.6,1474.35,2021,12,24
2021-12-24 16:26:00+00:00,196.61,196.74,196.45,196.67,1303.52,2021,12,24
2021-12-24 16:27:00+00:00,196.65,197.55,196.65,197.28,4331.75,2021,12,24
2021-12-24 16:28:00+00:00,197.28,197.48,196.73,196.76,3490.23,2021,12,24
2021-12-24 16:29:00+00:00,196.8,197.15,196.69,196.95,2401.26,2021,12,24
2021-12-24 16:30:00+00:00,196.95,196.96,196.28,196.34,1497.42,2021,12,24
2021-12-24 16:31:00+00:00,196.29,197.15,196.29,196.93,8356.23,2021,12,24
2021-12-24 16:32:00+00:00,196.91,197.21,196.88,196.91,1442.37,2021,12,24
2021-12-24 16:33:00+00:00,196.9,197.17,196.55,196.57,1084.66,2021,12,24
2021-12-24 16:34:00+00:00,196.59,196.65,196.35,196.39,2223.77,2021,12,24
2021-12-24 16:35:00+00:00,196.38,196.4,195.86,195.91,3281.48,2021,12,24
2021-12-24 16:36:00+00:00,195.98,196.22,195.28,195.29,3973.88,2021,12,24
2021-12-24 16:37:00+00:00,195.29,195.59,195.19,195.44,3064.57,2021,12,24
2021-12-24 16:38:00+00:00,195.44,195.49,195.13,195.29,2518.16,2021,12,24
2021-12-24 16:39:00+00:00,195.29,195.42,194.93,195.31,2504.37,2021,12,24
2021-12-24 16:40:00+00:00,195.32,195.6,195.25,195.43,1788.99,2021,12,24
2021-12-24 16:41:00+00:00,195.4,195.51,194.59,194.92,2570.58,2021,12,24
2021-12-24 16:42:00+00:00,194.92,194.92,194.04,194.16,4804.03,2021,12,24
2021-12-24 16:43:00+00:00,194.15,194.21,193.66,194.0,3333.52,2021,12,24
2021-12-24 16:44:00+00:00,194.02,194.22,193.8,194.22,3256.17,2021,12,24
2021-12-24 16:45:00+00:00,194.22,194.91,194.22,194.82,1586.27,2021,12,24
2021-12-24 16:46:00+00:00,194.8,195.36,194.67,195.27,2110.94,2021,12,24
2021-12-24 16:47:00+00:00,195.27,195.42,194.8,194.91,1014.59,2021,12,24
2021-12-24 16:48:00+00:00,194.9,194.92,194.38,194.49,1307.83,2021,12,24
2021-12-24 16:49:00+00:00,194.49,194.5,193.46,193.81,3188.75,2021,12,24
2021-12-24 16:50:00+00:00,193.82,194.4,193.74,194.28,3727.51,2021,12,24
2021-12-24 16:51:00+00:00,194.28,194.28,193.78,193.81,1027.98,2021,12,24
2021-12-24 16:52:00+00:00,193.81,194.34,193.79,194.24,1505.7,2021,12,24
2021-12-24 16:53:00+00:00,194.24,194.74,194.24,194.68,1357.02,2021,12,24
2021-12-24 16:54:00+00:00,194.68,194.85,194.25,194.49,1223.88,2021,12,24
2021-12-24 16:55:00+00:00,194.49,194.65,194.19,194.19,994.05,2021,12,24
2021-12-24 16:56:00+00:00,194.18,194.36,194.02,194.14,732.37,2021,12,24
2021-12-24 16:57:00+00:00,194.13,194.32,194.06,194.25,594.45,2021,12,24
2021-12-24 16:58:00+00:00,194.28,194.85,194.27,194.82,1043.59,2021,12,24
2021-12-24 16:59:00+00:00,194.83,194.85,194.57,194.58,701.08,2021,12,24
2021-12-24 17:00:00+00:00,194.57,194.76,194.34,194.73,774.18,2021,12,24
2021-12-24 17:01:00+00:00,194.73,195.2,194.73,194.93,981.17,2021,12,24
2021-12-24 17:02:00+00:00,194.97,194.98,194.63,194.65,371.3,2021,12,24
2021-12-24 17:03:00+00:00,194.62,194.73,194.18,194.18,908.09,2021,12,24
2021-12-24 17:04:00+00:00,194.19,194.27,193.9,193.97,2661.44,2021,12,24
2021-12-24 17:05:00+00:00,193.97,194.01,193.63,193.75,752.49,2021,12,24
2021-12-24 17:06:00+00:00,193.75,194.01,193.43,193.47,841.28,2021,12,24
2021-12-24 17:07:00+00:00,193.48,193.63,193.18,193.31,1564.83,2021,12,24
2021-12-24 17:08:00+00:00,193.31,193.33,192.85,193.12,3657.29,2021,12,24
2021-12-24 17:09:00+00:00,193.07,193.15,192.96,193.0,1375.06,2021,12,24
2021-12-24 17:10:00+00:00,192.99,193.07,192.86,193.03,1104.41,2021,12,24
2021-12-24 17:11:00+00:00,193.04,193.55,193.04,193.33,1170.78,2021,12,24
2021-12-24 17:12:00+00:00,193.36,193.49,193.25,193.33,412.04,2021,12,24
2021-12-24 17:13:00+00:00,193.35,193.78,193.33,193.52,574.8,2021,12,24
2021-12-24 17:14:00+00:00,193.52,193.68,193.43,193.61,1038.27,2021,12,24
2021-12-24 17:15:00+00:00,193.61,193.62,192.69,192.71,1739.98,2021,12,24
2021-12-24 17:16:00+00:00,192.76,193.06,192.69,192.69,1210.34,2021,12,24
2021-12-24 17:17:00+00:00,192.7,192.78,192.58,192.71,1052.38,2021,12,24
2021-12-24 17:18:00+00:00,192.72,192.96,192.68,192.89,698.97,2021,12,24
2021-12-24 17:19:00+00:00,192.92,192.97,192.49,192.5,1174.73,2021,12,24
2021-12-24 17:20:00+00:00,192.5,192.62,192.0,192.22,6331.76,2021,12,24
2021-12-24 17:21:00+00:00,192.21,192.36,192.1,192.16,1091.96,2021,12,24
2021-12-24 17:22:00+00:00,192.17,192.79,192.15,192.71,812.16,2021,12,24
2021-12-24 17:23:00+00:00,192.69,193.22,192.62,192.9,1404.36,2021,12,24
2021-12-24 17:24:00+00:00,192.9,193.05,192.73,193.05,493.8,2021,12,24
2021-12-24 17:25:00+00:00,192.99,193.2,192.95,193.16,863.17,2021,12,24
2021-12-24 17:26:00+00:00,193.12,193.22,192.3,192.37,777.77,2021,12,24
2021-12-24 17:27:00+00:00,192.4,192.51,192.21,192.3,1182.9,2021,12,24
2021-12-24 17:28:00+00:00,192.29,192.3,192.01,192.1,929.57,2021,12,24
2021-12-24 17:29:00+00:00,192.13,192.45,192.12,192.44,618.71,2021,12,24
2021-12-24 17:30:00+00:00,192.45,193.22,192.45,193.22,1120.81,2021,12,24
2021-12-24 17:31:00+00:00,193.2,193.21,192.73,192.92,550.73,2021,12,24
2021-12-24 17:32:00+00:00,192.97,193.2,192.97,193.16,721.18,2021,12,24
2021-12-24 17:33:00+00:00,193.13,193.25,192.87,192.92,751.88,2021,12,24
2021-12-24 17:34:00+00:00,192.91,193.11,192.84,193.1,708.94,2021,12,24
2021-12-24 17:35:00+00:00,193.09,193.21,192.84,192.84,286.54,2021,12,24
2021-12-24 17:36:00+00:00,192.83,193.17,192.79,193.0,922.88,2021,12,24
2021-12-24 17:37:00+00:00,193.01,193.46,192.94,193.28,1873.58,2021,12,24
2021-12-24 17:38:00+00:00,193.27,193.43,193.21,193.33,503.98,2021,12,24
2021-12-24 17:39:00+00:00,193.32,193.37,193.05,193.12,538.48,2021,12,24
2021-12-24 17:40:00+00:00,193.18,193.25,192.94,192.97,369.86,2021,12,24
2021-12-24 17:41:00+00:00,192.94,193.09,192.74,193.03,1096.65,2021,12,24
2021-12-24 17:42:00+00:00,193.05,193.59,193.05,193.49,3553.16,2021,12,24
2021-12-24 17:43:00+00:00,193.5,193.72,193.42,193.71,791.18,2021,12,24
2021-12-24 17:44:00+00:00,193.71,193.71,193.47,193.65,414.21,2021,12,24
2021-12-24 17:45:00+00:00,193.65,193.77,193.35,193.4,1081.17,2021,12,24
2021-12-24 17:46:00+00:00,193.42,193.68,193.32,193.68,1745.3,2021,12,24
2021-12-24 17:47:00+00:00,193.68,194.0,193.68,193.96,955.96,2021,12,24
2021-12-24 17:48:00+00:00,193.94,194.81,193.94,194.63,7204.77,2021,12,24
2021-12-24 17:49:00+00:00,194.63,194.76,194.43,194.54,721.79,2021,12,24
2021-12-24 17:50:00+00:00,194.55,194.65,194.47,194.61,735.39,2021,12,24
2021-12-24 17:51:00+00:00,194.61,194.86,194.6,194.64,852.79,2021,12,24
2021-12-24 17:52:00+00:00,194.63,194.95,194.63,194.69,2485.59,2021,12,24
2021-12-24 17:53:00+00:00,194.72,195.0,194.72,194.9,1732.59,2021,12,24
2021-12-24 17:54:00+00:00,194.89,194.9,194.6,194.62,437.95,2021,12,24
2021-12-24 17:55:00+00:00,194.59,194.85,194.59,194.8,817.45,2021,12,24
2021-12-24 17:56:00+00:00,194.81,194.93,194.74,194.83,479.81,2021,12,24
2021-12-24 17:57:00+00:00,194.81,194.84,194.61,194.78,543.18,2021,12,24
2021-12-24 17:58:00+00:00,194.77,194.79,194.62,194.63,490.88,2021,12,24
2021-12-24 17:59:00+00:00,194.63,194.7,194.34,194.5,1202.41,2021,12,24
2021-12-24 18:00:00+00:00,194.5,194.62,194.11,194.11,873.86,2021,12,24
2021-12-24 18:01:00+00:00,194.15,194.23,193.99,194.12,1220.55,2021,12,24
2021-12-24 18:02:00+00:00,194.12,194.24,194.02,194.02,632.43,2021,12,24
2021-12-24 18:03:00+00:00,194.05,194.13,193.76,193.97,950.89,2021,12,24
2021-12-24 18:04:00+00:00,193.96,194.0,193.78,193.79,959.57,2021,12,24
2021-12-24 18:05:00+00:00,193.8,194.11,193.8,194.04,330.44,2021,12,24
2021-12-24 18:06:00+00:00,194.05,194.45,194.05,194.33,561.61,2021,12,24
2021-12-24 18:07:00+00:00,194.34,194.5,194.31,194.43,350.47,2021,12,24
2021-12-24 18:08:00+00:00,194.43,194.58,194.37,194.42,765.77,2021,12,24
2021-12-24 18:09:00+00:00,194.42,194.5,194.27,194.49,333.87,2021,12,24
2021-12-24 18:10:00+00:00,194.51,194.57,194.2,194.2,1275.66,2021,12,24
2021-12-24 18:11:00+00:00,194.18,194.18,193.81,193.85,538.39,2021,12,24
2021-12-24 18:12:00+00:00,193.85,193.95,193.65,193.67,528.17,2021,12,24
2021-12-24 18:13:00+00:00,193.69,193.83,193.62,193.64,318.53,2021,12,24
2021-12-24 18:14:00+00:00,193.62,193.92,193.6,193.89,430.15,2021,12,24
2021-12-24 18:15:00+00:00,193.91,193.96,193.73,193.94,812.46,2021,12,24
2021-12-24 18:16:00+00:00,193.89,194.02,193.87,193.97,147.78,2021,12,24
2021-12-24 18:17:00+00:00,193.98,194.18,193.83,193.84,306.64,2021,12,24
2021-12-24 18:18:00+00:00,193.84,193.84,193.71,193.82,220.92,2021,12,24
2021-12-24 18:19:00+00:00,193.8,193.82,193.62,193.64,433.76,2021,12,24
2021-12-24 18:20:00+00:00,193.66,193.9,193.58,193.82,574.12,2021,12,24
2021-12-24 18:21:00+00:00,193.87,193.89,193.69,193.77,117.13,2021,12,24
2021-12-24 18:22:00+00:00,193.77,193.88,193.65,193.68,630.86,2021,12,24
2021-12-24 18:23:00+00:00,193.68,193.88,193.6,193.8,583.68,2021,12,24
2021-12-24 18:24:00+00:00,193.8,194.1,193.74,194.1,177.3,2021,12,24
2021-12-24 18:25:00+00:00,194.1,194.24,193.53,193.58,619.21,2021,12,24
2021-12-24 18:26:00+00:00,193.56,193.59,193.14,193.23,726.1,2021,12,24
2021-12-24 18:27:00+00:00,193.21,193.39,193.2,193.28,195.84,2021,12,24
2021-12-24 18:28:00+00:00,193.33,193.45,193.24,193.3,2209.55,2021,12,24
2021-12-24 18:29:00+00:00,193.32,193.81,193.32,193.76,475.17,2021,12,24
2021-12-24 18:30:00+00:00,193.75,193.83,193.61,193.8,1066.05,2021,12,24
2021-12-24 18:31:00+00:00,193.83,194.11,193.82,194.02,822.72,2021,12,24
2021-12-24 18:32:00+00:00,194.0,194.3,193.81,194.25,446.56,2021,12,24
2021-12-24 18:33:00+00:00,194.25,194.27,194.18,194.25,285.43,2021,12,24
2021-12-24 18:34:00+00:00,194.25,194.26,194.03,194.16,370.42,2021,12,24
2021-12-24 18:35:00+00:00,194.16,194.32,194.13,194.28,462.73,2021,12,24
2021-12-24 18:36:00+00:00,194.28,194.33,194.17,194.33,625.25,2021,12,24
2021-12-24 18:37:00+00:00,194.32,194.47,194.32,194.39,278.04,2021,12,24
2021-12-24 18:38:00+00:00,194.4,194.57,194.4,194.45,372.69,2021,12,24
2021-12-24 18:39:00+00:00,194.45,194.56,194.38,194.54,433.21,2021,12,24
2021-12-24 18:40:00+00:00,194.55,194.66,194.44,194.44,371.55,2021,12,24
2021-12-24 18:41:00+00:00,194.48,194.65,194.44,194.56,572.9,2021,12,24
2021-12-24 18:42:00+00:00,194.59,194.61,194.24,194.48,674.45,2021,12,24
2021-12-24 18:43:00+00:00,194.49,194.6,194.32,194.34,515.22,2021,12,24
2021-12-24 18:44:00+00:00,194.34,194.55,194.26,194.26,208.1,2021,12,24
2021-12-24 18:45:00+00:00,194.25,194.26,193.75,193.79,513.88,2021,12,24
2021-12-24 18:46:00+00:00,193.83,193.96,193.67,193.96,414.41,2021,12,24
2021-12-24 18:47:00+00:00,193.94,194.0,193.66,193.78,282.82,2021,12,24
2021-12-24 18:48:00+00:00,193.79,193.95,193.64,193.94,691.11,2021,12,24
2021-12-24 18:49:00+00:00,193.94,194.71,193.93,194.46,2891.93,2021,12,24
2021-12-24 18:50:00+00:00,194.49,195.41,194.46,195.29,2344.93,2021,12,24
2021-12-24 18:51:00+00:00,195.31,196.0,195.26,195.85,5380.89,2021,12,24
2021-12-24 18:52:00+00:00,195.81,195.97,195.36,195.7,1167.78,2021,12,24
2021-12-24 18:53:00+00:00,195.65,195.89,195.43,195.44,1841.19,2021,12,24
2021-12-24 18:54:00+00:00,195.43,195.54,195.04,195.17,340.38,2021,12,24
2021-12-24 18:55:00+00:00,195.2,195.75,195.12,195.64,969.22,2021,12,24
2021-12-24 18:56:00+00:00,195.65,195.77,195.43,195.47,465.85,2021,12,24
2021-12-24 18:57:00+00:00,195.45,195.69,195.33,195.69,336.2,2021,12,24
2021-12-24 18:58:00+00:00,195.7,196.08,195.7,195.91,1679.83,2021,12,24
2021-12-24 18:59:00+00:00,195.9,196.5,195.82,196.47,1812.26,2021,12,24
2021-12-24 19:00:00+00:00,196.44,196.93,196.42,196.63,2629.79,2021,12,24
2021-12-24 19:01:00+00:00,196.63,196.74,196.42,196.54,1236.41,2021,12,24
2021-12-24 19:02:00+00:00,196.52,197.02,196.47,196.93,2784.68,2021,12,24
2021-12-24 19:03:00+00:00,196.94,197.08,196.81,196.95,1524.66,2021,12,24
2021-12-24 19:04:00+00:00,196.87,196.87,196.24,196.47,1091.43,2021,12,24
2021-12-24 19:05:00+00:00,196.5,196.54,196.19,196.49,343.56,2021,12,24
2021-12-24 19:06:00+00:00,196.5,196.5,196.01,196.19,2610.22,2021,12,24
2021-12-24 19:07:00+00:00,196.19,196.2,195.58,195.94,1708.21,2021,12,24
2021-12-24 19:08:00+00:00,195.94,196.13,195.83,196.12,457.38,2021,12,24
2021-12-24 19:09:00+00:00,196.06,196.38,195.92,195.99,616.72,2021,12,24
2021-12-24 19:10:00+00:00,196.02,196.41,195.91,196.28,2452.71,2021,12,24
2021-12-24 19:11:00+00:00,196.28,196.36,195.68,195.77,981.83,2021,12,24
2021-12-24 19:12:00+00:00,195.77,195.77,195.27,195.64,972.78,2021,12,24
2021-12-24 19:13:00+00:00,195.62,195.67,195.31,195.42,605.06,2021,12,24
2021-12-24 19:14:00+00:00,195.4,195.44,195.2,195.38,1037.8,2021,12,24
2021-12-24 19:15:00+00:00,195.36,195.99,195.32,195.82,548.75,2021,12,24
2021-12-24 19:16:00+00:00,195.85,195.85,194.92,194.97,727.46,2021,12,24
2021-12-24 19:17:00+00:00,194.95,195.13,194.6,195.07,1719.57,2021,12,24
2021-12-24 19:18:00+00:00,195.03,195.03,194.53,194.76,1065.31,2021,12,24
2021-12-24 19:19:00+00:00,194.77,194.93,194.67,194.82,661.64,2021,12,24
2021-12-24 19:20:00+00:00,194.82,194.95,194.63,194.82,2495.48,2021,12,24
2021-12-24 19:21:00+00:00,194.78,194.78,194.3,194.3,691.02,2021,12,24
2021-12-24 19:22:00+00:00,194.3,194.38,193.89,193.95,1664.2,2021,12,24
2021-12-24 19:23:00+00:00,193.95,194.35,193.85,194.35,894.76,2021,12,24
2021-12-24 19:24:00+00:00,194.36,194.47,194.12,194.25,1049.59,2021,12,24
2021-12-24 19:25:00+00:00,194.21,194.35,194.11,194.22,221.34,2021,12,24
2021-12-24 19:26:00+00:00,194.23,194.51,194.15,194.15,620.18,2021,12,24
2021-12-24 19:27:00+00:00,194.14,194.26,194.14,194.2,262.02,2021,12,24
2021-12-24 19:28:00+00:00,194.18,194.56,194.05,194.43,1369.7,2021,12,24
2021-12-24 19:29:00+00:00,194.43,194.43,194.04,194.17,602.4,2021,12,24
2021-12-24 19:30:00+00:00,194.16,194.19,194.0,194.0,623.9,2021,12,24
2021-12-24 19:31:00+00:00,193.99,194.14,193.94,193.99,478.46,2021,12,24
2021-12-24 19:32:00+00:00,193.99,194.11,193.89,194.05,577.47,2021,12,24
2021-12-24 19:33:00+00:00,194.02,194.05,193.82,193.82,476.67,2021,12,24
2021-12-24 19:34:00+00:00,193.83,193.92,193.27,193.28,5258.57,2021,12,24
2021-12-24 19:35:00+00:00,193.3,193.39,193.14,193.2,1100.03,2021,12,24
2021-12-24 19:36:00+00:00,193.15,193.17,192.72,192.96,2076.68,2021,12,24
2021-12-24 19:37:00+00:00,192.97,193.15,192.75,192.83,816.61,2021,12,24
2021-12-24 19:38:00+00:00,192.83,193.27,192.76,193.24,924.3,2021,12,24
2021-12-24 19:39:00+00:00,193.21,193.56,193.17,193.39,865.07,2021,12,24
2021-12-24 19:40:00+00:00,193.38,193.57,193.06,193.23,981.05,2021,12,24
2021-12-24 19:41:00+00:00,193.19,193.19,192.43,192.67,2625.04,2021,12,24
2021-12-24 19:42:00+00:00,192.7,192.95,192.55,192.95,940.9,2021,12,24
2021-12-24 19:43:00+00:00,192.89,192.94,192.62,192.62,978.39,2021,12,24
2021-12-24 19:44:00+00:00,192.65,192.84,192.47,192.81,1532.0,2021,12,24
2021-12-24 19:45:00+00:00,192.82,193.14,192.82,193.07,619.9,2021,12,24
2021-12-24 19:46:00+00:00,193.07,193.33,193.01,193.01,652.43,2021,12,24
2021-12-24 19:47:00+00:00,193.0,193.08,192.91,193.06,516.83,2021,12,24
2021-12-24 19:48:00+00:00,193.06,193.16,192.76,192.86,758.21,2021,12,24
2021-12-24 19:49:00+00:00,192.86,192.86,192.49,192.56,511.88,2021,12,24
2021-12-24 19:50:00+00:00,192.56,192.56,192.42,192.44,538.34,2021,12,24
2021-12-24 19:51:00+00:00,192.44,192.5,192.18,192.34,868.88,2021,12,24
2021-12-24 19:52:00+00:00,192.33,192.33,192.18,192.21,351.25,2021,12,24
2021-12-24 19:53:00+00:00,192.21,192.63,192.16,192.62,1192.88,2021,12,24
2021-12-24 19:54:00+00:00,192.63,192.63,192.16,192.37,1064.1,2021,12,24
2021-12-24 19:55:00+00:00,192.36,192.69,192.27,192.49,1258.21,2021,12,24
2021-12-24 19:56:00+00:00,192.48,192.49,192.14,192.27,1794.96,2021,12,24
2021-12-24 19:57:00+00:00,192.27,192.34,192.09,192.28,972.27,2021,12,24
2021-12-24 19:58:00+00:00,192.29,192.42,191.9,192.01,1321.21,2021,12,24
2021-12-24 19:59:00+00:00,192.01,192.09,191.77,192.08,1356.4,2021,12,24
2021-12-24 20:00:00+00:00,192.09,192.2,191.59,192.2,4474.37,2021,12,24
2021-12-24 20:01:00+00:00,192.21,192.9,192.07,192.72,3204.91,2021,12,24
2021-12-24 20:02:00+00:00,192.7,193.22,192.69,193.16,2000.2,2021,12,24
2021-12-24 20:03:00+00:00,193.19,193.39,193.0,193.0,577.06,2021,12,24
2021-12-24 20:04:00+00:00,192.99,193.08,192.62,192.62,847.0,2021,12,24
2021-12-24 20:05:00+00:00,192.63,193.08,192.55,192.55,872.9,2021,12,24
2021-12-24 20:06:00+00:00,192.56,192.61,191.77,191.77,2531.55,2021,12,24
2021-12-24 20:07:00+00:00,191.76,191.8,191.05,191.21,4077.94,2021,12,24
2021-12-24 20:08:00+00:00,191.27,191.36,190.75,191.35,2828.16,2021,12,24
2021-12-24 20:09:00+00:00,191.35,192.02,191.12,191.76,2983.22,2021,12,24
2021-12-24 20:10:00+00:00,191.75,193.21,191.71,193.17,6299.18,2021,12,24
2021-12-24 20:11:00+00:00,193.16,193.16,192.77,193.03,1055.11,2021,12,24
2021-12-24 20:12:00+00:00,193.06,193.08,192.79,193.05,1273.04,2021,12,24
2021-12-24 20:13:00+00:00,193.06,193.1,192.65,192.65,669.7,2021,12,24
2021-12-24 20:14:00+00:00,192.76,193.02,192.65,192.96,687.83,2021,12,24
2021-12-24 20:15:00+00:00,192.97,193.4,192.97,193.4,781.03,2021,12,24
2021-12-24 20:16:00+00:00,193.4,193.6,193.25,193.51,831.44,2021,12,24
2021-12-24 20:17:00+00:00,193.49,193.49,192.68,192.68,622.28,2021,12,24
2021-12-24 20:18:00+00:00,192.71,193.04,192.66,192.74,509.63,2021,12,24
2021-12-24 20:19:00+00:00,192.75,193.44,192.75,193.25,528.22,2021,12,24
2021-12-24 20:20:00+00:00,193.24,193.24,192.68,192.72,432.08,2021,12,24
2021-12-24 20:21:00+00:00,192.72,192.85,192.49,192.74,823.03,2021,12,24
2021-12-24 20:22:00+00:00,192.69,192.74,192.43,192.69,905.48,2021,12,24
2021-12-24 20:23:00+00:00,192.66,192.69,192.21,192.31,813.44,2021,12,24
2021-12-24 20:24:00+00:00,192.27,192.97,192.26,192.85,643.77,2021,12,24
2021-12-24 20:25:00+00:00,192.86,193.17,192.8,192.93,349.28,2021,12,24
2021-12-24 20:26:00+00:00,192.92,193.04,192.29,192.29,499.93,2021,12,24
2021-12-24 20:27:00+00:00,192.26,192.28,191.97,192.16,894.53,2021,12,24
2021-12-24 20:28:00+00:00,192.17,192.46,192.1,192.46,1760.5,2021,12,24
2021-12-24 20:29:00+00:00,192.46,192.6,192.3,192.6,240.89,2021,12,24
2021-12-24 20:30:00+00:00,192.6,193.05,192.6,192.9,645.09,2021,12,24
2021-12-24 20:31:00+00:00,192.92,192.92,192.64,192.91,607.89,2021,12,24
2021-12-24 20:32:00+00:00,192.91,193.02,192.72,192.89,336.23,2021,12,24
2021-12-24 20:33:00+00:00,192.87,193.24,192.78,193.24,551.09,2021,12,24
2021-12-24 20:34:00+00:00,193.25,193.37,193.12,193.33,665.9,2021,12,24
2021-12-24 20:35:00+00:00,193.33,193.45,193.27,193.36,330.03,2021,12,24
2021-12-24 20:36:00+00:00,193.38,193.48,193.26,193.3,248.35,2021,12,24
2021-12-24 20:37:00+00:00,193.3,193.64,193.3,193.51,293.12,2021,12,24
2021-12-24 20:38:00+00:00,193.5,193.98,193.46,193.66,971.72,2021,12,24
2021-12-24 20:39:00+00:00,193.66,194.03,193.66,194.01,1113.4,2021,12,24
2021-12-24 20:40:00+00:00,193.98,194.29,193.97,194.29,1401.72,2021,12,24
2021-12-24 20:41:00+00:00,194.29,194.29,193.86,194.03,2129.85,2021,12,24
2021-12-24 20:42:00+00:00,194.04,194.06,193.92,193.93,653.38,2021,12,24
2021-12-24 20:43:00+00:00,193.93,194.13,193.67,194.06,2109.26,2021,12,24
2021-12-24 20:44:00+00:00,194.04,194.45,194.04,194.29,1956.49,2021,12,24
2021-12-24 20:45:00+00:00,194.29,194.46,194.08,194.46,596.21,2021,12,24
2021-12-24 20:46:00+00:00,194.45,194.88,194.38,194.79,2553.99,2021,12,24
2021-12-24 20:47:00+00:00,194.77,194.81,194.5,194.52,454.74,2021,12,24
2021-12-24 20:48:00+00:00,194.52,194.8,194.52,194.78,281.29,2021,12,24
2021-12-24 20:49:00+00:00,194.76,194.85,194.64,194.79,749.23,2021,12,24
2021-12-24 20:50:00+00:00,194.78,194.78,193.99,194.01,878.37,2021,12,24
2021-12-24 20:51:00+00:00,194.02,194.31,193.92,194.25,626.85,2021,12,24
2021-12-24 20:52:00+00:00,194.27,194.82,194.27,194.78,1277.68,2021,12,24
2021-12-24 20:53:00+00:00,194.75,194.75,194.44,194.48,421.83,2021,12,24
2021-12-24 20:54:00+00:00,194.47,194.78,194.47,194.61,668.19,2021,12,24
2021-12-24 20:55:00+00:00,194.62,194.65,194.44,194.54,581.08,2021,12,24
2021-12-24 20:56:00+00:00,194.52,194.55,194.35,194.5,248.49,2021,12,24
2021-12-24 20:57:00+00:00,194.55,194.59,194.31,194.42,369.46,2021,12,24
2021-12-24 20:58:00+00:00,194.42,194.73,194.42,194.67,355.47,2021,12,24
2021-12-24 20:59:00+00:00,194.67,194.67,194.39,194.49,254.61,2021,12,24
2021-12-24 21:00:00+00:00,194.51,194.67,193.93,193.97,1641.65,2021,12,24
2021-12-24 21:01:00+00:00,193.98,194.07,193.82,194.02,343.81,2021,12,24
2021-12-24 21:02:00+00:00,194.07,194.38,194.07,194.38,719.98,2021,12,24
2021-12-24 21:03:00+00:00,194.38,194.46,194.27,194.42,381.71,2021,12,24
2021-12-24 21:04:00+00:00,194.44,194.64,194.43,194.52,345.87,2021,12,24
2021-12-24 21:05:00+00:00,194.53,194.87,194.33,194.86,1110.44,2021,12,24
2021-12-24 21:06:00+00:00,194.81,194.86,194.63,194.63,182.24,2021,12,24
2021-12-24 21:07:00+00:00,194.63,194.83,194.41,194.52,462.63,2021,12,24
2021-12-24 21:08:00+00:00,194.51,194.71,194.08,194.09,747.26,2021,12,24
2021-12-24 21:09:00+00:00,194.08,194.7,194.01,194.62,1250.03,2021,12,24
2021-12-24 21:10:00+00:00,194.57,194.8,194.29,194.34,451.95,2021,12,24
2021-12-24 21:11:00+00:00,194.35,194.53,194.16,194.41,452.35,2021,12,24
2021-12-24 21:12:00+00:00,194.41,194.47,194.06,194.06,451.36,2021,12,24
2021-12-24 21:13:00+00:00,194.06,194.29,193.94,194.1,717.61,2021,12,24
2021-12-24 21:14:00+00:00,194.13,194.17,193.88,193.89,262.26,2021,12,24
2021-12-24 21:15:00+00:00,193.92,194.0,193.73,193.82,350.55,2021,12,24
2021-12-24 21:16:00+00:00,193.83,193.84,193.43,193.44,336.41,2021,12,24
2021-12-24 21:17:00+00:00,193.44,193.62,193.36,193.61,308.64,2021,12,24
2021-12-24 21:18:00+00:00,193.61,193.82,193.52,193.56,281.8,2021,12,24
2021-12-24 21:19:00+00:00,193.55,193.93,193.49,193.92,329.84,2021,12,24
2021-12-24 21:20:00+00:00,193.92,194.0,193.72,193.82,259.01,2021,12,24
2021-12-24 21:21:00+00:00,193.81,193.88,193.41,193.46,609.06,2021,12,24
2021-12-24 21:22:00+00:00,193.48,193.83,193.46,193.79,255.38,2021,12,24
2021-12-24 21:23:00+00:00,193.79,193.85,193.67,193.72,242.1,2021,12,24
2021-12-24 21:24:00+00:00,193.71,193.71,193.5,193.69,615.1,2021,12,24
2021-12-24 21:25:00+00:00,193.7,193.88,193.7,193.84,231.45,2021,12,24
2021-12-24 21:26:00+00:00,193.87,193.88,193.78,193.84,175.05,2021,12,24
2021-12-24 21:27:00+00:00,193.87,193.99,193.79,193.9,142.46,2021,12,24
2021-12-24 21:28:00+00:00,193.91,194.09,193.91,194.0,408.76,2021,12,24
2021-12-24 21:29:00+00:00,193.98,194.0,193.79,193.98,153.06,2021,12,24
2021-12-24 21:30:00+00:00,193.96,194.23,193.96,194.19,183.02,2021,12,24
2021-12-24 21:31:00+00:00,194.2,194.25,194.05,194.09,501.13,2021,12,24
2021-12-24 21:32:00+00:00,194.11,194.11,193.9,193.92,239.42,2021,12,24
2021-12-24 21:33:00+00:00,193.91,193.94,193.59,193.6,302.35,2021,12,24
2021-12-24 21:34:00+00:00,193.59,193.59,193.18,193.25,328.5,2021,12,24
2021-12-24 21:35:00+00:00,193.21,193.24,193.06,193.06,266.33,2021,12,24
2021-12-24 21:36:00+00:00,193.08,193.32,193.04,193.1,1096.69,2021,12,24
2021-12-24 21:37:00+00:00,193.1,193.1,192.74,192.75,1471.18,2021,12,24
2021-12-24 21:38:00+00:00,192.75,192.76,192.37,192.52,2187.98,2021,12,24
2021-12-24 21:39:00+00:00,192.54,192.94,192.43,192.7,2134.73,2021,12,24
2021-12-24 21:40:00+00:00,192.69,192.92,192.62,192.75,442.64,2021,12,24
2021-12-24 21:41:00+00:00,192.75,192.91,192.65,192.71,358.76,2021,12,24
2021-12-24 21:42:00+00:00,192.64,192.66,192.25,192.29,467.98,2021,12,24
2021-12-24 21:43:00+00:00,192.29,192.37,192.03,192.29,618.97,2021,12,24
2021-12-24 21:44:00+00:00,192.29,192.46,192.22,192.26,114.77,2021,12,24
2021-12-24 21:45:00+00:00,192.22,192.58,192.18,192.47,440.15,2021,12,24
2021-12-24 21:46:00+00:00,192.47,192.76,192.47,192.74,346.15,2021,12,24
2021-12-24 21:47:00+00:00,192.75,192.94,192.61,192.93,791.84,2021,12,24
2021-12-24 21:48:00+00:00,192.93,193.23,192.92,192.93,692.13,2021,12,24
2021-12-24 21:49:00+00:00,192.9,193.16,192.9,192.94,106.23,2021,12,24
2021-12-24 21:50:00+00:00,192.96,193.31,192.95,193.23,746.89,2021,12,24
2021-12-24 21:51:00+00:00,193.27,193.32,193.14,193.14,117.43,2021,12,24
2021-12-24 21:52:00+00:00,193.16,193.2,192.91,193.12,361.14,2021,12,24
2021-12-24 21:53:00+00:00,193.12,193.46,193.04,193.41,294.98,2021,12,24
2021-12-24 21:54:00+00:00,193.43,193.62,193.42,193.47,146.45,2021,12,24
2021-12-24 21:55:00+00:00,193.44,193.67,193.4,193.55,338.73,2021,12,24
2021-12-24 21:56:00+00:00,193.59,193.66,193.1,193.17,875.38,2021,12,24
2021-12-24 21:57:00+00:00,193.21,193.26,192.66,192.66,421.23,2021,12,24
2021-12-24 21:58:00+00:00,192.65,192.85,192.32,192.49,413.89,2021,12,24
2021-12-24 21:59:00+00:00,192.44,192.5,192.39,192.46,144.18,2021,12,24
2021-12-24 22:00:00+00:00,192.47,192.84,192.47,192.48,942.66,2021,12,24
2021-12-24 22:01:00+00:00,192.47,192.49,192.22,192.43,1264.18,2021,12,24
2021-12-24 22:02:00+00:00,192.43,192.85,192.43,192.79,426.59,2021,12,24
2021-12-24 22:03:00+00:00,192.82,192.84,192.51,192.69,493.32,2021,12,24
2021-12-24 22:04:00+00:00,192.69,192.71,192.53,192.53,225.16,2021,12,24
2021-12-24 22:05:00+00:00,192.55,192.68,192.45,192.5,504.75,2021,12,24
2021-12-24 22:06:00+00:00,192.54,192.56,192.01,192.13,894.34,2021,12,24
2021-12-24 22:07:00+00:00,192.13,192.16,191.74,192.01,1840.25,2021,12,24
2021-12-24 22:08:00+00:00,192.0,192.05,191.62,191.7,747.05,2021,12,24
2021-12-24 22:09:00+00:00,191.7,192.08,191.64,191.79,1507.92,2021,12,24
2021-12-24 22:10:00+00:00,191.88,192.08,191.78,192.06,1347.94,2021,12,24
2021-12-24 22:11:00+00:00,192.0,192.24,192.0,192.19,462.72,2021,12,24
2021-12-24 22:12:00+00:00,192.17,192.2,192.01,192.2,321.74,2021,12,24
2021-12-24 22:13:00+00:00,192.17,192.17,191.5,191.53,1822.94,2021,12,24
2021-12-24 22:14:00+00:00,191.5,191.55,191.15,191.15,642.51,2021,12,24
2021-12-24 22:15:00+00:00,191.2,191.26,191.04,191.09,803.54,2021,12,24
2021-12-24 22:16:00+00:00,191.07,191.1,190.68,190.91,1766.01,2021,12,24
2021-12-24 22:17:00+00:00,190.93,190.98,190.68,190.81,443.88,2021,12,24
2021-12-24 22:18:00+00:00,190.84,191.05,190.77,191.02,1242.67,2021,12,24
2021-12-24 22:19:00+00:00,191.01,191.02,190.75,190.86,657.39,2021,12,24
2021-12-24 22:20:00+00:00,190.84,191.64,190.83,191.6,698.23,2021,12,24
2021-12-24 22:21:00+00:00,191.63,192.0,191.58,191.82,666.18,2021,12,24
2021-12-24 22:22:00+00:00,191.8,191.97,191.6,191.88,1066.08,2021,12,24
2021-12-24 22:23:00+00:00,191.88,192.05,191.68,192.03,841.95,2021,12,24
2021-12-24 22:24:00+00:00,192.01,192.09,191.91,192.07,935.64,2021,12,24
2021-12-24 22:25:00+00:00,192.08,192.15,191.86,191.89,864.99,2021,12,24
2021-12-24 22:26:00+00:00,191.89,192.1,191.87,192.07,349.84,2021,12,24
2021-12-24 22:27:00+00:00,192.06,192.12,192.01,192.09,310.06,2021,12,24
2021-12-24 22:28:00+00:00,192.09,192.17,191.43,191.54,766.04,2021,12,24
2021-12-24 22:29:00+00:00,191.51,191.57,191.36,191.49,1102.81,2021,12,24
2021-12-24 22:30:00+00:00,191.49,191.73,191.49,191.68,112.21,2021,12,24
2021-12-24 22:31:00+00:00,191.7,191.9,191.7,191.73,724.68,2021,12,24
2021-12-24 22:32:00+00:00,191.72,191.72,191.65,191.69,116.33,2021,12,24
2021-12-24 22:33:00+00:00,191.65,191.68,191.59,191.59,137.62,2021,12,24
2021-12-24 22:34:00+00:00,191.6,191.6,191.51,191.55,246.18,2021,12,24
2021-12-24 22:35:00+00:00,191.52,191.65,191.52,191.65,281.13,2021,12,24
2021-12-24 22:36:00+00:00,191.64,191.87,191.64,191.86,285.44,2021,12,24
2021-12-24 22:37:00+00:00,191.83,191.97,191.83,191.91,228.66,2021,12,24
2021-12-24 22:38:00+00:00,191.91,192.0,191.91,191.92,238.5,2021,12,24
2021-12-24 22:39:00+00:00,191.91,191.93,191.82,191.93,398.82,2021,12,24
2021-12-24 22:40:00+00:00,191.92,191.95,191.74,191.78,281.34,2021,12,24
2021-12-24 22:41:00+00:00,191.78,191.84,191.72,191.75,443.89,2021,12,24
2021-12-24 22:42:00+00:00,191.73,191.76,191.49,191.55,415.36,2021,12,24
2021-12-24 22:43:00+00:00,191.54,191.55,190.88,190.88,945.64,2021,12,24
2021-12-24 22:44:00+00:00,190.87,190.9,190.6,190.65,632.54,2021,12,24
2021-12-24 22:45:00+00:00,190.64,190.65,190.37,190.38,785.03,2021,12,24
2021-12-24 22:46:00+00:00,190.41,190.5,189.73,189.92,5594.14,2021,12,24
2021-12-24 22:47:00+00:00,189.93,189.93,189.32,189.47,3041.26,2021,12,24
2021-12-24 22:48:00+00:00,189.46,190.06,189.39,189.92,2034.01,2021,12,24
2021-12-24 22:49:00+00:00,189.86,190.14,189.83,190.07,916.15,2021,12,24
2021-12-24 22:50:00+00:00,190.07,190.56,190.04,190.39,1283.2,2021,12,24
2021-12-24 22:51:00+00:00,190.36,190.38,189.99,189.99,621.56,2021,12,24
2021-12-24 22:52:00+00:00,190.01,190.05,189.45,189.49,1030.4,2021,12,24
2021-12-24 22:53:00+00:00,189.5,190.43,189.39,190.43,2608.27,2021,12,24
2021-12-24 22:54:00+00:00,190.4,190.67,190.4,190.62,1223.45,2021,12,24
2021-12-24 22:55:00+00:00,190.62,190.62,189.78,189.79,497.93,2021,12,24
2021-12-24 22:56:00+00:00,189.81,190.72,189.81,190.72,1471.09,2021,12,24
2021-12-24 22:57:00+00:00,190.72,190.72,190.57,190.71,793.23,2021,12,24
2021-12-24 22:58:00+00:00,190.68,190.8,190.42,190.42,443.22,2021,12,24
2021-12-24 22:59:00+00:00,190.41,190.93,190.39,190.61,1190.2,2021,12,24
2021-12-24 23:00:00+00:00,190.6,190.66,190.01,190.36,1044.77,2021,12,24
2021-12-24 23:01:00+00:00,190.38,190.62,189.86,189.88,1002.13,2021,12,24
2021-12-24 23:02:00+00:00,189.85,189.92,188.94,188.94,1800.34,2021,12,24
2021-12-24 23:03:00+00:00,188.98,189.2,188.68,189.12,2932.45,2021,12,24
2021-12-24 23:04:00+00:00,189.15,190.11,188.99,189.78,2122.55,2021,12,24
2021-12-24 23:05:00+00:00,189.71,190.18,189.71,190.13,1160.57,2021,12,24
2021-12-24 23:06:00+00:00,190.13,190.4,190.02,190.07,1673.24,2021,12,24
2021-12-24 23:07:00+00:00,190.06,190.32,189.86,190.11,819.71,2021,12,24
2021-12-24 23:08:00+00:00,190.08,190.08,189.65,189.94,1143.7,2021,12,24
2021-12-24 23:09:00+00:00,189.89,190.05,189.76,189.97,743.43,2021,12,24
2021-12-24 23:10:00+00:00,189.93,190.0,189.34,189.46,926.49,2021,12,24
2021-12-24 23:11:00+00:00,189.45,189.49,188.87,188.9,1574.74,2021,12,24
2021-12-24 23:12:00+00:00,188.92,189.17,188.48,188.57,1711.41,2021,12,24
2021-12-24 23:13:00+00:00,188.54,188.76,188.18,188.33,7185.45,2021,12,24
2021-12-24 23:14:00+00:00,188.33,189.14,188.29,188.91,2325.33,2021,12,24
2021-12-24 23:15:00+00:00,188.89,188.98,188.36,188.74,1383.24,2021,12,24
2021-12-24 23:16:00+00:00,188.74,189.33,188.69,189.31,2359.94,2021,12,24
2021-12-24 23:17:00+00:00,189.31,189.67,189.19,189.5,1363.0,2021,12,24
2021-12-24 23:18:00+00:00,189.5,189.67,189.47,189.52,533.67,2021,12,24
2021-12-24 23:19:00+00:00,189.54,189.67,189.48,189.67,525.91,2021,12,24
2021-12-24 23:20:00+00:00,189.65,189.85,189.59,189.81,1151.62,2021,12,24
2021-12-24 23:21:00+00:00,189.8,189.95,189.56,189.95,825.42,2021,12,24
2021-12-24 23:22:00+00:00,189.94,190.3,189.94,190.17,2755.92,2021,12,24
2021-12-24 23:23:00+00:00,190.16,190.26,190.09,190.2,318.26,2021,12,24
2021-12-24 23:24:00+00:00,190.2,190.35,189.87,190.05,1616.43,2021,12,24
2021-12-24 23:25:00+00:00,190.05,190.05,189.65,189.75,1185.73,2021,12,24
2021-12-24 23:26:00+00:00,189.8,189.82,189.49,189.61,680.42,2021,12,24
2021-12-24 23:27:00+00:00,189.57,190.0,189.56,189.97,342.73,2021,12,24
2021-12-24 23:28:00+00:00,189.99,190.35,189.89,190.35,1134.24,2021,12,24
2021-12-24 23:29:00+00:00,190.35,190.35,190.15,190.3,287.68,2021,12,24
2021-12-24 23:30:00+00:00,190.31,190.36,189.86,190.21,887.2,2021,12,24
2021-12-24 23:31:00+00:00,190.17,190.26,190.07,190.11,489.53,2021,12,24
2021-12-24 23:32:00+00:00,190.11,190.49,190.1,190.48,1313.42,2021,12,24
2021-12-24 23:33:00+00:00,190.48,190.81,190.42,190.81,934.06,2021,12,24
2021-12-24 23:34:00+00:00,190.79,190.88,190.57,190.81,807.94,2021,12,24
2021-12-24 23:35:00+00:00,190.81,191.08,190.73,190.85,1117.07,2021,12,24
2021-12-24 23:36:00+00:00,190.85,191.14,190.8,191.1,961.34,2021,12,24
2021-12-24 23:37:00+00:00,191.13,191.22,191.09,191.11,518.1,2021,12,24
2021-12-24 23:38:00+00:00,191.11,191.26,191.11,191.26,405.62,2021,12,24
2021-12-24 23:39:00+00:00,191.27,191.31,190.86,190.93,808.97,2021,12,24
2021-12-24 23:40:00+00:00,190.94,191.12,190.84,190.98,1101.03,2021,12,24
2021-12-24 23:41:00+00:00,190.97,190.97,190.42,190.56,531.78,2021,12,24
2021-12-24 23:42:00+00:00,190.56,190.56,190.21,190.21,545.41,2021,12,24
2021-12-24 23:43:00+00:00,190.2,190.2,189.73,190.03,1213.85,2021,12,24
2021-12-24 23:44:00+00:00,190.03,190.46,190.02,190.32,1124.15,2021,12,24
2021-12-24 23:45:00+00:00,190.34,190.34,190.08,190.08,286.48,2021,12,24
2021-12-24 23:46:00+00:00,190.07,190.14,189.89,190.07,564.84,2021,12,24
2021-12-24 23:47:00+00:00,190.09,190.21,189.64,189.75,838.67,2021,12,24
2021-12-24 23:48:00+00:00,189.73,189.93,189.13,189.17,1199.26,2021,12,24
2021-12-24 23:49:00+00:00,189.19,189.77,189.12,189.66,1091.92,2021,12,24
2021-12-24 23:50:00+00:00,189.67,189.74,189.37,189.45,412.93,2021,12,24
2021-12-24 23:51:00+00:00,189.4,189.79,189.38,189.74,1201.63,2021,12,24
2021-12-24 23:52:00+00:00,189.74,190.05,189.65,190.01,514.64,2021,12,24
2021-12-24 23:53:00+00:00,190.04,190.14,189.97,190.07,159.33,2021,12,24
2021-12-24 23:54:00+00:00,190.07,190.18,189.9,189.9,300.38,2021,12,24
2021-12-24 23:55:00+00:00,189.85,189.9,189.68,189.71,457.13,2021,12,24
2021-12-24 23:56:00+00:00,189.7,189.94,189.59,189.93,594.02,2021,12,24
2021-12-24 23:57:00+00:00,189.93,190.25,189.93,190.16,462.08,2021,12,24
2021-12-24 23:58:00+00:00,190.19,190.25,190.03,190.11,797.05,2021,12,24
2021-12-24 23:59:00+00:00,190.1,190.36,190.06,190.36,541.65,2021,12,24
2021-12-25 00:00:00+00:00,190.37,190.63,190.32,190.45,2173.58,2021,12,25
2021-12-25 00:01:00+00:00,190.45,190.61,190.36,190.45,751.12,2021,12,25
2021-12-25 00:02:00+00:00,190.46,190.59,189.82,189.85,1226.02,2021,12,25
2021-12-25 00:03:00+00:00,189.88,190.34,189.76,190.31,1790.77,2021,12,25
2021-12-25 00:04:00+00:00,190.31,190.64,190.3,190.63,856.99,2021,12,25
2021-12-25 00:05:00+00:00,190.63,190.7,190.48,190.56,747.92,2021,12,25
2021-12-25 00:06:00+00:00,190.56,190.9,190.56,190.88,671.51,2021,12,25
2021-12-25 00:07:00+00:00,190.9,191.28,190.77,191.13,796.25,2021,12,25
2021-12-25 00:08:00+00:00,191.17,191.17,190.78,191.03,1209.39,2021,12,25
2021-12-25 00:09:00+00:00,191.03,191.26,190.93,191.26,529.88,2021,12,25
2021-12-25 00:10:00+00:00,191.24,191.24,190.7,190.92,1067.81,2021,12,25
2021-12-25 00:11:00+00:00,190.93,191.31,190.91,191.29,1095.55,2021,12,25
2021-12-25 00:12:00+00:00,191.28,191.77,191.26,191.74,1309.17,2021,12,25
2021-12-25 00:13:00+00:00,191.75,191.77,191.31,191.7,714.12,2021,12,25
2021-12-25 00:14:00+00:00,191.77,191.9,191.62,191.74,886.6,2021,12,25
2021-12-25 00:15:00+00:00,191.7,191.76,191.5,191.76,351.56,2021,12,25
2021-12-25 00:16:00+00:00,191.79,191.91,191.72,191.87,416.19,2021,12,25
2021-12-25 00:17:00+00:00,191.9,192.07,191.82,191.92,750.45,2021,12,25
2021-12-25 00:18:00+00:00,191.97,192.6,191.9,192.58,1821.79,2021,12,25
2021-12-25 00:19:00+00:00,192.58,192.61,192.35,192.39,669.41,2021,12,25
2021-12-25 00:20:00+00:00,192.38,192.52,192.17,192.21,975.79,2021,12,25
2021-12-25 00:21:00+00:00,192.18,192.74,192.14,192.61,660.15,2021,12,25
2021-12-25 00:22:00+00:00,192.56,193.25,192.56,193.17,1768.3,2021,12,25
2021-12-25 00:23:00+00:00,193.16,193.17,192.85,192.95,453.86,2021,12,25
2021-12-25 00:24:00+00:00,192.91,193.29,192.89,193.13,496.7,2021,12,25
2021-12-25 00:25:00+00:00,193.13,193.44,193.06,193.3,2043.71,2021,12,25
2021-12-25 00:26:00+00:00,193.3,193.37,192.72,192.76,1416.8,2021,12,25
2021-12-25 00:27:00+00:00,192.75,192.76,192.46,192.69,704.59,2021,12,25
2021-12-25 00:28:00+00:00,192.71,193.26,192.68,193.12,766.32,2021,12,25
2021-12-25 00:29:00+00:00,193.12,193.23,193.0,193.19,402.06,2021,12,25
2021-12-25 00:30:00+00:00,193.2,193.72,193.07,193.66,1759.31,2021,12,25
2021-12-25 00:31:00+00:00,193.66,193.73,193.2,193.5,879.72,2021,12,25
2021-12-25 00:32:00+00:00,193.47,193.71,193.23,193.48,518.76,2021,12,25
2021-12-25 00:33:00+00:00,193.53,193.97,193.4,193.9,1926.06,2021,12,25
2021-12-25 00:34:00+00:00,193.91,194.18,193.73,194.1,1228.34,2021,12,25
2021-12-25 00:35:00+00:00,194.07,194.33,194.01,194.28,2499.52,2021,12,25
2021-12-25 00:36:00+00:00,194.28,194.37,194.21,194.33,536.93,2021,12,25
2021-12-25 00:37:00+00:00,194.34,194.73,194.26,194.58,2478.79,2021,12,25
2021-12-25 00:38:00+00:00,194.58,194.65,194.16,194.3,2190.72,2021,12,25
2021-12-25 00:39:00+00:00,194.32,194.34,193.43,193.81,1267.27,2021,12,25
2021-12-25 00:40:00+00:00,193.8,194.3,193.79,193.99,723.44,2021,12,25
2021-12-25 00:41:00+00:00,194.0,194.01,193.64,193.78,513.94,2021,12,25
2021-12-25 00:42:00+00:00,193.81,193.82,193.45,193.5,296.01,2021,12,25
2021-12-25 00:43:00+00:00,193.49,193.75,193.43,193.68,619.19,2021,12,25
2021-12-25 00:44:00+00:00,193.66,193.77,193.54,193.59,596.01,2021,12,25
2021-12-25 00:45:00+00:00,193.63,194.1,193.53,193.96,548.94,2021,12,25
2021-12-25 00:46:00+00:00,194.03,194.03,193.73,193.73,260.29,2021,12,25
2021-12-25 00:47:00+00:00,193.74,193.74,193.53,193.65,409.08,2021,12,25
2021-12-25 00:48:00+00:00,193.62,193.62,193.48,193.55,545.86,2021,12,25
2021-12-25 00:49:00+00:00,193.57,193.65,193.48,193.52,607.25,2021,12,25
2021-12-25 00:50:00+00:00,193.56,193.88,193.56,193.84,340.64,2021,12,25
2021-12-25 00:51:00+00:00,193.82,194.38,193.66,194.24,2181.78,2021,12,25
2021-12-25 00:52:00+00:00,194.25,194.45,194.11,194.42,875.9,2021,12,25
2021-12-25 00:53:00+00:00,194.44,194.52,194.31,194.31,677.4,2021,12,25
2021-12-25 00:54:00+00:00,194.3,194.58,194.3,194.48,913.78,2021,12,25
2021-12-25 00:55:00+00:00,194.49,194.57,194.29,194.29,868.55,2021,12,25
2021-12-25 00:56:00+00:00,194.31,194.41,194.1,194.16,674.51,2021,12,25
2021-12-25 00:57:00+00:00,194.16,194.55,194.13,194.43,921.0,2021,12,25
2021-12-25 00:58:00+00:00,194.46,194.74,194.36,194.62,1723.22,2021,12,25
2021-12-25 00:59:00+00:00,194.67,194.96,194.55,194.86,1712.64,2021,12,25
2021-12-25 01:00:00+00:00,194.88,195.0,194.78,194.87,7323.79,2021,12,25
2021-12-25 01:01:00+00:00,194.84,194.92,194.51,194.6,1671.37,2021,12,25
2021-12-25 01:02:00+00:00,194.6,194.92,194.28,194.78,2605.0,2021,12,25
2021-12-25 01:03:00+00:00,194.78,194.89,194.49,194.66,2849.37,2021,12,25
2021-12-25 01:04:00+00:00,194.6,194.88,194.55,194.78,710.99,2021,12,25
2021-12-25 01:05:00+00:00,194.77,194.78,194.45,194.47,923.53,2021,12,25
2021-12-25 01:06:00+00:00,194.48,194.54,194.32,194.32,643.27,2021,12,25
2021-12-25 01:07:00+00:00,194.33,194.67,194.28,194.62,321.68,2021,12,25
2021-12-25 01:08:00+00:00,194.68,194.71,194.38,194.39,266.53,2021,12,25
2021-12-25 01:09:00+00:00,194.44,194.55,194.28,194.54,697.5,2021,12,25
2021-12-25 01:10:00+00:00,194.54,194.54,194.34,194.35,193.65,2021,12,25
2021-12-25 01:11:00+00:00,194.37,194.75,194.35,194.74,1250.4,2021,12,25
2021-12-25 01:12:00+00:00,194.75,194.9,194.54,194.6,626.66,2021,12,25
2021-12-25 01:13:00+00:00,194.64,194.76,194.53,194.71,828.84,2021,12,25
2021-12-25 01:14:00+00:00,194.7,194.7,194.4,194.4,452.16,2021,12,25
2021-12-25 01:15:00+00:00,194.46,194.59,194.25,194.37,392.73,2021,12,25
2021-12-25 01:16:00+00:00,194.38,194.52,194.29,194.3,388.1,2021,12,25
2021-12-25 01:17:00+00:00,194.3,194.34,193.99,194.09,787.94,2021,12,25
2021-12-25 01:18:00+00:00,194.16,194.24,193.89,193.89,351.11,2021,12,25
2021-12-25 01:19:00+00:00,193.89,193.97,193.71,193.91,827.56,2021,12,25
2021-12-25 01:20:00+00:00,193.96,193.96,193.69,193.88,782.06,2021,12,25
2021-12-25 01:21:00+00:00,193.87,193.9,193.75,193.75,324.07,2021,12,25
2021-12-25 01:22:00+00:00,193.75,193.86,193.63,193.73,515.83,2021,12,25
2021-12-25 01:23:00+00:00,193.78,194.07,193.76,193.96,405.42,2021,12,25
2021-12-25 01:24:00+00:00,193.94,193.99,193.78,193.97,892.03,2021,12,25
2021-12-25 01:25:00+00:00,193.96,194.01,193.68,193.73,280.69,2021,12,25
2021-12-25 01:26:00+00:00,193.71,193.92,193.62,193.76,614.02,2021,12,25
2021-12-25 01:27:00+00:00,193.82,193.86,193.65,193.74,286.91,2021,12,25
2021-12-25 01:28:00+00:00,193.74,194.17,193.74,194.17,926.04,2021,12,25
2021-12-25 01:29:00+00:00,194.17,194.18,193.97,193.99,269.51,2021,12,25
2021-12-25 01:30:00+00:00,194.0,194.21,193.88,194.12,915.9,2021,12,25
2021-12-25 01:31:00+00:00,194.08,194.11,193.8,193.8,220.34,2021,12,25
2021-12-25 01:32:00+00:00,193.79,193.94,193.7,193.83,355.76,2021,12,25
2021-12-25 01:33:00+00:00,193.84,193.91,193.62,193.62,512.87,2021,12,25
2021-12-25 01:34:00+00:00,193.62,193.81,193.61,193.67,713.79,2021,12,25
2021-12-25 01:35:00+00:00,193.66,193.66,193.52,193.58,349.87,2021,12,25
2021-12-25 01:36:00+00:00,193.57,193.76,193.47,193.51,591.84,2021,12,25
2021-12-25 01:37:00+00:00,193.5,193.69,193.42,193.51,396.67,2021,12,25
2021-12-25 01:38:00+00:00,193.5,193.61,193.27,193.3,1595.94,2021,12,25
2021-12-25 01:39:00+00:00,193.29,193.44,193.15,193.22,624.93,2021,12,25
2021-12-25 01:40:00+00:00,193.19,193.19,192.8,192.86,1675.02,2021,12,25
2021-12-25 01:41:00+00:00,192.86,193.08,192.79,192.94,731.8,2021,12,25
2021-12-25 01:42:00+00:00,192.96,193.05,192.84,192.86,744.45,2021,12,25
2021-12-25 01:43:00+00:00,192.87,192.92,192.78,192.9,743.18,2021,12,25
2021-12-25 01:44:00+00:00,192.9,192.97,192.81,192.81,583.61,2021,12,25
2021-12-25 01:45:00+00:00,192.81,192.94,192.73,192.94,836.36,2021,12,25
2021-12-25 01:46:00+00:00,192.94,193.09,192.88,192.96,1304.41,2021,12,25
2021-12-25 01:47:00+00:00,192.98,193.24,192.96,193.23,1776.06,2021,12,25
2021-12-25 01:48:00+00:00,193.24,193.32,193.21,193.27,1280.57,2021,12,25
2021-12-25 01:49:00+00:00,193.27,193.43,193.26,193.41,693.96,2021,12,25
2021-12-25 01:50:00+00:00,193.41,193.57,193.38,193.43,495.73,2021,12,25
2021-12-25 01:51:00+00:00,193.46,193.96,193.42,193.87,2670.55,2021,12,25
2021-12-25 01:52:00+00:00,193.87,194.02,193.44,193.99,3722.33,2021,12,25
2021-12-25 01:53:00+00:00,193.96,194.03,193.64,193.69,874.13,2021,12,25
2021-12-25 01:54:00+00:00,193.67,193.92,193.63,193.85,481.33,2021,12,25
2021-12-25 01:55:00+00:00,193.85,194.02,193.85,193.97,255.53,2021,12,25
2021-12-25 01:56:00+00:00,193.96,193.96,193.49,193.5,393.43,2021,12,25
2021-12-25 01:57:00+00:00,193.5,193.75,193.41,193.7,823.81,2021,12,25
2021-12-25 01:58:00+00:00,193.75,193.82,193.53,193.63,273.56,2021,12,25
2021-12-25 01:59:00+00:00,193.64,194.66,193.64,194.54,4702.24,2021,12,25
2021-12-25 02:00:00+00:00,194.56,194.88,194.45,194.79,1209.39,2021,12,25
2021-12-25 02:01:00+00:00,194.8,195.0,194.77,194.86,1490.18,2021,12,25
2021-12-25 02:02:00+00:00,194.89,194.93,194.63,194.64,398.51,2021,12,25
2021-12-25 02:03:00+00:00,194.63,194.85,194.56,194.69,679.89,2021,12,25
2021-12-25 02:04:00+00:00,194.69,194.77,194.43,194.46,455.16,2021,12,25
2021-12-25 02:05:00+00:00,194.45,194.46,193.98,194.07,425.25,2021,12,25
2021-12-25 02:06:00+00:00,194.08,194.23,194.01,194.15,959.25,2021,12,25
2021-12-25 02:07:00+00:00,194.15,194.19,194.01,194.02,486.18,2021,12,25
2021-12-25 02:08:00+00:00,194.02,194.02,193.66,193.7,456.27,2021,12,25
2021-12-25 02:09:00+00:00,193.7,193.81,193.59,193.79,481.64,2021,12,25
2021-12-25 02:10:00+00:00,193.81,194.1,193.81,194.09,370.25,2021,12,25
2021-12-25 02:11:00+00:00,194.09,194.09,193.75,193.76,289.13,2021,12,25
2021-12-25 02:12:00+00:00,193.75,193.84,193.51,193.77,565.87,2021,12,25
2021-12-25 02:13:00+00:00,193.77,194.0,193.77,193.82,302.96,2021,12,25
2021-12-25 02:14:00+00:00,193.8,193.88,193.48,193.49,190.88,2021,12,25
2021-12-25 02:15:00+00:00,193.48,193.93,193.48,193.75,472.74,2021,12,25
2021-12-25 02:16:00+00:00,193.76,194.33,193.76,194.24,590.36,2021,12,25
2021-12-25 02:17:00+00:00,194.25,194.32,194.16,194.21,281.34,2021,12,25
2021-12-25 02:18:00+00:00,194.21,194.32,194.21,194.21,119.99,2021,12,25
2021-12-25 02:19:00+00:00,194.22,194.32,194.21,194.23,361.21,2021,12,25
2021-12-25 02:20:00+00:00,194.23,194.23,193.86,193.95,566.2,2021,12,25
2021-12-25 02:21:00+00:00,193.94,194.01,193.91,194.0,479.61,2021,12,25
2021-12-25 02:22:00+00:00,194.0,194.06,193.83,193.95,483.24,2021,12,25
2021-12-25 02:23:00+00:00,193.95,194.06,193.88,193.98,413.18,2021,12,25
2021-12-25 02:24:00+00:00,193.97,193.98,193.64,193.65,1616.51,2021,12,25
2021-12-25 02:25:00+00:00,193.66,194.38,193.66,194.37,1430.63,2021,12,25
2021-12-25 02:26:00+00:00,194.37,194.38,194.14,194.21,557.45,2021,12,25
2021-12-25 02:27:00+00:00,194.21,194.37,193.88,193.94,5038.69,2021,12,25
2021-12-25 02:28:00+00:00,193.93,194.03,193.84,193.98,791.75,2021,12,25
2021-12-25 02:29:00+00:00,193.97,194.0,193.85,193.86,406.35,2021,12,25
2021-12-25 02:30:00+00:00,193.86,194.21,193.75,194.2,514.79,2021,12,25
2021-12-25 02:31:00+00:00,194.2,194.47,194.16,194.26,1770.57,2021,12,25
2021-12-25 02:32:00+00:00,194.27,194.36,194.2,194.29,414.17,2021,12,25
2021-12-25 02:33:00+00:00,194.31,194.36,194.19,194.25,248.22,2021,12,25
2021-12-25 02:34:00+00:00,194.29,194.35,194.1,194.18,524.67,2021,12,25
2021-12-25 02:35:00+00:00,194.17,194.17,193.8,193.86,935.81,2021,12,25
2021-12-25 02:36:00+00:00,193.86,193.94,193.75,193.75,475.47,2021,12,25
2021-12-25 02:37:00+00:00,193.77,193.8,193.41,193.41,1063.91,2021,12,25
2021-12-25 02:38:00+00:00,193.43,193.62,193.43,193.48,587.35,2021,12,25
2021-12-25 02:39:00+00:00,193.44,193.45,193.3,193.33,267.76,2021,12,25
2021-12-25 02:40:00+00:00,193.33,193.34,193.18,193.26,428.24,2021,12,25
2021-12-25 02:41:00+00:00,193.26,193.45,193.26,193.3,477.42,2021,12,25
2021-12-25 02:42:00+00:00,193.3,193.32,193.23,193.28,159.96,2021,12,25
2021-12-25 02:43:00+00:00,193.28,193.29,193.03,193.03,509.93,2021,12,25
2021-12-25 02:44:00+00:00,193.03,193.07,192.96,193.05,452.49,2021,12,25
2021-12-25 02:45:00+00:00,193.05,193.05,192.73,192.85,888.25,2021,12,25
2021-12-25 02:46:00+00:00,192.86,192.96,192.74,192.87,663.87,2021,12,25
2021-12-25 02:47:00+00:00,192.87,192.89,192.76,192.8,180.66,2021,12,25
2021-12-25 02:48:00+00:00,192.78,192.78,191.99,192.42,8200.18,2021,12,25
2021-12-25 02:49:00+00:00,192.42,192.43,192.14,192.19,400.58,2021,12,25
2021-12-25 02:50:00+00:00,192.17,192.3,192.08,192.25,680.87,2021,12,25
2021-12-25 02:51:00+00:00,192.26,192.43,192.19,192.35,827.33,2021,12,25
2021-12-25 02:52:00+00:00,192.31,192.61,192.31,192.57,411.28,2021,12,25
2021-12-25 02:53:00+00:00,192.56,192.68,192.5,192.5,603.19,2021,12,25
2021-12-25 02:54:00+00:00,192.47,192.69,192.41,192.62,661.32,2021,12,25
2021-12-25 02:55:00+00:00,192.67,192.72,192.35,192.35,432.95,2021,12,25
2021-12-25 02:56:00+00:00,192.37,192.68,192.3,192.6,555.49,2021,12,25
2021-12-25 02:57:00+00:00,192.59,192.62,192.44,192.46,670.96,2021,12,25
2021-12-25 02:58:00+00:00,192.46,192.48,191.98,191.99,1303.87,2021,12,25
2021-12-25 02:59:00+00:00,191.99,192.04,191.74,191.88,1457.4,2021,12,25
2021-12-25 03:00:00+00:00,191.87,192.4,191.87,192.3,950.54,2021,12,25
2021-12-25 03:01:00+00:00,192.29,192.49,192.15,192.48,370.41,2021,12,25
2021-12-25 03:02:00+00:00,192.46,192.46,191.62,191.69,1513.11,2021,12,25
2021-12-25 03:03:00+00:00,191.73,191.81,191.61,191.72,1044.49,2021,12,25
2021-12-25 03:04:00+00:00,191.73,191.79,191.47,191.53,985.31,2021,12,25
2021-12-25 03:05:00+00:00,191.54,191.73,191.54,191.69,421.71,2021,12,25
2021-12-25 03:06:00+00:00,191.71,192.12,191.71,192.12,844.62,2021,12,25
2021-12-25 03:07:00+00:00,192.09,192.11,191.82,191.95,286.34,2021,12,25
2021-12-25 03:08:00+00:00,191.99,192.07,191.7,191.81,285.52,2021,12,25
2021-12-25 03:09:00+00:00,191.83,192.08,191.83,192.08,219.67,2021,12,25
2021-12-25 03:10:00+00:00,192.08,192.38,192.07,192.36,495.04,2021,12,25
2021-12-25 03:11:00+00:00,192.37,192.42,191.96,192.16,637.24,2021,12,25
2021-12-25 03:12:00+00:00,192.15,192.27,191.98,192.19,1187.95,2021,12,25
2021-12-25 03:13:00+00:00,192.17,192.31,192.15,192.18,205.33,2021,12,25
2021-12-25 03:14:00+00:00,192.21,192.28,192.06,192.06,139.69,2021,12,25
2021-12-25 03:15:00+00:00,192.07,192.1,191.57,191.64,454.56,2021,12,25
2021-12-25 03:16:00+00:00,191.64,191.8,191.64,191.77,251.96,2021,12,25
2021-12-25 03:17:00+00:00,191.76,191.82,191.72,191.73,274.5,2021,12,25
2021-12-25 03:18:00+00:00,191.73,192.19,191.69,192.11,1294.8,2021,12,25
2021-12-25 03:19:00+00:00,192.17,192.25,191.91,192.12,308.63,2021,12,25
2021-12-25 03:20:00+00:00,192.12,192.36,191.97,192.36,1170.77,2021,12,25
2021-12-25 03:21:00+00:00,192.35,192.4,192.18,192.26,835.4,2021,12,25
2021-12-25 03:22:00+00:00,192.3,192.39,192.08,192.27,569.47,2021,12,25
2021-12-25 03:23:00+00:00,192.27,192.46,192.11,192.19,3005.86,2021,12,25
2021-12-25 03:24:00+00:00,192.2,192.37,192.05,192.15,2522.9,2021,12,25
2021-12-25 03:25:00+00:00,192.17,192.46,192.17,192.44,186.86,2021,12,25
2021-12-25 03:26:00+00:00,192.44,192.61,192.34,192.46,598.21,2021,12,25
2021-12-25 03:27:00+00:00,192.46,192.5,192.15,192.31,526.62,2021,12,25
2021-12-25 03:28:00+00:00,192.31,192.77,192.3,192.52,2876.4,2021,12,25
2021-12-25 03:29:00+00:00,192.57,192.62,192.41,192.54,421.87,2021,12,25
2021-12-25 03:30:00+00:00,192.53,192.71,192.5,192.55,590.31,2021,12,25
2021-12-25 03:31:00+00:00,192.59,192.66,192.22,192.4,1158.02,2021,12,25
2021-12-25 03:32:00+00:00,192.36,192.41,192.14,192.22,3178.94,2021,12,25
2021-12-25 03:33:00+00:00,192.21,192.5,192.21,192.49,395.89,2021,12,25
2021-12-25 03:34:00+00:00,192.47,192.47,192.32,192.42,332.59,2021,12,25
2021-12-25 03:35:00+00:00,192.45,192.47,192.4,192.41,158.03,2021,12,25
2021-12-25 03:36:00+00:00,192.41,192.5,192.28,192.36,198.33,2021,12,25
2021-12-25 03:37:00+00:00,192.36,192.65,192.33,192.55,522.34,2021,12,25
2021-12-25 03:38:00+00:00,192.56,192.68,192.4,192.67,298.72,2021,12,25
2021-12-25 03:39:00+00:00,192.67,192.67,192.48,192.63,215.55,2021,12,25
2021-12-25 03:40:00+00:00,192.63,192.64,192.48,192.48,174.39,2021,12,25
2021-12-25 03:41:00+00:00,192.47,192.57,192.44,192.51,205.47,2021,12,25
2021-12-25 03:42:00+00:00,192.51,192.57,192.41,192.43,158.01,2021,12,25
2021-12-25 03:43:00+00:00,192.4,192.56,192.34,192.5,376.56,2021,12,25
2021-12-25 03:44:00+00:00,192.5,192.73,192.5,192.57,794.85,2021,12,25
2021-12-25 03:45:00+00:00,192.56,192.59,192.43,192.43,194.17,2021,12,25
2021-12-25 03:46:00+00:00,192.44,192.53,192.21,192.24,144.12,2021,12,25
2021-12-25 03:47:00+00:00,192.23,192.42,192.22,192.4,237.72,2021,12,25
2021-12-25 03:48:00+00:00,192.38,192.42,192.15,192.15,326.66,2021,12,25
2021-12-25 03:49:00+00:00,192.17,192.24,191.95,191.99,640.35,2021,12,25
2021-12-25 03:50:00+00:00,191.99,192.01,191.78,191.88,394.3,2021,12,25
2021-12-25 03:51:00+00:00,191.88,192.1,191.88,191.97,418.66,2021,12,25
2021-12-25 03:52:00+00:00,192.0,192.0,191.31,191.38,1763.21,2021,12,25
2021-12-25 03:53:00+00:00,191.39,191.65,191.38,191.55,519.11,2021,12,25
2021-12-25 03:54:00+00:00,191.51,191.54,191.38,191.4,792.83,2021,12,25
2021-12-25 03:55:00+00:00,191.38,191.55,191.36,191.45,467.99,2021,12,25
2021-12-25 03:56:00+00:00,191.45,191.54,191.37,191.42,687.06,2021,12,25
2021-12-25 03:57:00+00:00,191.42,191.74,191.42,191.71,1756.07,2021,12,25
2021-12-25 03:58:00+00:00,191.72,191.79,191.54,191.6,607.11,2021,12,25
2021-12-25 03:59:00+00:00,191.6,191.67,191.46,191.65,1060.62,2021,12,25
2021-12-25 04:00:00+00:00,191.64,191.65,191.43,191.5,588.64,2021,12,25
2021-12-25 04:01:00+00:00,191.47,191.51,191.38,191.4,327.73,2021,12,25
2021-12-25 04:02:00+00:00,191.41,191.62,191.4,191.55,435.54,2021,12,25
2021-12-25 04:03:00+00:00,191.55,191.79,191.55,191.72,299.65,2021,12,25
2021-12-25 04:04:00+00:00,191.72,191.99,191.72,191.97,1958.08,2021,12,25
2021-12-25 04:05:00+00:00,191.98,192.0,191.75,191.8,652.17,2021,12,25
2021-12-25 04:06:00+00:00,191.8,191.95,191.7,191.93,743.3,2021,12,25
2021-12-25 04:07:00+00:00,191.94,192.1,191.8,192.04,958.45,2021,12,25
2021-12-25 04:08:00+00:00,192.03,192.37,192.03,192.34,283.28,2021,12,25
2021-12-25 04:09:00+00:00,192.34,192.39,192.21,192.25,267.74,2021,12,25
2021-12-25 04:10:00+00:00,192.24,192.3,191.72,191.81,7388.11,2021,12,25
2021-12-25 04:11:00+00:00,191.81,192.6,191.74,192.49,1958.39,2021,12,25
2021-12-25 04:12:00+00:00,192.49,193.16,192.48,192.81,1204.74,2021,12,25
2021-12-25 04:13:00+00:00,192.82,193.01,192.76,192.96,542.85,2021,12,25
2021-12-25 04:14:00+00:00,192.96,193.08,192.91,193.02,149.35,2021,12,25
2021-12-25 04:15:00+00:00,193.02,193.08,192.8,192.8,251.28,2021,12,25
2021-12-25 04:16:00+00:00,192.79,193.35,192.78,193.17,928.83,2021,12,25
2021-12-25 04:17:00+00:00,193.17,193.2,192.95,192.95,468.44,2021,12,25
2021-12-25 04:18:00+00:00,192.93,193.06,192.83,192.84,348.56,2021,12,25
2021-12-25 04:19:00+00:00,192.84,193.08,192.84,193.06,356.58,2021,12,25
2021-12-25 04:20:00+00:00,193.05,193.25,193.05,193.08,559.04,2021,12,25
2021-12-25 04:21:00+00:00,193.04,193.19,192.97,193.07,477.31,2021,12,25
2021-12-25 04:22:00+00:00,193.03,193.19,192.89,192.9,1250.5,2021,12,25
2021-12-25 04:23:00+00:00,192.89,193.31,192.89,193.12,1543.8,2021,12,25
2021-12-25 04:24:00+00:00,193.12,193.12,192.85,193.0,613.65,2021,12,25
2021-12-25 04:25:00+00:00,192.98,192.99,192.85,192.85,264.16,2021,12,25
2021-12-25 04:26:00+00:00,192.85,192.87,192.4,192.5,1219.92,2021,12,25
2021-12-25 04:27:00+00:00,192.5,193.19,192.49,193.1,1371.93,2021,12,25
2021-12-25 04:28:00+00:00,193.13,193.25,192.87,193.2,671.84,2021,12,25
2021-12-25 04:29:00+00:00,193.21,193.35,193.18,193.3,243.99,2021,12,25
2021-12-25 04:30:00+00:00,193.3,193.35,193.03,193.09,433.7,2021,12,25
2021-12-25 04:31:00+00:00,193.1,193.12,192.86,192.92,278.07,2021,12,25
2021-12-25 04:32:00+00:00,192.87,193.16,192.84,193.15,394.94,2021,12,25
2021-12-25 04:33:00+00:00,193.14,193.34,193.02,193.1,707.81,2021,12,25
2021-12-25 04:34:00+00:00,193.09,193.14,192.96,193.02,216.81,2021,12,25
2021-12-25 04:35:00+00:00,193.04,193.44,193.02,193.43,341.79,2021,12,25
2021-12-25 04:36:00+00:00,193.41,193.47,193.18,193.28,508.82,2021,12,25
2021-12-25 04:37:00+00:00,193.28,193.43,193.27,193.39,322.94,2021,12,25
2021-12-25 04:38:00+00:00,193.35,193.35,193.06,193.12,249.03,2021,12,25
2021-12-25 04:39:00+00:00,193.11,193.11,193.11,193.11,2.71,2021,12,25
2021-12-25 04:40:00+00:00,193.31,193.4,193.23,193.25,348.91,2021,12,25
2021-12-25 04:41:00+00:00,193.25,193.25,193.12,193.12,305.06,2021,12,25
2021-12-25 04:42:00+00:00,193.11,193.19,192.99,193.01,259.85,2021,12,25
2021-12-25 04:43:00+00:00,193.0,193.1,192.89,192.97,373.65,2021,12,25
2021-12-25 04:44:00+00:00,192.92,193.06,192.79,192.88,289.07,2021,12,25
2021-12-25 04:45:00+00:00,192.88,193.22,192.87,193.15,783.1,2021,12,25
2021-12-25 04:46:00+00:00,193.16,193.4,192.9,192.9,555.56,2021,12,25
2021-12-25 04:47:00+00:00,192.91,193.2,192.81,193.17,1047.14,2021,12,25
2021-12-25 04:48:00+00:00,193.17,193.44,193.17,193.4,453.36,2021,12,25
2021-12-25 04:49:00+00:00,193.43,193.49,193.39,193.45,209.63,2021,12,25
2021-12-25 04:50:00+00:00,193.44,193.46,193.38,193.43,133.32,2021,12,25
2021-12-25 04:51:00+00:00,193.39,193.39,192.76,192.76,341.26,2021,12,25
2021-12-25 04:52:00+00:00,192.75,192.99,192.69,192.77,498.04,2021,12,25
2021-12-25 04:53:00+00:00,192.76,193.23,192.76,193.1,629.47,2021,12,25
2021-12-25 04:54:00+00:00,193.07,193.13,192.84,192.85,331.7,2021,12,25
2021-12-25 04:55:00+00:00,192.83,193.09,192.68,193.09,456.19,2021,12,25
2021-12-25 04:56:00+00:00,193.09,193.31,193.09,193.29,933.65,2021,12,25
2021-12-25 04:57:00+00:00,193.29,193.4,193.25,193.37,382.51,2021,12,25
2021-12-25 04:58:00+00:00,193.37,193.37,193.14,193.19,917.98,2021,12,25
2021-12-25 04:59:00+00:00,193.2,193.33,193.13,193.32,773.44,2021,12,25
2021-12-25 05:00:00+00:00,193.31,193.48,193.31,193.47,680.34,2021,12,25
2021-12-25 05:01:00+00:00,193.46,193.6,193.31,193.42,3294.39,2021,12,25
2021-12-25 05:02:00+00:00,193.42,193.54,193.42,193.47,240.41,2021,12,25
2021-12-25 05:03:00+00:00,193.48,193.59,193.35,193.56,653.34,2021,12,25
2021-12-25 05:04:00+00:00,193.57,193.77,193.55,193.62,740.12,2021,12,25
2021-12-25 05:05:00+00:00,193.61,193.61,193.45,193.54,176.0,2021,12,25
2021-12-25 05:06:00+00:00,193.54,193.56,193.32,193.41,333.17,2021,12,25
2021-12-25 05:07:00+00:00,193.41,193.65,193.37,193.49,433.08,2021,12,25
2021-12-25 05:08:00+00:00,193.48,193.62,193.39,193.51,365.94,2021,12,25
2021-12-25 05:09:00+00:00,193.53,193.62,193.5,193.54,182.01,2021,12,25
2021-12-25 05:10:00+00:00,193.57,193.8,193.49,193.71,2078.99,2021,12,25
2021-12-25 05:11:00+00:00,193.74,193.81,193.55,193.63,2444.55,2021,12,25
2021-12-25 05:12:00+00:00,193.61,193.81,193.61,193.81,2649.79,2021,12,25
2021-12-25 05:13:00+00:00,193.81,194.2,193.8,194.15,3358.79,2021,12,25
2021-12-25 05:14:00+00:00,194.15,194.26,194.11,194.25,285.12,2021,12,25
2021-12-25 05:15:00+00:00,194.23,194.39,194.22,194.35,599.76,2021,12,25
2021-12-25 05:16:00+00:00,194.35,194.4,194.16,194.3,691.5,2021,12,25
2021-12-25 05:17:00+00:00,194.32,194.33,194.1,194.13,440.58,2021,12,25
2021-12-25 05:18:00+00:00,194.16,194.25,194.11,194.17,349.71,2021,12,25
2021-12-25 05:19:00+00:00,194.17,194.2,194.03,194.14,496.86,2021,12,25
2021-12-25 05:20:00+00:00,194.15,194.27,194.0,194.01,351.24,2021,12,25
2021-12-25 05:21:00+00:00,194.01,194.08,193.88,194.0,445.12,2021,12,25
2021-12-25 05:22:00+00:00,193.99,194.15,193.99,194.06,506.48,2021,12,25
2021-12-25 05:23:00+00:00,194.04,194.04,193.88,193.97,727.74,2021,12,25
2021-12-25 05:24:00+00:00,193.97,194.18,193.94,194.11,703.25,2021,12,25
2021-12-25 05:25:00+00:00,194.09,194.13,193.96,194.13,260.41,2021,12,25
2021-12-25 05:26:00+00:00,194.12,194.12,194.12,194.12,2.65,2021,12,25
2021-12-25 05:27:00+00:00,193.99,194.25,193.95,194.21,449.17,2021,12,25
2021-12-25 05:28:00+00:00,194.25,194.54,194.24,194.47,698.17,2021,12,25
2021-12-25 05:29:00+00:00,194.42,194.54,194.39,194.47,431.96,2021,12,25
2021-12-25 05:30:00+00:00,194.42,194.72,194.42,194.66,459.28,2021,12,25
2021-12-25 05:31:00+00:00,194.69,194.69,194.36,194.51,880.69,2021,12,25
2021-12-25 05:32:00+00:00,194.52,194.68,194.52,194.57,492.33,2021,12,25
2021-12-25 05:33:00+00:00,194.58,194.73,194.54,194.73,478.16,2021,12,25
2021-12-25 05:34:00+00:00,194.73,194.74,194.5,194.5,392.34,2021,12,25
2021-12-25 05:35:00+00:00,194.48,194.7,194.48,194.61,1331.58,2021,12,25
2021-12-25 05:36:00+00:00,194.62,194.63,194.27,194.4,997.22,2021,12,25
2021-12-25 05:37:00+00:00,194.39,194.4,194.18,194.34,390.31,2021,12,25
2021-12-25 05:38:00+00:00,194.34,194.4,194.19,194.22,762.91,2021,12,25
2021-12-25 05:39:00+00:00,194.18,194.48,194.18,194.34,688.57,2021,12,25
2021-12-25 05:40:00+00:00,194.3,194.47,194.27,194.34,211.41,2021,12,25
2021-12-25 05:41:00+00:00,194.33,194.61,194.33,194.59,373.09,2021,12,25
2021-12-25 05:42:00+00:00,194.6,194.68,194.58,194.62,356.26,2021,12,25
2021-12-25 05:43:00+00:00,194.6,194.67,194.43,194.57,456.75,2021,12,25
2021-12-25 05:44:00+00:00,194.55,194.56,194.45,194.48,207.7,2021,12,25
2021-12-25 05:45:00+00:00,194.47,194.47,194.3,194.31,164.07,2021,12,25
2021-12-25 05:46:00+00:00,194.3,194.3,193.91,193.92,663.42,2021,12,25
2021-12-25 05:47:00+00:00,193.93,194.19,193.9,194.1,659.81,2021,12,25
2021-12-25 05:48:00+00:00,194.09,194.28,194.08,194.11,321.53,2021,12,25
2021-12-25 05:49:00+00:00,194.1,194.23,194.08,194.11,267.43,2021,12,25
2021-12-25 05:50:00+00:00,194.1,194.11,193.92,193.93,404.11,2021,12,25
2021-12-25 05:51:00+00:00,193.94,194.25,193.93,194.25,513.75,2021,12,25
2021-12-25 05:52:00+00:00,194.21,194.24,194.1,194.1,513.31,2021,12,25
2021-12-25 05:53:00+00:00,194.11,194.11,193.83,193.84,632.23,2021,12,25
2021-12-25 05:54:00+00:00,193.84,193.98,193.77,193.95,618.31,2021,12,25
2021-12-25 05:55:00+00:00,193.96,193.96,193.77,193.78,298.5,2021,12,25
2021-12-25 05:56:00+00:00,193.78,193.78,193.61,193.61,370.89,2021,12,25
2021-12-25 05:57:00+00:00,193.6,193.65,193.52,193.53,230.96,2021,12,25
2021-12-25 05:58:00+00:00,193.53,193.68,193.51,193.68,503.69,2021,12,25
2021-12-25 05:59:00+00:00,193.68,193.83,193.65,193.7,467.41,2021,12,25
2021-12-25 06:00:00+00:00,193.7,193.7,193.55,193.66,553.89,2021,12,25
2021-12-25 06:01:00+00:00,193.68,193.74,193.61,193.67,245.93,2021,12,25
2021-12-25 06:02:00+00:00,193.66,193.7,193.41,193.47,425.09,2021,12,25
2021-12-25 06:03:00+00:00,193.43,193.47,193.24,193.31,562.19,2021,12,25
2021-12-25 06:04:00+00:00,193.35,193.36,193.26,193.31,458.62,2021,12,25
2021-12-25 06:05:00+00:00,193.3,193.36,193.18,193.23,327.39,2021,12,25
2021-12-25 06:06:00+00:00,193.22,193.24,193.12,193.23,386.77,2021,12,25
2021-12-25 06:07:00+00:00,193.24,193.37,193.14,193.27,480.98,2021,12,25
2021-12-25 06:08:00+00:00,193.28,193.28,192.97,193.07,757.67,2021,12,25
2021-12-25 06:09:00+00:00,193.04,193.12,193.0,193.06,323.77,2021,12,25
2021-12-25 06:10:00+00:00,193.01,193.17,193.01,193.06,309.57,2021,12,25
2021-12-25 06:11:00+00:00,193.07,193.21,192.83,192.96,984.0,2021,12,25
2021-12-25 06:12:00+00:00,192.92,193.04,192.87,192.98,393.9,2021,12,25
2021-12-25 06:13:00+00:00,192.96,193.02,192.75,192.99,1528.65,2021,12,25
2021-12-25 06:14:00+00:00,193.01,193.15,192.91,192.94,1147.14,2021,12,25
2021-12-25 06:15:00+00:00,192.95,193.57,192.9,193.49,1207.01,2021,12,25
2021-12-25 06:16:00+00:00,193.53,193.53,193.16,193.17,244.05,2021,12,25
2021-12-25 06:17:00+00:00,193.16,193.46,193.12,193.42,488.32,2021,12,25
2021-12-25 06:18:00+00:00,193.43,193.51,193.22,193.39,419.94,2021,12,25
2021-12-25 06:19:00+00:00,193.38,193.47,193.12,193.19,459.81,2021,12,25
2021-12-25 06:20:00+00:00,193.15,193.15,193.15,193.15,0.5,2021,12,25
2021-12-25 06:21:00+00:00,193.33,193.5,193.2,193.45,285.97,2021,12,25
2021-12-25 06:22:00+00:00,193.45,193.51,193.4,193.41,437.07,2021,12,25
2021-12-25 06:23:00+00:00,193.42,193.44,193.24,193.39,261.21,2021,12,25
2021-12-25 06:24:00+00:00,193.39,193.39,193.07,193.19,367.04,2021,12,25
2021-12-25 06:25:00+00:00,193.18,193.24,193.05,193.06,356.59,2021,12,25
2021-12-25 06:26:00+00:00,193.1,193.19,193.03,193.1,429.25,2021,12,25
2021-12-25 06:27:00+00:00,193.09,193.44,193.07,193.3,852.79,2021,12,25
2021-12-25 06:28:00+00:00,193.31,193.31,192.97,193.14,1230.97,2021,12,25
2021-12-25 06:29:00+00:00,193.14,193.5,193.14,193.45,1805.94,2021,12,25
2021-12-25 06:30:00+00:00,193.44,193.48,193.4,193.48,213.25,2021,12,25
2021-12-25 06:31:00+00:00,193.5,193.72,193.45,193.61,1094.37,2021,12,25
2021-12-25 06:32:00+00:00,193.62,193.65,193.46,193.51,269.91,2021,12,25
2021-12-25 06:33:00+00:00,193.5,193.84,193.48,193.79,914.49,2021,12,25
2021-12-25 06:34:00+00:00,193.78,193.99,193.78,193.96,461.26,2021,12,25
2021-12-25 06:35:00+00:00,193.96,194.0,193.85,193.9,581.68,2021,12,25
2021-12-25 06:36:00+00:00,193.91,193.98,193.81,193.9,391.82,2021,12,25
2021-12-25 06:37:00+00:00,193.9,194.18,193.9,194.1,665.19,2021,12,25
2021-12-25 06:38:00+00:00,194.09,194.31,194.06,194.3,678.29,2021,12,25
2021-12-25 06:39:00+00:00,194.31,194.36,194.13,194.27,545.38,2021,12,25
2021-12-25 06:40:00+00:00,194.27,194.38,194.27,194.32,791.27,2021,12,25
2021-12-25 06:41:00+00:00,194.33,194.34,194.08,194.19,792.61,2021,12,25
2021-12-25 06:42:00+00:00,194.19,194.39,194.19,194.36,441.85,2021,12,25
2021-12-25 06:43:00+00:00,194.35,194.6,194.34,194.4,734.17,2021,12,25
2021-12-25 06:44:00+00:00,194.41,194.5,194.32,194.43,257.36,2021,12,25
2021-12-25 06:45:00+00:00,194.43,194.44,194.2,194.21,324.3,2021,12,25
2021-12-25 06:46:00+00:00,194.2,194.3,194.08,194.21,511.69,2021,12,25
2021-12-25 06:47:00+00:00,194.21,194.26,194.19,194.22,298.94,2021,12,25
2021-12-25 06:48:00+00:00,194.23,194.24,194.09,194.15,518.36,2021,12,25
2021-12-25 06:49:00+00:00,194.16,194.36,194.02,194.09,764.28,2021,12,25
2021-12-25 06:50:00+00:00,194.1,194.14,193.87,194.13,694.96,2021,12,25
2021-12-25 06:51:00+00:00,194.13,194.13,193.9,193.92,154.37,2021,12,25
2021-12-25 06:52:00+00:00,193.92,194.02,193.9,193.95,296.45,2021,12,25
2021-12-25 06:53:00+00:00,193.95,193.99,193.8,193.81,410.93,2021,12,25
2021-12-25 06:54:00+00:00,193.81,193.84,193.71,193.77,343.96,2021,12,25
2021-12-25 06:55:00+00:00,193.76,193.76,193.76,193.76,0.13,2021,12,25
2021-12-25 06:56:00+00:00,193.54,193.56,193.49,193.49,179.72,2021,12,25
2021-12-25 06:57:00+00:00,193.49,193.55,193.45,193.5,301.99,2021,12,25
2021-12-25 06:58:00+00:00,193.51,193.65,193.38,193.57,435.24,2021,12,25
2021-12-25 06:59:00+00:00,193.57,193.87,193.49,193.73,474.09,2021,12,25
2021-12-25 07:00:00+00:00,193.74,193.74,193.37,193.4,526.36,2021,12,25
2021-12-25 07:01:00+00:00,193.37,193.43,193.27,193.36,491.2,2021,12,25
2021-12-25 07:02:00+00:00,193.37,193.45,193.33,193.4,465.47,2021,12,25
2021-12-25 07:03:00+00:00,193.44,193.44,193.27,193.3,388.78,2021,12,25
2021-12-25 07:04:00+00:00,193.3,193.44,193.29,193.32,343.06,2021,12,25
2021-12-25 07:05:00+00:00,193.32,193.36,193.23,193.26,272.34,2021,12,25
2021-12-25 07:06:00+00:00,193.27,193.43,193.15,193.19,598.37,2021,12,25
2021-12-25 07:07:00+00:00,193.17,193.27,193.1,193.16,314.48,2021,12,25
2021-12-25 07:08:00+00:00,193.2,193.37,193.0,193.34,856.79,2021,12,25
2021-12-25 07:09:00+00:00,193.34,193.42,193.28,193.37,387.62,2021,12,25
2021-12-25 07:10:00+00:00,193.37,193.45,193.35,193.44,622.46,2021,12,25
2021-12-25 07:11:00+00:00,193.41,193.52,193.35,193.51,244.51,2021,12,25
2021-12-25 07:12:00+00:00,193.52,193.81,193.52,193.73,553.15,2021,12,25
2021-12-25 07:13:00+00:00,193.73,193.77,193.7,193.74,199.94,2021,12,25
2021-12-25 07:14:00+00:00,193.75,193.87,193.74,193.87,171.12,2021,12,25
2021-12-25 07:15:00+00:00,193.87,194.01,193.8,193.8,274.26,2021,12,25
2021-12-25 07:16:00+00:00,193.82,193.85,193.71,193.71,119.04,2021,12,25
2021-12-25 07:17:00+00:00,193.71,193.78,193.64,193.65,525.34,2021,12,25
2021-12-25 07:18:00+00:00,193.65,193.8,193.63,193.8,321.59,2021,12,25
2021-12-25 07:19:00+00:00,193.79,193.83,193.55,193.75,1209.74,2021,12,25
2021-12-25 07:20:00+00:00,193.75,193.76,193.65,193.69,346.01,2021,12,25
2021-12-25 07:21:00+00:00,193.7,193.72,193.6,193.6,376.52,2021,12,25
2021-12-25 07:22:00+00:00,193.59,193.99,193.59,193.97,567.07,2021,12,25
2021-12-25 07:23:00+00:00,193.97,193.99,193.77,193.89,552.29,2021,12,25
2021-12-25 07:24:00+00:00,193.89,193.99,193.79,193.87,570.09,2021,12,25
2021-12-25 07:25:00+00:00,193.87,194.27,193.87,194.27,2452.2,2021,12,25
2021-12-25 07:26:00+00:00,194.26,194.28,194.03,194.24,2049.06,2021,12,25
2021-12-25 07:27:00+00:00,194.24,194.3,194.2,194.22,317.33,2021,12,25
2021-12-25 07:28:00+00:00,194.21,194.37,194.21,194.34,292.84,2021,12,25
2021-12-25 07:29:00+00:00,194.36,194.68,194.36,194.64,628.13,2021,12,25
2021-12-25 07:30:00+00:00,194.65,194.78,194.53,194.77,519.95,2021,12,25
2021-12-25 07:31:00+00:00,194.76,194.85,194.34,194.35,981.77,2021,12,25
2021-12-25 07:32:00+00:00,194.34,194.34,193.92,193.93,697.8,2021,12,25
2021-12-25 07:33:00+00:00,193.93,194.03,193.63,193.9,2107.49,2021,12,25
2021-12-25 07:34:00+00:00,193.9,193.93,193.77,193.83,458.79,2021,12,25
2021-12-25 07:35:00+00:00,193.82,193.82,193.59,193.59,267.87,2021,12,25
2021-12-25 07:36:00+00:00,193.59,193.59,193.3,193.38,524.53,2021,12,25
2021-12-25 07:37:00+00:00,193.38,193.5,193.3,193.3,374.92,2021,12,25
2021-12-25 07:38:00+00:00,193.32,193.39,193.29,193.3,428.57,2021,12,25
2021-12-25 07:39:00+00:00,193.3,193.54,193.28,193.44,992.54,2021,12,25
2021-12-25 07:40:00+00:00,193.39,193.45,193.24,193.41,392.19,2021,12,25
2021-12-25 07:41:00+00:00,193.41,193.46,193.16,193.19,439.35,2021,12,25
2021-12-25 07:42:00+00:00,193.18,193.3,193.18,193.23,170.76,2021,12,25
2021-12-25 07:43:00+00:00,193.23,193.38,193.09,193.29,961.55,2021,12,25
2021-12-25 07:44:00+00:00,193.29,193.41,193.22,193.22,324.08,2021,12,25
2021-12-25 07:45:00+00:00,193.22,193.42,193.22,193.32,290.77,2021,12,25
2021-12-25 07:46:00+00:00,193.29,193.33,193.12,193.17,528.93,2021,12,25
2021-12-25 07:47:00+00:00,193.16,193.35,193.15,193.25,477.94,2021,12,25
2021-12-25 07:48:00+00:00,193.27,193.45,193.26,193.4,469.51,2021,12,25
2021-12-25 07:49:00+00:00,193.35,193.5,193.25,193.49,416.84,2021,12,25
2021-12-25 07:50:00+00:00,193.49,193.52,193.06,193.16,1054.05,2021,12,25
2021-12-25 07:51:00+00:00,193.18,193.3,193.1,193.28,270.8,2021,12,25
2021-12-25 07:52:00+00:00,193.3,193.34,193.2,193.25,329.95,2021,12,25
2021-12-25 07:53:00+00:00,193.26,193.32,193.21,193.23,308.86,2021,12,25
2021-12-25 07:54:00+00:00,193.23,193.27,193.0,193.13,835.46,2021,12,25
2021-12-25 07:55:00+00:00,193.12,193.18,193.03,193.1,303.51,2021,12,25
2021-12-25 07:56:00+00:00,193.13,193.18,193.0,193.11,412.98,2021,12,25
2021-12-25 07:57:00+00:00,193.11,193.14,193.0,193.03,410.57,2021,12,25
2021-12-25 07:58:00+00:00,193.03,193.05,192.91,192.98,987.64,2021,12,25
2021-12-25 07:59:00+00:00,193.02,193.09,192.92,193.08,396.75,2021,12,25
2021-12-25 08:00:00+00:00,193.05,193.24,193.0,193.12,605.25,2021,12,25
2021-12-25 08:01:00+00:00,193.16,193.21,193.06,193.07,277.8,2021,12,25
2021-12-25 08:02:00+00:00,193.08,193.08,192.61,192.68,819.56,2021,12,25
2021-12-25 08:03:00+00:00,192.67,192.73,192.27,192.55,2955.43,2021,12,25
2021-12-25 08:04:00+00:00,192.55,192.88,192.55,192.7,651.82,2021,12,25
2021-12-25 08:05:00+00:00,192.7,193.14,192.68,193.13,1168.58,2021,12,25
2021-12-25 08:06:00+00:00,193.13,193.15,192.8,192.99,905.18,2021,12,25
2021-12-25 08:07:00+00:00,193.05,193.11,192.9,193.08,216.99,2021,12,25
2021-12-25 08:08:00+00:00,193.09,193.12,192.9,192.94,293.52,2021,12,25
2021-12-25 08:09:00+00:00,192.97,193.11,192.88,192.93,594.21,2021,12,25
2021-12-25 08:10:00+00:00,192.94,192.94,192.75,192.79,463.51,2021,12,25
2021-12-25 08:11:00+00:00,192.81,192.99,192.72,192.99,268.5,2021,12,25
2021-12-25 08:12:00+00:00,192.99,192.99,192.61,192.61,361.38,2021,12,25
2021-12-25 08:13:00+00:00,192.62,192.87,192.54,192.69,736.18,2021,12,25
2021-12-25 08:14:00+00:00,192.69,192.82,192.46,192.46,489.27,2021,12,25
2021-12-25 08:15:00+00:00,192.46,192.59,192.43,192.48,526.8,2021,12,25
2021-12-25 08:16:00+00:00,192.49,192.53,192.35,192.44,366.06,2021,12,25
2021-12-25 08:17:00+00:00,192.45,192.61,192.45,192.45,429.15,2021,12,25
2021-12-25 08:18:00+00:00,192.44,192.56,192.3,192.35,533.94,2021,12,25
2021-12-25 08:19:00+00:00,192.37,192.47,192.04,192.22,1956.24,2021,12,25
2021-12-25 08:20:00+00:00,192.13,192.32,191.99,192.23,795.5,2021,12,25
2021-12-25 08:21:00+00:00,192.21,192.34,192.15,192.31,321.52,2021,12,25
2021-12-25 08:22:00+00:00,192.33,192.46,192.09,192.09,831.32,2021,12,25
2021-12-25 08:23:00+00:00,192.1,192.2,192.09,192.11,558.95,2021,12,25
2021-12-25 08:24:00+00:00,192.11,192.14,192.01,192.01,808.78,2021,12,25
2021-12-25 08:25:00+00:00,192.02,192.15,192.01,192.07,918.13,2021,12,25
2021-12-25 08:26:00+00:00,192.06,192.2,191.99,192.18,664.7,2021,12,25
2021-12-25 08:27:00+00:00,192.18,192.2,192.01,192.07,570.86,2021,12,25
2021-12-25 08:28:00+00:00,192.06,192.19,191.99,192.03,548.92,2021,12,25
2021-12-25 08:29:00+00:00,191.99,192.07,191.98,192.07,382.63,2021,12,25
2021-12-25 08:30:00+00:00,192.07,192.07,191.93,192.0,648.52,2021,12,25
2021-12-25 08:31:00+00:00,191.99,192.1,191.94,192.1,705.42,2021,12,25
2021-12-25 08:32:00+00:00,192.1,192.12,192.0,192.04,183.48,2021,12,25
2021-12-25 08:33:00+00:00,192.04,192.08,191.98,192.01,241.42,2021,12,25
2021-12-25 08:34:00+00:00,192.0,192.44,191.97,192.4,3018.81,2021,12,25
2021-12-25 08:35:00+00:00,192.38,192.49,192.37,192.37,319.13,2021,12,25
2021-12-25 08:36:00+00:00,192.38,192.38,192.1,192.12,740.93,2021,12,25
2021-12-25 08:37:00+00:00,192.12,192.12,191.98,192.0,415.78,2021,12,25
2021-12-25 08:38:00+00:00,191.99,192.11,191.99,191.99,541.28,2021,12,25
2021-12-25 08:39:00+00:00,191.99,192.08,191.82,192.0,1249.42,2021,12,25
2021-12-25 08:40:00+00:00,192.0,192.07,191.81,191.83,1675.92,2021,12,25
2021-12-25 08:41:00+00:00,191.83,192.03,191.82,191.99,715.54,2021,12,25
2021-12-25 08:42:00+00:00,192.02,192.07,191.84,192.07,1232.46,2021,12,25
2021-12-25 08:43:00+00:00,192.07,192.29,191.95,192.0,1600.48,2021,12,25
2021-12-25 08:44:00+00:00,192.04,192.31,192.03,192.23,441.79,2021,12,25
2021-12-25 08:45:00+00:00,192.23,192.31,192.15,192.25,561.77,2021,12,25
2021-12-25 08:46:00+00:00,192.25,192.29,192.17,192.19,907.72,2021,12,25
2021-12-25 08:47:00+00:00,192.2,192.37,192.2,192.37,380.11,2021,12,25
2021-12-25 08:48:00+00:00,192.37,192.55,192.37,192.44,382.86,2021,12,25
2021-12-25 08:49:00+00:00,192.45,192.62,192.39,192.56,639.55,2021,12,25
2021-12-25 08:50:00+00:00,192.57,192.7,192.5,192.5,363.63,2021,12,25
2021-12-25 08:51:00+00:00,192.49,192.5,192.41,192.41,234.17,2021,12,25
2021-12-25 08:52:00+00:00,192.4,192.57,192.4,192.54,388.53,2021,12,25
2021-12-25 08:53:00+00:00,192.54,192.68,192.54,192.62,349.39,2021,12,25
2021-12-25 08:54:00+00:00,192.61,192.75,192.61,192.73,457.36,2021,12,25
2021-12-25 08:55:00+00:00,192.71,192.75,192.5,192.59,625.99,2021,12,25
2021-12-25 08:56:00+00:00,192.59,192.8,192.59,192.67,462.27,2021,12,25
2021-12-25 08:57:00+00:00,192.69,192.72,192.63,192.68,368.35,2021,12,25
2021-12-25 08:58:00+00:00,192.68,192.7,192.59,192.62,455.3,2021,12,25
2021-12-25 08:59:00+00:00,192.58,192.7,192.53,192.64,255.86,2021,12,25
2021-12-25 09:00:00+00:00,192.66,192.69,192.48,192.57,525.5,2021,12,25
2021-12-25 09:01:00+00:00,192.55,192.6,192.5,192.59,343.78,2021,12,25
2021-12-25 09:02:00+00:00,192.6,192.61,192.44,192.44,333.58,2021,12,25
2021-12-25 09:03:00+00:00,192.45,192.47,192.35,192.43,491.09,2021,12,25
2021-12-25 09:04:00+00:00,192.43,192.51,192.39,192.47,252.6,2021,12,25
2021-12-25 09:05:00+00:00,192.48,192.59,192.37,192.59,605.19,2021,12,25
2021-12-25 09:06:00+00:00,192.59,192.59,192.41,192.55,388.43,2021,12,25
2021-12-25 09:07:00+00:00,192.55,192.71,192.54,192.66,418.74,2021,12,25
2021-12-25 09:08:00+00:00,192.67,192.8,192.66,192.74,1027.09,2021,12,25
2021-12-25 09:09:00+00:00,192.75,192.75,192.56,192.65,930.24,2021,12,25
2021-12-25 09:10:00+00:00,192.66,192.76,192.64,192.73,206.19,2021,12,25
2021-12-25 09:11:00+00:00,192.73,192.76,192.57,192.65,224.3,2021,12,25
2021-12-25 09:12:00+00:00,192.61,192.64,192.52,192.57,610.41,2021,12,25
2021-12-25 09:13:00+00:00,192.58,192.77,192.58,192.69,378.32,2021,12,25
2021-12-25 09:14:00+00:00,192.67,192.78,192.67,192.69,476.13,2021,12,25
2021-12-25 09:15:00+00:00,192.68,192.76,192.62,192.74,473.06,2021,12,25
2021-12-25 09:16:00+00:00,192.74,192.81,192.7,192.78,393.28,2021,12,25
2021-12-25 09:17:00+00:00,192.79,192.89,192.6,192.83,449.87,2021,12,25
2021-12-25 09:18:00+00:00,192.87,192.96,192.83,192.93,423.14,2021,12,25
2021-12-25 09:19:00+00:00,192.92,193.21,192.92,193.11,1047.19,2021,12,25
2021-12-25 09:20:00+00:00,193.1,193.19,193.06,193.06,301.91,2021,12,25
2021-12-25 09:21:00+00:00,193.07,193.17,193.03,193.17,549.5,2021,12,25
2021-12-25 09:22:00+00:00,193.17,193.18,193.08,193.1,475.38,2021,12,25
2021-12-25 09:23:00+00:00,193.12,193.19,192.94,192.95,1301.72,2021,12,25
2021-12-25 09:24:00+00:00,192.97,193.0,192.85,192.91,694.71,2021,12,25
2021-12-25 09:25:00+00:00,192.93,193.07,192.93,192.98,270.48,2021,12,25
2021-12-25 09:26:00+00:00,193.01,193.01,192.95,192.96,226.94,2021,12,25
2021-12-25 09:27:00+00:00,192.95,192.96,192.85,192.91,458.48,2021,12,25
2021-12-25 09:28:00+00:00,192.95,192.95,192.67,192.76,505.05,2021,12,25
2021-12-25 09:29:00+00:00,192.77,192.78,192.69,192.75,579.72,2021,12,25
2021-12-25 09:30:00+00:00,192.74,192.9,192.7,192.87,296.51,2021,12,25
2021-12-25 09:31:00+00:00,192.87,192.87,192.73,192.76,250.21,2021,12,25
2021-12-25 09:32:00+00:00,192.77,192.88,192.71,192.72,316.15,2021,12,25
2021-12-25 09:33:00+00:00,192.71,192.78,192.65,192.73,514.3,2021,12,25
2021-12-25 09:34:00+00:00,192.74,192.74,192.6,192.63,490.33,2021,12,25
2021-12-25 09:35:00+00:00,192.62,192.64,192.52,192.56,317.42,2021,12,25
2021-12-25 09:36:00+00:00,192.57,192.8,192.55,192.74,534.3,2021,12,25
2021-12-25 09:37:00+00:00,192.73,192.73,192.53,192.58,150.09,2021,12,25
2021-12-25 09:38:00+00:00,192.55,192.6,192.54,192.58,128.47,2021,12,25
2021-12-25 09:39:00+00:00,192.58,192.68,192.58,192.67,244.92,2021,12,25
2021-12-25 09:40:00+00:00,192.7,192.72,192.56,192.56,381.75,2021,12,25
2021-12-25 09:41:00+00:00,192.55,192.7,192.54,192.54,242.84,2021,12,25
2021-12-25 09:42:00+00:00,192.55,192.58,192.51,192.55,118.79,2021,12,25
2021-12-25 09:43:00+00:00,192.55,192.65,192.48,192.57,148.88,2021,12,25
2021-12-25 09:44:00+00:00,192.58,192.65,192.48,192.63,240.38,2021,12,25
2021-12-25 09:45:00+00:00,192.63,192.88,192.6,192.88,1772.33,2021,12,25
2021-12-25 09:46:00+00:00,192.85,192.93,192.73,192.76,391.93,2021,12,25
2021-12-25 09:47:00+00:00,192.77,192.78,192.67,192.72,152.1,2021,12,25
2021-12-25 09:48:00+00:00,192.73,192.79,192.62,192.78,222.39,2021,12,25
2021-12-25 09:49:00+00:00,192.79,192.8,192.51,192.53,349.94,2021,12,25
2021-12-25 09:50:00+00:00,192.53,192.65,192.53,192.64,204.24,2021,12,25
2021-12-25 09:51:00+00:00,192.62,192.66,192.55,192.63,231.47,2021,12,25
2021-12-25 09:52:00+00:00,192.66,192.7,192.35,192.46,816.15,2021,12,25
2021-12-25 09:53:00+00:00,192.46,192.54,192.42,192.48,183.7,2021,12,25
2021-12-25 09:54:00+00:00,192.48,192.48,192.36,192.45,290.54,2021,12,25
2021-12-25 09:55:00+00:00,192.45,192.49,192.37,192.4,216.98,2021,12,25
2021-12-25 09:56:00+00:00,192.41,192.47,192.38,192.4,178.11,2021,12,25
2021-12-25 09:57:00+00:00,192.39,192.5,192.29,192.32,604.91,2021,12,25
2021-12-25 09:58:00+00:00,192.32,192.32,191.89,191.9,850.36,2021,12,25
2021-12-25 09:59:00+00:00,191.96,192.16,191.87,192.04,1430.63,2021,12,25
2021-12-25 10:00:00+00:00,192.03,192.17,191.92,191.95,2249.61,2021,12,25
2021-12-25 10:01:00+00:00,191.94,191.96,191.84,191.87,348.43,2021,12,25
2021-12-25 10:02:00+00:00,191.87,191.89,191.46,191.47,1240.2,2021,12,25
2021-12-25 10:03:00+00:00,191.48,191.48,191.32,191.39,639.18,2021,12,25
2021-12-25 10:04:00+00:00,191.4,191.79,191.4,191.76,470.88,2021,12,25
2021-12-25 10:05:00+00:00,191.75,191.75,191.51,191.62,502.05,2021,12,25
2021-12-25 10:06:00+00:00,191.63,191.92,191.63,191.83,256.61,2021,12,25
2021-12-25 10:07:00+00:00,191.82,192.03,191.82,192.01,260.05,2021,12,25
2021-12-25 10:08:00+00:00,192.01,192.05,191.91,191.99,319.18,2021,12,25
2021-12-25 10:09:00+00:00,191.99,192.06,191.79,191.79,533.88,2021,12,25
2021-12-25 10:10:00+00:00,191.8,191.94,191.77,191.89,305.29,2021,12,25
2021-12-25 10:11:00+00:00,191.87,191.93,191.73,191.74,326.94,2021,12,25
2021-12-25 10:12:00+00:00,191.74,191.75,191.6,191.63,373.23,2021,12,25
2021-12-25 10:13:00+00:00,191.62,191.83,191.57,191.8,489.67,2021,12,25
2021-12-25 10:14:00+00:00,191.79,191.92,191.79,191.82,316.21,2021,12,25
2021-12-25 10:15:00+00:00,191.83,191.83,191.7,191.71,150.96,2021,12,25
2021-12-25 10:16:00+00:00,191.73,191.74,191.65,191.68,144.28,2021,12,25
2021-12-25 10:17:00+00:00,191.69,191.7,191.55,191.58,592.09,2021,12,25
2021-12-25 10:18:00+00:00,191.57,191.58,191.44,191.52,225.73,2021,12,25
2021-12-25 10:19:00+00:00,191.53,191.69,191.53,191.61,245.66,2021,12,25
2021-12-25 10:20:00+00:00,191.61,191.7,191.38,191.39,1387.01,2021,12,25
2021-12-25 10:21:00+00:00,191.39,191.39,191.05,191.19,3458.18,2021,12,25
2021-12-25 10:22:00+00:00,191.18,191.41,191.09,191.37,890.94,2021,12,25
2021-12-25 10:23:00+00:00,191.39,191.39,191.22,191.24,415.99,2021,12,25
2021-12-25 10:24:00+00:00,191.21,191.26,191.07,191.2,737.74,2021,12,25
2021-12-25 10:25:00+00:00,191.23,191.34,191.14,191.26,785.24,2021,12,25
2021-12-25 10:26:00+00:00,191.26,191.38,191.15,191.16,464.12,2021,12,25
2021-12-25 10:27:00+00:00,191.13,191.16,191.06,191.12,608.65,2021,12,25
2021-12-25 10:28:00+00:00,191.11,191.12,190.72,190.78,2073.06,2021,12,25
2021-12-25 10:29:00+00:00,190.78,190.96,190.7,190.88,609.89,2021,12,25
2021-12-25 10:30:00+00:00,190.88,191.0,190.81,190.95,525.42,2021,12,25
2021-12-25 10:31:00+00:00,190.95,190.99,190.9,190.91,257.5,2021,12,25
2021-12-25 10:32:00+00:00,190.9,190.9,190.59,190.68,905.9,2021,12,25
2021-12-25 10:33:00+00:00,190.68,190.81,190.44,190.44,1016.02,2021,12,25
2021-12-25 10:34:00+00:00,190.45,190.47,190.11,190.2,1429.04,2021,12,25
2021-12-25 10:35:00+00:00,190.2,190.74,190.2,190.6,1102.87,2021,12,25
2021-12-25 10:36:00+00:00,190.56,190.58,190.26,190.27,325.52,2021,12,25
2021-12-25 10:37:00+00:00,190.27,190.33,190.23,190.29,358.92,2021,12,25
2021-12-25 10:38:00+00:00,190.29,190.49,190.19,190.49,803.42,2021,12,25
2021-12-25 10:39:00+00:00,190.51,190.71,190.46,190.55,571.07,2021,12,25
2021-12-25 10:40:00+00:00,190.55,190.68,190.4,190.64,644.78,2021,12,25
2021-12-25 10:41:00+00:00,190.67,190.85,190.5,190.62,2500.36,2021,12,25
2021-12-25 10:42:00+00:00,190.64,190.81,190.36,190.38,243.18,2021,12,25
2021-12-25 10:43:00+00:00,190.38,190.46,190.31,190.41,439.88,2021,12,25
2021-12-25 10:44:00+00:00,190.41,190.42,190.06,190.11,3389.42,2021,12,25
2021-12-25 10:45:00+00:00,190.12,190.35,190.0,190.17,2085.54,2021,12,25
2021-12-25 10:46:00+00:00,190.24,190.62,190.18,190.6,340.86,2021,12,25
2021-12-25 10:47:00+00:00,190.59,190.64,190.48,190.63,443.5,2021,12,25
2021-12-25 10:48:00+00:00,190.63,190.77,190.6,190.68,549.71,2021,12,25
2021-12-25 10:49:00+00:00,190.69,190.74,190.34,190.49,922.28,2021,12,25
2021-12-25 10:50:00+00:00,190.53,190.63,190.41,190.43,619.79,2021,12,25
2021-12-25 10:51:00+00:00,190.43,190.62,190.2,190.25,574.65,2021,12,25
2021-12-25 10:52:00+00:00,190.26,190.26,190.0,190.06,910.64,2021,12,25
2021-12-25 10:53:00+00:00,190.05,190.05,189.66,189.68,2129.91,2021,12,25
2021-12-25 10:54:00+00:00,189.68,189.81,189.28,189.69,1988.23,2021,12,25
2021-12-25 10:55:00+00:00,189.69,189.82,189.66,189.67,624.66,2021,12,25
2021-12-25 10:56:00+00:00,189.67,189.72,189.32,189.37,2789.91,2021,12,25
2021-12-25 10:57:00+00:00,189.36,189.67,189.36,189.66,2542.87,2021,12,25
2021-12-25 10:58:00+00:00,189.64,189.65,189.42,189.52,1308.39,2021,12,25
2021-12-25 10:59:00+00:00,189.52,189.78,189.48,189.71,2121.45,2021,12,25
2021-12-25 11:00:00+00:00,189.72,189.74,189.26,189.33,860.4,2021,12,25
2021-12-25 11:01:00+00:00,189.34,189.63,189.24,189.6,2533.03,2021,12,25
2021-12-25 11:02:00+00:00,189.58,189.58,189.08,189.18,968.76,2021,12,25
2021-12-25 11:03:00+00:00,189.18,189.47,189.16,189.39,2189.41,2021,12,25
2021-12-25 11:04:00+00:00,189.39,189.86,189.39,189.85,2281.8,2021,12,25
2021-12-25 11:05:00+00:00,189.83,190.0,189.83,189.94,442.11,2021,12,25
2021-12-25 11:06:00+00:00,189.95,190.04,189.73,189.79,743.4,2021,12,25
2021-12-25 11:07:00+00:00,189.83,189.85,189.57,189.61,1200.65,2021,12,25
2021-12-25 11:08:00+00:00,189.61,190.01,189.42,189.93,685.55,2021,12,25
2021-12-25 11:09:00+00:00,189.94,190.38,189.93,190.28,2097.48,2021,12,25
2021-12-25 11:10:00+00:00,190.29,190.42,190.17,190.25,723.34,2021,12,25
2021-12-25 11:11:00+00:00,190.26,190.49,190.24,190.4,356.27,2021,12,25
2021-12-25 11:12:00+00:00,190.4,190.49,190.21,190.37,482.19,2021,12,25
2021-12-25 11:13:00+00:00,190.38,190.63,190.35,190.54,839.7,2021,12,25
2021-12-25 11:14:00+00:00,190.5,190.58,190.43,190.47,517.92,2021,12,25
2021-12-25 11:15:00+00:00,190.48,190.77,190.42,190.58,2652.52,2021,12,25
2021-12-25 11:16:00+00:00,190.6,190.69,190.55,190.62,393.23,2021,12,25
2021-12-25 11:17:00+00:00,190.63,190.78,190.58,190.66,318.65,2021,12,25
2021-12-25 11:18:00+00:00,190.66,190.69,190.51,190.56,740.12,2021,12,25
2021-12-25 11:19:00+00:00,190.58,190.69,190.45,190.64,426.05,2021,12,25
2021-12-25 11:20:00+00:00,190.66,190.71,190.41,190.46,778.31,2021,12,25
2021-12-25 11:21:00+00:00,190.46,190.62,190.43,190.46,148.61,2021,12,25
2021-12-25 11:22:00+00:00,190.45,190.55,190.45,190.5,267.9,2021,12,25
2021-12-25 11:23:00+00:00,190.5,190.66,190.5,190.61,429.83,2021,12,25
2021-12-25 11:24:00+00:00,190.61,190.64,190.48,190.52,237.73,2021,12,25
2021-12-25 11:25:00+00:00,190.53,190.73,190.52,190.7,384.51,2021,12,25
2021-12-25 11:26:00+00:00,190.71,190.72,190.53,190.57,146.95,2021,12,25
2021-12-25 11:27:00+00:00,190.56,190.57,190.45,190.52,492.09,2021,12,25
2021-12-25 11:28:00+00:00,190.52,190.72,190.49,190.6,520.2,2021,12,25
2021-12-25 11:29:00+00:00,190.61,190.63,190.5,190.59,291.0,2021,12,25
2021-12-25 11:30:00+00:00,190.61,190.61,190.41,190.49,575.26,2021,12,25
2021-12-25 11:31:00+00:00,190.5,190.5,190.4,190.43,201.61,2021,12,25
2021-12-25 11:32:00+00:00,190.42,190.52,190.26,190.32,620.89,2021,12,25
2021-12-25 11:33:00+00:00,190.32,190.33,190.03,190.09,463.5,2021,12,25
2021-12-25 11:34:00+00:00,190.15,190.16,190.0,190.0,372.87,2021,12,25
2021-12-25 11:35:00+00:00,190.01,190.1,189.77,189.8,1035.27,2021,12,25
2021-12-25 11:36:00+00:00,189.79,189.92,189.74,189.9,723.87,2021,12,25
2021-12-25 11:37:00+00:00,189.9,189.99,189.85,189.86,508.5,2021,12,25
2021-12-25 11:38:00+00:00,189.9,189.96,189.73,189.8,617.95,2021,12,25
2021-12-25 11:39:00+00:00,189.78,189.92,189.65,189.78,512.99,2021,12,25
2021-12-25 11:40:00+00:00,189.78,189.91,189.7,189.84,655.16,2021,12,25
2021-12-25 11:41:00+00:00,189.83,189.99,189.82,189.87,172.16,2021,12,25
2021-12-25 11:42:00+00:00,189.87,189.89,189.82,189.88,283.6,2021,12,25
2021-12-25 11:43:00+00:00,189.88,190.0,189.83,189.87,409.83,2021,12,25
2021-12-25 11:44:00+00:00,189.91,190.0,189.79,190.0,492.93,2021,12,25
2021-12-25 11:45:00+00:00,190.0,190.06,189.87,189.89,905.97,2021,12,25
2021-12-25 11:46:00+00:00,189.89,189.89,189.63,189.63,547.43,2021,12,25
2021-12-25 11:47:00+00:00,189.63,189.85,189.59,189.81,579.3,2021,12,25
2021-12-25 11:48:00+00:00,189.82,189.82,189.64,189.65,425.44,2021,12,25
2021-12-25 11:49:00+00:00,189.65,189.65,189.51,189.61,203.88,2021,12,25
2021-12-25 11:50:00+00:00,189.61,189.69,189.49,189.56,704.39,2021,12,25
2021-12-25 11:51:00+00:00,189.56,189.61,189.4,189.51,603.8,2021,12,25
2021-12-25 11:52:00+00:00,189.52,189.53,189.39,189.51,323.27,2021,12,25
2021-12-25 11:53:00+00:00,189.51,189.57,189.48,189.57,117.93,2021,12,25
2021-12-25 11:54:00+00:00,189.57,189.57,189.41,189.57,255.26,2021,12,25
2021-12-25 11:55:00+00:00,189.56,189.78,189.51,189.78,258.32,2021,12,25
2021-12-25 11:56:00+00:00,189.76,189.83,189.7,189.73,116.7,2021,12,25
2021-12-25 11:57:00+00:00,189.72,190.0,189.72,189.99,262.14,2021,12,25
2021-12-25 11:58:00+00:00,189.99,190.21,189.97,190.2,506.37,2021,12,25
2021-12-25 11:59:00+00:00,190.19,190.25,190.11,190.24,528.31,2021,12,25
2021-12-25 12:00:00+00:00,190.24,190.46,190.12,190.39,334.23,2021,12,25
2021-12-25 12:01:00+00:00,190.4,190.46,190.31,190.46,253.71,2021,12,25
2021-12-25 12:02:00+00:00,190.46,190.48,190.32,190.33,632.79,2021,12,25
2021-12-25 12:03:00+00:00,190.35,190.4,190.15,190.17,169.34,2021,12,25
2021-12-25 12:04:00+00:00,190.19,190.34,190.13,190.34,251.6,2021,12,25
2021-12-25 12:05:00+00:00,190.34,190.34,190.17,190.3,146.01,2021,12,25
2021-12-25 12:06:00+00:00,190.29,190.48,190.25,190.47,301.33,2021,12,25
2021-12-25 12:07:00+00:00,190.48,190.5,190.33,190.44,563.61,2021,12,25
2021-12-25 12:08:00+00:00,190.46,190.5,190.41,190.48,177.53,2021,12,25
2021-12-25 12:09:00+00:00,190.47,190.63,190.39,190.4,651.79,2021,12,25
2021-12-25 12:10:00+00:00,190.38,190.45,190.36,190.39,148.99,2021,12,25
2021-12-25 12:11:00+00:00,190.4,190.5,190.32,190.43,188.41,2021,12,25
2021-12-25 12:12:00+00:00,190.42,190.51,190.37,190.39,450.8,2021,12,25
2021-12-25 12:13:00+00:00,190.38,190.39,190.22,190.22,294.9,2021,12,25
2021-12-25 12:14:00+00:00,190.21,190.26,190.15,190.24,333.49,2021,12,25
2021-12-25 12:15:00+00:00,190.24,190.44,190.17,190.42,542.01,2021,12,25
2021-12-25 12:16:00+00:00,190.42,190.58,190.41,190.5,373.4,2021,12,25
2021-12-25 12:17:00+00:00,190.5,190.62,190.42,190.52,186.89,2021,12,25
2021-12-25 12:18:00+00:00,190.53,190.63,190.46,190.59,380.15,2021,12,25
2021-12-25 12:19:00+00:00,190.58,190.69,190.55,190.65,416.86,2021,12,25
2021-12-25 12:20:00+00:00,190.66,190.82,190.63,190.72,354.87,2021,12,25
2021-12-25 12:21:00+00:00,190.76,191.0,190.76,190.95,958.8,2021,12,25
2021-12-25 12:22:00+00:00,190.96,191.13,190.95,191.09,2446.88,2021,12,25
2021-12-25 12:23:00+00:00,191.1,191.2,191.08,191.16,938.61,2021,12,25
2021-12-25 12:24:00+00:00,191.17,191.17,190.77,191.0,1407.76,2021,12,25
2021-12-25 12:25:00+00:00,191.0,191.14,190.92,191.07,558.05,2021,12,25
2021-12-25 12:26:00+00:00,191.08,191.68,191.08,191.58,2362.36,2021,12,25
2021-12-25 12:27:00+00:00,191.62,191.73,191.43,191.52,791.01,2021,12,25
2021-12-25 12:28:00+00:00,191.52,191.65,191.44,191.63,481.96,2021,12,25
2021-12-25 12:29:00+00:00,191.61,191.64,191.5,191.61,390.42,2021,12,25
2021-12-25 12:30:00+00:00,191.6,191.72,191.49,191.71,1859.91,2021,12,25
2021-12-25 12:31:00+00:00,191.73,191.75,191.48,191.63,3692.51,2021,12,25
2021-12-25 12:32:00+00:00,191.61,191.61,191.32,191.48,401.18,2021,12,25
2021-12-25 12:33:00+00:00,191.48,191.73,191.42,191.65,678.93,2021,12,25
2021-12-25 12:34:00+00:00,191.62,191.85,191.61,191.68,443.67,2021,12,25
2021-12-25 12:35:00+00:00,191.67,191.73,191.65,191.68,155.75,2021,12,25
2021-12-25 12:36:00+00:00,191.67,191.76,191.55,191.75,646.66,2021,12,25
2021-12-25 12:37:00+00:00,191.75,191.77,191.64,191.75,568.89,2021,12,25
2021-12-25 12:38:00+00:00,191.77,191.83,191.72,191.78,307.93,2021,12,25
2021-12-25 12:39:00+00:00,191.77,191.9,191.7,191.8,522.12,2021,12,25
2021-12-25 12:40:00+00:00,191.8,191.91,191.71,191.76,466.6,2021,12,25
2021-12-25 12:41:00+00:00,191.75,191.76,191.66,191.71,194.15,2021,12,25
2021-12-25 12:42:00+00:00,191.71,191.71,191.63,191.71,502.86,2021,12,25
2021-12-25 12:43:00+00:00,191.71,191.75,191.65,191.75,225.39,2021,12,25
2021-12-25 12:44:00+00:00,191.75,191.78,191.63,191.68,299.69,2021,12,25
2021-12-25 12:45:00+00:00,191.67,191.67,191.4,191.4,348.27,2021,12,25
2021-12-25 12:46:00+00:00,191.41,191.5,191.27,191.35,274.65,2021,12,25
2021-12-25 12:47:00+00:00,191.35,191.47,191.29,191.29,684.61,2021,12,25
2021-12-25 12:48:00+00:00,191.3,191.32,191.08,191.14,407.28,2021,12,25
2021-12-25 12:49:00+00:00,191.14,191.28,191.06,191.24,694.99,2021,12,25
2021-12-25 12:50:00+00:00,191.24,191.33,191.18,191.29,384.26,2021,12,25
2021-12-25 12:51:00+00:00,191.31,191.32,191.15,191.2,251.13,2021,12,25
2021-12-25 12:52:00+00:00,191.2,191.35,191.19,191.33,212.49,2021,12,25
2021-12-25 12:53:00+00:00,191.34,191.34,191.15,191.2,253.19,2021,12,25
2021-12-25 12:54:00+00:00,191.18,191.2,191.09,191.11,186.06,2021,12,25
2021-12-25 12:55:00+00:00,191.13,191.38,190.97,191.26,891.8,2021,12,25
2021-12-25 12:56:00+00:00,191.27,191.27,191.04,191.11,214.21,2021,12,25
2021-12-25 12:57:00+00:00,191.15,191.26,191.13,191.16,95.02,2021,12,25
2021-12-25 12:58:00+00:00,191.18,191.3,191.11,191.23,199.5,2021,12,25
2021-12-25 12:59:00+00:00,191.2,191.31,191.14,191.28,666.88,2021,12,25
2021-12-25 13:00:00+00:00,191.25,191.25,191.1,191.16,493.0,2021,12,25
2021-12-25 13:01:00+00:00,191.16,191.16,190.9,191.02,514.93,2021,12,25
2021-12-25 13:02:00+00:00,191.03,191.09,190.89,190.96,625.49,2021,12,25
2021-12-25 13:03:00+00:00,190.96,190.96,190.81,190.81,401.79,2021,12,25
2021-12-25 13:04:00+00:00,190.81,190.98,190.78,190.83,539.73,2021,12,25
2021-12-25 13:05:00+00:00,190.82,191.06,190.73,191.05,754.31,2021,12,25
2021-12-25 13:06:00+00:00,191.05,191.07,190.72,190.77,1158.77,2021,12,25
2021-12-25 13:07:00+00:00,190.77,191.16,190.76,191.12,1631.75,2021,12,25
2021-12-25 13:08:00+00:00,191.13,191.18,191.01,191.04,728.6,2021,12,25
2021-12-25 13:09:00+00:00,191.02,191.21,191.01,191.05,629.77,2021,12,25
2021-12-25 13:10:00+00:00,191.06,191.18,191.04,191.16,482.35,2021,12,25
2021-12-25 13:11:00+00:00,191.18,191.25,191.12,191.18,277.32,2021,12,25
2021-12-25 13:12:00+00:00,191.18,191.18,190.97,191.0,238.28,2021,12,25
2021-12-25 13:13:00+00:00,190.99,191.0,190.99,191.0,175.93,2021,12,25
2021-12-25 13:14:00+00:00,190.99,191.08,190.99,191.07,151.42,2021,12,25
2021-12-25 13:15:00+00:00,191.03,191.38,191.03,191.23,591.89,2021,12,25
2021-12-25 13:16:00+00:00,191.23,191.34,191.19,191.3,353.77,2021,12,25
2021-12-25 13:17:00+00:00,191.31,191.36,191.2,191.2,359.69,2021,12,25
2021-12-25 13:18:00+00:00,191.18,191.27,191.05,191.27,755.57,2021,12,25
2021-12-25 13:19:00+00:00,191.25,191.26,191.1,191.18,452.5,2021,12,25
2021-12-25 13:20:00+00:00,191.18,191.2,191.06,191.2,596.34,2021,12,25
2021-12-25 13:21:00+00:00,191.19,191.28,191.05,191.08,883.56,2021,12,25
2021-12-25 13:22:00+00:00,191.08,191.18,191.05,191.1,348.39,2021,12,25
2021-12-25 13:23:00+00:00,191.08,191.18,190.99,191.02,1248.47,2021,12,25
2021-12-25 13:24:00+00:00,191.05,191.25,191.04,191.24,968.35,2021,12,25
2021-12-25 13:25:00+00:00,191.24,191.67,191.24,191.65,398.26,2021,12,25
2021-12-25 13:26:00+00:00,191.64,191.74,191.58,191.71,458.36,2021,12,25
2021-12-25 13:27:00+00:00,191.71,191.75,191.6,191.71,672.96,2021,12,25
2021-12-25 13:28:00+00:00,191.7,191.76,191.58,191.64,847.13,2021,12,25
2021-12-25 13:29:00+00:00,191.65,191.7,191.57,191.57,460.69,2021,12,25
2021-12-25 13:30:00+00:00,191.59,191.85,191.57,191.73,650.49,2021,12,25
2021-12-25 13:31:00+00:00,191.72,191.72,191.41,191.46,658.07,2021,12,25
2021-12-25 13:32:00+00:00,191.42,191.43,191.29,191.31,240.63,2021,12,25
2021-12-25 13:33:00+00:00,191.31,191.42,191.25,191.35,343.76,2021,12,25
2021-12-25 13:34:00+00:00,191.35,191.41,191.23,191.35,1001.51,2021,12,25
2021-12-25 13:35:00+00:00,191.37,191.37,191.02,191.03,182.35,2021,12,25
2021-12-25 13:36:00+00:00,191.03,191.17,190.93,190.98,626.59,2021,12,25
2021-12-25 13:37:00+00:00,190.96,191.15,190.95,191.15,695.02,2021,12,25
2021-12-25 13:38:00+00:00,191.14,191.19,191.13,191.14,197.12,2021,12,25
2021-12-25 13:39:00+00:00,191.13,191.13,190.83,190.93,618.94,2021,12,25
2021-12-25 13:40:00+00:00,190.93,190.93,190.67,190.81,795.44,2021,12,25
2021-12-25 13:41:00+00:00,190.78,191.04,190.74,191.04,659.11,2021,12,25
2021-12-25 13:42:00+00:00,191.02,191.19,190.86,191.19,399.59,2021,12,25
2021-12-25 13:43:00+00:00,191.19,191.85,191.19,191.82,1158.9,2021,12,25
2021-12-25 13:44:00+00:00,191.82,191.96,191.66,191.96,563.8,2021,12,25
2021-12-25 13:45:00+00:00,191.92,191.97,191.73,191.79,286.74,2021,12,25
2021-12-25 13:46:00+00:00,191.79,191.94,191.78,191.94,354.92,2021,12,25
2021-12-25 13:47:00+00:00,191.94,191.94,191.65,191.67,368.19,2021,12,25
2021-12-25 13:48:00+00:00,191.64,191.68,191.5,191.55,814.65,2021,12,25
2021-12-25 13:49:00+00:00,191.55,191.72,191.54,191.68,316.24,2021,12,25
2021-12-25 13:50:00+00:00,191.68,191.69,191.54,191.65,397.73,2021,12,25
2021-12-25 13:51:00+00:00,191.62,191.97,191.62,191.97,514.02,2021,12,25
2021-12-25 13:52:00+00:00,191.94,192.05,191.94,192.01,374.06,2021,12,25
2021-12-25 13:53:00+00:00,192.03,192.03,191.81,191.83,536.58,2021,12,25
2021-12-25 13:54:00+00:00,191.83,191.92,191.8,191.85,394.81,2021,12,25
2021-12-25 13:55:00+00:00,191.84,192.02,191.76,192.02,336.61,2021,12,25
2021-12-25 13:56:00+00:00,192.04,192.04,191.81,191.89,666.38,2021,12,25
2021-12-25 13:57:00+00:00,191.87,191.98,191.83,191.88,573.41,2021,12,25
2021-12-25 13:58:00+00:00,191.88,191.89,191.82,191.88,469.2,2021,12,25
2021-12-25 13:59:00+00:00,191.88,191.94,191.75,191.89,758.73,2021,12,25
2021-12-25 14:00:00+00:00,191.91,191.95,191.76,191.87,965.9,2021,12,25
2021-12-25 14:01:00+00:00,191.87,191.87,191.65,191.67,169.29,2021,12,25
2021-12-25 14:02:00+00:00,191.67,191.67,191.49,191.53,231.31,2021,12,25
2021-12-25 14:03:00+00:00,191.54,191.55,191.41,191.52,346.73,2021,12,25
2021-12-25 14:04:00+00:00,191.52,191.7,191.39,191.53,680.21,2021,12,25
2021-12-25 14:05:00+00:00,191.53,191.63,191.53,191.6,365.66,2021,12,25
2021-12-25 14:06:00+00:00,191.59,191.62,191.54,191.54,259.46,2021,12,25
2021-12-25 14:07:00+00:00,191.53,191.54,191.5,191.54,190.16,2021,12,25
2021-12-25 14:08:00+00:00,191.54,191.62,191.34,191.39,464.69,2021,12,25
2021-12-25 14:09:00+00:00,191.36,191.42,191.25,191.41,294.21,2021,12,25
2021-12-25 14:10:00+00:00,191.41,191.62,191.4,191.41,443.64,2021,12,25
2021-12-25 14:11:00+00:00,191.42,191.5,191.33,191.36,756.09,2021,12,25
2021-12-25 14:12:00+00:00,191.38,191.43,191.17,191.23,700.79,2021,12,25
2021-12-25 14:13:00+00:00,191.2,191.22,191.03,191.09,225.3,2021,12,25
2021-12-25 14:14:00+00:00,191.09,191.1,191.02,191.1,405.66,2021,12,25
2021-12-25 14:15:00+00:00,191.1,191.1,190.86,190.9,718.86,2021,12,25
2021-12-25 14:16:00+00:00,190.89,191.17,190.85,191.11,650.31,2021,12,25
2021-12-25 14:17:00+00:00,191.16,191.2,191.09,191.09,269.4,2021,12,25
2021-12-25 14:18:00+00:00,191.09,191.14,190.85,190.86,946.95,2021,12,25
2021-12-25 14:19:00+00:00,190.84,191.05,190.84,190.93,422.03,2021,12,25
2021-12-25 14:20:00+00:00,190.94,190.98,190.9,190.95,192.02,2021,12,25
2021-12-25 14:21:00+00:00,190.96,190.96,190.74,190.78,479.78,2021,12,25
2021-12-25 14:22:00+00:00,190.78,190.9,190.78,190.81,281.14,2021,12,25
2021-12-25 14:23:00+00:00,190.81,190.96,190.77,190.95,183.64,2021,12,25
2021-12-25 14:24:00+00:00,190.95,191.14,190.87,190.98,806.66,2021,12,25
2021-12-25 14:25:00+00:00,190.98,191.47,190.92,191.44,2401.53,2021,12,25
2021-12-25 14:26:00+00:00,191.44,191.46,191.23,191.29,380.35,2021,12,25
2021-12-25 14:27:00+00:00,191.29,191.6,191.2,191.57,738.61,2021,12,25
2021-12-25 14:28:00+00:00,191.56,191.64,191.56,191.63,162.9,2021,12,25
2021-12-25 14:29:00+00:00,191.63,191.64,191.44,191.48,235.58,2021,12,25
2021-12-25 14:30:00+00:00,191.5,191.59,191.22,191.22,400.65,2021,12,25
2021-12-25 14:31:00+00:00,191.21,191.23,191.13,191.14,273.94,2021,12,25
2021-12-25 14:32:00+00:00,191.14,191.14,190.91,191.03,279.26,2021,12,25
2021-12-25 14:33:00+00:00,191.05,191.1,190.88,190.88,169.23,2021,12,25
2021-12-25 14:34:00+00:00,190.88,190.9,190.7,190.75,763.5,2021,12,25
2021-12-25 14:35:00+00:00,190.74,190.98,190.7,190.89,914.75,2021,12,25
2021-12-25 14:36:00+00:00,190.88,191.13,190.88,191.01,620.54,2021,12,25
2021-12-25 14:37:00+00:00,191.01,191.03,190.83,190.9,186.06,2021,12,25
2021-12-25 14:38:00+00:00,190.9,191.08,190.9,191.05,251.06,2021,12,25
2021-12-25 14:39:00+00:00,191.07,191.15,190.9,190.98,326.2,2021,12,25
2021-12-25 14:40:00+00:00,190.99,191.0,190.66,190.78,578.79,2021,12,25
2021-12-25 14:41:00+00:00,190.79,190.95,190.79,190.85,429.88,2021,12,25
2021-12-25 14:42:00+00:00,190.85,190.9,190.78,190.87,254.9,2021,12,25
2021-12-25 14:43:00+00:00,190.89,190.89,190.67,190.68,393.89,2021,12,25
2021-12-25 14:44:00+00:00,190.67,190.71,190.62,190.67,710.63,2021,12,25
2021-12-25 14:45:00+00:00,190.68,190.88,190.65,190.88,309.34,2021,12,25
2021-12-25 14:46:00+00:00,190.89,190.89,190.8,190.83,175.44,2021,12,25
2021-12-25 14:47:00+00:00,190.83,190.9,190.77,190.86,266.53,2021,12,25
2021-12-25 14:48:00+00:00,190.86,190.86,190.68,190.76,361.85,2021,12,25
2021-12-25 14:49:00+00:00,190.76,190.82,190.72,190.72,224.44,2021,12,25
2021-12-25 14:50:00+00:00,190.72,190.8,190.66,190.8,372.13,2021,12,25
2021-12-25 14:51:00+00:00,190.78,190.8,190.63,190.64,366.18,2021,12,25
2021-12-25 14:52:00+00:00,190.64,190.85,190.64,190.82,171.42,2021,12,25
2021-12-25 14:53:00+00:00,190.84,190.86,190.66,190.81,498.11,2021,12,25
2021-12-25 14:54:00+00:00,190.79,190.87,190.76,190.85,175.46,2021,12,25
2021-12-25 14:55:00+00:00,190.85,190.92,190.84,190.88,43.47,2021,12,25
2021-12-25 14:56:00+00:00,190.88,190.91,190.64,190.82,820.99,2021,12,25
2021-12-25 14:57:00+00:00,190.82,190.89,190.8,190.8,152.49,2021,12,25
2021-12-25 14:58:00+00:00,190.82,190.9,190.78,190.88,151.67,2021,12,25
2021-12-25 14:59:00+00:00,190.9,191.24,190.89,191.2,478.33,2021,12,25
2021-12-25 15:00:00+00:00,191.2,191.34,191.0,191.05,373.89,2021,12,25
2021-12-25 15:01:00+00:00,191.07,192.13,191.07,192.07,4894.96,2021,12,25
2021-12-25 15:02:00+00:00,192.08,192.14,191.95,192.07,613.04,2021,12,25
2021-12-25 15:03:00+00:00,192.03,192.1,191.94,192.09,551.89,2021,12,25
2021-12-25 15:04:00+00:00,192.09,192.37,192.09,192.35,1103.18,2021,12,25
2021-12-25 15:05:00+00:00,192.35,192.38,192.23,192.27,212.24,2021,12,25
2021-12-25 15:06:00+00:00,192.25,192.28,191.72,191.91,1198.74,2021,12,25
2021-12-25 15:07:00+00:00,191.88,191.9,191.69,191.78,952.37,2021,12,25
2021-12-25 15:08:00+00:00,191.76,191.91,191.68,191.75,534.51,2021,12,25
2021-12-25 15:09:00+00:00,191.75,191.86,191.62,191.85,529.2,2021,12,25
2021-12-25 15:10:00+00:00,191.85,191.9,191.73,191.81,336.07,2021,12,25
2021-12-25 15:11:00+00:00,191.82,192.18,191.82,192.14,582.07,2021,12,25
2021-12-25 15:12:00+00:00,192.13,192.14,191.97,192.03,433.32,2021,12,25
2021-12-25 15:13:00+00:00,192.04,192.24,191.94,192.04,509.28,2021,12,25
2021-12-25 15:14:00+00:00,192.03,192.05,191.94,192.04,331.02,2021,12,25
2021-12-25 15:15:00+00:00,192.06,192.09,191.83,191.88,243.49,2021,12,25
2021-12-25 15:16:00+00:00,191.89,191.89,191.62,191.68,403.73,2021,12,25
2021-12-25 15:17:00+00:00,191.66,191.84,191.54,191.78,384.54,2021,12,25
2021-12-25 15:18:00+00:00,191.79,191.79,191.54,191.58,380.41,2021,12,25
2021-12-25 15:19:00+00:00,191.58,191.61,191.47,191.61,348.17,2021,12,25
2021-12-25 15:20:00+00:00,191.61,191.61,191.34,191.47,476.12,2021,12,25
2021-12-25 15:21:00+00:00,191.47,191.52,191.33,191.47,295.48,2021,12,25
2021-12-25 15:22:00+00:00,191.43,191.51,191.39,191.46,281.25,2021,12,25
2021-12-25 15:23:00+00:00,191.45,191.49,191.33,191.39,336.41,2021,12,25
2021-12-25 15:24:00+00:00,191.38,191.52,191.36,191.49,381.45,2021,12,25
2021-12-25 15:25:00+00:00,191.49,191.53,191.41,191.53,159.66,2021,12,25
2021-12-25 15:26:00+00:00,191.52,191.81,191.52,191.8,605.41,2021,12,25
2021-12-25 15:27:00+00:00,191.79,191.92,191.79,191.8,202.93,2021,12,25
2021-12-25 15:28:00+00:00,191.8,191.92,191.8,191.89,220.97,2021,12,25
2021-12-25 15:29:00+00:00,191.87,191.9,191.85,191.85,122.95,2021,12,25
2021-12-25 15:30:00+00:00,191.86,192.08,191.85,192.08,454.43,2021,12,25
2021-12-25 15:31:00+00:00,192.06,192.12,191.9,191.95,880.43,2021,12,25
2021-12-25 15:32:00+00:00,191.96,192.06,191.94,192.02,449.95,2021,12,25
2021-12-25 15:33:00+00:00,192.02,192.27,191.99,192.23,684.49,2021,12,25
2021-12-25 15:34:00+00:00,192.27,192.44,192.22,192.44,476.26,2021,12,25
2021-12-25 15:35:00+00:00,192.44,192.48,192.35,192.41,379.43,2021,12,25
2021-12-25 15:36:00+00:00,192.41,192.61,192.39,192.54,1120.96,2021,12,25
2021-12-25 15:37:00+00:00,192.56,192.65,192.51,192.55,909.83,2021,12,25
2021-12-25 15:38:00+00:00,192.59,192.66,192.5,192.52,425.02,2021,12,25
2021-12-25 15:39:00+00:00,192.53,192.64,192.45,192.51,566.52,2021,12,25
2021-12-25 15:40:00+00:00,192.5,192.67,192.48,192.62,555.44,2021,12,25
2021-12-25 15:41:00+00:00,192.62,192.7,192.53,192.63,487.16,2021,12,25
2021-12-25 15:42:00+00:00,192.64,192.85,192.63,192.8,633.3,2021,12,25
2021-12-25 15:43:00+00:00,192.79,192.84,192.53,192.55,342.89,2021,12,25
2021-12-25 15:44:00+00:00,192.55,192.6,192.5,192.54,399.75,2021,12,25
2021-12-25 15:45:00+00:00,192.53,192.57,192.33,192.37,275.88,2021,12,25
2021-12-25 15:46:00+00:00,192.36,192.43,192.36,192.38,650.56,2021,12,25
2021-12-25 15:47:00+00:00,192.37,192.53,192.35,192.53,1648.77,2021,12,25
2021-12-25 15:48:00+00:00,192.52,192.71,192.49,192.65,391.91,2021,12,25
2021-12-25 15:49:00+00:00,192.65,192.65,192.19,192.25,5741.26,2021,12,25
2021-12-25 15:50:00+00:00,192.25,192.7,192.25,192.57,1836.39,2021,12,25
2021-12-25 15:51:00+00:00,192.57,192.61,192.51,192.51,372.84,2021,12,25
2021-12-25 15:52:00+00:00,192.53,192.53,192.3,192.34,2289.81,2021,12,25
2021-12-25 15:53:00+00:00,192.34,192.34,192.34,192.34,0.26,2021,12,25
2021-12-25 15:54:00+00:00,192.18,192.29,192.18,192.26,371.59,2021,12,25
2021-12-25 15:55:00+00:00,192.24,192.25,192.11,192.11,112.61,2021,12,25
2021-12-25 15:56:00+00:00,192.12,192.16,192.04,192.13,454.06,2021,12,25
2021-12-25 15:57:00+00:00,192.13,192.26,192.11,192.2,506.52,2021,12,25
2021-12-25 15:58:00+00:00,192.21,192.29,192.14,192.15,311.44,2021,12,25
2021-12-25 15:59:00+00:00,192.19,192.26,192.05,192.14,315.05,2021,12,25
2021-12-25 16:00:00+00:00,192.14,192.56,192.11,192.41,627.8,2021,12,25
2021-12-25 16:01:00+00:00,192.45,192.56,192.29,192.53,472.71,2021,12,25
2021-12-25 16:02:00+00:00,192.52,192.84,192.49,192.7,1296.89,2021,12,25
2021-12-25 16:03:00+00:00,192.7,192.8,192.54,192.59,943.39,2021,12,25
2021-12-25 16:04:00+00:00,192.6,192.61,192.51,192.6,685.78,2021,12,25
2021-12-25 16:05:00+00:00,192.61,192.77,192.51,192.52,436.15,2021,12,25
2021-12-25 16:06:00+00:00,192.52,192.55,192.0,192.0,1458.14,2021,12,25
2021-12-25 16:07:00+00:00,191.99,192.06,191.8,191.83,475.11,2021,12,25
2021-12-25 16:08:00+00:00,191.83,191.84,191.32,191.34,997.63,2021,12,25
2021-12-25 16:09:00+00:00,191.4,191.5,191.26,191.36,851.0,2021,12,25
2021-12-25 16:10:00+00:00,191.36,191.67,191.36,191.65,832.02,2021,12,25
2021-12-25 16:11:00+00:00,191.65,191.78,191.48,191.53,468.53,2021,12,25
2021-12-25 16:12:00+00:00,191.53,191.55,191.43,191.5,268.77,2021,12,25
2021-12-25 16:13:00+00:00,191.52,191.69,191.49,191.61,343.12,2021,12,25
2021-12-25 16:14:00+00:00,191.61,191.68,191.49,191.52,274.73,2021,12,25
2021-12-25 16:15:00+00:00,191.52,191.8,191.51,191.68,1089.41,2021,12,25
2021-12-25 16:16:00+00:00,191.68,191.71,191.61,191.65,459.96,2021,12,25
2021-12-25 16:17:00+00:00,191.67,191.8,191.64,191.67,421.85,2021,12,25
2021-12-25 16:18:00+00:00,191.66,191.66,191.3,191.4,697.99,2021,12,25
2021-12-25 16:19:00+00:00,191.41,191.42,191.34,191.36,195.64,2021,12,25
2021-12-25 16:20:00+00:00,191.33,191.33,190.86,190.88,745.43,2021,12,25
2021-12-25 16:21:00+00:00,190.85,191.1,190.63,190.73,2520.39,2021,12,25
2021-12-25 16:22:00+00:00,190.75,191.29,190.69,191.13,1072.11,2021,12,25
2021-12-25 16:23:00+00:00,191.12,191.13,190.63,190.64,825.56,2021,12,25
2021-12-25 16:24:00+00:00,190.63,190.99,190.63,190.97,569.09,2021,12,25
2021-12-25 16:25:00+00:00,190.93,191.45,190.93,191.45,1041.73,2021,12,25
2021-12-25 16:26:00+00:00,191.45,191.64,191.45,191.63,649.43,2021,12,25
2021-12-25 16:27:00+00:00,191.6,191.67,191.48,191.52,280.01,2021,12,25
2021-12-25 16:28:00+00:00,191.56,191.7,191.49,191.54,408.72,2021,12,25
2021-12-25 16:29:00+00:00,191.55,191.78,191.55,191.75,393.21,2021,12,25
2021-12-25 16:30:00+00:00,191.78,192.21,191.78,192.21,791.41,2021,12,25
2021-12-25 16:31:00+00:00,192.2,192.55,192.12,192.42,937.19,2021,12,25
2021-12-25 16:32:00+00:00,192.46,192.49,192.23,192.31,421.52,2021,12,25
2021-12-25 16:33:00+00:00,192.28,192.32,192.13,192.21,379.13,2021,12,25
2021-12-25 16:34:00+00:00,192.22,192.3,192.21,192.27,138.08,2021,12,25
2021-12-25 16:35:00+00:00,192.28,192.3,192.01,192.11,513.5,2021,12,25
2021-12-25 16:36:00+00:00,192.07,192.1,191.76,191.78,977.56,2021,12,25
2021-12-25 16:37:00+00:00,191.79,191.91,191.75,191.76,494.11,2021,12,25
2021-12-25 16:38:00+00:00,191.76,191.92,191.76,191.92,539.96,2021,12,25
2021-12-25 16:39:00+00:00,191.95,192.08,191.94,192.02,137.06,2021,12,25
2021-12-25 16:40:00+00:00,192.02,192.16,191.96,192.1,427.3,2021,12,25
2021-12-25 16:41:00+00:00,192.09,192.09,191.88,191.89,356.0,2021,12,25
2021-12-25 16:42:00+00:00,191.93,191.93,191.68,191.71,205.6,2021,12,25
2021-12-25 16:43:00+00:00,191.71,191.73,191.44,191.49,374.19,2021,12,25
2021-12-25 16:44:00+00:00,191.49,191.7,191.42,191.63,998.73,2021,12,25
2021-12-25 16:45:00+00:00,191.65,191.81,191.45,191.45,606.88,2021,12,25
2021-12-25 16:46:00+00:00,191.45,191.57,191.44,191.44,434.51,2021,12,25
2021-12-25 16:47:00+00:00,191.44,191.47,191.38,191.47,282.04,2021,12,25
2021-12-25 16:48:00+00:00,191.43,191.58,191.39,191.57,331.75,2021,12,25
2021-12-25 16:49:00+00:00,191.58,191.7,191.49,191.69,650.46,2021,12,25
2021-12-25 16:50:00+00:00,191.7,191.7,191.47,191.52,119.37,2021,12,25
2021-12-25 16:51:00+00:00,191.52,191.67,191.52,191.67,152.82,2021,12,25
2021-12-25 16:52:00+00:00,191.67,191.81,191.64,191.81,438.87,2021,12,25
2021-12-25 16:53:00+00:00,191.83,192.04,191.73,191.8,251.19,2021,12,25
2021-12-25 16:54:00+00:00,191.8,191.8,191.61,191.63,457.04,2021,12,25
2021-12-25 16:55:00+00:00,191.66,191.86,191.66,191.7,897.38,2021,12,25
2021-12-25 16:56:00+00:00,191.71,191.79,191.69,191.74,249.42,2021,12,25
2021-12-25 16:57:00+00:00,191.75,191.88,191.72,191.87,85.2,2021,12,25
2021-12-25 16:58:00+00:00,191.87,192.13,191.86,192.02,906.3,2021,12,25
2021-12-25 16:59:00+00:00,191.98,192.11,191.71,191.72,420.6,2021,12,25
2021-12-25 17:00:00+00:00,191.72,191.96,191.72,191.95,562.76,2021,12,25
2021-12-25 17:01:00+00:00,191.95,191.96,191.69,191.73,306.35,2021,12,25
2021-12-25 17:02:00+00:00,191.71,191.87,191.66,191.73,627.29,2021,12,25
2021-12-25 17:03:00+00:00,191.72,191.8,191.59,191.66,537.93,2021,12,25
2021-12-25 17:04:00+00:00,191.63,191.89,191.61,191.67,340.33,2021,12,25
2021-12-25 17:05:00+00:00,191.74,191.74,191.55,191.56,99.04,2021,12,25
2021-12-25 17:06:00+00:00,191.57,191.57,191.31,191.33,282.62,2021,12,25
2021-12-25 17:07:00+00:00,191.33,191.54,191.28,191.52,1145.39,2021,12,25
2021-12-25 17:08:00+00:00,191.52,191.58,191.49,191.52,239.32,2021,12,25
2021-12-25 17:09:00+00:00,191.49,191.49,191.07,191.18,627.71,2021,12,25
2021-12-25 17:10:00+00:00,191.18,191.18,191.08,191.11,354.5,2021,12,25
2021-12-25 17:11:00+00:00,191.11,191.21,191.0,191.19,454.22,2021,12,25
2021-12-25 17:12:00+00:00,191.21,191.21,190.85,190.88,671.32,2021,12,25
2021-12-25 17:13:00+00:00,190.91,191.17,190.85,191.13,804.28,2021,12,25
2021-12-25 17:14:00+00:00,191.15,191.17,190.96,191.05,316.47,2021,12,25
2021-12-25 17:15:00+00:00,191.03,191.14,190.98,190.98,129.75,2021,12,25
2021-12-25 17:16:00+00:00,190.95,190.98,190.89,190.9,260.05,2021,12,25
2021-12-25 17:17:00+00:00,190.88,190.88,190.68,190.75,521.5,2021,12,25
2021-12-25 17:18:00+00:00,190.74,190.74,190.42,190.42,1198.58,2021,12,25
2021-12-25 17:19:00+00:00,190.41,190.42,190.25,190.27,864.43,2021,12,25
2021-12-25 17:20:00+00:00,190.27,190.44,190.05,190.41,1197.18,2021,12,25
2021-12-25 17:21:00+00:00,190.4,190.4,189.24,189.63,6352.63,2021,12,25
2021-12-25 17:22:00+00:00,189.65,189.94,189.5,189.72,1997.99,2021,12,25
2021-12-25 17:23:00+00:00,189.72,189.9,189.57,189.68,1216.01,2021,12,25
2021-12-25 17:24:00+00:00,189.65,189.66,189.33,189.42,1163.97,2021,12,25
2021-12-25 17:25:00+00:00,189.39,189.76,189.31,189.66,2625.35,2021,12,25
2021-12-25 17:26:00+00:00,189.67,189.87,189.34,189.82,1237.41,2021,12,25
2021-12-25 17:27:00+00:00,189.83,190.19,189.75,190.13,981.86,2021,12,25
2021-12-25 17:28:00+00:00,190.13,190.49,190.11,190.38,1298.48,2021,12,25
2021-12-25 17:29:00+00:00,190.39,190.59,190.28,190.28,721.71,2021,12,25
2021-12-25 17:30:00+00:00,190.26,190.34,189.81,189.81,744.21,2021,12,25
2021-12-25 17:31:00+00:00,189.81,189.98,189.69,189.84,819.41,2021,12,25
2021-12-25 17:32:00+00:00,189.84,190.32,189.73,190.3,866.99,2021,12,25
2021-12-25 17:33:00+00:00,190.29,190.55,190.22,190.4,937.55,2021,12,25
2021-12-25 17:34:00+00:00,190.42,190.92,190.42,190.8,1676.1,2021,12,25
2021-12-25 17:35:00+00:00,190.81,190.82,190.58,190.67,643.77,2021,12,25
2021-12-25 17:36:00+00:00,190.64,190.7,190.35,190.65,712.38,2021,12,25
2021-12-25 17:37:00+00:00,190.68,190.94,190.56,190.8,847.38,2021,12,25
2021-12-25 17:38:00+00:00,190.81,190.89,190.66,190.79,398.24,2021,12,25
2021-12-25 17:39:00+00:00,190.79,190.79,190.36,190.45,435.62,2021,12,25
2021-12-25 17:40:00+00:00,190.41,190.75,190.36,190.7,567.76,2021,12,25
2021-12-25 17:41:00+00:00,190.73,190.73,190.1,190.19,1417.9,2021,12,25
2021-12-25 17:42:00+00:00,190.2,190.46,190.04,190.09,1699.58,2021,12,25
2021-12-25 17:43:00+00:00,190.14,190.16,189.9,190.14,672.28,2021,12,25
2021-12-25 17:44:00+00:00,190.12,190.12,189.89,189.96,726.47,2021,12,25
2021-12-25 17:45:00+00:00,189.96,190.27,189.96,190.26,318.17,2021,12,25
2021-12-25 17:46:00+00:00,190.27,190.4,190.24,190.36,168.26,2021,12,25
2021-12-25 17:47:00+00:00,190.36,190.63,190.36,190.54,434.89,2021,12,25
2021-12-25 17:48:00+00:00,190.55,190.75,190.55,190.71,413.74,2021,12,25
2021-12-25 17:49:00+00:00,190.71,190.73,190.57,190.67,365.05,2021,12,25
2021-12-25 17:50:00+00:00,190.69,190.7,190.47,190.61,498.26,2021,12,25
2021-12-25 17:51:00+00:00,190.61,190.68,190.5,190.68,400.28,2021,12,25
2021-12-25 17:52:00+00:00,190.67,190.71,190.47,190.48,359.02,2021,12,25
2021-12-25 17:53:00+00:00,190.52,191.09,190.48,190.98,2983.88,2021,12,25
2021-12-25 17:54:00+00:00,190.98,191.36,190.79,191.23,1239.64,2021,12,25
2021-12-25 17:55:00+00:00,191.22,191.52,191.22,191.42,878.8,2021,12,25
2021-12-25 17:56:00+00:00,191.38,191.38,191.15,191.17,602.34,2021,12,25
2021-12-25 17:57:00+00:00,191.17,191.32,191.06,191.27,929.51,2021,12,25
2021-12-25 17:58:00+00:00,191.26,191.49,191.03,191.44,2015.77,2021,12,25
2021-12-25 17:59:00+00:00,191.39,191.48,191.15,191.43,845.46,2021,12,25
2021-12-25 18:00:00+00:00,191.43,191.45,191.23,191.28,581.04,2021,12,25
2021-12-25 18:01:00+00:00,191.27,191.31,191.09,191.18,613.18,2021,12,25
2021-12-25 18:02:00+00:00,191.18,191.19,190.8,190.95,1048.14,2021,12,25
2021-12-25 18:03:00+00:00,190.95,190.95,190.76,190.85,508.83,2021,12,25
2021-12-25 18:04:00+00:00,190.86,191.13,190.79,191.13,570.98,2021,12,25
2021-12-25 18:05:00+00:00,191.12,191.18,191.03,191.17,276.48,2021,12,25
2021-12-25 18:06:00+00:00,191.19,191.5,191.14,191.47,1091.55,2021,12,25
2021-12-25 18:07:00+00:00,191.46,191.68,191.1,191.16,1291.05,2021,12,25
2021-12-25 18:08:00+00:00,191.16,191.54,191.15,191.46,470.0,2021,12,25
2021-12-25 18:09:00+00:00,191.43,191.46,191.23,191.23,356.59,2021,12,25
2021-12-25 18:10:00+00:00,191.23,191.32,191.11,191.16,217.91,2021,12,25
2021-12-25 18:11:00+00:00,191.15,191.26,191.01,191.21,517.71,2021,12,25
2021-12-25 18:12:00+00:00,191.2,191.6,191.13,191.41,507.37,2021,12,25
2021-12-25 18:13:00+00:00,191.44,191.5,191.23,191.27,410.46,2021,12,25
2021-12-25 18:14:00+00:00,191.27,191.52,191.27,191.48,368.06,2021,12,25
2021-12-25 18:15:00+00:00,191.42,191.63,191.42,191.63,324.75,2021,12,25
2021-12-25 18:16:00+00:00,191.57,191.69,191.55,191.69,284.86,2021,12,25
2021-12-25 18:17:00+00:00,191.63,191.77,191.54,191.67,955.84,2021,12,25
2021-12-25 18:18:00+00:00,191.66,191.7,191.56,191.61,339.76,2021,12,25
2021-12-25 18:19:00+00:00,191.61,191.84,191.61,191.72,587.92,2021,12,25
2021-12-25 18:20:00+00:00,191.73,191.84,191.64,191.69,908.56,2021,12,25
2021-12-25 18:21:00+00:00,191.7,191.83,191.64,191.78,376.5,2021,12,25
2021-12-25 18:22:00+00:00,191.78,191.85,191.75,191.82,181.65,2021,12,25
2021-12-25 18:23:00+00:00,191.83,191.9,191.76,191.77,341.88,2021,12,25
2021-12-25 18:24:00+00:00,191.76,191.86,191.76,191.85,700.41,2021,12,25
2021-12-25 18:25:00+00:00,191.85,191.89,191.76,191.77,203.96,2021,12,25
2021-12-25 18:26:00+00:00,191.76,191.85,191.65,191.85,513.68,2021,12,25
2021-12-25 18:27:00+00:00,191.85,192.02,191.8,191.93,1138.15,2021,12,25
2021-12-25 18:28:00+00:00,191.9,192.05,191.89,192.05,406.36,2021,12,25
2021-12-25 18:29:00+00:00,192.03,192.04,191.77,191.95,629.47,2021,12,25
2021-12-25 18:30:00+00:00,191.99,192.3,191.98,192.25,381.96,2021,12,25
2021-12-25 18:31:00+00:00,192.26,192.6,192.11,192.12,1952.45,2021,12,25
2021-12-25 18:32:00+00:00,192.11,192.5,192.1,192.31,762.62,2021,12,25
2021-12-25 18:33:00+00:00,192.31,192.33,192.11,192.18,450.99,2021,12,25
2021-12-25 18:34:00+00:00,192.2,192.62,192.2,192.46,1299.65,2021,12,25
2021-12-25 18:35:00+00:00,192.46,192.49,192.15,192.21,869.49,2021,12,25
2021-12-25 18:36:00+00:00,192.21,192.45,192.08,192.34,497.9,2021,12,25
2021-12-25 18:37:00+00:00,192.29,192.29,191.74,191.77,629.79,2021,12,25
2021-12-25 18:38:00+00:00,191.77,191.86,191.63,191.65,782.8,2021,12,25
2021-12-25 18:39:00+00:00,191.68,191.75,191.48,191.74,670.96,2021,12,25
2021-12-25 18:40:00+00:00,191.7,191.74,191.57,191.57,447.27,2021,12,25
2021-12-25 18:41:00+00:00,191.55,191.61,191.4,191.51,676.74,2021,12,25
2021-12-25 18:42:00+00:00,191.5,191.51,191.39,191.43,334.85,2021,12,25
2021-12-25 18:43:00+00:00,191.43,191.74,191.43,191.54,829.41,2021,12,25
2021-12-25 18:44:00+00:00,191.56,191.56,191.33,191.48,518.14,2021,12,25
2021-12-25 18:45:00+00:00,191.48,191.87,191.48,191.64,939.44,2021,12,25
2021-12-25 18:46:00+00:00,191.62,191.63,191.19,191.23,345.99,2021,12,25
2021-12-25 18:47:00+00:00,191.23,191.37,191.19,191.33,434.37,2021,12,25
2021-12-25 18:48:00+00:00,191.33,191.44,191.29,191.31,431.25,2021,12,25
2021-12-25 18:49:00+00:00,191.3,191.31,191.11,191.21,294.76,2021,12,25
2021-12-25 18:50:00+00:00,191.21,191.21,191.07,191.09,471.79,2021,12,25
2021-12-25 18:51:00+00:00,191.09,191.22,191.08,191.09,267.69,2021,12,25
2021-12-25 18:52:00+00:00,191.1,191.29,191.08,191.14,865.52,2021,12,25
2021-12-25 18:53:00+00:00,191.14,191.14,190.94,191.06,828.45,2021,12,25
2021-12-25 18:54:00+00:00,191.04,191.5,191.02,191.27,1960.65,2021,12,25
2021-12-25 18:55:00+00:00,191.28,191.63,191.26,191.63,832.6,2021,12,25
2021-12-25 18:56:00+00:00,191.62,191.75,191.61,191.68,440.95,2021,12,25
2021-12-25 18:57:00+00:00,191.68,191.96,191.68,191.84,373.99,2021,12,25
2021-12-25 18:58:00+00:00,191.89,192.2,191.81,192.12,1147.27,2021,12,25
2021-12-25 18:59:00+00:00,192.11,192.13,191.65,191.79,435.03,2021,12,25
2021-12-25 19:00:00+00:00,191.86,192.1,191.86,191.97,1009.55,2021,12,25
2021-12-25 19:01:00+00:00,191.96,192.03,191.76,191.81,456.0,2021,12,25
2021-12-25 19:02:00+00:00,191.81,191.81,191.63,191.77,685.08,2021,12,25
2021-12-25 19:03:00+00:00,191.74,191.81,191.64,191.68,141.56,2021,12,25
2021-12-25 19:04:00+00:00,191.7,191.73,191.58,191.61,292.74,2021,12,25
2021-12-25 19:05:00+00:00,191.6,191.62,191.55,191.59,219.04,2021,12,25
2021-12-25 19:06:00+00:00,191.6,191.83,191.6,191.73,351.08,2021,12,25
2021-12-25 19:07:00+00:00,191.8,191.81,191.46,191.57,1041.33,2021,12,25
2021-12-25 19:08:00+00:00,191.56,191.78,191.51,191.52,665.14,2021,12,25
2021-12-25 19:09:00+00:00,191.52,191.52,191.23,191.27,675.77,2021,12,25
2021-12-25 19:10:00+00:00,191.26,191.29,191.21,191.29,334.9,2021,12,25
2021-12-25 19:11:00+00:00,191.27,191.53,191.18,191.51,532.23,2021,12,25
2021-12-25 19:12:00+00:00,191.51,191.54,191.26,191.36,265.43,2021,12,25
2021-12-25 19:13:00+00:00,191.33,191.34,191.2,191.2,156.13,2021,12,25
2021-12-25 19:14:00+00:00,191.2,191.26,191.06,191.13,465.02,2021,12,25
2021-12-25 19:15:00+00:00,191.14,191.21,191.11,191.12,392.06,2021,12,25
2021-12-25 19:16:00+00:00,191.13,191.4,191.13,191.21,333.75,2021,12,25
2021-12-25 19:17:00+00:00,191.22,191.33,191.19,191.23,396.22,2021,12,25
2021-12-25 19:18:00+00:00,191.21,191.24,191.09,191.13,386.03,2021,12,25
2021-12-25 19:19:00+00:00,191.19,191.27,191.12,191.13,366.22,2021,12,25
2021-12-25 19:20:00+00:00,191.11,191.31,191.11,191.21,309.99,2021,12,25
2021-12-25 19:21:00+00:00,191.23,191.37,191.18,191.31,611.75,2021,12,25
2021-12-25 19:22:00+00:00,191.32,191.37,191.24,191.37,210.57,2021,12,25
2021-12-25 19:23:00+00:00,191.36,191.5,191.31,191.34,265.6,2021,12,25
2021-12-25 19:24:00+00:00,191.32,191.32,191.18,191.21,518.73,2021,12,25
2021-12-25 19:25:00+00:00,191.2,191.28,191.15,191.21,256.78,2021,12,25
2021-12-25 19:26:00+00:00,191.23,191.33,191.21,191.22,123.32,2021,12,25
2021-12-25 19:27:00+00:00,191.22,191.32,191.17,191.17,320.73,2021,12,25
2021-12-25 19:28:00+00:00,191.2,191.48,191.17,191.44,530.13,2021,12,25
2021-12-25 19:29:00+00:00,191.33,191.68,191.33,191.64,406.38,2021,12,25
2021-12-25 19:30:00+00:00,191.62,191.63,191.47,191.58,145.01,2021,12,25
2021-12-25 19:31:00+00:00,191.58,191.59,191.46,191.5,268.99,2021,12,25
2021-12-25 19:32:00+00:00,191.5,191.65,191.5,191.65,367.72,2021,12,25
2021-12-25 19:33:00+00:00,191.66,191.7,191.54,191.55,130.78,2021,12,25
2021-12-25 19:34:00+00:00,191.56,191.73,191.56,191.67,317.42,2021,12,25
2021-12-25 19:35:00+00:00,191.67,191.68,191.5,191.52,263.06,2021,12,25
2021-12-25 19:36:00+00:00,191.52,191.68,191.52,191.63,132.81,2021,12,25
2021-12-25 19:37:00+00:00,191.63,191.68,191.55,191.67,237.18,2021,12,25
2021-12-25 19:38:00+00:00,191.67,191.81,191.64,191.73,200.25,2021,12,25
2021-12-25 19:39:00+00:00,191.73,191.81,191.49,191.56,525.75,2021,12,25
2021-12-25 19:40:00+00:00,191.61,191.63,191.45,191.53,372.77,2021,12,25
2021-12-25 19:41:00+00:00,191.53,191.53,191.53,191.53,0.24,2021,12,25
2021-12-25 19:42:00+00:00,191.52,191.54,191.42,191.54,884.84,2021,12,25
2021-12-25 19:43:00+00:00,191.54,191.62,191.48,191.5,353.05,2021,12,25
2021-12-25 19:44:00+00:00,191.5,191.57,191.33,191.46,531.52,2021,12,25
2021-12-25 19:45:00+00:00,191.42,191.42,191.22,191.28,303.09,2021,12,25
2021-12-25 19:46:00+00:00,191.29,191.51,191.29,191.45,183.68,2021,12,25
2021-12-25 19:47:00+00:00,191.46,191.48,191.31,191.35,265.11,2021,12,25
2021-12-25 19:48:00+00:00,191.35,191.38,191.14,191.18,279.73,2021,12,25
2021-12-25 19:49:00+00:00,191.18,191.31,191.16,191.24,209.09,2021,12,25
2021-12-25 19:50:00+00:00,191.23,191.29,191.13,191.13,287.18,2021,12,25
2021-12-25 19:51:00+00:00,191.13,191.17,190.86,191.07,1395.09,2021,12,25
2021-12-25 19:52:00+00:00,191.06,191.19,191.03,191.08,440.39,2021,12,25
2021-12-25 19:53:00+00:00,191.03,191.22,191.0,191.19,222.7,2021,12,25
2021-12-25 19:54:00+00:00,191.18,191.18,190.89,191.02,570.32,2021,12,25
2021-12-25 19:55:00+00:00,191.01,191.08,190.9,190.95,104.48,2021,12,25
2021-12-25 19:56:00+00:00,190.96,191.0,190.84,191.0,386.6,2021,12,25
2021-12-25 19:57:00+00:00,190.98,191.05,190.86,191.05,395.75,2021,12,25
2021-12-25 19:58:00+00:00,191.06,191.06,190.85,190.91,363.62,2021,12,25
2021-12-25 19:59:00+00:00,190.91,191.1,190.84,190.97,232.11,2021,12,25
2021-12-25 20:00:00+00:00,190.95,191.46,190.93,191.26,575.97,2021,12,25
2021-12-25 20:01:00+00:00,191.29,191.34,190.94,191.07,738.05,2021,12,25
2021-12-25 20:02:00+00:00,191.04,191.27,191.01,191.21,233.69,2021,12,25
2021-12-25 20:03:00+00:00,191.14,191.22,191.03,191.09,200.7,2021,12,25
2021-12-25 20:04:00+00:00,191.08,191.14,191.04,191.05,221.21,2021,12,25
2021-12-25 20:05:00+00:00,191.04,191.12,191.01,191.05,125.88,2021,12,25
2021-12-25 20:06:00+00:00,191.06,191.14,190.94,190.97,292.63,2021,12,25
2021-12-25 20:07:00+00:00,190.97,191.05,190.84,191.01,450.43,2021,12,25
2021-12-25 20:08:00+00:00,191.01,191.15,190.96,191.07,490.1,2021,12,25
2021-12-25 20:09:00+00:00,191.1,191.17,190.94,191.0,307.64,2021,12,25
2021-12-25 20:10:00+00:00,191.01,191.01,190.84,190.94,625.22,2021,12,25
2021-12-25 20:11:00+00:00,190.94,191.08,190.84,191.06,719.12,2021,12,25
2021-12-25 20:12:00+00:00,191.06,191.06,190.93,190.97,198.89,2021,12,25
2021-12-25 20:13:00+00:00,190.96,190.96,190.76,190.84,1053.24,2021,12,25
2021-12-25 20:14:00+00:00,190.83,190.83,190.66,190.78,277.84,2021,12,25
2021-12-25 20:15:00+00:00,190.77,190.91,190.72,190.88,1474.96,2021,12,25
2021-12-25 20:16:00+00:00,190.87,190.9,190.76,190.76,200.74,2021,12,25
2021-12-25 20:17:00+00:00,190.76,191.05,190.67,191.03,2681.19,2021,12,25
2021-12-25 20:18:00+00:00,191.04,191.04,190.85,191.0,769.46,2021,12,25
2021-12-25 20:19:00+00:00,191.0,191.22,190.97,191.13,717.67,2021,12,25
2021-12-25 20:20:00+00:00,191.11,191.59,191.08,191.48,1848.98,2021,12,25
2021-12-25 20:21:00+00:00,191.53,191.58,191.41,191.44,638.26,2021,12,25
2021-12-25 20:22:00+00:00,191.44,191.5,191.41,191.48,237.14,2021,12,25
2021-12-25 20:23:00+00:00,191.48,191.56,191.43,191.53,366.38,2021,12,25
2021-12-25 20:24:00+00:00,191.53,191.59,191.3,191.41,2375.09,2021,12,25
2021-12-25 20:25:00+00:00,191.41,191.49,191.32,191.4,195.41,2021,12,25
2021-12-25 20:26:00+00:00,191.37,191.44,191.31,191.4,527.81,2021,12,25
2021-12-25 20:27:00+00:00,191.4,191.52,191.37,191.47,432.43,2021,12,25
2021-12-25 20:28:00+00:00,191.47,191.48,191.38,191.44,47.88,2021,12,25
2021-12-25 20:29:00+00:00,191.44,191.5,191.23,191.32,382.99,2021,12,25
2021-12-25 20:30:00+00:00,191.33,191.4,191.17,191.39,473.08,2021,12,25
2021-12-25 20:31:00+00:00,191.39,191.4,191.12,191.16,136.44,2021,12,25
2021-12-25 20:32:00+00:00,191.16,191.16,190.87,190.9,446.48,2021,12,25
2021-12-25 20:33:00+00:00,190.91,190.99,190.83,190.97,406.62,2021,12,25
2021-12-25 20:34:00+00:00,190.96,191.04,190.86,190.86,309.19,2021,12,25
2021-12-25 20:35:00+00:00,190.85,190.91,190.84,190.85,107.71,2021,12,25
2021-12-25 20:36:00+00:00,190.84,190.85,190.67,190.68,316.01,2021,12,25
2021-12-25 20:37:00+00:00,190.7,190.7,190.43,190.46,466.96,2021,12,25
2021-12-25 20:38:00+00:00,190.44,190.49,190.08,190.14,3785.84,2021,12,25
2021-12-25 20:39:00+00:00,190.13,190.27,190.0,190.08,1251.76,2021,12,25
2021-12-25 20:40:00+00:00,190.08,190.4,189.96,190.36,1822.96,2021,12,25
2021-12-25 20:41:00+00:00,190.36,190.5,190.28,190.33,648.76,2021,12,25
2021-12-25 20:42:00+00:00,190.33,190.97,190.31,190.62,1009.06,2021,12,25
2021-12-25 20:43:00+00:00,190.6,190.8,190.58,190.63,335.27,2021,12,25
2021-12-25 20:44:00+00:00,190.68,190.75,190.49,190.49,510.09,2021,12,25
2021-12-25 20:45:00+00:00,190.49,190.49,190.31,190.38,401.55,2021,12,25
2021-12-25 20:46:00+00:00,190.38,190.71,190.38,190.7,761.62,2021,12,25
2021-12-25 20:47:00+00:00,190.71,190.71,190.55,190.65,185.35,2021,12,25
2021-12-25 20:48:00+00:00,190.66,190.83,190.43,190.74,2284.84,2021,12,25
2021-12-25 20:49:00+00:00,190.73,190.91,190.71,190.8,577.73,2021,12,25
2021-12-25 20:50:00+00:00,190.8,190.8,190.56,190.73,425.96,2021,12,25
2021-12-25 20:51:00+00:00,190.73,190.94,190.69,190.94,754.11,2021,12,25
2021-12-25 20:52:00+00:00,190.92,191.28,190.92,191.12,1128.81,2021,12,25
2021-12-25 20:53:00+00:00,191.13,191.2,191.0,191.04,544.9,2021,12,25
2021-12-25 20:54:00+00:00,191.03,191.27,190.87,191.23,685.21,2021,12,25
2021-12-25 20:55:00+00:00,191.23,191.3,191.14,191.24,617.7,2021,12,25
2021-12-25 20:56:00+00:00,191.25,191.3,191.0,191.11,275.81,2021,12,25
2021-12-25 20:57:00+00:00,191.11,191.13,190.86,190.87,345.84,2021,12,25
2021-12-25 20:58:00+00:00,190.86,191.23,190.85,191.14,616.04,2021,12,25
2021-12-25 20:59:00+00:00,191.15,191.18,191.0,191.14,289.76,2021,12,25
2021-12-25 21:00:00+00:00,191.12,191.33,191.08,191.32,529.7,2021,12,25
2021-12-25 21:01:00+00:00,191.33,191.33,190.96,190.97,520.01,2021,12,25
2021-12-25 21:02:00+00:00,190.96,191.23,190.94,191.2,705.43,2021,12,25
2021-12-25 21:03:00+00:00,191.18,191.86,191.16,191.77,2049.76,2021,12,25
2021-12-25 21:04:00+00:00,191.77,191.91,191.6,191.81,1561.95,2021,12,25
2021-12-25 21:05:00+00:00,191.81,191.88,191.64,191.83,1000.15,2021,12,25
2021-12-25 21:06:00+00:00,191.84,191.96,191.78,191.8,3234.86,2021,12,25
2021-12-25 21:07:00+00:00,191.8,191.86,191.72,191.79,617.7,2021,12,25
2021-12-25 21:08:00+00:00,191.78,192.12,191.77,192.04,1317.81,2021,12,25
2021-12-25 21:09:00+00:00,192.03,192.07,191.94,192.07,458.26,2021,12,25
2021-12-25 21:10:00+00:00,192.06,192.37,192.05,192.14,1614.78,2021,12,25
2021-12-25 21:11:00+00:00,192.15,192.32,192.15,192.29,850.25,2021,12,25
2021-12-25 21:12:00+00:00,192.29,192.5,192.2,192.27,923.96,2021,12,25
2021-12-25 21:13:00+00:00,192.28,192.28,192.06,192.13,396.01,2021,12,25
2021-12-25 21:14:00+00:00,192.13,192.22,192.04,192.18,784.68,2021,12,25
2021-12-25 21:15:00+00:00,192.18,192.27,192.04,192.17,666.33,2021,12,25
2021-12-25 21:16:00+00:00,192.16,192.27,192.13,192.27,454.19,2021,12,25
2021-12-25 21:17:00+00:00,192.27,192.27,192.08,192.15,149.84,2021,12,25
2021-12-25 21:18:00+00:00,192.16,192.22,192.05,192.09,344.66,2021,12,25
2021-12-25 21:19:00+00:00,192.09,192.15,191.97,192.07,369.5,2021,12,25
2021-12-25 21:20:00+00:00,192.07,192.1,191.96,191.99,430.59,2021,12,25
2021-12-25 21:21:00+00:00,191.98,192.19,191.95,192.02,267.98,2021,12,25
2021-12-25 21:22:00+00:00,192.01,192.25,191.99,192.19,461.06,2021,12,25
2021-12-25 21:23:00+00:00,192.19,192.39,192.14,192.36,542.45,2021,12,25
2021-12-25 21:24:00+00:00,192.36,192.4,192.18,192.34,1463.38,2021,12,25
2021-12-25 21:25:00+00:00,192.33,192.39,192.18,192.35,350.44,2021,12,25
2021-12-25 21:26:00+00:00,192.34,192.35,192.28,192.28,599.67,2021,12,25
2021-12-25 21:27:00+00:00,192.28,192.53,192.22,192.4,1091.3,2021,12,25
2021-12-25 21:28:00+00:00,192.4,192.83,192.4,192.59,2670.58,2021,12,25
2021-12-25 21:29:00+00:00,192.62,192.76,192.59,192.76,377.45,2021,12,25
2021-12-25 21:30:00+00:00,192.75,192.8,192.55,192.78,2406.38,2021,12,25
2021-12-25 21:31:00+00:00,192.75,193.06,192.75,193.03,1715.05,2021,12,25
2021-12-25 21:32:00+00:00,193.04,193.06,192.81,192.82,543.11,2021,12,25
2021-12-25 21:33:00+00:00,192.83,193.0,192.78,192.88,1113.46,2021,12,25
2021-12-25 21:34:00+00:00,192.9,193.14,192.89,193.11,707.43,2021,12,25
2021-12-25 21:35:00+00:00,193.11,193.13,192.98,193.05,971.57,2021,12,25
2021-12-25 21:36:00+00:00,193.08,193.25,193.08,193.23,592.78,2021,12,25
2021-12-25 21:37:00+00:00,193.23,193.36,193.18,193.22,786.31,2021,12,25
2021-12-25 21:38:00+00:00,193.23,193.26,192.95,193.17,1365.97,2021,12,25
2021-12-25 21:39:00+00:00,193.23,193.24,193.01,193.18,1604.59,2021,12,25
2021-12-25 21:40:00+00:00,193.19,193.27,193.05,193.27,438.72,2021,12,25
2021-12-25 21:41:00+00:00,193.29,193.48,193.28,193.46,913.37,2021,12,25
2021-12-25 21:42:00+00:00,193.45,193.58,193.36,193.57,2026.04,2021,12,25
2021-12-25 21:43:00+00:00,193.58,193.73,193.56,193.66,821.15,2021,12,25
2021-12-25 21:44:00+00:00,193.66,193.75,193.51,193.66,807.06,2021,12,25
2021-12-25 21:45:00+00:00,193.66,193.69,193.41,193.41,1377.21,2021,12,25
2021-12-25 21:46:00+00:00,193.4,193.41,193.08,193.08,392.72,2021,12,25
2021-12-25 21:47:00+00:00,193.08,193.12,192.81,192.85,548.48,2021,12,25
2021-12-25 21:48:00+00:00,192.84,193.06,192.83,192.96,411.53,2021,12,25
2021-12-25 21:49:00+00:00,192.96,192.96,192.75,192.92,414.56,2021,12,25
2021-12-25 21:50:00+00:00,192.92,192.92,192.75,192.75,282.75,2021,12,25
2021-12-25 21:51:00+00:00,192.75,193.1,192.75,193.1,584.61,2021,12,25
2021-12-25 21:52:00+00:00,193.09,193.13,193.0,193.12,229.69,2021,12,25
2021-12-25 21:53:00+00:00,193.13,193.48,193.13,193.47,635.16,2021,12,25
2021-12-25 21:54:00+00:00,193.46,193.46,192.89,193.05,569.3,2021,12,25
2021-12-25 21:55:00+00:00,193.08,193.08,192.78,192.99,537.72,2021,12,25
2021-12-25 21:56:00+00:00,193.0,193.0,192.86,192.87,175.1,2021,12,25
2021-12-25 21:57:00+00:00,192.88,192.97,192.75,192.76,794.95,2021,12,25
2021-12-25 21:58:00+00:00,192.78,192.83,192.72,192.78,436.06,2021,12,25
2021-12-25 21:59:00+00:00,192.79,192.88,192.63,192.66,590.68,2021,12,25
2021-12-25 22:00:00+00:00,192.66,192.78,192.64,192.74,599.38,2021,12,25
2021-12-25 22:01:00+00:00,192.74,193.03,192.71,192.95,1194.89,2021,12,25
2021-12-25 22:02:00+00:00,192.97,193.03,192.78,193.02,602.09,2021,12,25
2021-12-25 22:03:00+00:00,193.03,193.25,193.03,193.21,963.05,2021,12,25
2021-12-25 22:04:00+00:00,193.21,193.23,192.96,193.06,1123.33,2021,12,25
2021-12-25 22:05:00+00:00,193.05,193.13,193.04,193.06,232.26,2021,12,25
2021-12-25 22:06:00+00:00,193.06,193.2,193.06,193.16,209.45,2021,12,25
2021-12-25 22:07:00+00:00,193.17,193.17,193.09,193.1,151.9,2021,12,25
2021-12-25 22:08:00+00:00,193.11,193.24,193.09,193.16,679.51,2021,12,25
2021-12-25 22:09:00+00:00,193.17,193.33,193.13,193.31,303.26,2021,12,25
2021-12-25 22:10:00+00:00,193.3,193.66,193.27,193.63,1062.05,2021,12,25
2021-12-25 22:11:00+00:00,193.63,193.65,193.45,193.53,616.65,2021,12,25
2021-12-25 22:12:00+00:00,193.52,193.54,193.42,193.42,298.76,2021,12,25
2021-12-25 22:13:00+00:00,193.45,193.45,193.16,193.23,676.91,2021,12,25
2021-12-25 22:14:00+00:00,193.23,193.24,192.87,192.97,1751.81,2021,12,25
2021-12-25 22:15:00+00:00,192.96,193.05,192.92,192.96,405.4,2021,12,25
2021-12-25 22:16:00+00:00,192.95,192.95,192.57,192.9,1493.71,2021,12,25
2021-12-25 22:17:00+00:00,192.89,192.89,192.76,192.81,227.03,2021,12,25
2021-12-25 22:18:00+00:00,192.79,192.79,192.41,192.63,968.32,2021,12,25
2021-12-25 22:19:00+00:00,192.63,192.68,192.53,192.61,457.86,2021,12,25
2021-12-25 22:20:00+00:00,192.62,193.18,192.46,193.11,4987.33,2021,12,25
2021-12-25 22:21:00+00:00,193.11,193.39,192.93,193.17,3168.82,2021,12,25
2021-12-25 22:22:00+00:00,193.13,193.18,192.86,192.9,379.47,2021,12,25
2021-12-25 22:23:00+00:00,192.88,192.88,192.34,192.73,3422.55,2021,12,25
2021-12-25 22:24:00+00:00,192.73,192.78,192.59,192.62,623.7,2021,12,25
2021-12-25 22:25:00+00:00,192.62,192.69,192.05,192.22,2552.8,2021,12,25
2021-12-25 22:26:00+00:00,192.23,192.43,192.12,192.43,711.11,2021,12,25
2021-12-25 22:27:00+00:00,192.43,192.43,192.39,192.42,233.58,2021,12,25
2021-12-25 22:28:00+00:00,192.41,192.42,192.21,192.31,1289.0,2021,12,25
2021-12-25 22:29:00+00:00,192.3,192.42,192.25,192.32,290.9,2021,12,25
2021-12-25 22:30:00+00:00,192.32,192.32,192.08,192.1,277.48,2021,12,25
2021-12-25 22:31:00+00:00,192.1,192.13,191.8,191.81,508.99,2021,12,25
2021-12-25 22:32:00+00:00,191.82,191.96,191.82,191.91,302.92,2021,12,25
2021-12-25 22:33:00+00:00,191.91,191.97,191.85,191.93,404.21,2021,12,25
2021-12-25 22:34:00+00:00,191.93,191.96,191.86,191.86,138.92,2021,12,25
2021-12-25 22:35:00+00:00,191.86,192.1,191.73,191.78,1062.26,2021,12,25
2021-12-25 22:36:00+00:00,191.79,191.82,191.42,191.42,1077.27,2021,12,25
2021-12-25 22:37:00+00:00,191.43,191.44,191.26,191.31,669.43,2021,12,25
2021-12-25 22:38:00+00:00,191.3,191.32,191.19,191.24,523.55,2021,12,25
2021-12-25 22:39:00+00:00,191.23,191.45,191.04,191.15,1199.56,2021,12,25
2021-12-25 22:40:00+00:00,191.14,191.3,191.12,191.27,260.86,2021,12,25
2021-12-25 22:41:00+00:00,191.27,191.27,191.11,191.15,245.06,2021,12,25
2021-12-25 22:42:00+00:00,191.14,191.3,191.09,191.3,651.73,2021,12,25
2021-12-25 22:43:00+00:00,191.3,191.71,191.28,191.62,818.13,2021,12,25
2021-12-25 22:44:00+00:00,191.57,191.7,191.46,191.69,316.13,2021,12,25
2021-12-25 22:45:00+00:00,191.69,191.89,191.68,191.83,415.59,2021,12,25
2021-12-25 22:46:00+00:00,191.84,191.87,191.71,191.78,242.76,2021,12,25
2021-12-25 22:47:00+00:00,191.77,191.96,191.77,191.96,399.32,2021,12,25
2021-12-25 22:48:00+00:00,191.96,192.09,191.95,192.06,341.11,2021,12,25
2021-12-25 22:49:00+00:00,192.06,192.29,192.05,192.26,493.58,2021,12,25
2021-12-25 22:50:00+00:00,192.26,192.3,192.17,192.3,274.88,2021,12,25
2021-12-25 22:51:00+00:00,192.29,192.37,191.77,191.9,2418.48,2021,12,25
2021-12-25 22:52:00+00:00,191.9,191.96,191.71,191.75,690.98,2021,12,25
2021-12-25 22:53:00+00:00,191.76,191.8,191.64,191.7,249.11,2021,12,25
2021-12-25 22:54:00+00:00,191.71,191.77,191.68,191.76,89.76,2021,12,25
2021-12-25 22:55:00+00:00,191.76,191.85,191.64,191.78,633.5,2021,12,25
2021-12-25 22:56:00+00:00,191.77,191.91,191.72,191.74,749.61,2021,12,25
2021-12-25 22:57:00+00:00,191.75,191.75,191.42,191.43,411.47,2021,12,25
2021-12-25 22:58:00+00:00,191.44,191.63,191.38,191.63,333.17,2021,12,25
2021-12-25 22:59:00+00:00,191.64,191.64,191.29,191.38,541.43,2021,12,25
2021-12-25 23:00:00+00:00,191.37,191.37,191.11,191.11,335.86,2021,12,25
2021-12-25 23:01:00+00:00,191.13,191.21,191.0,191.2,1780.0,2021,12,25
2021-12-25 23:02:00+00:00,191.2,191.35,191.18,191.3,280.21,2021,12,25
2021-12-25 23:03:00+00:00,191.29,191.61,191.29,191.37,1838.7,2021,12,25
2021-12-25 23:04:00+00:00,191.36,191.78,191.34,191.76,1250.69,2021,12,25
2021-12-25 23:05:00+00:00,191.76,192.01,191.7,191.92,1149.49,2021,12,25
2021-12-25 23:06:00+00:00,191.9,192.01,191.51,191.51,1458.05,2021,12,25
2021-12-25 23:07:00+00:00,191.54,192.19,191.53,192.1,1921.86,2021,12,25
2021-12-25 23:08:00+00:00,192.13,192.25,191.87,192.1,896.24,2021,12,25
2021-12-25 23:09:00+00:00,192.06,192.27,192.06,192.27,992.04,2021,12,25
2021-12-25 23:10:00+00:00,192.26,192.5,192.13,192.3,1767.65,2021,12,25
2021-12-25 23:11:00+00:00,192.29,192.39,192.13,192.36,1419.39,2021,12,25
2021-12-25 23:12:00+00:00,192.35,192.47,192.17,192.4,658.96,2021,12,25
2021-12-25 23:13:00+00:00,192.4,192.7,192.39,192.56,2316.54,2021,12,25
2021-12-25 23:14:00+00:00,192.57,192.73,192.29,192.3,934.25,2021,12,25
2021-12-25 23:15:00+00:00,192.29,192.4,192.29,192.31,526.87,2021,12,25
2021-12-25 23:16:00+00:00,192.3,192.3,192.12,192.26,1428.29,2021,12,25
2021-12-25 23:17:00+00:00,192.26,192.43,192.01,192.04,1327.22,2021,12,25
2021-12-25 23:18:00+00:00,192.07,192.25,191.98,192.09,2078.2,2021,12,25
2021-12-25 23:19:00+00:00,192.06,192.3,192.06,192.3,1329.51,2021,12,25
2021-12-25 23:20:00+00:00,192.29,192.4,192.24,192.36,808.7,2021,12,25
2021-12-25 23:21:00+00:00,192.36,192.9,192.33,192.8,2073.72,2021,12,25
2021-12-25 23:22:00+00:00,192.81,192.95,192.53,192.63,920.01,2021,12,25
2021-12-25 23:23:00+00:00,192.64,192.68,192.49,192.64,238.08,2021,12,25
2021-12-25 23:24:00+00:00,192.63,193.0,192.63,192.91,1858.03,2021,12,25
2021-12-25 23:25:00+00:00,192.87,193.0,192.83,192.92,1248.93,2021,12,25
2021-12-25 23:26:00+00:00,192.9,192.9,192.69,192.69,1430.47,2021,12,25
2021-12-25 23:27:00+00:00,192.69,192.8,192.25,192.35,1393.01,2021,12,25
2021-12-25 23:28:00+00:00,192.31,192.66,192.3,192.6,1715.2,2021,12,25
2021-12-25 23:29:00+00:00,192.61,192.73,192.39,192.47,626.85,2021,12,25
2021-12-25 23:30:00+00:00,192.47,192.96,192.45,192.95,1115.12,2021,12,25
2021-12-25 23:31:00+00:00,192.95,193.04,192.9,192.95,937.57,2021,12,25
2021-12-25 23:32:00+00:00,192.95,193.05,192.84,192.93,1308.14,2021,12,25
2021-12-25 23:33:00+00:00,192.96,193.12,192.9,192.9,906.63,2021,12,25
2021-12-25 23:34:00+00:00,192.9,193.05,192.76,192.98,2007.28,2021,12,25
2021-12-25 23:35:00+00:00,192.98,193.08,192.81,192.99,2029.55,2021,12,25
2021-12-25 23:36:00+00:00,192.94,193.1,192.85,192.95,1122.84,2021,12,25
2021-12-25 23:37:00+00:00,192.94,193.21,192.85,193.19,2330.63,2021,12,25
2021-12-25 23:38:00+00:00,193.18,193.62,193.13,193.42,2359.53,2021,12,25
2021-12-25 23:39:00+00:00,193.43,193.57,193.09,193.35,3205.93,2021,12,25
2021-12-25 23:40:00+00:00,193.33,193.72,193.27,193.65,2382.0,2021,12,25
2021-12-25 23:41:00+00:00,193.65,193.74,193.45,193.59,627.35,2021,12,25
2021-12-25 23:42:00+00:00,193.52,193.67,193.41,193.54,1283.38,2021,12,25
2021-12-25 23:43:00+00:00,193.54,193.82,193.49,193.81,2308.91,2021,12,25
2021-12-25 23:44:00+00:00,193.81,193.98,193.71,193.77,2090.36,2021,12,25
2021-12-25 23:45:00+00:00,193.81,193.88,193.62,193.8,930.24,2021,12,25
2021-12-25 23:46:00+00:00,193.8,193.82,193.35,193.56,667.36,2021,12,25
2021-12-25 23:47:00+00:00,193.57,194.0,193.54,193.91,1523.89,2021,12,25
2021-12-25 23:48:00+00:00,193.91,194.0,193.74,193.85,660.65,2021,12,25
2021-12-25 23:49:00+00:00,193.85,193.98,193.8,193.87,1249.72,2021,12,25
2021-12-25 23:50:00+00:00,193.88,194.0,193.84,193.94,1653.27,2021,12,25
2021-12-25 23:51:00+00:00,193.92,194.14,193.87,194.08,1210.36,2021,12,25
2021-12-25 23:52:00+00:00,194.09,194.29,194.03,194.13,1375.15,2021,12,25
2021-12-25 23:53:00+00:00,194.13,194.4,194.13,194.32,2027.55,2021,12,25
2021-12-25 23:54:00+00:00,194.31,194.45,194.26,194.38,978.9,2021,12,25
2021-12-25 23:55:00+00:00,194.38,194.48,194.2,194.38,1771.34,2021,12,25
2021-12-25 23:56:00+00:00,194.34,194.42,193.51,193.55,2102.71,2021,12,25
2021-12-25 23:57:00+00:00,193.59,193.69,193.26,193.57,1972.6,2021,12,25
2021-12-25 23:58:00+00:00,193.56,193.67,192.69,193.02,3762.32,2021,12,25
2021-12-25 23:59:00+00:00,193.02,193.26,192.85,193.1,1124.81,2021,12,25
2021-12-26 00:00:00+00:00,193.03,193.27,192.6,192.61,2555.76,2021,12,26
2021-12-26 00:01:00+00:00,192.66,192.77,192.07,192.47,2254.41,2021,12,26
2021-12-26 00:02:00+00:00,192.47,192.97,192.32,192.84,2735.04,2021,12,26
2021-12-26 00:03:00+00:00,192.85,193.21,192.61,192.92,2551.69,2021,12,26
2021-12-26 00:04:00+00:00,192.95,193.41,192.89,192.89,1059.16,2021,12,26
2021-12-26 00:05:00+00:00,192.87,193.22,192.81,192.98,1777.96,2021,12,26
2021-12-26 00:06:00+00:00,192.93,193.54,192.83,193.38,2573.77,2021,12,26
2021-12-26 00:07:00+00:00,193.38,193.8,193.34,193.6,1665.08,2021,12,26
2021-12-26 00:08:00+00:00,193.56,193.72,193.43,193.54,1065.54,2021,12,26
2021-12-26 00:09:00+00:00,193.51,194.0,193.51,193.93,1764.49,2021,12,26
2021-12-26 00:10:00+00:00,193.92,194.9,193.74,193.78,9992.75,2021,12,26
2021-12-26 00:11:00+00:00,193.78,193.91,193.58,193.58,589.4,2021,12,26
2021-12-26 00:12:00+00:00,193.58,194.27,193.53,194.15,1951.2,2021,12,26
2021-12-26 00:13:00+00:00,194.14,194.55,194.14,194.47,3591.01,2021,12,26
2021-12-26 00:14:00+00:00,194.48,194.48,194.19,194.27,1563.09,2021,12,26
2021-12-26 00:15:00+00:00,194.28,194.28,193.83,194.02,730.12,2021,12,26
2021-12-26 00:16:00+00:00,193.94,194.39,193.85,193.88,2538.51,2021,12,26
2021-12-26 00:17:00+00:00,193.9,194.17,193.85,194.0,1319.56,2021,12,26
2021-12-26 00:18:00+00:00,194.06,194.44,194.02,194.39,1006.91,2021,12,26
2021-12-26 00:19:00+00:00,194.38,194.59,194.1,194.1,2348.12,2021,12,26
2021-12-26 00:20:00+00:00,194.1,194.1,193.82,193.91,391.66,2021,12,26
2021-12-26 00:21:00+00:00,193.88,194.11,193.82,193.9,688.91,2021,12,26
2021-12-26 00:22:00+00:00,193.91,194.2,193.86,194.2,1269.73,2021,12,26
2021-12-26 00:23:00+00:00,194.2,194.46,194.14,194.36,1805.1,2021,12,26
2021-12-26 00:24:00+00:00,194.39,194.68,194.36,194.59,1711.16,2021,12,26
2021-12-26 00:25:00+00:00,194.58,194.9,194.52,194.7,2136.43,2021,12,26
2021-12-26 00:26:00+00:00,194.7,194.95,194.7,194.84,1827.02,2021,12,26
2021-12-26 00:27:00+00:00,194.84,194.94,194.75,194.87,1066.41,2021,12,26
2021-12-26 00:28:00+00:00,194.87,194.94,194.57,194.65,1556.19,2021,12,26
2021-12-26 00:29:00+00:00,194.67,194.81,194.37,194.67,2011.91,2021,12,26
2021-12-26 00:30:00+00:00,194.74,194.9,194.64,194.75,1031.33,2021,12,26
2021-12-26 00:31:00+00:00,194.74,195.0,194.72,194.96,4204.82,2021,12,26
2021-12-26 00:32:00+00:00,194.96,195.0,194.53,194.64,1273.98,2021,12,26
2021-12-26 00:33:00+00:00,194.63,194.77,194.31,194.43,1695.86,2021,12,26
2021-12-26 00:34:00+00:00,194.42,194.59,194.32,194.44,902.78,2021,12,26
2021-12-26 00:35:00+00:00,194.43,194.47,193.73,193.8,3687.05,2021,12,26
2021-12-26 00:36:00+00:00,193.82,194.03,193.46,193.81,3754.32,2021,12,26
2021-12-26 00:37:00+00:00,193.8,193.82,193.61,193.72,275.88,2021,12,26
2021-12-26 00:38:00+00:00,193.71,193.99,193.55,193.73,2075.45,2021,12,26
2021-12-26 00:39:00+00:00,193.72,194.23,193.7,194.0,1994.66,2021,12,26
2021-12-26 00:40:00+00:00,194.0,194.17,193.93,194.09,516.81,2021,12,26
2021-12-26 00:41:00+00:00,194.07,194.44,194.06,194.08,3502.61,2021,12,26
2021-12-26 00:42:00+00:00,194.1,194.48,193.87,194.33,5436.32,2021,12,26
2021-12-26 00:43:00+00:00,194.33,194.33,194.0,194.0,1824.58,2021,12,26
2021-12-26 00:44:00+00:00,194.01,194.01,193.53,193.67,848.76,2021,12,26
2021-12-26 00:45:00+00:00,193.69,194.52,193.59,194.52,2391.59,2021,12,26
2021-12-26 00:46:00+00:00,194.4,194.72,194.36,194.49,1839.93,2021,12,26
2021-12-26 00:47:00+00:00,194.44,194.99,194.28,194.71,3508.33,2021,12,26
2021-12-26 00:48:00+00:00,194.73,195.07,194.72,194.9,3958.66,2021,12,26
2021-12-26 00:49:00+00:00,194.93,195.36,194.83,195.15,3665.8,2021,12,26
2021-12-26 00:50:00+00:00,195.18,195.81,195.18,195.65,4257.1,2021,12,26
2021-12-26 00:51:00+00:00,195.69,196.0,195.44,195.94,5351.6,2021,12,26
2021-12-26 00:52:00+00:00,195.97,196.02,195.67,195.72,3597.35,2021,12,26
2021-12-26 00:53:00+00:00,195.72,196.1,195.7,196.03,1327.75,2021,12,26
2021-12-26 00:54:00+00:00,196.03,196.12,195.64,196.0,1947.58,2021,12,26
2021-12-26 00:55:00+00:00,195.98,196.06,195.67,195.67,610.2,2021,12,26
2021-12-26 00:56:00+00:00,195.68,195.77,195.12,195.17,963.68,2021,12,26
2021-12-26 00:57:00+00:00,195.18,195.41,195.04,195.38,518.89,2021,12,26
2021-12-26 00:58:00+00:00,195.39,195.45,194.99,194.99,414.62,2021,12,26
2021-12-26 00:59:00+00:00,194.99,195.5,194.89,195.33,733.11,2021,12,26
2021-12-26 01:00:00+00:00,195.34,195.5,194.88,195.06,850.06,2021,12,26
2021-12-26 01:01:00+00:00,195.07,195.17,194.93,195.05,725.89,2021,12,26
2021-12-26 01:02:00+00:00,195.04,195.53,195.04,195.42,271.48,2021,12,26
2021-12-26 01:03:00+00:00,195.42,195.5,195.31,195.31,286.43,2021,12,26
2021-12-26 01:04:00+00:00,195.31,195.46,195.22,195.22,262.3,2021,12,26
2021-12-26 01:05:00+00:00,195.22,195.23,194.97,194.97,706.28,2021,12,26
2021-12-26 01:06:00+00:00,194.96,195.0,194.76,194.87,442.88,2021,12,26
2021-12-26 01:07:00+00:00,194.86,194.86,194.06,194.4,4574.48,2021,12,26
2021-12-26 01:08:00+00:00,194.45,194.72,194.4,194.63,721.37,2021,12,26
2021-12-26 01:09:00+00:00,194.65,194.88,194.63,194.72,311.28,2021,12,26
2021-12-26 01:10:00+00:00,194.73,194.86,194.68,194.72,990.3,2021,12,26
2021-12-26 01:11:00+00:00,194.77,194.85,194.61,194.64,470.79,2021,12,26
2021-12-26 01:12:00+00:00,194.63,194.87,194.63,194.83,162.56,2021,12,26
2021-12-26 01:13:00+00:00,194.83,195.23,194.72,195.21,441.62,2021,12,26
2021-12-26 01:14:00+00:00,195.2,195.2,194.8,194.84,382.41,2021,12,26
2021-12-26 01:15:00+00:00,194.89,195.2,194.89,195.06,393.12,2021,12,26
2021-12-26 01:16:00+00:00,195.1,195.19,194.98,195.03,454.57,2021,12,26
2021-12-26 01:17:00+00:00,195.04,195.63,195.04,195.61,1028.68,2021,12,26
2021-12-26 01:18:00+00:00,195.6,195.61,195.25,195.31,509.08,2021,12,26
2021-12-26 01:19:00+00:00,195.3,195.35,194.95,195.3,2159.81,2021,12,26
2021-12-26 01:20:00+00:00,195.3,195.39,194.57,194.59,1447.72,2021,12,26
2021-12-26 01:21:00+00:00,194.64,194.88,194.4,194.6,2887.54,2021,12,26
2021-12-26 01:22:00+00:00,194.61,194.94,194.6,194.87,765.57,2021,12,26
2021-12-26 01:23:00+00:00,194.87,195.07,194.87,195.03,316.41,2021,12,26
2021-12-26 01:24:00+00:00,195.04,195.11,194.92,194.94,186.67,2021,12,26
2021-12-26 01:25:00+00:00,194.94,195.05,194.77,195.01,581.85,2021,12,26
2021-12-26 01:26:00+00:00,195.02,195.11,194.97,195.03,223.82,2021,12,26
2021-12-26 01:27:00+00:00,195.06,195.12,194.91,194.91,245.67,2021,12,26
2021-12-26 01:28:00+00:00,194.91,195.13,194.74,195.13,293.22,2021,12,26
2021-12-26 01:29:00+00:00,195.12,195.23,195.07,195.1,322.34,2021,12,26
2021-12-26 01:30:00+00:00,195.09,195.1,194.66,194.72,589.86,2021,12,26
2021-12-26 01:31:00+00:00,194.71,195.12,194.62,195.06,491.83,2021,12,26
2021-12-26 01:32:00+00:00,195.07,195.25,194.98,195.24,473.02,2021,12,26
2021-12-26 01:33:00+00:00,195.24,195.29,194.97,195.05,1645.26,2021,12,26
2021-12-26 01:34:00+00:00,195.04,195.43,195.04,195.41,377.27,2021,12,26
2021-12-26 01:35:00+00:00,195.4,195.69,195.4,195.52,415.26,2021,12,26
2021-12-26 01:36:00+00:00,195.46,196.23,195.44,196.22,5207.24,2021,12,26
2021-12-26 01:37:00+00:00,196.22,196.26,195.7,196.11,1567.04,2021,12,26
2021-12-26 01:38:00+00:00,196.05,196.41,195.44,195.46,4059.67,2021,12,26
2021-12-26 01:39:00+00:00,195.46,195.84,195.38,195.84,539.21,2021,12,26
2021-12-26 01:40:00+00:00,195.77,196.07,195.77,195.96,488.8,2021,12,26
2021-12-26 01:41:00+00:00,196.0,196.12,195.95,196.08,322.61,2021,12,26
2021-12-26 01:42:00+00:00,196.08,196.21,195.95,195.97,637.13,2021,12,26
2021-12-26 01:43:00+00:00,195.95,196.05,195.68,196.03,2039.02,2021,12,26
2021-12-26 01:44:00+00:00,195.96,196.34,195.86,196.04,1795.63,2021,12,26
2021-12-26 01:45:00+00:00,196.04,196.31,196.02,196.23,1428.09,2021,12,26
2021-12-26 01:46:00+00:00,196.23,196.3,196.02,196.06,846.07,2021,12,26
2021-12-26 01:47:00+00:00,196.01,196.22,195.98,196.13,817.01,2021,12,26
2021-12-26 01:48:00+00:00,196.12,196.23,195.99,196.1,606.46,2021,12,26
2021-12-26 01:49:00+00:00,196.1,196.23,196.06,196.1,274.31,2021,12,26
2021-12-26 01:50:00+00:00,196.16,196.18,195.5,195.67,6525.74,2021,12,26
2021-12-26 01:51:00+00:00,195.66,195.71,195.55,195.61,595.37,2021,12,26
2021-12-26 01:52:00+00:00,195.61,195.85,195.37,195.69,3507.48,2021,12,26
2021-12-26 01:53:00+00:00,195.7,195.96,195.67,195.79,728.35,2021,12,26
2021-12-26 01:54:00+00:00,195.79,195.92,195.67,195.67,931.73,2021,12,26
2021-12-26 01:55:00+00:00,195.67,195.67,195.41,195.41,444.84,2021,12,26
2021-12-26 01:56:00+00:00,195.4,195.5,195.2,195.34,877.32,2021,12,26
2021-12-26 01:57:00+00:00,195.3,195.5,195.26,195.5,458.05,2021,12,26
2021-12-26 01:58:00+00:00,195.49,196.06,195.38,195.88,2698.48,2021,12,26
2021-12-26 01:59:00+00:00,195.89,195.99,195.81,195.82,554.21,2021,12,26
2021-12-26 02:00:00+00:00,195.82,195.97,195.7,195.9,637.33,2021,12,26
2021-12-26 02:01:00+00:00,195.89,196.26,195.81,196.04,2132.37,2021,12,26
2021-12-26 02:02:00+00:00,196.06,196.22,195.89,195.92,2204.31,2021,12,26
2021-12-26 02:03:00+00:00,195.94,197.0,195.92,196.15,10315.56,2021,12,26
2021-12-26 02:04:00+00:00,196.18,196.48,195.89,196.41,1990.34,2021,12,26
2021-12-26 02:05:00+00:00,196.43,196.57,196.12,196.14,700.19,2021,12,26
2021-12-26 02:06:00+00:00,196.14,196.47,196.04,196.25,2609.1,2021,12,26
2021-12-26 02:07:00+00:00,196.24,196.5,196.11,196.11,840.55,2021,12,26
2021-12-26 02:08:00+00:00,196.09,196.51,196.07,196.3,2087.35,2021,12,26
2021-12-26 02:09:00+00:00,196.28,196.37,196.02,196.04,2146.26,2021,12,26
2021-12-26 02:10:00+00:00,196.05,196.13,195.98,196.07,521.45,2021,12,26
2021-12-26 02:11:00+00:00,196.06,196.06,195.95,196.01,157.21,2021,12,26
2021-12-26 02:12:00+00:00,196.01,196.02,195.8,195.8,220.31,2021,12,26
2021-12-26 02:13:00+00:00,195.79,195.94,195.69,195.77,721.52,2021,12,26
2021-12-26 02:14:00+00:00,195.77,195.78,195.57,195.57,360.21,2021,12,26
2021-12-26 02:15:00+00:00,195.59,195.75,195.5,195.64,1944.25,2021,12,26
2021-12-26 02:16:00+00:00,195.64,195.88,195.62,195.62,990.16,2021,12,26
2021-12-26 02:17:00+00:00,195.62,196.0,195.53,195.73,2379.94,2021,12,26
2021-12-26 02:18:00+00:00,195.71,195.91,195.58,195.69,1007.0,2021,12,26
2021-12-26 02:19:00+00:00,195.72,196.01,195.0,195.07,4191.99,2021,12,26
2021-12-26 02:20:00+00:00,195.08,195.32,194.95,195.0,1175.87,2021,12,26
2021-12-26 02:21:00+00:00,194.97,195.54,194.94,195.3,2402.45,2021,12,26
2021-12-26 02:22:00+00:00,195.28,195.95,195.28,195.41,2719.43,2021,12,26
2021-12-26 02:23:00+00:00,195.42,195.57,195.41,195.46,292.37,2021,12,26
2021-12-26 02:24:00+00:00,195.46,195.91,195.3,195.54,1924.11,2021,12,26
2021-12-26 02:25:00+00:00,195.53,195.65,195.22,195.5,1523.61,2021,12,26
2021-12-26 02:26:00+00:00,195.49,195.54,195.19,195.23,519.11,2021,12,26
2021-12-26 02:27:00+00:00,195.22,195.42,195.21,195.41,456.34,2021,12,26
2021-12-26 02:28:00+00:00,195.39,195.41,195.16,195.31,153.63,2021,12,26
2021-12-26 02:29:00+00:00,195.3,195.3,195.03,195.18,1449.25,2021,12,26
2021-12-26 02:30:00+00:00,195.19,195.42,195.18,195.33,382.49,2021,12,26
2021-12-26 02:31:00+00:00,195.4,195.41,195.05,195.05,336.53,2021,12,26
2021-12-26 02:32:00+00:00,195.05,195.11,195.0,195.1,343.25,2021,12,26
2021-12-26 02:33:00+00:00,195.1,195.1,194.03,194.35,2993.11,2021,12,26
2021-12-26 02:34:00+00:00,194.35,194.55,193.53,193.62,2569.71,2021,12,26
2021-12-26 02:35:00+00:00,193.7,193.78,193.31,193.37,2232.79,2021,12,26
2021-12-26 02:36:00+00:00,193.36,193.38,192.93,193.1,3072.47,2021,12,26
2021-12-26 02:37:00+00:00,193.07,193.15,192.55,192.57,2283.65,2021,12,26
2021-12-26 02:38:00+00:00,192.57,193.15,192.27,193.08,2795.47,2021,12,26
2021-12-26 02:39:00+00:00,193.05,193.37,192.94,193.19,1161.15,2021,12,26
2021-12-26 02:40:00+00:00,193.15,193.68,193.15,193.46,1205.37,2021,12,26
2021-12-26 02:41:00+00:00,193.48,193.64,193.24,193.64,967.59,2021,12,26
2021-12-26 02:42:00+00:00,193.63,193.72,193.57,193.72,803.29,2021,12,26
2021-12-26 02:43:00+00:00,193.72,193.84,193.04,193.04,876.88,2021,12,26
2021-12-26 02:44:00+00:00,193.07,194.21,192.91,194.08,6692.29,2021,12,26
2021-12-26 02:45:00+00:00,194.09,194.75,194.0,194.63,3458.37,2021,12,26
2021-12-26 02:46:00+00:00,194.63,194.64,193.78,193.8,4120.6,2021,12,26
2021-12-26 02:47:00+00:00,193.83,193.92,193.65,193.91,1271.2,2021,12,26
2021-12-26 02:48:00+00:00,193.91,194.1,193.8,193.88,1589.64,2021,12,26
2021-12-26 02:49:00+00:00,193.9,194.19,193.83,194.11,668.33,2021,12,26
2021-12-26 02:50:00+00:00,194.09,194.23,193.87,194.23,489.98,2021,12,26
2021-12-26 02:51:00+00:00,194.2,194.37,193.88,193.92,991.7,2021,12,26
2021-12-26 02:52:00+00:00,193.92,193.92,193.61,193.75,379.83,2021,12,26
2021-12-26 02:53:00+00:00,193.73,193.79,193.62,193.69,412.03,2021,12,26
2021-12-26 02:54:00+00:00,193.69,193.82,193.48,193.58,954.36,2021,12,26
2021-12-26 02:55:00+00:00,193.58,193.63,193.39,193.41,255.09,2021,12,26
2021-12-26 02:56:00+00:00,193.43,193.47,193.2,193.47,769.68,2021,12,26
2021-12-26 02:57:00+00:00,193.47,193.83,193.47,193.83,441.11,2021,12,26
2021-12-26 02:58:00+00:00,193.82,193.86,193.64,193.75,234.85,2021,12,26
2021-12-26 02:59:00+00:00,193.77,193.8,193.5,193.56,162.27,2021,12,26
2021-12-26 03:00:00+00:00,193.57,193.58,193.23,193.31,800.23,2021,12,26
2021-12-26 03:01:00+00:00,193.3,193.33,192.79,192.81,1843.65,2021,12,26
2021-12-26 03:02:00+00:00,192.88,193.0,192.69,192.7,1054.14,2021,12,26
2021-12-26 03:03:00+00:00,192.69,192.69,192.36,192.42,887.9,2021,12,26
2021-12-26 03:04:00+00:00,192.38,192.42,192.04,192.29,1457.71,2021,12,26
2021-12-26 03:05:00+00:00,192.28,192.55,192.26,192.5,1175.39,2021,12,26
2021-12-26 03:06:00+00:00,192.46,192.71,192.44,192.57,475.21,2021,12,26
2021-12-26 03:07:00+00:00,192.53,192.53,191.72,192.01,2148.0,2021,12,26
2021-12-26 03:08:00+00:00,192.03,192.23,192.01,192.14,798.27,2021,12,26
2021-12-26 03:09:00+00:00,192.16,192.18,191.75,191.86,940.48,2021,12,26
2021-12-26 03:10:00+00:00,191.93,192.61,191.4,192.18,7922.93,2021,12,26
2021-12-26 03:11:00+00:00,192.17,192.62,192.0,192.53,1494.42,2021,12,26
2021-12-26 03:12:00+00:00,192.56,192.71,191.89,191.98,2448.34,2021,12,26
2021-12-26 03:13:00+00:00,192.04,192.27,192.04,192.27,432.56,2021,12,26
2021-12-26 03:14:00+00:00,192.26,192.64,192.19,192.38,3918.46,2021,12,26
2021-12-26 03:15:00+00:00,192.36,192.48,192.08,192.24,3730.86,2021,12,26
2021-12-26 03:16:00+00:00,192.23,192.38,192.23,192.29,519.1,2021,12,26
2021-12-26 03:17:00+00:00,192.28,192.97,192.28,192.9,2523.94,2021,12,26
2021-12-26 03:18:00+00:00,192.93,193.11,192.64,192.65,1065.06,2021,12,26
2021-12-26 03:19:00+00:00,192.68,193.22,192.68,193.08,2612.65,2021,12,26
2021-12-26 03:20:00+00:00,193.13,193.58,193.09,193.38,2990.42,2021,12,26
2021-12-26 03:21:00+00:00,193.4,193.48,193.17,193.3,455.43,2021,12,26
2021-12-26 03:22:00+00:00,193.36,193.76,193.36,193.69,3679.93,2021,12,26
2021-12-26 03:23:00+00:00,193.73,193.74,193.44,193.49,347.05,2021,12,26
2021-12-26 03:24:00+00:00,193.5,194.15,193.28,193.93,2792.48,2021,12,26
2021-12-26 03:25:00+00:00,193.92,194.36,193.87,194.03,2243.33,2021,12,26
2021-12-26 03:26:00+00:00,193.98,194.04,193.66,193.73,438.49,2021,12,26
2021-12-26 03:27:00+00:00,193.73,193.81,193.24,193.29,1506.52,2021,12,26
2021-12-26 03:28:00+00:00,193.29,194.04,193.29,193.65,1317.94,2021,12,26
2021-12-26 03:29:00+00:00,193.56,193.99,193.56,193.9,571.69,2021,12,26
2021-12-26 03:30:00+00:00,193.9,194.49,193.9,194.35,2243.01,2021,12,26
2021-12-26 03:31:00+00:00,194.32,194.46,194.21,194.29,1062.56,2021,12,26
2021-12-26 03:32:00+00:00,194.29,194.66,194.29,194.42,2021.96,2021,12,26
2021-12-26 03:33:00+00:00,194.41,194.52,194.28,194.31,849.1,2021,12,26
2021-12-26 03:34:00+00:00,194.31,194.64,194.24,194.25,2970.05,2021,12,26
2021-12-26 03:35:00+00:00,194.25,194.28,193.72,193.85,1819.56,2021,12,26
2021-12-26 03:36:00+00:00,193.84,194.09,193.34,193.52,1831.31,2021,12,26
2021-12-26 03:37:00+00:00,193.5,193.51,193.04,193.29,963.86,2021,12,26
2021-12-26 03:38:00+00:00,193.36,193.74,192.97,192.99,4798.14,2021,12,26
2021-12-26 03:39:00+00:00,193.0,193.09,192.71,192.75,2188.1,2021,12,26
2021-12-26 03:40:00+00:00,192.78,193.01,192.5,192.51,2700.48,2021,12,26
2021-12-26 03:41:00+00:00,192.51,192.73,192.37,192.37,465.32,2021,12,26
2021-12-26 03:42:00+00:00,192.4,193.05,192.34,192.72,3777.43,2021,12,26
2021-12-26 03:43:00+00:00,192.72,192.91,192.36,192.62,2636.04,2021,12,26
2021-12-26 03:44:00+00:00,192.62,193.2,192.59,193.12,1429.04,2021,12,26
2021-12-26 03:45:00+00:00,193.1,193.1,191.83,192.07,3125.63,2021,12,26
2021-12-26 03:46:00+00:00,192.11,192.14,191.43,191.64,1826.81,2021,12,26
2021-12-26 03:47:00+00:00,191.64,191.9,191.19,191.61,7245.93,2021,12,26
2021-12-26 03:48:00+00:00,191.62,191.62,191.25,191.38,1359.49,2021,12,26
2021-12-26 03:49:00+00:00,191.33,191.76,191.13,191.76,975.78,2021,12,26
2021-12-26 03:50:00+00:00,191.75,191.75,191.5,191.63,306.97,2021,12,26
2021-12-26 03:51:00+00:00,191.62,191.67,191.2,191.33,831.32,2021,12,26
2021-12-26 03:52:00+00:00,191.36,191.36,191.07,191.17,449.8,2021,12,26
2021-12-26 03:53:00+00:00,191.2,191.88,191.13,191.88,630.79,2021,12,26
2021-12-26 03:54:00+00:00,191.85,192.17,191.62,192.11,1004.11,2021,12,26
2021-12-26 03:55:00+00:00,192.12,192.25,191.77,191.84,635.87,2021,12,26
2021-12-26 03:56:00+00:00,191.84,191.94,191.34,191.35,707.16,2021,12,26
2021-12-26 03:57:00+00:00,191.36,192.12,191.36,191.92,658.73,2021,12,26
2021-12-26 03:58:00+00:00,191.93,192.1,191.81,191.89,323.85,2021,12,26
2021-12-26 03:59:00+00:00,191.83,191.84,190.8,190.9,5506.27,2021,12,26
2021-12-26 04:00:00+00:00,190.83,190.87,190.44,190.46,1579.92,2021,12,26
2021-12-26 04:01:00+00:00,190.45,191.25,190.22,191.1,3129.43,2021,12,26
2021-12-26 04:02:00+00:00,191.14,191.39,191.07,191.34,1503.07,2021,12,26
2021-12-26 04:03:00+00:00,191.34,191.55,191.03,191.24,887.6,2021,12,26
2021-12-26 04:04:00+00:00,191.23,191.29,191.01,191.17,1152.38,2021,12,26
2021-12-26 04:05:00+00:00,191.18,191.21,190.88,191.03,1275.66,2021,12,26
2021-12-26 04:06:00+00:00,190.98,191.57,190.98,191.45,850.11,2021,12,26
2021-12-26 04:07:00+00:00,191.49,191.51,191.08,191.25,1282.25,2021,12,26
2021-12-26 04:08:00+00:00,191.31,191.67,191.28,191.67,311.75,2021,12,26
2021-12-26 04:09:00+00:00,191.63,192.06,191.56,191.98,629.81,2021,12,26
2021-12-26 04:10:00+00:00,191.93,192.11,191.78,191.86,376.43,2021,12,26
2021-12-26 04:11:00+00:00,191.88,191.96,191.62,191.9,621.58,2021,12,26
2021-12-26 04:12:00+00:00,191.93,192.06,191.92,192.04,528.36,2021,12,26
2021-12-26 04:13:00+00:00,192.03,192.34,192.0,192.11,305.39,2021,12,26
2021-12-26 04:14:00+00:00,192.09,192.22,192.05,192.15,305.05,2021,12,26
2021-12-26 04:15:00+00:00,192.16,192.42,192.12,192.29,245.15,2021,12,26
2021-12-26 04:16:00+00:00,192.34,192.89,192.32,192.5,2024.45,2021,12,26
2021-12-26 04:17:00+00:00,192.45,192.84,192.35,192.64,501.59,2021,12,26
2021-12-26 04:18:00+00:00,192.65,192.76,192.36,192.36,489.17,2021,12,26
2021-12-26 04:19:00+00:00,192.35,192.39,192.03,192.04,441.48,2021,12,26
2021-12-26 04:20:00+00:00,192.05,192.45,192.05,192.32,266.43,2021,12,26
2021-12-26 04:21:00+00:00,192.21,192.67,192.21,192.67,692.99,2021,12,26
2021-12-26 04:22:00+00:00,192.66,193.14,192.41,192.65,5516.01,2021,12,26
2021-12-26 04:23:00+00:00,192.66,193.45,192.61,193.29,4007.1,2021,12,26
2021-12-26 04:24:00+00:00,193.3,193.8,193.23,193.53,4128.14,2021,12,26
2021-12-26 04:25:00+00:00,193.53,193.53,192.89,192.89,1001.69,2021,12,26
2021-12-26 04:26:00+00:00,192.89,192.94,192.66,192.83,298.58,2021,12,26
2021-12-26 04:27:00+00:00,192.81,192.82,192.36,192.43,885.27,2021,12,26
2021-12-26 04:28:00+00:00,192.46,192.54,191.89,191.89,1252.22,2021,12,26
2021-12-26 04:29:00+00:00,191.89,192.13,191.87,191.98,1828.45,2021,12,26
2021-12-26 04:30:00+00:00,191.94,192.25,191.91,192.04,450.43,2021,12,26
2021-12-26 04:31:00+00:00,191.98,192.17,191.94,192.13,262.33,2021,12,26
2021-12-26 04:32:00+00:00,192.09,192.26,191.95,192.09,369.57,2021,12,26
2021-12-26 04:33:00+00:00,192.14,192.41,192.14,192.27,291.65,2021,12,26
2021-12-26 04:34:00+00:00,192.28,192.3,192.0,192.01,323.91,2021,12,26
2021-12-26 04:35:00+00:00,192.01,192.06,191.79,191.84,268.3,2021,12,26
2021-12-26 04:36:00+00:00,191.84,191.84,191.63,191.72,321.38,2021,12,26
2021-12-26 04:37:00+00:00,191.71,192.13,191.68,192.08,689.6,2021,12,26
2021-12-26 04:38:00+00:00,192.07,192.13,191.94,192.07,169.5,2021,12,26
2021-12-26 04:39:00+00:00,192.03,192.2,192.0,192.0,510.71,2021,12,26
2021-12-26 04:40:00+00:00,192.0,192.29,192.0,192.28,76.4,2021,12,26
2021-12-26 04:41:00+00:00,192.24,192.28,191.95,191.95,306.92,2021,12,26
2021-12-26 04:42:00+00:00,191.96,192.41,191.95,192.31,583.28,2021,12,26
2021-12-26 04:43:00+00:00,192.35,192.46,192.28,192.42,390.99,2021,12,26
2021-12-26 04:44:00+00:00,192.4,192.44,192.19,192.24,492.93,2021,12,26
2021-12-26 04:45:00+00:00,192.24,192.39,192.16,192.25,105.27,2021,12,26
2021-12-26 04:46:00+00:00,192.28,192.55,192.27,192.43,250.86,2021,12,26
2021-12-26 04:47:00+00:00,192.43,192.5,192.41,192.44,114.66,2021,12,26
2021-12-26 04:48:00+00:00,192.45,192.59,192.45,192.53,235.92,2021,12,26
2021-12-26 04:49:00+00:00,192.53,192.53,192.41,192.45,304.08,2021,12,26
2021-12-26 04:50:00+00:00,192.45,192.62,192.42,192.54,130.31,2021,12,26
2021-12-26 04:51:00+00:00,192.54,192.59,192.38,192.48,313.53,2021,12,26
2021-12-26 04:52:00+00:00,192.51,192.66,192.5,192.55,134.37,2021,12,26
2021-12-26 04:53:00+00:00,192.55,192.7,192.55,192.63,121.92,2021,12,26
2021-12-26 04:54:00+00:00,192.61,192.75,192.47,192.47,241.42,2021,12,26
2021-12-26 04:55:00+00:00,192.47,192.59,192.46,192.56,77.67,2021,12,26
2021-12-26 04:56:00+00:00,192.54,192.61,192.39,192.48,239.4,2021,12,26
2021-12-26 04:57:00+00:00,192.48,192.53,192.26,192.26,257.15,2021,12,26
2021-12-26 04:58:00+00:00,192.29,192.35,192.16,192.17,130.09,2021,12,26
2021-12-26 04:59:00+00:00,192.15,192.15,191.92,192.12,528.19,2021,12,26
2021-12-26 05:00:00+00:00,192.06,192.06,191.62,191.64,283.93,2021,12,26
2021-12-26 05:01:00+00:00,191.66,191.8,191.61,191.66,442.06,2021,12,26
2021-12-26 05:02:00+00:00,191.69,191.83,191.62,191.65,132.83,2021,12,26
2021-12-26 05:03:00+00:00,191.66,191.96,191.63,191.75,517.51,2021,12,26
2021-12-26 05:04:00+00:00,191.76,192.12,191.7,191.99,467.08,2021,12,26
2021-12-26 05:05:00+00:00,192.02,192.03,191.61,191.61,327.68,2021,12,26
2021-12-26 05:06:00+00:00,191.61,191.67,191.49,191.5,169.36,2021,12,26
2021-12-26 05:07:00+00:00,191.53,191.75,191.4,191.57,921.9,2021,12,26
2021-12-26 05:08:00+00:00,191.56,191.74,191.51,191.64,177.41,2021,12,26
2021-12-26 05:09:00+00:00,191.64,191.83,191.61,191.83,320.09,2021,12,26
2021-12-26 05:10:00+00:00,191.81,191.87,191.66,191.8,351.29,2021,12,26
2021-12-26 05:11:00+00:00,191.84,191.84,191.75,191.78,240.77,2021,12,26
2021-12-26 05:12:00+00:00,191.78,191.8,191.42,191.46,453.08,2021,12,26
2021-12-26 05:13:00+00:00,191.47,191.81,191.47,191.81,440.64,2021,12,26
2021-12-26 05:14:00+00:00,191.79,191.84,191.65,191.84,504.53,2021,12,26
2021-12-26 05:15:00+00:00,191.83,191.86,191.54,191.68,244.6,2021,12,26
2021-12-26 05:16:00+00:00,191.67,191.85,191.66,191.79,948.3,2021,12,26
2021-12-26 05:17:00+00:00,191.79,191.8,191.71,191.78,68.41,2021,12,26
2021-12-26 05:18:00+00:00,191.78,191.91,191.73,191.89,445.38,2021,12,26
2021-12-26 05:19:00+00:00,191.89,191.9,191.79,191.82,186.36,2021,12,26
2021-12-26 05:20:00+00:00,191.82,191.84,191.65,191.8,532.62,2021,12,26
2021-12-26 05:21:00+00:00,191.81,191.82,191.58,191.58,129.17,2021,12,26
2021-12-26 05:22:00+00:00,191.57,191.57,191.35,191.38,564.22,2021,12,26
2021-12-26 05:23:00+00:00,191.38,191.49,191.37,191.41,270.79,2021,12,26
2021-12-26 05:24:00+00:00,191.41,191.88,191.39,191.79,927.94,2021,12,26
2021-12-26 05:25:00+00:00,191.77,191.77,191.03,191.26,1755.47,2021,12,26
2021-12-26 05:26:00+00:00,191.32,191.49,191.31,191.39,98.22,2021,12,26
2021-12-26 05:27:00+00:00,191.38,191.58,191.33,191.33,807.83,2021,12,26
2021-12-26 05:28:00+00:00,191.34,191.48,191.3,191.36,398.49,2021,12,26
2021-12-26 05:29:00+00:00,191.36,191.45,191.32,191.33,843.2,2021,12,26
2021-12-26 05:30:00+00:00,191.32,191.36,191.26,191.29,442.73,2021,12,26
2021-12-26 05:31:00+00:00,191.3,191.3,191.11,191.22,446.13,2021,12,26
2021-12-26 05:32:00+00:00,191.22,191.26,191.06,191.08,504.19,2021,12,26
2021-12-26 05:33:00+00:00,191.07,191.4,191.04,191.4,450.76,2021,12,26
2021-12-26 05:34:00+00:00,191.39,191.48,191.34,191.48,624.8,2021,12,26
2021-12-26 05:35:00+00:00,191.48,191.76,191.34,191.76,538.11,2021,12,26
2021-12-26 05:36:00+00:00,191.76,191.83,191.68,191.83,270.1,2021,12,26
2021-12-26 05:37:00+00:00,191.8,191.92,191.76,191.87,164.88,2021,12,26
2021-12-26 05:38:00+00:00,191.87,192.07,191.8,191.95,322.52,2021,12,26
2021-12-26 05:39:00+00:00,191.94,192.12,191.88,191.92,358.23,2021,12,26
2021-12-26 05:40:00+00:00,191.92,191.99,191.86,191.96,436.16,2021,12,26
2021-12-26 05:41:00+00:00,191.99,191.99,191.76,191.95,351.55,2021,12,26
2021-12-26 05:42:00+00:00,191.98,192.0,191.88,191.95,369.3,2021,12,26
2021-12-26 05:43:00+00:00,191.9,191.94,191.87,191.89,116.03,2021,12,26
2021-12-26 05:44:00+00:00,191.88,191.88,191.75,191.84,99.06,2021,12,26
2021-12-26 05:45:00+00:00,191.84,191.84,191.74,191.8,135.84,2021,12,26
2021-12-26 05:46:00+00:00,191.8,192.12,191.8,192.09,345.83,2021,12,26
2021-12-26 05:47:00+00:00,192.12,192.12,191.66,191.68,333.27,2021,12,26
2021-12-26 05:48:00+00:00,191.68,191.9,191.65,191.69,215.57,2021,12,26
2021-12-26 05:49:00+00:00,191.69,191.71,191.6,191.7,114.88,2021,12,26
2021-12-26 05:50:00+00:00,191.7,191.71,191.55,191.61,122.5,2021,12,26
2021-12-26 05:51:00+00:00,191.62,191.62,191.19,191.19,339.41,2021,12,26
2021-12-26 05:52:00+00:00,191.18,191.26,191.01,191.02,280.79,2021,12,26
2021-12-26 05:53:00+00:00,191.03,191.27,191.01,191.23,981.3,2021,12,26
2021-12-26 05:54:00+00:00,191.22,191.23,191.11,191.17,126.7,2021,12,26
2021-12-26 05:55:00+00:00,191.18,191.65,191.18,191.64,747.22,2021,12,26
2021-12-26 05:56:00+00:00,191.63,191.64,191.56,191.59,273.7,2021,12,26
2021-12-26 05:57:00+00:00,191.61,191.69,191.56,191.6,209.79,2021,12,26
2021-12-26 05:58:00+00:00,191.61,191.62,191.43,191.62,195.87,2021,12,26
2021-12-26 05:59:00+00:00,191.62,191.74,191.53,191.54,361.73,2021,12,26
2021-12-26 06:00:00+00:00,191.54,191.54,191.31,191.36,185.92,2021,12,26
2021-12-26 06:01:00+00:00,191.36,191.74,191.33,191.74,335.47,2021,12,26
2021-12-26 06:02:00+00:00,191.75,191.77,191.5,191.69,622.19,2021,12,26
2021-12-26 06:03:00+00:00,191.73,191.74,191.58,191.69,198.14,2021,12,26
2021-12-26 06:04:00+00:00,191.67,191.78,191.63,191.77,65.43,2021,12,26
2021-12-26 06:05:00+00:00,191.78,191.86,191.69,191.8,331.83,2021,12,26
2021-12-26 06:06:00+00:00,191.81,191.99,191.77,191.8,432.95,2021,12,26
2021-12-26 06:07:00+00:00,191.85,191.97,191.84,191.93,98.84,2021,12,26
2021-12-26 06:08:00+00:00,191.95,192.06,191.87,191.98,448.87,2021,12,26
2021-12-26 06:09:00+00:00,191.98,192.14,191.93,192.14,404.39,2021,12,26
2021-12-26 06:10:00+00:00,192.14,192.15,191.81,191.94,438.51,2021,12,26
2021-12-26 06:11:00+00:00,191.93,192.86,191.93,192.58,7438.34,2021,12,26
2021-12-26 06:12:00+00:00,192.59,192.92,192.44,192.89,1426.31,2021,12,26
2021-12-26 06:13:00+00:00,192.9,193.0,192.72,192.85,955.78,2021,12,26
2021-12-26 06:14:00+00:00,192.84,192.95,192.74,192.77,222.75,2021,12,26
2021-12-26 06:15:00+00:00,192.79,193.0,192.5,192.93,3907.34,2021,12,26
2021-12-26 06:16:00+00:00,192.94,193.15,192.88,192.88,2341.97,2021,12,26
2021-12-26 06:17:00+00:00,192.9,193.21,192.87,193.03,516.67,2021,12,26
2021-12-26 06:18:00+00:00,193.02,193.17,192.89,192.91,269.49,2021,12,26
2021-12-26 06:19:00+00:00,192.9,193.11,192.8,193.0,2295.09,2021,12,26
2021-12-26 06:20:00+00:00,192.99,193.14,192.87,192.95,151.84,2021,12,26
2021-12-26 06:21:00+00:00,192.98,192.99,192.7,192.8,316.6,2021,12,26
2021-12-26 06:22:00+00:00,192.8,192.89,192.76,192.85,87.47,2021,12,26
2021-12-26 06:23:00+00:00,192.84,193.06,192.82,193.03,162.85,2021,12,26
2021-12-26 06:24:00+00:00,193.03,193.07,193.02,193.05,151.39,2021,12,26
2021-12-26 06:25:00+00:00,193.06,193.09,192.71,192.81,612.38,2021,12,26
2021-12-26 06:26:00+00:00,192.82,193.09,192.43,192.97,6243.66,2021,12,26
2021-12-26 06:27:00+00:00,193.0,193.0,192.91,193.0,265.51,2021,12,26
2021-12-26 06:28:00+00:00,193.0,193.26,192.99,193.16,1178.03,2021,12,26
2021-12-26 06:29:00+00:00,193.18,193.19,192.91,192.91,634.05,2021,12,26
2021-12-26 06:30:00+00:00,192.93,193.08,192.88,193.0,274.33,2021,12,26
2021-12-26 06:31:00+00:00,193.0,193.22,193.0,193.04,462.08,2021,12,26
2021-12-26 06:32:00+00:00,193.05,193.18,192.95,193.03,300.42,2021,12,26
2021-12-26 06:33:00+00:00,193.04,193.28,192.92,193.21,346.83,2021,12,26
2021-12-26 06:34:00+00:00,193.27,193.28,192.92,192.96,316.38,2021,12,26
2021-12-26 06:35:00+00:00,192.96,193.04,192.81,192.9,347.9,2021,12,26
2021-12-26 06:36:00+00:00,192.92,193.26,192.88,192.88,763.79,2021,12,26
2021-12-26 06:37:00+00:00,192.89,193.0,192.83,192.96,240.34,2021,12,26
2021-12-26 06:38:00+00:00,192.95,193.33,192.95,193.25,347.61,2021,12,26
2021-12-26 06:39:00+00:00,193.21,193.38,193.07,193.07,407.87,2021,12,26
2021-12-26 06:40:00+00:00,193.08,193.08,192.66,192.79,703.43,2021,12,26
2021-12-26 06:41:00+00:00,192.84,192.84,192.65,192.72,372.41,2021,12,26
2021-12-26 06:42:00+00:00,192.72,192.75,192.61,192.68,568.72,2021,12,26
2021-12-26 06:43:00+00:00,192.68,192.75,192.58,192.58,148.16,2021,12,26
2021-12-26 06:44:00+00:00,192.58,192.78,192.58,192.68,295.73,2021,12,26
2021-12-26 06:45:00+00:00,192.68,193.13,192.68,193.09,380.35,2021,12,26
2021-12-26 06:46:00+00:00,193.12,193.31,193.07,193.11,617.59,2021,12,26
2021-12-26 06:47:00+00:00,193.11,193.11,192.83,192.88,292.38,2021,12,26
2021-12-26 06:48:00+00:00,192.89,192.89,192.89,192.89,2.37,2021,12,26
2021-12-26 06:49:00+00:00,192.92,193.02,192.8,192.99,193.42,2021,12,26
2021-12-26 06:50:00+00:00,192.98,193.0,192.83,192.96,234.81,2021,12,26
2021-12-26 06:51:00+00:00,192.94,193.0,192.92,193.0,111.93,2021,12,26
2021-12-26 06:52:00+00:00,193.0,193.07,192.95,192.96,250.75,2021,12,26
2021-12-26 06:53:00+00:00,192.96,192.98,192.91,192.96,107.48,2021,12,26
2021-12-26 06:54:00+00:00,192.97,192.98,192.87,192.93,103.87,2021,12,26
2021-12-26 06:55:00+00:00,192.94,192.94,192.79,192.85,125.03,2021,12,26
2021-12-26 06:56:00+00:00,192.85,192.98,192.85,192.97,173.58,2021,12,26
2021-12-26 06:57:00+00:00,192.92,193.22,192.88,193.15,284.19,2021,12,26
2021-12-26 06:58:00+00:00,193.18,193.31,193.16,193.27,147.9,2021,12,26
2021-12-26 06:59:00+00:00,193.28,193.35,193.2,193.31,100.47,2021,12,26
2021-12-26 07:00:00+00:00,193.29,193.3,193.09,193.22,113.46,2021,12,26
2021-12-26 07:01:00+00:00,193.21,193.53,193.21,193.51,441.13,2021,12,26
2021-12-26 07:02:00+00:00,193.51,193.51,193.36,193.49,124.12,2021,12,26
2021-12-26 07:03:00+00:00,193.47,193.48,193.15,193.18,275.7,2021,12,26
2021-12-26 07:04:00+00:00,193.16,193.25,193.08,193.18,1137.29,2021,12,26
2021-12-26 07:05:00+00:00,193.18,193.18,192.85,192.85,691.16,2021,12,26
2021-12-26 07:06:00+00:00,192.84,192.88,192.67,192.71,316.55,2021,12,26
2021-12-26 07:07:00+00:00,192.69,192.79,192.65,192.69,273.05,2021,12,26
2021-12-26 07:08:00+00:00,192.71,192.75,192.62,192.62,129.02,2021,12,26
2021-12-26 07:09:00+00:00,192.61,192.68,192.54,192.6,347.85,2021,12,26
2021-12-26 07:10:00+00:00,192.55,192.57,192.29,192.57,275.3,2021,12,26
2021-12-26 07:11:00+00:00,192.55,192.63,192.45,192.59,235.17,2021,12,26
2021-12-26 07:12:00+00:00,192.6,192.75,192.53,192.6,212.91,2021,12,26
2021-12-26 07:13:00+00:00,192.62,192.84,192.59,192.74,162.65,2021,12,26
2021-12-26 07:14:00+00:00,192.74,192.84,192.73,192.78,98.2,2021,12,26
2021-12-26 07:15:00+00:00,192.79,192.84,192.73,192.76,133.73,2021,12,26
2021-12-26 07:16:00+00:00,192.75,193.07,192.75,193.04,239.42,2021,12,26
2021-12-26 07:17:00+00:00,193.04,193.04,192.87,192.99,227.94,2021,12,26
2021-12-26 07:18:00+00:00,192.97,193.16,192.97,193.16,331.95,2021,12,26
2021-12-26 07:19:00+00:00,193.15,193.21,193.08,193.19,278.53,2021,12,26
2021-12-26 07:20:00+00:00,193.18,193.18,193.07,193.14,194.58,2021,12,26
2021-12-26 07:21:00+00:00,193.13,193.25,193.12,193.25,123.16,2021,12,26
2021-12-26 07:22:00+00:00,193.23,193.23,193.07,193.19,236.4,2021,12,26
2021-12-26 07:23:00+00:00,193.18,193.18,193.0,193.07,220.18,2021,12,26
2021-12-26 07:24:00+00:00,193.06,193.09,192.93,193.07,569.01,2021,12,26
2021-12-26 07:25:00+00:00,193.08,193.19,192.96,193.0,321.31,2021,12,26
2021-12-26 07:26:00+00:00,193.0,193.05,192.88,192.88,109.09,2021,12,26
2021-12-26 07:27:00+00:00,192.87,193.12,192.87,192.99,387.55,2021,12,26
2021-12-26 07:28:00+00:00,193.01,193.16,192.99,193.13,259.97,2021,12,26
2021-12-26 07:29:00+00:00,193.13,193.19,193.06,193.11,95.03,2021,12,26
2021-12-26 07:30:00+00:00,193.11,193.11,192.86,192.86,139.25,2021,12,26
2021-12-26 07:31:00+00:00,192.86,192.96,192.79,192.82,283.91,2021,12,26
2021-12-26 07:32:00+00:00,192.83,192.91,192.69,192.89,295.44,2021,12,26
2021-12-26 07:33:00+00:00,192.89,193.09,192.84,192.89,272.12,2021,12,26
2021-12-26 07:34:00+00:00,192.89,193.19,192.69,192.79,3473.46,2021,12,26
2021-12-26 07:35:00+00:00,192.79,192.8,192.5,192.54,524.18,2021,12,26
2021-12-26 07:36:00+00:00,192.56,192.63,192.51,192.63,85.2,2021,12,26
2021-12-26 07:37:00+00:00,192.58,192.63,192.51,192.53,144.49,2021,12,26
2021-12-26 07:38:00+00:00,192.57,192.64,192.55,192.57,35.95,2021,12,26
2021-12-26 07:39:00+00:00,192.58,192.58,192.45,192.53,799.82,2021,12,26
2021-12-26 07:40:00+00:00,192.52,192.52,192.47,192.51,163.66,2021,12,26
2021-12-26 07:41:00+00:00,192.52,192.52,192.41,192.5,112.86,2021,12,26
2021-12-26 07:42:00+00:00,192.49,192.5,192.41,192.48,174.52,2021,12,26
2021-12-26 07:43:00+00:00,192.45,192.62,192.45,192.52,755.6,2021,12,26
2021-12-26 07:44:00+00:00,192.51,192.59,192.46,192.46,158.43,2021,12,26
2021-12-26 07:45:00+00:00,192.46,192.46,192.34,192.42,121.41,2021,12,26
2021-12-26 07:46:00+00:00,192.44,192.44,192.1,192.37,909.44,2021,12,26
2021-12-26 07:47:00+00:00,192.36,192.36,192.36,192.36,0.51,2021,12,26
2021-12-26 07:48:00+00:00,192.3,192.59,192.29,192.59,74.93,2021,12,26
2021-12-26 07:49:00+00:00,192.6,192.76,192.6,192.72,209.14,2021,12,26
2021-12-26 07:50:00+00:00,192.74,192.9,192.74,192.89,176.35,2021,12,26
2021-12-26 07:51:00+00:00,192.88,193.1,192.88,193.09,596.17,2021,12,26
2021-12-26 07:52:00+00:00,193.09,193.09,192.91,192.92,152.77,2021,12,26
2021-12-26 07:53:00+00:00,192.96,192.96,192.75,192.76,206.27,2021,12,26
2021-12-26 07:54:00+00:00,192.76,192.76,192.63,192.68,477.64,2021,12,26
2021-12-26 07:55:00+00:00,192.66,192.89,192.63,192.84,182.47,2021,12,26
2021-12-26 07:56:00+00:00,192.84,192.89,192.65,192.66,119.9,2021,12,26
2021-12-26 07:57:00+00:00,192.68,192.86,192.66,192.81,247.51,2021,12,26
2021-12-26 07:58:00+00:00,192.82,192.95,192.76,192.91,263.96,2021,12,26
2021-12-26 07:59:00+00:00,192.93,193.1,192.76,192.76,746.27,2021,12,26
2021-12-26 08:00:00+00:00,192.77,192.82,192.43,192.44,419.65,2021,12,26
2021-12-26 08:01:00+00:00,192.45,192.77,192.45,192.72,276.63,2021,12,26
2021-12-26 08:02:00+00:00,192.73,192.9,192.71,192.82,404.57,2021,12,26
2021-12-26 08:03:00+00:00,192.78,193.07,192.78,192.92,277.49,2021,12,26
2021-12-26 08:04:00+00:00,192.91,192.94,192.68,192.9,453.44,2021,12,26
2021-12-26 08:05:00+00:00,192.91,193.04,192.89,192.93,625.58,2021,12,26
2021-12-26 08:06:00+00:00,192.93,193.16,192.93,193.13,1000.21,2021,12,26
2021-12-26 08:07:00+00:00,193.12,193.17,193.0,193.11,430.96,2021,12,26
2021-12-26 08:08:00+00:00,193.14,193.21,192.78,192.88,2407.58,2021,12,26
2021-12-26 08:09:00+00:00,192.86,193.11,192.84,193.02,314.53,2021,12,26
2021-12-26 08:10:00+00:00,193.08,193.22,192.99,193.21,196.08,2021,12,26
2021-12-26 08:11:00+00:00,193.2,193.32,193.14,193.16,630.35,2021,12,26
2021-12-26 08:12:00+00:00,193.25,193.5,193.25,193.49,932.72,2021,12,26
2021-12-26 08:13:00+00:00,193.47,193.73,193.46,193.67,460.33,2021,12,26
2021-12-26 08:14:00+00:00,193.66,193.84,193.62,193.78,428.88,2021,12,26
2021-12-26 08:15:00+00:00,193.78,193.92,193.71,193.8,568.6,2021,12,26
2021-12-26 08:16:00+00:00,193.8,194.1,193.76,194.05,860.69,2021,12,26
2021-12-26 08:17:00+00:00,194.04,194.04,193.81,193.94,629.21,2021,12,26
2021-12-26 08:18:00+00:00,193.99,194.0,193.75,193.86,647.93,2021,12,26
2021-12-26 08:19:00+00:00,193.86,194.1,193.8,194.06,993.2,2021,12,26
2021-12-26 08:20:00+00:00,194.07,194.11,193.94,194.01,446.51,2021,12,26
2021-12-26 08:21:00+00:00,194.0,194.19,193.93,194.13,1865.38,2021,12,26
2021-12-26 08:22:00+00:00,194.17,194.2,194.08,194.18,329.04,2021,12,26
2021-12-26 08:23:00+00:00,194.18,194.39,194.17,194.36,821.42,2021,12,26
2021-12-26 08:24:00+00:00,194.37,194.38,194.23,194.32,447.84,2021,12,26
2021-12-26 08:25:00+00:00,194.35,194.37,194.06,194.09,651.12,2021,12,26
2021-12-26 08:26:00+00:00,194.09,194.12,193.84,193.89,740.35,2021,12,26
2021-12-26 08:27:00+00:00,193.87,194.1,193.87,194.07,447.8,2021,12,26
2021-12-26 08:28:00+00:00,194.08,194.26,194.07,194.23,363.51,2021,12,26
2021-12-26 08:29:00+00:00,194.26,194.37,194.26,194.34,438.05,2021,12,26
2021-12-26 08:30:00+00:00,194.34,194.35,193.92,193.92,456.56,2021,12,26
2021-12-26 08:31:00+00:00,193.91,193.99,193.87,193.89,352.22,2021,12,26
2021-12-26 08:32:00+00:00,193.89,193.95,193.81,193.89,299.26,2021,12,26
2021-12-26 08:33:00+00:00,193.9,194.05,193.79,194.01,783.56,2021,12,26
2021-12-26 08:34:00+00:00,194.0,194.12,193.97,194.03,215.46,2021,12,26
2021-12-26 08:35:00+00:00,194.05,194.17,194.02,194.08,245.31,2021,12,26
2021-12-26 08:36:00+00:00,194.05,194.06,193.8,194.03,334.09,2021,12,26
2021-12-26 08:37:00+00:00,194.03,194.09,193.85,193.91,499.33,2021,12,26
2021-12-26 08:38:00+00:00,193.92,193.92,193.69,193.7,314.75,2021,12,26
2021-12-26 08:39:00+00:00,193.7,193.7,193.51,193.53,261.83,2021,12,26
2021-12-26 08:40:00+00:00,193.53,193.86,193.52,193.84,482.44,2021,12,26
2021-12-26 08:41:00+00:00,193.81,193.84,193.65,193.67,352.2,2021,12,26
2021-12-26 08:42:00+00:00,193.69,193.71,193.6,193.67,394.61,2021,12,26
2021-12-26 08:43:00+00:00,193.68,193.87,193.66,193.75,282.64,2021,12,26
2021-12-26 08:44:00+00:00,193.75,193.8,193.41,193.45,372.5,2021,12,26
2021-12-26 08:45:00+00:00,193.46,193.52,193.32,193.42,381.56,2021,12,26
2021-12-26 08:46:00+00:00,193.43,193.43,193.25,193.25,385.83,2021,12,26
2021-12-26 08:47:00+00:00,193.3,193.4,193.27,193.31,591.49,2021,12,26
2021-12-26 08:48:00+00:00,193.33,193.33,193.05,193.21,671.43,2021,12,26
2021-12-26 08:49:00+00:00,193.22,193.28,193.13,193.15,755.52,2021,12,26
2021-12-26 08:50:00+00:00,193.16,193.37,193.12,193.36,2538.08,2021,12,26
2021-12-26 08:51:00+00:00,193.36,193.49,193.36,193.49,134.95,2021,12,26
2021-12-26 08:52:00+00:00,193.5,193.5,193.05,193.18,2013.09,2021,12,26
2021-12-26 08:53:00+00:00,193.2,193.2,193.02,193.07,258.18,2021,12,26
2021-12-26 08:54:00+00:00,193.06,193.18,192.91,193.17,321.94,2021,12,26
2021-12-26 08:55:00+00:00,193.17,193.17,193.0,193.06,225.83,2021,12,26
2021-12-26 08:56:00+00:00,193.07,193.2,192.98,193.16,428.49,2021,12,26
2021-12-26 08:57:00+00:00,193.17,193.29,193.16,193.25,192.67,2021,12,26
2021-12-26 08:58:00+00:00,193.26,193.47,193.24,193.47,133.27,2021,12,26
2021-12-26 08:59:00+00:00,193.46,193.59,193.43,193.48,532.59,2021,12,26
2021-12-26 09:00:00+00:00,193.53,193.59,193.48,193.53,140.13,2021,12,26
2021-12-26 09:01:00+00:00,193.52,193.64,193.48,193.57,186.52,2021,12,26
2021-12-26 09:02:00+00:00,193.6,193.61,193.41,193.41,410.98,2021,12,26
2021-12-26 09:03:00+00:00,193.4,193.59,193.17,193.19,1488.01,2021,12,26
2021-12-26 09:04:00+00:00,193.18,193.21,193.0,193.08,1483.48,2021,12,26
2021-12-26 09:05:00+00:00,193.09,193.27,193.05,193.24,375.86,2021,12,26
2021-12-26 09:06:00+00:00,193.23,193.26,193.08,193.21,765.3,2021,12,26
2021-12-26 09:07:00+00:00,193.21,193.39,193.15,193.16,348.94,2021,12,26
2021-12-26 09:08:00+00:00,193.15,193.28,193.15,193.26,220.1,2021,12,26
2021-12-26 09:09:00+00:00,193.27,193.31,193.2,193.21,134.63,2021,12,26
2021-12-26 09:10:00+00:00,193.21,193.29,193.12,193.2,298.23,2021,12,26
2021-12-26 09:11:00+00:00,193.18,193.3,193.1,193.26,420.82,2021,12,26
2021-12-26 09:12:00+00:00,193.28,193.38,193.27,193.35,182.06,2021,12,26
2021-12-26 09:13:00+00:00,193.34,193.43,193.34,193.43,353.16,2021,12,26
2021-12-26 09:14:00+00:00,193.43,193.47,193.25,193.25,243.08,2021,12,26
2021-12-26 09:15:00+00:00,193.25,193.28,193.16,193.26,171.68,2021,12,26
2021-12-26 09:16:00+00:00,193.27,193.36,193.21,193.3,420.38,2021,12,26
2021-12-26 09:17:00+00:00,193.31,193.42,193.3,193.42,179.91,2021,12,26
2021-12-26 09:18:00+00:00,193.41,193.62,193.41,193.59,332.71,2021,12,26
2021-12-26 09:19:00+00:00,193.59,193.67,193.47,193.62,506.8,2021,12,26
2021-12-26 09:20:00+00:00,193.62,193.79,193.54,193.74,414.59,2021,12,26
2021-12-26 09:21:00+00:00,193.74,193.89,193.66,193.84,301.98,2021,12,26
2021-12-26 09:22:00+00:00,193.83,193.99,193.83,193.93,343.86,2021,12,26
2021-12-26 09:23:00+00:00,193.93,194.12,193.93,194.08,477.23,2021,12,26
2021-12-26 09:24:00+00:00,194.12,194.16,193.93,193.93,251.93,2021,12,26
2021-12-26 09:25:00+00:00,193.91,194.1,193.9,194.1,593.98,2021,12,26
2021-12-26 09:26:00+00:00,194.1,194.2,194.09,194.17,290.76,2021,12,26
2021-12-26 09:27:00+00:00,194.15,194.2,193.92,194.01,326.94,2021,12,26
2021-12-26 09:28:00+00:00,194.0,194.23,194.0,194.15,514.58,2021,12,26
2021-12-26 09:29:00+00:00,194.18,194.24,193.96,194.01,542.0,2021,12,26
2021-12-26 09:30:00+00:00,194.04,194.05,193.73,193.73,249.84,2021,12,26
2021-12-26 09:31:00+00:00,193.76,194.1,193.76,193.99,576.91,2021,12,26
2021-12-26 09:32:00+00:00,193.9,194.0,193.87,193.98,228.77,2021,12,26
2021-12-26 09:33:00+00:00,193.97,194.27,193.94,194.1,801.83,2021,12,26
2021-12-26 09:34:00+00:00,194.11,194.19,194.04,194.1,254.01,2021,12,26
2021-12-26 09:35:00+00:00,194.14,194.17,193.99,194.17,1195.19,2021,12,26
2021-12-26 09:36:00+00:00,194.18,194.3,194.11,194.28,344.09,2021,12,26
2021-12-26 09:37:00+00:00,194.29,194.33,194.09,194.24,208.07,2021,12,26
2021-12-26 09:38:00+00:00,194.23,194.28,194.17,194.27,269.87,2021,12,26
2021-12-26 09:39:00+00:00,194.24,194.34,194.1,194.21,866.72,2021,12,26
2021-12-26 09:40:00+00:00,194.21,194.35,194.14,194.14,1235.18,2021,12,26
2021-12-26 09:41:00+00:00,194.14,194.34,194.1,194.26,307.79,2021,12,26
2021-12-26 09:42:00+00:00,194.29,194.52,194.29,194.45,806.04,2021,12,26
2021-12-26 09:43:00+00:00,194.46,194.53,194.39,194.53,406.33,2021,12,26
2021-12-26 09:44:00+00:00,194.53,194.53,194.34,194.49,486.44,2021,12,26
2021-12-26 09:45:00+00:00,194.51,194.59,194.45,194.52,781.32,2021,12,26
2021-12-26 09:46:00+00:00,194.53,194.79,194.53,194.75,1588.57,2021,12,26
2021-12-26 09:47:00+00:00,194.75,194.8,194.5,194.62,681.89,2021,12,26
2021-12-26 09:48:00+00:00,194.63,194.8,194.57,194.59,746.55,2021,12,26
2021-12-26 09:49:00+00:00,194.59,194.82,194.46,194.68,954.99,2021,12,26
2021-12-26 09:50:00+00:00,194.71,195.01,194.59,195.01,6669.7,2021,12,26
2021-12-26 09:51:00+00:00,195.01,195.09,194.91,194.99,1119.97,2021,12,26
2021-12-26 09:52:00+00:00,194.99,195.0,194.24,194.28,1010.91,2021,12,26
2021-12-26 09:53:00+00:00,194.33,194.48,194.25,194.45,558.18,2021,12,26
2021-12-26 09:54:00+00:00,194.46,194.6,194.0,194.03,995.0,2021,12,26
2021-12-26 09:55:00+00:00,194.03,194.3,194.03,194.21,311.51,2021,12,26
2021-12-26 09:56:00+00:00,194.21,194.56,194.21,194.56,1095.1,2021,12,26
2021-12-26 09:57:00+00:00,194.56,194.74,194.49,194.56,1658.71,2021,12,26
2021-12-26 09:58:00+00:00,194.59,194.8,194.59,194.8,1046.82,2021,12,26
2021-12-26 09:59:00+00:00,194.8,195.08,194.7,194.73,1377.01,2021,12,26
2021-12-26 10:00:00+00:00,194.73,195.09,194.73,195.05,375.31,2021,12,26
2021-12-26 10:01:00+00:00,195.06,195.89,195.03,195.76,4668.59,2021,12,26
2021-12-26 10:02:00+00:00,195.71,195.89,195.71,195.77,1301.11,2021,12,26
2021-12-26 10:03:00+00:00,195.77,195.96,195.75,195.93,2500.55,2021,12,26
2021-12-26 10:04:00+00:00,195.92,195.99,195.78,195.79,1823.18,2021,12,26
2021-12-26 10:05:00+00:00,195.78,195.8,195.3,195.66,2846.99,2021,12,26
2021-12-26 10:06:00+00:00,195.65,195.76,195.49,195.54,1021.34,2021,12,26
2021-12-26 10:07:00+00:00,195.55,195.84,195.51,195.6,1734.52,2021,12,26
2021-12-26 10:08:00+00:00,195.58,195.82,195.54,195.67,1641.07,2021,12,26
2021-12-26 10:09:00+00:00,195.62,195.78,195.62,195.68,764.23,2021,12,26
2021-12-26 10:10:00+00:00,195.68,196.0,195.67,195.91,2178.51,2021,12,26
2021-12-26 10:11:00+00:00,195.92,196.08,195.89,196.02,2551.07,2021,12,26
2021-12-26 10:12:00+00:00,196.01,196.15,195.85,196.0,1698.87,2021,12,26
2021-12-26 10:13:00+00:00,196.0,196.38,196.0,196.13,2132.46,2021,12,26
2021-12-26 10:14:00+00:00,196.21,196.21,195.17,195.44,5808.81,2021,12,26
2021-12-26 10:15:00+00:00,195.43,195.93,195.33,195.74,2546.14,2021,12,26
2021-12-26 10:16:00+00:00,195.74,195.97,195.65,195.81,1866.1,2021,12,26
2021-12-26 10:17:00+00:00,195.82,196.43,195.78,196.16,3217.21,2021,12,26
2021-12-26 10:18:00+00:00,196.15,196.27,195.82,195.93,1178.41,2021,12,26
2021-12-26 10:19:00+00:00,195.92,196.71,195.89,196.5,6596.08,2021,12,26
2021-12-26 10:20:00+00:00,196.5,196.8,196.3,196.32,2621.72,2021,12,26
2021-12-26 10:21:00+00:00,196.32,196.38,195.0,195.76,5853.23,2021,12,26
2021-12-26 10:22:00+00:00,195.75,196.0,195.66,195.78,3905.63,2021,12,26
2021-12-26 10:23:00+00:00,195.77,196.34,195.56,196.01,5799.9,2021,12,26
2021-12-26 10:24:00+00:00,196.01,196.14,195.75,195.78,1022.53,2021,12,26
2021-12-26 10:25:00+00:00,195.77,196.2,195.58,196.03,3353.86,2021,12,26
2021-12-26 10:26:00+00:00,196.03,196.8,196.01,196.46,7248.62,2021,12,26
2021-12-26 10:27:00+00:00,196.44,197.0,196.41,196.82,6533.72,2021,12,26
2021-12-26 10:28:00+00:00,196.82,197.0,196.73,196.83,5345.62,2021,12,26
2021-12-26 10:29:00+00:00,196.83,197.16,196.68,196.91,5612.49,2021,12,26
2021-12-26 10:30:00+00:00,196.89,197.06,196.61,196.98,1589.18,2021,12,26
2021-12-26 10:31:00+00:00,197.01,197.46,197.01,197.21,3673.68,2021,12,26
2021-12-26 10:32:00+00:00,197.22,197.39,197.19,197.31,1250.49,2021,12,26
2021-12-26 10:33:00+00:00,197.31,197.96,197.31,197.73,6250.11,2021,12,26
2021-12-26 10:34:00+00:00,197.7,197.77,196.49,197.06,6795.88,2021,12,26
2021-12-26 10:35:00+00:00,197.06,197.07,196.71,196.75,928.25,2021,12,26
2021-12-26 10:36:00+00:00,196.74,197.04,196.7,197.03,803.41,2021,12,26
2021-12-26 10:37:00+00:00,197.02,197.33,196.89,197.13,1829.61,2021,12,26
2021-12-26 10:38:00+00:00,197.14,197.34,197.13,197.22,655.86,2021,12,26
2021-12-26 10:39:00+00:00,197.22,197.47,196.84,197.29,2596.04,2021,12,26
2021-12-26 10:40:00+00:00,197.3,197.36,197.21,197.24,378.13,2021,12,26
2021-12-26 10:41:00+00:00,197.24,197.24,196.24,196.54,3581.29,2021,12,26
2021-12-26 10:42:00+00:00,196.51,196.61,196.35,196.49,1171.38,2021,12,26
2021-12-26 10:43:00+00:00,196.53,196.8,196.53,196.61,785.88,2021,12,26
2021-12-26 10:44:00+00:00,196.61,197.16,196.61,197.1,1053.56,2021,12,26
2021-12-26 10:45:00+00:00,197.1,197.24,196.66,196.68,712.81,2021,12,26
2021-12-26 10:46:00+00:00,196.68,196.68,196.3,196.56,769.1,2021,12,26
2021-12-26 10:47:00+00:00,196.55,197.14,196.48,196.82,2089.12,2021,12,26
2021-12-26 10:48:00+00:00,196.84,196.88,196.65,196.66,373.3,2021,12,26
2021-12-26 10:49:00+00:00,196.66,196.95,196.63,196.88,534.75,2021,12,26
2021-12-26 10:50:00+00:00,196.88,196.88,196.51,196.61,652.99,2021,12,26
2021-12-26 10:51:00+00:00,196.61,196.68,196.29,196.51,652.16,2021,12,26
2021-12-26 10:52:00+00:00,196.52,196.78,196.5,196.65,535.22,2021,12,26
2021-12-26 10:53:00+00:00,196.65,197.48,196.62,197.16,4527.37,2021,12,26
2021-12-26 10:54:00+00:00,197.16,197.36,197.12,197.25,399.0,2021,12,26
2021-12-26 10:55:00+00:00,197.25,197.48,197.23,197.47,553.93,2021,12,26
2021-12-26 10:56:00+00:00,197.47,197.5,197.14,197.18,1318.98,2021,12,26
2021-12-26 10:57:00+00:00,197.2,197.75,197.18,197.56,2292.29,2021,12,26
2021-12-26 10:58:00+00:00,197.59,197.97,197.48,197.67,2516.61,2021,12,26
2021-12-26 10:59:00+00:00,197.63,197.8,197.3,197.46,911.97,2021,12,26
2021-12-26 11:00:00+00:00,197.46,197.57,197.24,197.28,501.36,2021,12,26
2021-12-26 11:01:00+00:00,197.32,197.52,197.18,197.23,497.78,2021,12,26
2021-12-26 11:02:00+00:00,197.24,197.41,196.99,197.02,1865.73,2021,12,26
2021-12-26 11:03:00+00:00,197.08,197.12,196.49,196.75,1961.59,2021,12,26
2021-12-26 11:04:00+00:00,196.77,197.09,196.7,197.09,1828.25,2021,12,26
2021-12-26 11:05:00+00:00,197.09,197.46,197.06,197.43,707.43,2021,12,26
2021-12-26 11:06:00+00:00,197.43,197.8,197.42,197.47,1096.29,2021,12,26
2021-12-26 11:07:00+00:00,197.49,197.57,197.34,197.37,802.12,2021,12,26
2021-12-26 11:08:00+00:00,197.37,198.0,197.37,197.89,1866.79,2021,12,26
2021-12-26 11:09:00+00:00,197.9,198.0,197.78,197.9,1031.48,2021,12,26
2021-12-26 11:10:00+00:00,197.9,197.96,197.61,197.82,916.06,2021,12,26
2021-12-26 11:11:00+00:00,197.83,197.84,197.62,197.64,890.35,2021,12,26
2021-12-26 11:12:00+00:00,197.66,197.99,197.64,197.92,499.31,2021,12,26
2021-12-26 11:13:00+00:00,197.92,197.95,197.71,197.89,712.71,2021,12,26
2021-12-26 11:14:00+00:00,197.89,197.91,197.69,197.82,347.12,2021,12,26
2021-12-26 11:15:00+00:00,197.84,197.93,197.78,197.82,858.75,2021,12,26
2021-12-26 11:16:00+00:00,197.82,197.83,197.47,197.49,2346.52,2021,12,26
2021-12-26 11:17:00+00:00,197.48,197.64,197.44,197.61,410.62,2021,12,26
2021-12-26 11:18:00+00:00,197.61,197.87,197.56,197.87,1456.0,2021,12,26
2021-12-26 11:19:00+00:00,197.84,198.22,197.79,198.11,4407.62,2021,12,26
2021-12-26 11:20:00+00:00,198.12,198.55,198.02,198.31,4178.36,2021,12,26
2021-12-26 11:21:00+00:00,198.31,198.58,198.31,198.45,1537.8,2021,12,26
2021-12-26 11:22:00+00:00,198.46,198.68,198.38,198.58,2778.56,2021,12,26
2021-12-26 11:23:00+00:00,198.59,198.73,198.35,198.38,2289.54,2021,12,26
2021-12-26 11:24:00+00:00,198.38,198.53,198.3,198.52,678.11,2021,12,26
2021-12-26 11:25:00+00:00,198.52,198.52,198.18,198.27,1724.71,2021,12,26
2021-12-26 11:26:00+00:00,198.27,198.33,198.0,198.13,1356.0,2021,12,26
2021-12-26 11:27:00+00:00,198.14,198.35,198.11,198.22,1347.54,2021,12,26
2021-12-26 11:28:00+00:00,198.23,198.34,198.09,198.14,408.34,2021,12,26
2021-12-26 11:29:00+00:00,198.1,198.2,197.83,197.89,2557.83,2021,12,26
2021-12-26 11:30:00+00:00,197.91,197.96,197.58,197.59,618.09,2021,12,26
2021-12-26 11:31:00+00:00,197.57,197.59,197.43,197.52,737.69,2021,12,26
2021-12-26 11:32:00+00:00,197.5,197.6,197.4,197.55,527.46,2021,12,26
2021-12-26 11:33:00+00:00,197.55,198.06,197.5,197.9,1968.8,2021,12,26
2021-12-26 11:34:00+00:00,197.9,197.98,197.31,197.48,1860.15,2021,12,26
2021-12-26 11:35:00+00:00,197.5,197.51,196.72,196.74,1529.99,2021,12,26
2021-12-26 11:36:00+00:00,196.73,196.89,196.63,196.8,822.72,2021,12,26
2021-12-26 11:37:00+00:00,196.82,196.96,196.55,196.87,1599.9,2021,12,26
2021-12-26 11:38:00+00:00,196.85,197.39,196.68,197.31,3526.73,2021,12,26
2021-12-26 11:39:00+00:00,197.35,197.39,196.5,196.57,4742.2,2021,12,26
2021-12-26 11:40:00+00:00,196.55,196.56,196.03,196.15,1715.63,2021,12,26
2021-12-26 11:41:00+00:00,196.11,196.25,195.94,196.14,2482.77,2021,12,26
2021-12-26 11:42:00+00:00,196.15,196.59,196.1,196.36,646.97,2021,12,26
2021-12-26 11:43:00+00:00,196.41,196.66,196.4,196.51,1112.02,2021,12,26
2021-12-26 11:44:00+00:00,196.55,196.68,196.5,196.61,366.69,2021,12,26
2021-12-26 11:45:00+00:00,196.6,196.74,196.2,196.21,755.11,2021,12,26
2021-12-26 11:46:00+00:00,196.21,196.21,195.51,195.55,2541.49,2021,12,26
2021-12-26 11:47:00+00:00,195.55,195.69,195.09,195.56,2778.41,2021,12,26
2021-12-26 11:48:00+00:00,195.57,195.58,194.48,195.19,4859.75,2021,12,26
2021-12-26 11:49:00+00:00,195.2,195.9,195.2,195.47,2635.46,2021,12,26
2021-12-26 11:50:00+00:00,195.47,196.24,195.43,195.99,1649.77,2021,12,26
2021-12-26 11:51:00+00:00,196.0,196.13,195.63,195.74,1166.42,2021,12,26
2021-12-26 11:52:00+00:00,195.74,195.78,195.38,195.45,1955.89,2021,12,26
2021-12-26 11:53:00+00:00,195.46,196.1,195.43,195.97,1189.12,2021,12,26
2021-12-26 11:54:00+00:00,195.95,196.21,195.95,195.99,688.37,2021,12,26
2021-12-26 11:55:00+00:00,195.99,196.44,195.87,196.38,2053.18,2021,12,26
2021-12-26 11:56:00+00:00,196.37,196.41,196.21,196.34,765.81,2021,12,26
2021-12-26 11:57:00+00:00,196.33,196.4,196.08,196.09,271.04,2021,12,26
2021-12-26 11:58:00+00:00,196.11,196.33,196.01,196.25,666.77,2021,12,26
2021-12-26 11:59:00+00:00,196.3,196.69,196.24,196.5,1152.75,2021,12,26
2021-12-26 12:00:00+00:00,196.49,196.49,195.7,195.79,1642.61,2021,12,26
2021-12-26 12:01:00+00:00,195.84,196.1,195.76,195.94,3182.84,2021,12,26
2021-12-26 12:02:00+00:00,195.95,196.39,195.95,196.31,1646.8,2021,12,26
2021-12-26 12:03:00+00:00,196.3,196.64,196.29,196.42,1284.15,2021,12,26
2021-12-26 12:04:00+00:00,196.47,196.61,196.12,196.21,549.81,2021,12,26
2021-12-26 12:05:00+00:00,196.24,196.5,196.19,196.47,577.13,2021,12,26
2021-12-26 12:06:00+00:00,196.48,196.66,196.46,196.56,679.07,2021,12,26
2021-12-26 12:07:00+00:00,196.56,196.73,196.29,196.62,2250.0,2021,12,26
2021-12-26 12:08:00+00:00,196.63,196.76,195.81,196.17,3299.85,2021,12,26
2021-12-26 12:09:00+00:00,196.13,196.65,196.13,196.59,1658.33,2021,12,26
2021-12-26 12:10:00+00:00,196.61,196.83,196.23,196.61,3556.92,2021,12,26
2021-12-26 12:11:00+00:00,196.66,196.92,196.6,196.9,853.36,2021,12,26
2021-12-26 12:12:00+00:00,196.88,196.94,196.83,196.94,675.13,2021,12,26
2021-12-26 12:13:00+00:00,196.9,196.93,196.74,196.75,445.72,2021,12,26
2021-12-26 12:14:00+00:00,196.74,196.75,196.43,196.57,825.32,2021,12,26
2021-12-26 12:15:00+00:00,196.52,196.59,196.14,196.35,996.01,2021,12,26
2021-12-26 12:16:00+00:00,196.35,196.5,196.09,196.24,1090.27,2021,12,26
2021-12-26 12:17:00+00:00,196.21,196.35,196.14,196.28,734.86,2021,12,26
2021-12-26 12:18:00+00:00,196.29,196.34,196.1,196.16,438.42,2021,12,26
2021-12-26 12:19:00+00:00,196.17,196.29,196.15,196.15,441.23,2021,12,26
2021-12-26 12:20:00+00:00,196.15,196.3,196.0,196.0,1188.26,2021,12,26
2021-12-26 12:21:00+00:00,196.0,196.2,196.0,196.11,691.76,2021,12,26
2021-12-26 12:22:00+00:00,196.12,196.13,196.03,196.03,414.88,2021,12,26
2021-12-26 12:23:00+00:00,196.05,196.09,196.0,196.09,373.69,2021,12,26
2021-12-26 12:24:00+00:00,196.09,196.09,195.96,195.98,754.64,2021,12,26
2021-12-26 12:25:00+00:00,196.02,196.02,195.81,195.83,689.7,2021,12,26
2021-12-26 12:26:00+00:00,195.81,195.82,195.41,195.47,1787.87,2021,12,26
2021-12-26 12:27:00+00:00,195.48,196.08,195.15,195.22,10871.69,2021,12,26
2021-12-26 12:28:00+00:00,195.22,195.64,195.22,195.42,2998.24,2021,12,26
2021-12-26 12:29:00+00:00,195.43,195.62,195.37,195.42,553.59,2021,12,26
2021-12-26 12:30:00+00:00,195.39,196.22,195.39,196.16,2826.08,2021,12,26
2021-12-26 12:31:00+00:00,196.15,196.59,195.81,196.49,3288.63,2021,12,26
2021-12-26 12:32:00+00:00,196.5,196.65,196.29,196.33,279.18,2021,12,26
2021-12-26 12:33:00+00:00,196.38,196.88,196.27,196.62,3660.81,2021,12,26
2021-12-26 12:34:00+00:00,196.62,197.0,196.31,196.79,4634.28,2021,12,26
2021-12-26 12:35:00+00:00,196.78,196.94,196.63,196.63,745.51,2021,12,26
2021-12-26 12:36:00+00:00,196.64,197.41,196.63,197.26,4958.37,2021,12,26
2021-12-26 12:37:00+00:00,197.26,197.55,197.24,197.31,2191.53,2021,12,26
2021-12-26 12:38:00+00:00,197.31,197.75,197.28,197.46,1436.62,2021,12,26
2021-12-26 12:39:00+00:00,197.48,197.79,197.28,197.37,3545.39,2021,12,26
2021-12-26 12:40:00+00:00,197.38,197.76,197.32,197.76,753.44,2021,12,26
2021-12-26 12:41:00+00:00,197.76,198.2,197.62,197.63,4484.29,2021,12,26
2021-12-26 12:42:00+00:00,197.63,198.14,197.57,197.81,3524.61,2021,12,26
2021-12-26 12:43:00+00:00,197.83,198.25,197.61,198.05,2369.72,2021,12,26
2021-12-26 12:44:00+00:00,198.04,198.5,198.01,198.34,3661.1,2021,12,26
2021-12-26 12:45:00+00:00,198.34,198.69,198.33,198.34,3227.18,2021,12,26
2021-12-26 12:46:00+00:00,198.34,198.95,198.34,198.72,3931.38,2021,12,26
2021-12-26 12:47:00+00:00,198.72,199.09,198.68,198.93,8623.55,2021,12,26
2021-12-26 12:48:00+00:00,198.93,199.2,198.7,199.08,2507.01,2021,12,26
2021-12-26 12:49:00+00:00,199.08,199.25,198.92,199.12,2164.23,2021,12,26
2021-12-26 12:50:00+00:00,199.11,199.12,198.52,198.91,3548.77,2021,12,26
2021-12-26 12:51:00+00:00,198.86,198.99,198.71,198.71,833.84,2021,12,26
2021-12-26 12:52:00+00:00,198.71,198.83,198.51,198.55,617.22,2021,12,26
2021-12-26 12:53:00+00:00,198.55,198.62,197.68,197.85,5598.59,2021,12,26
2021-12-26 12:54:00+00:00,197.79,198.07,197.76,198.07,1144.01,2021,12,26
2021-12-26 12:55:00+00:00,198.07,198.33,197.8,198.19,1871.78,2021,12,26
2021-12-26 12:56:00+00:00,198.19,198.37,198.05,198.06,335.46,2021,12,26
2021-12-26 12:57:00+00:00,198.06,198.58,198.06,198.55,893.22,2021,12,26
2021-12-26 12:58:00+00:00,198.55,198.58,197.87,197.99,1282.69,2021,12,26
2021-12-26 12:59:00+00:00,197.99,198.19,197.79,197.91,1804.0,2021,12,26
2021-12-26 13:00:00+00:00,197.93,198.35,197.91,197.97,893.03,2021,12,26
2021-12-26 13:01:00+00:00,197.95,197.96,197.57,197.88,1386.34,2021,12,26
2021-12-26 13:02:00+00:00,197.91,197.96,197.69,197.72,577.13,2021,12,26
2021-12-26 13:03:00+00:00,197.79,197.8,197.56,197.64,370.64,2021,12,26
2021-12-26 13:04:00+00:00,197.66,197.69,197.52,197.63,429.98,2021,12,26
2021-12-26 13:05:00+00:00,197.62,197.82,197.61,197.8,357.88,2021,12,26
2021-12-26 13:06:00+00:00,197.82,197.93,197.74,197.86,662.49,2021,12,26
2021-12-26 13:07:00+00:00,197.85,197.86,197.57,197.85,557.34,2021,12,26
2021-12-26 13:08:00+00:00,197.85,197.95,197.74,197.84,743.43,2021,12,26
2021-12-26 13:09:00+00:00,197.81,197.85,197.52,197.52,377.89,2021,12,26
2021-12-26 13:10:00+00:00,197.53,197.7,197.43,197.65,2221.31,2021,12,26
2021-12-26 13:11:00+00:00,197.71,197.93,197.38,197.43,1381.86,2021,12,26
2021-12-26 13:12:00+00:00,197.45,197.76,197.34,197.74,977.31,2021,12,26
2021-12-26 13:13:00+00:00,197.73,197.73,197.49,197.63,1643.9,2021,12,26
2021-12-26 13:14:00+00:00,197.63,197.68,197.44,197.52,665.81,2021,12,26
2021-12-26 13:15:00+00:00,197.56,197.82,197.5,197.74,869.47,2021,12,26
2021-12-26 13:16:00+00:00,197.74,197.99,197.74,197.91,475.89,2021,12,26
2021-12-26 13:17:00+00:00,197.92,197.92,197.75,197.85,971.3,2021,12,26
2021-12-26 13:18:00+00:00,197.85,197.94,197.69,197.72,336.1,2021,12,26
2021-12-26 13:19:00+00:00,197.72,197.73,197.5,197.68,330.38,2021,12,26
2021-12-26 13:20:00+00:00,197.65,197.65,197.5,197.51,316.36,2021,12,26
2021-12-26 13:21:00+00:00,197.51,197.78,197.44,197.78,562.07,2021,12,26
2021-12-26 13:22:00+00:00,197.79,197.82,197.57,197.71,850.76,2021,12,26
2021-12-26 13:23:00+00:00,197.75,197.8,197.67,197.8,185.99,2021,12,26
2021-12-26 13:24:00+00:00,197.79,197.85,197.56,197.56,319.45,2021,12,26
2021-12-26 13:25:00+00:00,197.58,198.03,197.49,197.97,2899.33,2021,12,26
2021-12-26 13:26:00+00:00,197.97,198.03,197.88,197.94,390.14,2021,12,26
2021-12-26 13:27:00+00:00,197.93,197.99,197.54,197.55,398.33,2021,12,26
2021-12-26 13:28:00+00:00,197.56,197.62,197.32,197.45,640.18,2021,12,26
2021-12-26 13:29:00+00:00,197.45,197.45,197.25,197.28,463.11,2021,12,26
2021-12-26 13:30:00+00:00,197.28,197.61,197.26,197.41,582.54,2021,12,26
2021-12-26 13:31:00+00:00,197.42,197.6,197.41,197.58,715.83,2021,12,26
2021-12-26 13:32:00+00:00,197.61,197.73,197.57,197.64,470.66,2021,12,26
2021-12-26 13:33:00+00:00,197.64,197.78,197.47,197.49,744.93,2021,12,26
2021-12-26 13:34:00+00:00,197.48,197.8,197.46,197.76,524.9,2021,12,26
2021-12-26 13:35:00+00:00,197.76,197.85,197.75,197.79,527.41,2021,12,26
2021-12-26 13:36:00+00:00,197.78,197.96,197.78,197.9,524.94,2021,12,26
2021-12-26 13:37:00+00:00,197.9,197.93,197.68,197.78,542.74,2021,12,26
2021-12-26 13:38:00+00:00,197.78,197.87,197.77,197.86,360.21,2021,12,26
2021-12-26 13:39:00+00:00,197.86,197.95,197.74,197.74,334.21,2021,12,26
2021-12-26 13:40:00+00:00,197.73,197.73,197.53,197.62,816.82,2021,12,26
2021-12-26 13:41:00+00:00,197.63,197.87,197.4,197.53,658.8,2021,12,26
2021-12-26 13:42:00+00:00,197.53,197.66,197.47,197.52,297.24,2021,12,26
2021-12-26 13:43:00+00:00,197.53,197.54,197.34,197.35,770.58,2021,12,26
2021-12-26 13:44:00+00:00,197.35,197.39,197.15,197.2,500.6,2021,12,26
2021-12-26 13:45:00+00:00,197.2,197.47,197.2,197.34,884.9,2021,12,26
2021-12-26 13:46:00+00:00,197.36,197.42,197.28,197.39,229.82,2021,12,26
2021-12-26 13:47:00+00:00,197.4,197.49,197.23,197.26,639.52,2021,12,26
2021-12-26 13:48:00+00:00,197.27,197.37,197.26,197.31,353.71,2021,12,26
2021-12-26 13:49:00+00:00,197.33,197.61,197.26,197.41,1219.72,2021,12,26
2021-12-26 13:50:00+00:00,197.4,197.51,197.33,197.45,503.75,2021,12,26
2021-12-26 13:51:00+00:00,197.45,197.49,197.34,197.35,326.67,2021,12,26
2021-12-26 13:52:00+00:00,197.33,197.35,197.28,197.29,238.88,2021,12,26
2021-12-26 13:53:00+00:00,197.28,197.34,197.11,197.13,673.94,2021,12,26
2021-12-26 13:54:00+00:00,197.13,197.45,197.11,197.43,953.49,2021,12,26
2021-12-26 13:55:00+00:00,197.41,197.69,197.41,197.45,301.66,2021,12,26
2021-12-26 13:56:00+00:00,197.45,197.56,197.35,197.35,347.4,2021,12,26
2021-12-26 13:57:00+00:00,197.35,197.6,197.3,197.51,867.15,2021,12,26
2021-12-26 13:58:00+00:00,197.54,197.56,197.43,197.55,448.14,2021,12,26
2021-12-26 13:59:00+00:00,197.56,197.56,197.37,197.5,426.15,2021,12,26
2021-12-26 14:00:00+00:00,197.54,197.64,197.48,197.5,449.73,2021,12,26
2021-12-26 14:01:00+00:00,197.5,197.62,197.43,197.55,525.75,2021,12,26
2021-12-26 14:02:00+00:00,197.54,197.57,197.2,197.21,780.86,2021,12,26
2021-12-26 14:03:00+00:00,197.22,197.23,197.11,197.13,556.63,2021,12,26
2021-12-26 14:04:00+00:00,197.14,197.26,197.11,197.12,343.66,2021,12,26
2021-12-26 14:05:00+00:00,197.13,197.14,196.97,197.02,991.28,2021,12,26
2021-12-26 14:06:00+00:00,197.03,197.11,196.92,197.01,701.58,2021,12,26
2021-12-26 14:07:00+00:00,197.01,197.09,196.91,197.04,980.75,2021,12,26
2021-12-26 14:08:00+00:00,197.04,197.04,196.45,196.46,2888.11,2021,12,26
2021-12-26 14:09:00+00:00,196.47,196.69,196.42,196.59,874.8,2021,12,26
2021-12-26 14:10:00+00:00,196.58,196.71,196.52,196.7,801.69,2021,12,26
2021-12-26 14:11:00+00:00,196.68,196.85,196.45,196.8,1706.27,2021,12,26
2021-12-26 14:12:00+00:00,196.8,196.91,196.47,196.7,2261.68,2021,12,26
2021-12-26 14:13:00+00:00,196.71,197.09,196.67,196.85,2481.96,2021,12,26
2021-12-26 14:14:00+00:00,196.85,197.3,196.78,196.78,1716.97,2021,12,26
2021-12-26 14:15:00+00:00,196.79,197.11,196.59,196.82,2250.88,2021,12,26
2021-12-26 14:16:00+00:00,196.82,196.96,196.72,196.9,1635.19,2021,12,26
2021-12-26 14:17:00+00:00,196.89,197.16,196.71,197.01,1888.51,2021,12,26
2021-12-26 14:18:00+00:00,197.01,197.08,196.53,196.53,1479.25,2021,12,26
2021-12-26 14:19:00+00:00,196.57,197.08,196.57,196.77,2213.98,2021,12,26
2021-12-26 14:20:00+00:00,196.77,197.19,196.77,196.97,1926.87,2021,12,26
2021-12-26 14:21:00+00:00,196.96,197.27,196.94,197.17,681.38,2021,12,26
2021-12-26 14:22:00+00:00,197.15,197.24,197.03,197.03,677.54,2021,12,26
2021-12-26 14:23:00+00:00,197.01,197.07,196.76,196.76,472.07,2021,12,26
2021-12-26 14:24:00+00:00,196.74,196.74,196.5,196.66,651.23,2021,12,26
2021-12-26 14:25:00+00:00,196.63,196.67,196.44,196.44,559.97,2021,12,26
2021-12-26 14:26:00+00:00,196.46,196.53,196.3,196.31,530.3,2021,12,26
2021-12-26 14:27:00+00:00,196.3,196.42,196.25,196.26,942.73,2021,12,26
2021-12-26 14:28:00+00:00,196.27,196.44,196.25,196.37,730.87,2021,12,26
2021-12-26 14:29:00+00:00,196.35,196.6,196.27,196.47,3624.26,2021,12,26
2021-12-26 14:30:00+00:00,196.47,196.56,196.43,196.48,566.94,2021,12,26
2021-12-26 14:31:00+00:00,196.46,197.24,196.45,196.95,5720.18,2021,12,26
2021-12-26 14:32:00+00:00,196.94,196.95,196.83,196.84,431.48,2021,12,26
2021-12-26 14:33:00+00:00,196.85,197.2,196.84,196.96,659.19,2021,12,26
2021-12-26 14:34:00+00:00,196.95,197.25,196.75,197.01,1425.61,2021,12,26
2021-12-26 14:35:00+00:00,197.02,197.54,197.0,197.43,2588.34,2021,12,26
2021-12-26 14:36:00+00:00,197.43,197.71,197.29,197.5,1660.54,2021,12,26
2021-12-26 14:37:00+00:00,197.5,197.56,197.43,197.55,264.24,2021,12,26
2021-12-26 14:38:00+00:00,197.52,197.59,197.33,197.54,1035.34,2021,12,26
2021-12-26 14:39:00+00:00,197.5,197.51,197.15,197.18,556.45,2021,12,26
2021-12-26 14:40:00+00:00,197.21,198.0,197.2,197.63,4339.07,2021,12,26
2021-12-26 14:41:00+00:00,197.59,197.7,197.5,197.63,621.89,2021,12,26
2021-12-26 14:42:00+00:00,197.67,197.75,197.1,197.15,686.7,2021,12,26
2021-12-26 14:43:00+00:00,197.15,197.27,196.93,197.25,881.91,2021,12,26
2021-12-26 14:44:00+00:00,197.24,197.47,197.14,197.37,484.23,2021,12,26
2021-12-26 14:45:00+00:00,197.38,197.62,197.03,197.12,1288.79,2021,12,26
2021-12-26 14:46:00+00:00,197.11,197.41,197.11,197.25,912.39,2021,12,26
2021-12-26 14:47:00+00:00,197.27,197.31,197.01,197.1,1499.29,2021,12,26
2021-12-26 14:48:00+00:00,197.08,197.49,197.06,197.44,1171.18,2021,12,26
2021-12-26 14:49:00+00:00,197.45,197.45,197.2,197.25,673.08,2021,12,26
2021-12-26 14:50:00+00:00,197.25,197.82,197.24,197.74,2856.72,2021,12,26
2021-12-26 14:51:00+00:00,197.72,197.95,197.71,197.76,640.32,2021,12,26
2021-12-26 14:52:00+00:00,197.76,198.32,197.65,198.05,3105.3,2021,12,26
2021-12-26 14:53:00+00:00,198.04,198.29,197.92,197.93,1207.7,2021,12,26
2021-12-26 14:54:00+00:00,197.92,198.5,197.91,198.23,3224.52,2021,12,26
2021-12-26 14:55:00+00:00,198.27,198.45,197.97,198.32,2477.55,2021,12,26
2021-12-26 14:56:00+00:00,198.32,198.5,198.14,198.23,2027.15,2021,12,26
2021-12-26 14:57:00+00:00,198.23,198.7,198.15,198.35,2924.81,2021,12,26
2021-12-26 14:58:00+00:00,198.35,198.42,198.12,198.23,939.02,2021,12,26
2021-12-26 14:59:00+00:00,198.23,198.55,198.23,198.29,1342.55,2021,12,26
2021-12-26 15:00:00+00:00,198.28,198.87,198.25,198.53,3617.93,2021,12,26
2021-12-26 15:01:00+00:00,198.5,198.56,198.01,198.03,1665.93,2021,12,26
2021-12-26 15:02:00+00:00,198.02,198.31,197.87,198.05,2133.1,2021,12,26
2021-12-26 15:03:00+00:00,198.06,198.4,197.95,198.23,2995.72,2021,12,26
2021-12-26 15:04:00+00:00,198.19,198.33,198.06,198.17,1759.55,2021,12,26
2021-12-26 15:05:00+00:00,198.15,198.28,198.0,198.09,1474.37,2021,12,26
2021-12-26 15:06:00+00:00,198.09,198.22,198.0,198.01,408.03,2021,12,26
2021-12-26 15:07:00+00:00,198.02,198.11,197.96,197.98,1008.53,2021,12,26
2021-12-26 15:08:00+00:00,197.95,197.99,197.82,197.84,380.85,2021,12,26
2021-12-26 15:09:00+00:00,197.84,197.89,197.72,197.8,908.19,2021,12,26
2021-12-26 15:10:00+00:00,197.81,197.83,197.3,197.3,2014.75,2021,12,26
2021-12-26 15:11:00+00:00,197.3,197.36,197.22,197.31,761.35,2021,12,26
2021-12-26 15:12:00+00:00,197.31,197.44,197.27,197.41,640.9,2021,12,26
2021-12-26 15:13:00+00:00,197.42,197.89,197.42,197.67,1408.17,2021,12,26
2021-12-26 15:14:00+00:00,197.67,197.74,197.25,197.41,946.54,2021,12,26
2021-12-26 15:15:00+00:00,197.4,197.52,197.33,197.45,530.22,2021,12,26
2021-12-26 15:16:00+00:00,197.47,198.18,197.38,198.08,3878.66,2021,12,26
2021-12-26 15:17:00+00:00,198.1,198.11,197.91,198.02,1334.39,2021,12,26
2021-12-26 15:18:00+00:00,198.01,198.01,197.65,197.82,1503.4,2021,12,26
2021-12-26 15:19:00+00:00,197.81,198.08,197.78,198.01,271.72,2021,12,26
2021-12-26 15:20:00+00:00,198.03,198.07,197.88,198.03,815.31,2021,12,26
2021-12-26 15:21:00+00:00,198.03,198.06,197.84,197.84,424.55,2021,12,26
2021-12-26 15:22:00+00:00,197.84,198.27,197.84,198.04,3334.41,2021,12,26
2021-12-26 15:23:00+00:00,198.05,198.57,198.03,198.55,1465.4,2021,12,26
2021-12-26 15:24:00+00:00,198.58,198.94,198.54,198.81,1529.59,2021,12,26
2021-12-26 15:25:00+00:00,198.81,198.91,198.6,198.76,913.14,2021,12,26
2021-12-26 15:26:00+00:00,198.81,198.98,198.73,198.93,831.93,2021,12,26
2021-12-26 15:27:00+00:00,198.93,198.93,198.43,198.7,951.11,2021,12,26
2021-12-26 15:28:00+00:00,198.73,198.86,198.52,198.73,856.07,2021,12,26
2021-12-26 15:29:00+00:00,198.72,198.95,198.67,198.92,661.61,2021,12,26
2021-12-26 15:30:00+00:00,198.91,198.98,198.71,198.82,1291.71,2021,12,26
2021-12-26 15:31:00+00:00,198.83,199.07,198.82,198.93,1994.59,2021,12,26
2021-12-26 15:32:00+00:00,198.96,198.96,198.56,198.66,965.23,2021,12,26
2021-12-26 15:33:00+00:00,198.65,200.0,198.62,199.46,21290.1,2021,12,26
2021-12-26 15:34:00+00:00,199.46,199.51,199.31,199.36,1438.01,2021,12,26
2021-12-26 15:35:00+00:00,199.37,199.39,198.86,199.19,3675.5,2021,12,26
2021-12-26 15:36:00+00:00,199.18,199.19,198.97,199.02,726.41,2021,12,26
2021-12-26 15:37:00+00:00,199.02,199.14,198.95,199.02,1015.03,2021,12,26
2021-12-26 15:38:00+00:00,199.02,199.07,198.91,199.04,499.82,2021,12,26
2021-12-26 15:39:00+00:00,199.04,199.13,198.81,198.92,735.28,2021,12,26
2021-12-26 15:40:00+00:00,198.93,198.97,198.61,198.69,484.49,2021,12,26
2021-12-26 15:41:00+00:00,198.68,198.68,198.28,198.28,1100.9,2021,12,26
2021-12-26 15:42:00+00:00,198.31,198.62,198.26,198.54,771.09,2021,12,26
2021-12-26 15:43:00+00:00,198.54,198.55,198.33,198.38,548.4,2021,12,26
2021-12-26 15:44:00+00:00,198.38,198.43,198.21,198.34,1083.54,2021,12,26
2021-12-26 15:45:00+00:00,198.34,198.39,198.26,198.33,417.14,2021,12,26
2021-12-26 15:46:00+00:00,198.33,198.34,197.85,197.87,1489.26,2021,12,26
2021-12-26 15:47:00+00:00,197.86,197.96,197.82,197.86,584.01,2021,12,26
2021-12-26 15:48:00+00:00,197.86,197.93,197.7,197.7,1639.35,2021,12,26
2021-12-26 15:49:00+00:00,197.7,197.86,197.67,197.82,795.84,2021,12,26
2021-12-26 15:50:00+00:00,197.82,198.36,197.82,198.02,1247.85,2021,12,26
2021-12-26 15:51:00+00:00,197.99,198.02,197.85,197.85,491.16,2021,12,26
2021-12-26 15:52:00+00:00,197.85,197.95,197.85,197.93,469.68,2021,12,26
2021-12-26 15:53:00+00:00,197.92,198.16,197.92,198.11,514.32,2021,12,26
2021-12-26 15:54:00+00:00,198.1,198.26,197.69,198.18,2127.84,2021,12,26
2021-12-26 15:55:00+00:00,198.16,198.48,198.16,198.37,939.2,2021,12,26
2021-12-26 15:56:00+00:00,198.34,198.5,198.34,198.35,402.96,2021,12,26
2021-12-26 15:57:00+00:00,198.35,198.42,198.3,198.31,385.1,2021,12,26
2021-12-26 15:58:00+00:00,198.3,198.36,198.21,198.21,435.2,2021,12,26
2021-12-26 15:59:00+00:00,198.22,198.22,197.99,198.19,373.71,2021,12,26
2021-12-26 16:00:00+00:00,198.18,198.42,198.15,198.39,703.39,2021,12,26
2021-12-26 16:01:00+00:00,198.39,198.4,198.19,198.22,484.31,2021,12,26
2021-12-26 16:02:00+00:00,198.21,198.25,197.94,198.08,747.56,2021,12,26
2021-12-26 16:03:00+00:00,198.1,198.4,198.09,198.35,1099.34,2021,12,26
2021-12-26 16:04:00+00:00,198.34,198.42,198.09,198.16,808.31,2021,12,26
2021-12-26 16:05:00+00:00,198.15,198.27,198.05,198.08,582.32,2021,12,26
2021-12-26 16:06:00+00:00,198.09,198.52,198.08,198.41,1667.89,2021,12,26
2021-12-26 16:07:00+00:00,198.38,198.48,198.18,198.34,779.98,2021,12,26
2021-12-26 16:08:00+00:00,198.35,198.39,198.2,198.25,910.87,2021,12,26
2021-12-26 16:09:00+00:00,198.26,198.33,198.16,198.19,1087.04,2021,12,26
2021-12-26 16:10:00+00:00,198.22,198.36,198.2,198.3,377.84,2021,12,26
2021-12-26 16:11:00+00:00,198.3,198.52,198.29,198.46,653.29,2021,12,26
2021-12-26 16:12:00+00:00,198.46,198.46,198.1,198.21,894.27,2021,12,26
2021-12-26 16:13:00+00:00,198.25,198.33,198.14,198.17,173.66,2021,12,26
2021-12-26 16:14:00+00:00,198.13,198.34,198.07,198.25,1035.71,2021,12,26
2021-12-26 16:15:00+00:00,198.24,198.48,198.19,198.48,948.02,2021,12,26
2021-12-26 16:16:00+00:00,198.45,198.61,198.44,198.6,562.26,2021,12,26
2021-12-26 16:17:00+00:00,198.6,198.67,198.56,198.63,920.31,2021,12,26
2021-12-26 16:18:00+00:00,198.62,198.73,198.49,198.57,588.78,2021,12,26
2021-12-26 16:19:00+00:00,198.55,198.69,198.46,198.51,494.74,2021,12,26
2021-12-26 16:20:00+00:00,198.52,199.27,198.48,199.15,4715.73,2021,12,26
2021-12-26 16:21:00+00:00,199.19,199.45,199.11,199.2,1345.59,2021,12,26
2021-12-26 16:22:00+00:00,199.18,199.24,199.04,199.04,1371.0,2021,12,26
2021-12-26 16:23:00+00:00,199.09,199.19,199.06,199.14,480.39,2021,12,26
2021-12-26 16:24:00+00:00,199.14,199.5,199.13,199.42,1004.69,2021,12,26
2021-12-26 16:25:00+00:00,199.41,199.67,199.32,199.53,998.65,2021,12,26
2021-12-26 16:26:00+00:00,199.49,199.54,199.42,199.5,469.68,2021,12,26
2021-12-26 16:27:00+00:00,199.51,199.69,199.4,199.56,1098.32,2021,12,26
2021-12-26 16:28:00+00:00,199.55,199.73,199.51,199.64,960.42,2021,12,26
2021-12-26 16:29:00+00:00,199.64,199.97,199.63,199.63,2892.47,2021,12,26
2021-12-26 16:30:00+00:00,199.64,199.71,199.2,199.38,1658.6,2021,12,26
2021-12-26 16:31:00+00:00,199.39,199.5,199.07,199.27,1223.7,2021,12,26
2021-12-26 16:32:00+00:00,199.29,199.77,199.28,199.46,902.59,2021,12,26
2021-12-26 16:33:00+00:00,199.48,199.78,199.43,199.64,1717.17,2021,12,26
2021-12-26 16:34:00+00:00,199.61,199.81,199.56,199.8,884.12,2021,12,26
2021-12-26 16:35:00+00:00,199.82,199.89,199.62,199.67,1136.58,2021,12,26
2021-12-26 16:36:00+00:00,199.72,199.75,199.57,199.71,557.32,2021,12,26
2021-12-26 16:37:00+00:00,199.73,199.8,199.6,199.74,266.94,2021,12,26
2021-12-26 16:38:00+00:00,199.73,199.87,199.72,199.84,771.75,2021,12,26
2021-12-26 16:39:00+00:00,199.85,200.21,199.78,199.98,3687.44,2021,12,26
2021-12-26 16:40:00+00:00,199.99,200.17,199.96,200.1,1827.13,2021,12,26
2021-12-26 16:41:00+00:00,200.14,200.17,200.0,200.17,1564.98,2021,12,26
2021-12-26 16:42:00+00:00,200.17,200.59,200.16,200.5,4449.22,2021,12,26
2021-12-26 16:43:00+00:00,200.51,200.51,199.41,199.9,3081.1,2021,12,26
2021-12-26 16:44:00+00:00,199.93,200.36,199.8,199.85,1258.48,2021,12,26
2021-12-26 16:45:00+00:00,199.83,199.92,199.41,199.43,1599.82,2021,12,26
2021-12-26 16:46:00+00:00,199.42,199.6,199.2,199.32,1505.93,2021,12,26
2021-12-26 16:47:00+00:00,199.32,199.41,199.11,199.41,776.25,2021,12,26
2021-12-26 16:48:00+00:00,199.4,199.64,199.38,199.44,701.91,2021,12,26
2021-12-26 16:49:00+00:00,199.47,199.64,199.43,199.59,470.58,2021,12,26
2021-12-26 16:50:00+00:00,199.58,199.8,199.52,199.65,622.39,2021,12,26
2021-12-26 16:51:00+00:00,199.65,199.7,199.5,199.5,422.44,2021,12,26
2021-12-26 16:52:00+00:00,199.5,199.67,199.33,199.36,693.31,2021,12,26
2021-12-26 16:53:00+00:00,199.35,199.44,199.23,199.23,1308.2,2021,12,26
2021-12-26 16:54:00+00:00,199.23,199.33,199.12,199.18,1049.77,2021,12,26
2021-12-26 16:55:00+00:00,199.17,199.24,198.95,199.1,1357.05,2021,12,26
2021-12-26 16:56:00+00:00,199.1,199.11,198.78,198.83,837.15,2021,12,26
2021-12-26 16:57:00+00:00,198.82,199.24,198.79,199.16,1262.45,2021,12,26
2021-12-26 16:58:00+00:00,199.17,199.36,198.83,198.84,1103.11,2021,12,26
2021-12-26 16:59:00+00:00,198.86,199.09,198.82,198.94,611.48,2021,12,26
2021-12-26 17:00:00+00:00,198.95,199.33,198.95,199.19,1386.5,2021,12,26
2021-12-26 17:01:00+00:00,199.17,199.27,199.0,199.03,747.3,2021,12,26
2021-12-26 17:02:00+00:00,199.06,199.18,199.0,199.1,700.56,2021,12,26
2021-12-26 17:03:00+00:00,199.11,199.11,198.84,198.9,555.64,2021,12,26
2021-12-26 17:04:00+00:00,198.92,199.1,198.82,198.9,484.62,2021,12,26
2021-12-26 17:05:00+00:00,198.89,199.0,198.85,198.99,270.74,2021,12,26
2021-12-26 17:06:00+00:00,198.97,199.1,198.95,199.0,264.09,2021,12,26
2021-12-26 17:07:00+00:00,198.99,199.01,198.82,198.92,578.63,2021,12,26
2021-12-26 17:08:00+00:00,198.95,199.0,198.8,198.84,488.52,2021,12,26
2021-12-26 17:09:00+00:00,198.85,198.96,198.8,198.92,366.06,2021,12,26
2021-12-26 17:10:00+00:00,198.93,199.11,198.87,199.03,515.86,2021,12,26
2021-12-26 17:11:00+00:00,199.01,199.18,198.97,199.14,638.32,2021,12,26
2021-12-26 17:12:00+00:00,199.16,199.43,199.12,199.33,1141.94,2021,12,26
2021-12-26 17:13:00+00:00,199.3,199.33,199.21,199.3,738.04,2021,12,26
2021-12-26 17:14:00+00:00,199.29,199.36,199.04,199.09,704.01,2021,12,26
2021-12-26 17:15:00+00:00,199.09,199.2,199.02,199.1,602.9,2021,12,26
2021-12-26 17:16:00+00:00,199.11,199.32,199.1,199.1,908.74,2021,12,26
2021-12-26 17:17:00+00:00,199.14,199.35,199.09,199.17,725.92,2021,12,26
2021-12-26 17:18:00+00:00,199.17,199.28,199.09,199.17,590.48,2021,12,26
2021-12-26 17:19:00+00:00,199.19,199.37,199.18,199.22,751.06,2021,12,26
2021-12-26 17:20:00+00:00,199.22,199.26,199.17,199.21,619.08,2021,12,26
2021-12-26 17:21:00+00:00,199.22,199.25,199.16,199.17,372.18,2021,12,26
2021-12-26 17:22:00+00:00,199.2,199.22,199.09,199.13,815.67,2021,12,26
2021-12-26 17:23:00+00:00,199.13,199.13,199.03,199.04,699.13,2021,12,26
2021-12-26 17:24:00+00:00,199.07,199.08,198.86,198.95,576.48,2021,12,26
2021-12-26 17:25:00+00:00,198.93,198.98,198.84,198.89,463.68,2021,12,26
2021-12-26 17:26:00+00:00,198.88,199.09,198.86,198.97,2315.93,2021,12,26
2021-12-26 17:27:00+00:00,198.97,199.13,198.9,199.0,539.31,2021,12,26
2021-12-26 17:28:00+00:00,199.0,199.22,198.99,199.01,1706.0,2021,12,26
2021-12-26 17:29:00+00:00,199.02,199.06,198.66,198.68,1612.63,2021,12,26
2021-12-26 17:30:00+00:00,198.68,198.85,198.58,198.6,1072.02,2021,12,26
2021-12-26 17:31:00+00:00,198.6,198.68,198.46,198.62,844.85,2021,12,26
2021-12-26 17:32:00+00:00,198.6,198.91,198.56,198.65,1314.12,2021,12,26
2021-12-26 17:33:00+00:00,198.64,198.9,198.58,198.83,3230.02,2021,12,26
2021-12-26 17:34:00+00:00,198.84,198.91,198.76,198.9,336.46,2021,12,26
2021-12-26 17:35:00+00:00,198.91,198.98,198.77,198.81,1056.06,2021,12,26
2021-12-26 17:36:00+00:00,198.77,198.86,198.66,198.85,534.21,2021,12,26
2021-12-26 17:37:00+00:00,198.84,199.08,198.71,199.04,3588.02,2021,12,26
2021-12-26 17:38:00+00:00,199.03,199.04,198.98,199.04,571.31,2021,12,26
2021-12-26 17:39:00+00:00,199.03,199.14,199.0,199.13,397.93,2021,12,26
2021-12-26 17:40:00+00:00,199.13,199.13,198.77,198.96,763.99,2021,12,26
2021-12-26 17:41:00+00:00,198.95,199.08,198.81,199.02,423.18,2021,12,26
2021-12-26 17:42:00+00:00,199.05,199.05,198.79,198.85,374.76,2021,12,26
2021-12-26 17:43:00+00:00,198.83,198.86,198.64,198.76,494.98,2021,12,26
2021-12-26 17:44:00+00:00,198.76,198.91,198.71,198.83,624.7,2021,12,26
2021-12-26 17:45:00+00:00,198.82,199.1,198.67,198.96,2584.6,2021,12,26
2021-12-26 17:46:00+00:00,198.93,198.99,198.58,198.7,1305.51,2021,12,26
2021-12-26 17:47:00+00:00,198.69,198.7,198.53,198.56,317.35,2021,12,26
2021-12-26 17:48:00+00:00,198.56,198.56,198.3,198.35,612.95,2021,12,26
2021-12-26 17:49:00+00:00,198.34,198.43,198.27,198.32,307.05,2021,12,26
2021-12-26 17:50:00+00:00,198.33,198.62,198.33,198.54,576.13,2021,12,26
2021-12-26 17:51:00+00:00,198.48,198.69,198.45,198.54,329.87,2021,12,26
2021-12-26 17:52:00+00:00,198.55,198.71,198.49,198.49,659.85,2021,12,26
2021-12-26 17:53:00+00:00,198.53,198.7,198.49,198.62,1343.49,2021,12,26
2021-12-26 17:54:00+00:00,198.63,198.72,198.35,198.42,2299.67,2021,12,26
2021-12-26 17:55:00+00:00,198.38,198.39,198.1,198.34,1318.78,2021,12,26
2021-12-26 17:56:00+00:00,198.35,198.91,198.34,198.7,828.22,2021,12,26
2021-12-26 17:57:00+00:00,198.65,198.75,198.54,198.56,240.67,2021,12,26
2021-12-26 17:58:00+00:00,198.57,198.68,198.2,198.41,2136.34,2021,12,26
2021-12-26 17:59:00+00:00,198.42,198.46,198.25,198.26,537.1,2021,12,26
2021-12-26 18:00:00+00:00,198.27,198.5,198.25,198.33,873.5,2021,12,26
2021-12-26 18:01:00+00:00,198.33,198.35,198.06,198.06,716.75,2021,12,26
2021-12-26 18:02:00+00:00,198.06,198.19,197.41,197.74,3647.54,2021,12,26
2021-12-26 18:03:00+00:00,197.75,198.04,197.56,197.95,856.29,2021,12,26
2021-12-26 18:04:00+00:00,197.94,198.14,197.86,198.09,1036.12,2021,12,26
2021-12-26 18:05:00+00:00,198.08,198.2,198.07,198.1,171.93,2021,12,26
2021-12-26 18:06:00+00:00,198.14,198.2,198.05,198.1,428.03,2021,12,26
2021-12-26 18:07:00+00:00,198.09,198.22,197.71,197.78,1318.7,2021,12,26
2021-12-26 18:08:00+00:00,197.76,198.12,197.76,198.06,689.78,2021,12,26
2021-12-26 18:09:00+00:00,198.06,198.07,197.72,197.83,1015.47,2021,12,26
2021-12-26 18:10:00+00:00,197.84,197.98,197.8,197.82,289.14,2021,12,26
2021-12-26 18:11:00+00:00,197.8,197.92,197.75,197.83,344.32,2021,12,26
2021-12-26 18:12:00+00:00,197.88,197.9,197.74,197.79,619.45,2021,12,26
2021-12-26 18:13:00+00:00,197.79,198.0,197.71,197.75,1239.51,2021,12,26
2021-12-26 18:14:00+00:00,197.75,197.95,197.7,197.82,1681.87,2021,12,26
2021-12-26 18:15:00+00:00,197.83,197.91,197.79,197.8,365.34,2021,12,26
2021-12-26 18:16:00+00:00,197.76,197.9,197.75,197.87,243.41,2021,12,26
2021-12-26 18:17:00+00:00,197.87,197.88,197.57,197.71,445.23,2021,12,26
2021-12-26 18:18:00+00:00,197.71,197.84,197.58,197.84,275.94,2021,12,26
2021-12-26 18:19:00+00:00,197.84,197.88,197.65,197.66,418.92,2021,12,26
2021-12-26 18:20:00+00:00,197.66,197.94,197.65,197.86,767.46,2021,12,26
2021-12-26 18:21:00+00:00,197.85,197.99,197.76,197.83,370.74,2021,12,26
2021-12-26 18:22:00+00:00,197.83,197.96,197.65,197.73,496.93,2021,12,26
2021-12-26 18:23:00+00:00,197.72,197.94,197.72,197.93,302.73,2021,12,26
2021-12-26 18:24:00+00:00,197.95,198.27,197.93,198.07,1364.15,2021,12,26
2021-12-26 18:25:00+00:00,198.08,198.1,197.92,197.99,399.52,2021,12,26
2021-12-26 18:26:00+00:00,198.03,198.17,197.98,198.11,594.5,2021,12,26
2021-12-26 18:27:00+00:00,198.12,198.18,198.06,198.06,334.69,2021,12,26
2021-12-26 18:28:00+00:00,198.04,198.08,197.93,198.06,212.3,2021,12,26
2021-12-26 18:29:00+00:00,198.08,198.11,197.96,198.05,523.43,2021,12,26
2021-12-26 18:30:00+00:00,198.07,198.36,198.07,198.3,334.46,2021,12,26
2021-12-26 18:31:00+00:00,198.29,198.3,198.15,198.19,271.05,2021,12,26
2021-12-26 18:32:00+00:00,198.19,198.23,198.13,198.16,342.77,2021,12,26
2021-12-26 18:33:00+00:00,198.15,198.21,198.1,198.2,282.06,2021,12,26
2021-12-26 18:34:00+00:00,198.2,198.25,198.15,198.18,253.46,2021,12,26
2021-12-26 18:35:00+00:00,198.19,198.28,198.06,198.14,641.13,2021,12,26
2021-12-26 18:36:00+00:00,198.14,198.3,198.12,198.16,209.56,2021,12,26
2021-12-26 18:37:00+00:00,198.15,198.25,198.13,198.17,351.37,2021,12,26
2021-12-26 18:38:00+00:00,198.19,198.23,198.15,198.18,283.86,2021,12,26
2021-12-26 18:39:00+00:00,198.17,198.28,198.11,198.17,522.03,2021,12,26
2021-12-26 18:40:00+00:00,198.19,198.22,198.02,198.14,311.45,2021,12,26
2021-12-26 18:41:00+00:00,198.14,198.14,197.55,197.66,719.07,2021,12,26
2021-12-26 18:42:00+00:00,197.66,197.67,197.5,197.6,576.93,2021,12,26
2021-12-26 18:43:00+00:00,197.61,197.96,197.61,197.8,756.45,2021,12,26
2021-12-26 18:44:00+00:00,197.81,197.97,197.8,197.87,281.08,2021,12,26
2021-12-26 18:45:00+00:00,197.88,198.06,197.86,198.04,754.97,2021,12,26
2021-12-26 18:46:00+00:00,198.03,198.07,197.71,197.74,549.37,2021,12,26
2021-12-26 18:47:00+00:00,197.73,197.87,197.71,197.86,363.53,2021,12,26
2021-12-26 18:48:00+00:00,197.86,197.9,197.75,197.82,288.95,2021,12,26
2021-12-26 18:49:00+00:00,197.83,198.0,197.81,197.94,403.7,2021,12,26
2021-12-26 18:50:00+00:00,197.96,198.13,197.96,197.98,237.19,2021,12,26
2021-12-26 18:51:00+00:00,197.98,198.12,197.98,198.07,238.76,2021,12,26
2021-12-26 18:52:00+00:00,198.1,198.15,198.04,198.11,143.26,2021,12,26
2021-12-26 18:53:00+00:00,198.08,198.19,197.99,197.99,680.36,2021,12,26
2021-12-26 18:54:00+00:00,197.99,198.06,197.91,197.99,386.33,2021,12,26
2021-12-26 18:55:00+00:00,197.99,198.11,197.99,198.04,396.79,2021,12,26
2021-12-26 18:56:00+00:00,198.0,198.11,197.95,198.05,324.78,2021,12,26
2021-12-26 18:57:00+00:00,198.05,198.16,198.02,198.05,197.08,2021,12,26
2021-12-26 18:58:00+00:00,198.06,198.84,198.05,198.67,2682.59,2021,12,26
2021-12-26 18:59:00+00:00,198.7,198.87,198.52,198.57,1390.43,2021,12,26
2021-12-26 19:00:00+00:00,198.57,198.96,198.57,198.89,1039.08,2021,12,26
2021-12-26 19:01:00+00:00,198.9,199.03,198.81,198.92,1407.5,2021,12,26
2021-12-26 19:02:00+00:00,198.92,199.17,198.79,199.07,844.0,2021,12,26
2021-12-26 19:03:00+00:00,199.07,199.09,198.82,198.82,688.62,2021,12,26
2021-12-26 19:04:00+00:00,198.82,198.97,198.77,198.86,1071.15,2021,12,26
2021-12-26 19:05:00+00:00,198.85,198.88,198.57,198.61,495.08,2021,12,26
2021-12-26 19:06:00+00:00,198.65,198.7,198.6,198.65,122.05,2021,12,26
2021-12-26 19:07:00+00:00,198.7,199.08,198.69,198.98,855.53,2021,12,26
2021-12-26 19:08:00+00:00,198.98,199.14,198.93,199.05,510.36,2021,12,26
2021-12-26 19:09:00+00:00,199.07,199.1,198.82,198.99,713.97,2021,12,26
2021-12-26 19:10:00+00:00,198.98,199.17,198.86,199.11,943.73,2021,12,26
2021-12-26 19:11:00+00:00,199.1,199.15,198.97,199.06,323.5,2021,12,26
2021-12-26 19:12:00+00:00,199.06,199.11,198.87,199.1,548.37,2021,12,26
2021-12-26 19:13:00+00:00,199.09,199.24,199.07,199.23,693.3,2021,12,26
2021-12-26 19:14:00+00:00,199.21,199.35,199.14,199.14,472.92,2021,12,26
2021-12-26 19:15:00+00:00,199.14,199.14,199.01,199.02,198.99,2021,12,26
2021-12-26 19:16:00+00:00,199.05,199.05,198.79,198.85,576.72,2021,12,26
2021-12-26 19:17:00+00:00,198.84,198.84,198.67,198.74,520.25,2021,12,26
2021-12-26 19:18:00+00:00,198.74,198.8,198.51,198.57,967.14,2021,12,26
2021-12-26 19:19:00+00:00,198.54,198.72,198.48,198.53,721.29,2021,12,26
2021-12-26 19:20:00+00:00,198.56,198.62,198.12,198.3,1529.2,2021,12,26
2021-12-26 19:21:00+00:00,198.28,198.31,198.13,198.14,582.61,2021,12,26
2021-12-26 19:22:00+00:00,198.13,198.16,197.95,198.13,676.86,2021,12,26
2021-12-26 19:23:00+00:00,198.13,198.13,198.02,198.06,205.92,2021,12,26
2021-12-26 19:24:00+00:00,198.06,198.06,197.93,198.01,518.94,2021,12,26
2021-12-26 19:25:00+00:00,198.0,198.06,197.92,197.98,630.89,2021,12,26
2021-12-26 19:26:00+00:00,197.98,198.1,197.94,198.04,601.83,2021,12,26
2021-12-26 19:27:00+00:00,198.06,198.28,198.06,198.21,309.95,2021,12,26
2021-12-26 19:28:00+00:00,198.21,198.29,197.95,197.98,629.96,2021,12,26
2021-12-26 19:29:00+00:00,197.98,198.08,197.97,197.98,181.54,2021,12,26
2021-12-26 19:30:00+00:00,198.0,198.34,197.92,198.34,753.28,2021,12,26
2021-12-26 19:31:00+00:00,198.34,198.39,198.16,198.16,402.97,2021,12,26
2021-12-26 19:32:00+00:00,198.24,198.29,198.01,198.12,797.5,2021,12,26
2021-12-26 19:33:00+00:00,198.13,198.25,197.94,198.24,1107.03,2021,12,26
2021-12-26 19:34:00+00:00,198.25,198.29,198.21,198.27,116.09,2021,12,26
2021-12-26 19:35:00+00:00,198.27,198.3,198.21,198.23,188.52,2021,12,26
2021-12-26 19:36:00+00:00,198.23,198.38,198.15,198.38,137.21,2021,12,26
2021-12-26 19:37:00+00:00,198.38,198.49,198.3,198.49,294.23,2021,12,26
2021-12-26 19:38:00+00:00,198.44,199.12,198.44,199.06,2371.93,2021,12,26
2021-12-26 19:39:00+00:00,199.04,199.1,198.77,198.89,381.52,2021,12,26
2021-12-26 19:40:00+00:00,198.87,198.92,198.0,198.42,10479.62,2021,12,26
2021-12-26 19:41:00+00:00,198.38,198.43,198.3,198.3,239.42,2021,12,26
2021-12-26 19:42:00+00:00,198.34,198.35,198.15,198.28,916.04,2021,12,26
2021-12-26 19:43:00+00:00,198.28,198.45,198.25,198.32,370.06,2021,12,26
2021-12-26 19:44:00+00:00,198.3,198.43,198.15,198.17,333.07,2021,12,26
2021-12-26 19:45:00+00:00,198.17,198.29,198.13,198.18,203.05,2021,12,26
2021-12-26 19:46:00+00:00,198.17,198.21,197.97,198.05,480.62,2021,12,26
2021-12-26 19:47:00+00:00,198.04,198.09,197.95,197.95,293.0,2021,12,26
2021-12-26 19:48:00+00:00,197.98,198.2,197.97,198.16,349.38,2021,12,26
2021-12-26 19:49:00+00:00,198.14,198.19,198.04,198.1,261.83,2021,12,26
2021-12-26 19:50:00+00:00,198.14,198.14,198.02,198.04,115.0,2021,12,26
2021-12-26 19:51:00+00:00,198.06,198.17,198.01,198.06,189.7,2021,12,26
2021-12-26 19:52:00+00:00,198.07,198.33,198.06,198.28,275.74,2021,12,26
2021-12-26 19:53:00+00:00,198.31,198.37,198.22,198.22,187.52,2021,12,26
2021-12-26 19:54:00+00:00,198.22,198.39,198.21,198.39,201.62,2021,12,26
2021-12-26 19:55:00+00:00,198.38,198.44,198.16,198.43,292.59,2021,12,26
2021-12-26 19:56:00+00:00,198.43,198.49,198.23,198.27,307.06,2021,12,26
2021-12-26 19:57:00+00:00,198.27,198.47,198.27,198.43,217.86,2021,12,26
2021-12-26 19:58:00+00:00,198.45,198.5,198.4,198.47,178.96,2021,12,26
2021-12-26 19:59:00+00:00,198.45,198.5,198.42,198.42,188.49,2021,12,26
2021-12-26 20:00:00+00:00,198.4,198.62,198.35,198.39,665.78,2021,12,26
2021-12-26 20:01:00+00:00,198.36,198.42,198.29,198.29,311.45,2021,12,26
2021-12-26 20:02:00+00:00,198.29,198.55,198.27,198.44,250.79,2021,12,26
2021-12-26 20:03:00+00:00,198.43,198.45,198.32,198.33,68.06,2021,12,26
2021-12-26 20:04:00+00:00,198.34,198.46,198.32,198.36,160.52,2021,12,26
2021-12-26 20:05:00+00:00,198.34,198.34,198.17,198.22,185.69,2021,12,26
2021-12-26 20:06:00+00:00,198.23,198.28,198.13,198.13,250.86,2021,12,26
2021-12-26 20:07:00+00:00,198.15,198.57,198.15,198.49,404.64,2021,12,26
2021-12-26 20:08:00+00:00,198.5,198.52,198.37,198.37,170.79,2021,12,26
2021-12-26 20:09:00+00:00,198.38,198.44,198.29,198.36,191.9,2021,12,26
2021-12-26 20:10:00+00:00,198.34,198.39,198.28,198.32,158.22,2021,12,26
2021-12-26 20:11:00+00:00,198.32,198.4,198.31,198.37,116.21,2021,12,26
2021-12-26 20:12:00+00:00,198.38,198.39,198.03,198.06,402.82,2021,12,26
2021-12-26 20:13:00+00:00,198.07,198.15,197.98,198.13,457.89,2021,12,26
2021-12-26 20:14:00+00:00,198.14,198.15,197.89,197.95,365.85,2021,12,26
2021-12-26 20:15:00+00:00,197.96,198.01,197.92,198.0,191.04,2021,12,26
2021-12-26 20:16:00+00:00,197.99,198.03,197.94,197.94,249.31,2021,12,26
2021-12-26 20:17:00+00:00,197.96,198.08,197.89,198.0,876.62,2021,12,26
2021-12-26 20:18:00+00:00,198.01,198.13,198.0,198.05,213.72,2021,12,26
2021-12-26 20:19:00+00:00,198.04,198.09,197.92,197.92,458.98,2021,12,26
2021-12-26 20:20:00+00:00,197.97,198.07,197.93,198.07,124.62,2021,12,26
2021-12-26 20:21:00+00:00,198.09,198.1,197.98,197.98,273.04,2021,12,26
2021-12-26 20:22:00+00:00,197.98,198.11,197.98,198.0,152.3,2021,12,26
2021-12-26 20:23:00+00:00,198.0,198.1,197.99,198.08,252.9,2021,12,26
2021-12-26 20:24:00+00:00,198.06,198.09,197.82,197.91,195.45,2021,12,26
2021-12-26 20:25:00+00:00,197.93,197.95,197.8,197.82,228.2,2021,12,26
2021-12-26 20:26:00+00:00,197.83,197.83,197.64,197.64,445.3,2021,12,26
2021-12-26 20:27:00+00:00,197.68,197.69,197.44,197.45,465.35,2021,12,26
2021-12-26 20:28:00+00:00,197.46,197.8,197.46,197.8,633.84,2021,12,26
2021-12-26 20:29:00+00:00,197.81,198.2,197.81,198.2,872.97,2021,12,26
2021-12-26 20:30:00+00:00,198.2,198.33,198.14,198.26,1381.16,2021,12,26
2021-12-26 20:31:00+00:00,198.27,198.32,198.2,198.27,3015.47,2021,12,26
2021-12-26 20:32:00+00:00,198.26,198.33,197.94,197.95,748.19,2021,12,26
2021-12-26 20:33:00+00:00,197.94,197.97,197.79,197.8,555.5,2021,12,26
2021-12-26 20:34:00+00:00,197.82,197.95,197.81,197.89,371.22,2021,12,26
2021-12-26 20:35:00+00:00,197.89,197.98,197.86,197.98,134.76,2021,12,26
2021-12-26 20:36:00+00:00,197.98,198.13,197.87,197.87,376.01,2021,12,26
2021-12-26 20:37:00+00:00,197.86,198.09,197.86,198.09,573.76,2021,12,26
2021-12-26 20:38:00+00:00,198.12,198.12,197.7,197.7,231.76,2021,12,26
2021-12-26 20:39:00+00:00,197.69,197.89,197.69,197.82,102.29,2021,12,26
2021-12-26 20:40:00+00:00,197.82,198.09,197.78,198.09,152.77,2021,12,26
2021-12-26 20:41:00+00:00,198.07,198.09,197.86,197.96,122.88,2021,12,26
2021-12-26 20:42:00+00:00,197.96,197.96,197.8,197.83,85.2,2021,12,26
2021-12-26 20:43:00+00:00,197.83,198.04,197.83,197.93,187.43,2021,12,26
2021-12-26 20:44:00+00:00,197.95,198.07,197.91,197.95,120.29,2021,12,26
2021-12-26 20:45:00+00:00,197.99,198.05,197.9,197.93,135.19,2021,12,26
2021-12-26 20:46:00+00:00,197.92,198.02,197.87,197.95,183.81,2021,12,26
2021-12-26 20:47:00+00:00,197.94,197.94,197.82,197.85,204.19,2021,12,26
2021-12-26 20:48:00+00:00,197.91,197.92,197.73,197.74,170.59,2021,12,26
2021-12-26 20:49:00+00:00,197.74,197.92,197.74,197.92,147.51,2021,12,26
2021-12-26 20:50:00+00:00,197.92,197.99,197.81,197.96,393.16,2021,12,26
2021-12-26 20:51:00+00:00,197.97,198.18,197.87,198.02,868.77,2021,12,26
2021-12-26 20:52:00+00:00,198.04,198.28,198.04,198.23,329.2,2021,12,26
2021-12-26 20:53:00+00:00,198.25,198.25,198.13,198.13,240.36,2021,12,26
2021-12-26 20:54:00+00:00,198.12,198.19,198.07,198.16,181.79,2021,12,26
2021-12-26 20:55:00+00:00,198.16,198.16,197.84,197.85,161.64,2021,12,26
2021-12-26 20:56:00+00:00,197.84,198.14,197.83,198.13,101.75,2021,12,26
2021-12-26 20:57:00+00:00,198.13,198.13,197.65,197.71,999.66,2021,12,26
2021-12-26 20:58:00+00:00,197.74,197.8,197.7,197.71,271.65,2021,12,26
2021-12-26 20:59:00+00:00,197.71,197.77,197.59,197.62,106.21,2021,12,26
2021-12-26 21:00:00+00:00,197.64,197.66,197.21,197.3,1354.22,2021,12,26
2021-12-26 21:01:00+00:00,197.34,197.37,197.03,197.11,735.99,2021,12,26
2021-12-26 21:02:00+00:00,197.11,197.29,197.1,197.16,736.01,2021,12,26
2021-12-26 21:03:00+00:00,197.16,197.2,197.06,197.06,227.46,2021,12,26
2021-12-26 21:04:00+00:00,197.1,197.26,196.61,197.16,4500.37,2021,12,26
2021-12-26 21:05:00+00:00,197.15,197.22,197.02,197.11,699.9,2021,12,26
2021-12-26 21:06:00+00:00,197.12,197.12,196.82,196.82,234.44,2021,12,26
2021-12-26 21:07:00+00:00,196.83,197.0,196.64,196.72,1026.19,2021,12,26
2021-12-26 21:08:00+00:00,196.73,196.88,196.63,196.7,894.01,2021,12,26
2021-12-26 21:09:00+00:00,196.74,196.75,196.01,196.49,3280.57,2021,12,26
2021-12-26 21:10:00+00:00,196.54,196.56,196.18,196.26,977.64,2021,12,26
2021-12-26 21:11:00+00:00,196.26,196.62,196.26,196.55,825.3,2021,12,26
2021-12-26 21:12:00+00:00,196.59,196.67,196.4,196.52,684.69,2021,12,26
2021-12-26 21:13:00+00:00,196.54,196.55,196.34,196.37,684.22,2021,12,26
2021-12-26 21:14:00+00:00,196.37,196.74,196.05,196.73,1963.24,2021,12,26
2021-12-26 21:15:00+00:00,196.73,196.97,196.49,196.94,470.21,2021,12,26
2021-12-26 21:16:00+00:00,196.93,197.13,196.89,196.94,3744.88,2021,12,26
2021-12-26 21:17:00+00:00,196.96,196.96,196.75,196.79,612.4,2021,12,26
2021-12-26 21:18:00+00:00,196.79,197.19,196.76,197.11,584.05,2021,12,26
2021-12-26 21:19:00+00:00,197.17,197.34,197.17,197.3,175.4,2021,12,26
2021-12-26 21:20:00+00:00,197.3,197.36,197.17,197.18,233.79,2021,12,26
2021-12-26 21:21:00+00:00,197.18,197.26,197.11,197.16,300.01,2021,12,26
2021-12-26 21:22:00+00:00,197.14,197.22,197.08,197.22,316.92,2021,12,26
2021-12-26 21:23:00+00:00,197.19,197.68,197.19,197.57,1568.83,2021,12,26
2021-12-26 21:24:00+00:00,197.57,197.67,197.51,197.54,226.48,2021,12,26
2021-12-26 21:25:00+00:00,197.56,197.84,197.55,197.83,425.5,2021,12,26
2021-12-26 21:26:00+00:00,197.78,197.86,197.63,197.81,481.93,2021,12,26
2021-12-26 21:27:00+00:00,197.82,197.82,197.48,197.53,331.28,2021,12,26
2021-12-26 21:28:00+00:00,197.52,197.77,197.46,197.66,1445.01,2021,12,26
2021-12-26 21:29:00+00:00,197.68,197.94,197.64,197.7,748.54,2021,12,26
2021-12-26 21:30:00+00:00,197.7,198.01,197.7,198.0,626.55,2021,12,26
2021-12-26 21:31:00+00:00,198.0,198.07,197.97,198.04,239.07,2021,12,26
2021-12-26 21:32:00+00:00,198.08,198.13,197.88,197.88,357.21,2021,12,26
2021-12-26 21:33:00+00:00,197.87,197.95,197.73,197.77,486.09,2021,12,26
2021-12-26 21:34:00+00:00,197.77,198.13,197.76,198.04,434.95,2021,12,26
2021-12-26 21:35:00+00:00,198.09,198.65,198.09,198.44,1502.42,2021,12,26
2021-12-26 21:36:00+00:00,198.44,198.61,198.39,198.53,1425.3,2021,12,26
2021-12-26 21:37:00+00:00,198.52,198.54,197.95,198.43,1836.37,2021,12,26
2021-12-26 21:38:00+00:00,198.43,198.5,198.22,198.46,799.32,2021,12,26
2021-12-26 21:39:00+00:00,198.44,198.44,198.03,198.26,504.17,2021,12,26
2021-12-26 21:40:00+00:00,198.26,198.4,198.22,198.29,4120.92,2021,12,26
2021-12-26 21:41:00+00:00,198.32,198.37,198.13,198.17,860.82,2021,12,26
2021-12-26 21:42:00+00:00,198.18,198.59,198.18,198.59,942.99,2021,12,26
2021-12-26 21:43:00+00:00,198.58,198.73,198.48,198.6,536.44,2021,12,26
2021-12-26 21:44:00+00:00,198.6,198.61,198.39,198.57,391.92,2021,12,26
2021-12-26 21:45:00+00:00,198.56,198.66,198.5,198.59,547.93,2021,12,26
2021-12-26 21:46:00+00:00,198.56,198.87,198.56,198.87,1066.6,2021,12,26
2021-12-26 21:47:00+00:00,198.84,199.0,198.78,198.97,1267.35,2021,12,26
2021-12-26 21:48:00+00:00,198.97,198.97,198.71,198.95,521.94,2021,12,26
2021-12-26 21:49:00+00:00,198.94,198.96,198.85,198.94,347.39,2021,12,26
2021-12-26 21:50:00+00:00,198.96,199.09,198.95,199.0,899.44,2021,12,26
2021-12-26 21:51:00+00:00,199.0,199.16,198.8,199.09,1029.73,2021,12,26
2021-12-26 21:52:00+00:00,199.16,199.3,199.08,199.12,1439.85,2021,12,26
2021-12-26 21:53:00+00:00,199.15,199.36,198.69,198.75,912.79,2021,12,26
2021-12-26 21:54:00+00:00,198.74,198.85,198.54,198.74,916.84,2021,12,26
2021-12-26 21:55:00+00:00,198.78,198.99,198.75,198.98,279.27,2021,12,26
2021-12-26 21:56:00+00:00,198.95,198.98,198.48,198.51,591.21,2021,12,26
2021-12-26 21:57:00+00:00,198.51,198.65,198.44,198.47,620.64,2021,12,26
2021-12-26 21:58:00+00:00,198.46,198.46,198.08,198.41,653.46,2021,12,26
2021-12-26 21:59:00+00:00,198.33,198.57,198.21,198.32,521.94,2021,12,26
2021-12-26 22:00:00+00:00,198.32,198.64,198.32,198.59,332.31,2021,12,26
2021-12-26 22:01:00+00:00,198.59,198.89,198.33,198.82,2529.86,2021,12,26
2021-12-26 22:02:00+00:00,198.87,198.95,198.77,198.83,398.93,2021,12,26
2021-12-26 22:03:00+00:00,198.83,199.0,198.82,198.86,273.46,2021,12,26
2021-12-26 22:04:00+00:00,198.95,199.15,198.95,199.11,211.25,2021,12,26
2021-12-26 22:05:00+00:00,199.12,199.12,198.8,198.93,725.5,2021,12,26
2021-12-26 22:06:00+00:00,198.94,199.15,198.89,199.09,277.05,2021,12,26
2021-12-26 22:07:00+00:00,199.09,199.26,199.09,199.12,349.71,2021,12,26
2021-12-26 22:08:00+00:00,199.11,199.36,199.04,199.27,1256.22,2021,12,26
2021-12-26 22:09:00+00:00,199.27,199.27,199.1,199.2,245.47,2021,12,26
2021-12-26 22:10:00+00:00,199.17,199.33,199.14,199.23,182.77,2021,12,26
2021-12-26 22:11:00+00:00,199.23,199.3,199.13,199.14,546.65,2021,12,26
2021-12-26 22:12:00+00:00,199.15,199.3,199.09,199.22,419.66,2021,12,26
2021-12-26 22:13:00+00:00,199.24,199.37,199.13,199.19,356.8,2021,12,26
2021-12-26 22:14:00+00:00,199.21,199.25,199.0,199.07,361.33,2021,12,26
2021-12-26 22:15:00+00:00,199.08,199.16,198.87,198.9,380.54,2021,12,26
2021-12-26 22:16:00+00:00,198.93,198.94,198.58,198.76,682.54,2021,12,26
2021-12-26 22:17:00+00:00,198.76,198.76,198.63,198.71,133.19,2021,12,26
2021-12-26 22:18:00+00:00,198.67,198.82,198.62,198.79,312.79,2021,12,26
2021-12-26 22:19:00+00:00,198.81,198.97,198.7,198.97,302.85,2021,12,26
2021-12-26 22:20:00+00:00,198.97,199.38,198.97,199.23,734.51,2021,12,26
2021-12-26 22:21:00+00:00,199.22,199.24,199.05,199.14,147.22,2021,12,26
2021-12-26 22:22:00+00:00,199.18,199.37,199.15,199.28,188.44,2021,12,26
2021-12-26 22:23:00+00:00,199.3,199.4,199.11,199.13,818.66,2021,12,26
2021-12-26 22:24:00+00:00,199.16,199.41,199.16,199.27,1192.91,2021,12,26
2021-12-26 22:25:00+00:00,199.27,199.27,199.13,199.21,470.6,2021,12,26
2021-12-26 22:26:00+00:00,199.21,199.21,199.08,199.09,351.95,2021,12,26
2021-12-26 22:27:00+00:00,199.13,199.13,198.82,199.0,681.71,2021,12,26
2021-12-26 22:28:00+00:00,199.0,199.21,198.89,199.12,1342.45,2021,12,26
2021-12-26 22:29:00+00:00,199.12,199.25,199.06,199.12,597.42,2021,12,26
2021-12-26 22:30:00+00:00,199.14,199.24,199.14,199.18,146.87,2021,12,26
2021-12-26 22:31:00+00:00,199.2,199.3,199.19,199.26,118.54,2021,12,26
2021-12-26 22:32:00+00:00,199.28,199.45,199.28,199.39,418.34,2021,12,26
2021-12-26 22:33:00+00:00,199.39,199.46,199.3,199.4,179.61,2021,12,26
2021-12-26 22:34:00+00:00,199.4,199.42,199.27,199.27,280.5,2021,12,26
2021-12-26 22:35:00+00:00,199.26,199.29,199.2,199.28,98.91,2021,12,26
2021-12-26 22:36:00+00:00,199.25,199.33,198.9,198.9,645.0,2021,12,26
2021-12-26 22:37:00+00:00,198.9,199.17,198.9,199.04,626.74,2021,12,26
2021-12-26 22:38:00+00:00,199.09,199.41,199.0,199.21,791.91,2021,12,26
2021-12-26 22:39:00+00:00,199.24,199.41,199.21,199.41,122.55,2021,12,26
2021-12-26 22:40:00+00:00,199.37,199.49,199.35,199.49,506.7,2021,12,26
2021-12-26 22:41:00+00:00,199.43,199.61,199.43,199.59,891.39,2021,12,26
2021-12-26 22:42:00+00:00,199.59,199.64,199.44,199.55,454.94,2021,12,26
2021-12-26 22:43:00+00:00,199.56,199.56,199.31,199.39,1077.3,2021,12,26
2021-12-26 22:44:00+00:00,199.44,199.58,199.39,199.58,379.39,2021,12,26
2021-12-26 22:45:00+00:00,199.57,199.6,199.33,199.44,632.39,2021,12,26
2021-12-26 22:46:00+00:00,199.45,199.47,199.21,199.25,229.17,2021,12,26
2021-12-26 22:47:00+00:00,199.24,199.24,199.0,199.04,498.91,2021,12,26
2021-12-26 22:48:00+00:00,199.0,199.33,198.97,199.22,722.9,2021,12,26
2021-12-26 22:49:00+00:00,199.19,199.29,199.1,199.13,460.14,2021,12,26
2021-12-26 22:50:00+00:00,199.11,199.11,198.91,199.05,487.32,2021,12,26
2021-12-26 22:51:00+00:00,199.06,199.18,198.93,198.94,108.34,2021,12,26
2021-12-26 22:52:00+00:00,198.94,199.12,198.86,198.91,976.48,2021,12,26
2021-12-26 22:53:00+00:00,198.91,199.09,198.87,198.95,915.97,2021,12,26
2021-12-26 22:54:00+00:00,198.88,198.9,198.7,198.74,424.99,2021,12,26
2021-12-26 22:55:00+00:00,198.74,198.8,198.65,198.65,298.93,2021,12,26
2021-12-26 22:56:00+00:00,198.66,198.69,198.47,198.48,632.41,2021,12,26
2021-12-26 22:57:00+00:00,198.48,198.5,198.38,198.46,434.04,2021,12,26
2021-12-26 22:58:00+00:00,198.46,198.93,198.46,198.83,678.87,2021,12,26
2021-12-26 22:59:00+00:00,198.82,198.9,198.73,198.88,129.64,2021,12,26
2021-12-26 23:00:00+00:00,198.87,198.87,198.46,198.5,523.44,2021,12,26
2021-12-26 23:01:00+00:00,198.49,199.17,198.49,198.8,958.28,2021,12,26
2021-12-26 23:02:00+00:00,198.8,198.83,198.34,198.76,1043.91,2021,12,26
2021-12-26 23:03:00+00:00,198.69,198.71,198.48,198.64,280.68,2021,12,26
2021-12-26 23:04:00+00:00,198.62,198.62,198.25,198.34,1141.56,2021,12,26
2021-12-26 23:05:00+00:00,198.33,198.46,198.2,198.28,284.74,2021,12,26
2021-12-26 23:06:00+00:00,198.31,198.42,198.18,198.18,547.47,2021,12,26
2021-12-26 23:07:00+00:00,198.17,198.32,198.03,198.31,498.94,2021,12,26
2021-12-26 23:08:00+00:00,198.3,198.4,197.84,197.97,532.19,2021,12,26
2021-12-26 23:09:00+00:00,197.97,198.29,197.97,198.18,290.44,2021,12,26
2021-12-26 23:10:00+00:00,198.26,198.41,198.18,198.41,334.38,2021,12,26
2021-12-26 23:11:00+00:00,198.41,198.57,198.39,198.42,408.31,2021,12,26
2021-12-26 23:12:00+00:00,198.43,198.76,198.41,198.7,655.55,2021,12,26
2021-12-26 23:13:00+00:00,198.7,199.06,198.6,198.87,1852.45,2021,12,26
2021-12-26 23:14:00+00:00,198.87,199.05,198.84,198.96,351.37,2021,12,26
2021-12-26 23:15:00+00:00,198.96,199.01,198.67,198.69,175.15,2021,12,26
2021-12-26 23:16:00+00:00,198.71,198.71,198.44,198.54,441.97,2021,12,26
2021-12-26 23:17:00+00:00,198.54,198.54,198.11,198.2,583.43,2021,12,26
2021-12-26 23:18:00+00:00,198.15,198.31,198.11,198.24,861.48,2021,12,26
2021-12-26 23:19:00+00:00,198.27,198.27,198.12,198.12,261.32,2021,12,26
2021-12-26 23:20:00+00:00,198.13,198.19,197.95,197.95,730.64,2021,12,26
2021-12-26 23:21:00+00:00,197.94,198.05,197.79,197.8,402.6,2021,12,26
2021-12-26 23:22:00+00:00,197.78,197.83,197.65,197.75,639.39,2021,12,26
2021-12-26 23:23:00+00:00,197.72,197.87,197.71,197.76,427.55,2021,12,26
2021-12-26 23:24:00+00:00,197.76,197.96,197.76,197.91,617.64,2021,12,26
2021-12-26 23:25:00+00:00,197.94,197.94,197.77,197.82,260.95,2021,12,26
2021-12-26 23:26:00+00:00,197.82,197.82,197.39,197.61,768.03,2021,12,26
2021-12-26 23:27:00+00:00,197.6,197.6,197.38,197.6,452.65,2021,12,26
2021-12-26 23:28:00+00:00,197.54,197.89,197.34,197.76,438.36,2021,12,26
2021-12-26 23:29:00+00:00,197.77,197.82,197.56,197.59,371.49,2021,12,26
2021-12-26 23:30:00+00:00,197.59,197.93,197.59,197.75,778.08,2021,12,26
2021-12-26 23:31:00+00:00,197.74,197.97,197.67,197.78,403.15,2021,12,26
2021-12-26 23:32:00+00:00,197.76,197.76,197.5,197.59,276.93,2021,12,26
2021-12-26 23:33:00+00:00,197.59,197.61,197.43,197.51,244.06,2021,12,26
2021-12-26 23:34:00+00:00,197.55,197.63,197.54,197.57,86.55,2021,12,26
2021-12-26 23:35:00+00:00,197.57,197.78,197.42,197.64,349.53,2021,12,26
2021-12-26 23:36:00+00:00,197.64,197.86,197.64,197.86,189.76,2021,12,26
2021-12-26 23:37:00+00:00,197.87,198.15,197.87,198.13,342.86,2021,12,26
2021-12-26 23:38:00+00:00,198.14,198.14,197.91,197.93,430.12,2021,12,26
2021-12-26 23:39:00+00:00,197.97,198.02,197.84,198.0,183.92,2021,12,26
2021-12-26 23:40:00+00:00,197.98,198.19,197.93,198.01,223.18,2021,12,26
2021-12-26 23:41:00+00:00,198.0,198.06,197.87,197.99,139.62,2021,12,26
2021-12-26 23:42:00+00:00,197.99,197.99,197.72,197.72,166.95,2021,12,26
2021-12-26 23:43:00+00:00,197.71,197.89,197.58,197.72,720.07,2021,12,26
2021-12-26 23:44:00+00:00,197.72,197.89,197.71,197.74,225.68,2021,12,26
2021-12-26 23:45:00+00:00,197.75,198.25,197.75,198.01,655.17,2021,12,26
2021-12-26 23:46:00+00:00,198.02,198.11,197.96,198.11,520.3,2021,12,26
2021-12-26 23:47:00+00:00,198.12,198.13,197.92,197.93,287.82,2021,12,26
2021-12-26 23:48:00+00:00,197.92,198.11,197.92,198.11,193.98,2021,12,26
2021-12-26 23:49:00+00:00,198.11,198.2,198.01,198.01,414.78,2021,12,26
2021-12-26 23:50:00+00:00,198.03,198.13,197.84,197.87,337.48,2021,12,26
2021-12-26 23:51:00+00:00,197.85,198.1,197.85,197.92,128.08,2021,12,26
2021-12-26 23:52:00+00:00,197.91,198.03,197.86,197.9,131.18,2021,12,26
2021-12-26 23:53:00+00:00,197.9,198.05,197.83,198.05,172.22,2021,12,26
2021-12-26 23:54:00+00:00,198.09,198.12,197.82,198.0,371.89,2021,12,26
2021-12-26 23:55:00+00:00,197.94,198.06,197.87,198.02,166.61,2021,12,26
2021-12-26 23:56:00+00:00,198.0,198.11,197.91,198.1,235.55,2021,12,26
2021-12-26 23:57:00+00:00,198.06,198.06,197.93,198.05,83.61,2021,12,26
2021-12-26 23:58:00+00:00,198.05,198.05,197.79,197.92,891.82,2021,12,26
2021-12-26 23:59:00+00:00,197.92,197.93,197.7,197.81,278.89,2021,12,26
2021-12-27 00:00:00+00:00,197.85,198.44,197.84,198.13,935.99,2021,12,27
2021-12-27 00:01:00+00:00,198.13,198.36,197.94,198.27,722.71,2021,12,27
2021-12-27 00:02:00+00:00,198.26,198.48,198.11,198.45,551.76,2021,12,27
2021-12-27 00:03:00+00:00,198.37,198.69,198.37,198.55,2624.34,2021,12,27
2021-12-27 00:04:00+00:00,198.52,198.76,198.5,198.71,355.76,2021,12,27
2021-12-27 00:05:00+00:00,198.71,198.78,198.54,198.54,1069.2,2021,12,27
2021-12-27 00:06:00+00:00,198.55,198.67,198.37,198.45,425.41,2021,12,27
2021-12-27 00:07:00+00:00,198.46,198.54,198.23,198.35,420.26,2021,12,27
2021-12-27 00:08:00+00:00,198.4,198.6,198.39,198.44,520.43,2021,12,27
2021-12-27 00:09:00+00:00,198.45,198.86,198.39,198.85,390.6,2021,12,27
2021-12-27 00:10:00+00:00,198.85,198.95,198.71,198.74,273.31,2021,12,27
2021-12-27 00:11:00+00:00,198.76,198.83,198.69,198.69,290.71,2021,12,27
2021-12-27 00:12:00+00:00,198.7,198.76,198.61,198.7,372.89,2021,12,27
2021-12-27 00:13:00+00:00,198.72,198.89,198.65,198.86,125.28,2021,12,27
2021-12-27 00:14:00+00:00,198.87,199.25,198.85,199.06,777.57,2021,12,27
2021-12-27 00:15:00+00:00,199.03,199.03,198.78,198.98,229.88,2021,12,27
2021-12-27 00:16:00+00:00,198.98,199.14,198.83,199.14,480.0,2021,12,27
2021-12-27 00:17:00+00:00,199.04,199.14,198.94,199.01,185.13,2021,12,27
2021-12-27 00:18:00+00:00,199.01,199.13,198.84,198.91,327.43,2021,12,27
2021-12-27 00:19:00+00:00,198.92,199.05,198.84,198.92,323.72,2021,12,27
2021-12-27 00:20:00+00:00,198.93,199.08,198.89,199.02,254.8,2021,12,27
2021-12-27 00:21:00+00:00,199.02,199.09,198.93,199.03,365.81,2021,12,27
2021-12-27 00:22:00+00:00,199.05,199.21,199.01,199.12,357.99,2021,12,27
2021-12-27 00:23:00+00:00,199.12,199.18,199.11,199.11,117.19,2021,12,27
2021-12-27 00:24:00+00:00,199.11,199.27,199.1,199.23,371.8,2021,12,27
2021-12-27 00:25:00+00:00,199.24,199.24,199.07,199.09,324.43,2021,12,27
2021-12-27 00:26:00+00:00,199.1,199.24,199.1,199.15,237.32,2021,12,27
2021-12-27 00:27:00+00:00,199.14,199.16,198.85,198.97,630.77,2021,12,27
2021-12-27 00:28:00+00:00,198.99,199.19,198.96,199.08,270.19,2021,12,27
2021-12-27 00:29:00+00:00,199.08,199.15,198.94,198.94,356.87,2021,12,27
2021-12-27 00:30:00+00:00,198.95,199.09,198.64,198.69,233.5,2021,12,27
2021-12-27 00:31:00+00:00,198.71,198.85,198.65,198.82,572.14,2021,12,27
2021-12-27 00:32:00+00:00,198.8,198.86,198.66,198.79,154.35,2021,12,27
2021-12-27 00:33:00+00:00,198.81,198.93,198.77,198.77,265.92,2021,12,27
2021-12-27 00:34:00+00:00,198.78,198.86,198.73,198.77,73.11,2021,12,27
2021-12-27 00:35:00+00:00,198.79,198.8,198.65,198.67,486.57,2021,12,27
2021-12-27 00:36:00+00:00,198.65,198.67,198.39,198.59,383.7,2021,12,27
2021-12-27 00:37:00+00:00,198.52,198.56,198.31,198.37,239.46,2021,12,27
2021-12-27 00:38:00+00:00,198.38,198.45,198.1,198.22,814.55,2021,12,27
2021-12-27 00:39:00+00:00,198.22,198.41,198.17,198.39,145.41,2021,12,27
2021-12-27 00:40:00+00:00,198.36,198.36,197.9,198.01,1267.69,2021,12,27
2021-12-27 00:41:00+00:00,198.01,198.04,197.81,197.94,388.73,2021,12,27
2021-12-27 00:42:00+00:00,197.94,198.07,197.8,197.81,469.61,2021,12,27
2021-12-27 00:43:00+00:00,197.83,198.19,197.8,198.11,479.75,2021,12,27
2021-12-27 00:44:00+00:00,198.12,198.2,197.92,198.12,762.03,2021,12,27
2021-12-27 00:45:00+00:00,198.1,198.22,197.98,198.2,554.34,2021,12,27
2021-12-27 00:46:00+00:00,198.19,198.59,198.16,198.59,479.89,2021,12,27
2021-12-27 00:47:00+00:00,198.57,198.57,198.27,198.3,508.84,2021,12,27
2021-12-27 00:48:00+00:00,198.32,198.57,198.32,198.54,221.62,2021,12,27
2021-12-27 00:49:00+00:00,198.57,198.6,198.16,198.19,1418.54,2021,12,27
2021-12-27 00:50:00+00:00,198.21,198.42,198.18,198.36,119.24,2021,12,27
2021-12-27 00:51:00+00:00,198.32,198.42,197.95,197.95,316.09,2021,12,27
2021-12-27 00:52:00+00:00,197.93,198.09,197.83,197.88,537.25,2021,12,27
2021-12-27 00:53:00+00:00,197.88,197.92,197.76,197.82,168.85,2021,12,27
2021-12-27 00:54:00+00:00,197.77,197.81,197.46,197.66,926.01,2021,12,27
2021-12-27 00:55:00+00:00,197.67,197.76,197.58,197.67,190.03,2021,12,27
2021-12-27 00:56:00+00:00,197.7,197.84,197.62,197.75,343.44,2021,12,27
2021-12-27 00:57:00+00:00,197.78,197.87,197.64,197.7,223.15,2021,12,27
2021-12-27 00:58:00+00:00,197.73,197.73,197.34,197.51,2482.09,2021,12,27
2021-12-27 00:59:00+00:00,197.49,197.61,197.41,197.47,886.58,2021,12,27
2021-12-27 01:00:00+00:00,197.45,197.57,197.4,197.48,126.63,2021,12,27
2021-12-27 01:01:00+00:00,197.43,197.54,197.36,197.43,297.09,2021,12,27
2021-12-27 01:02:00+00:00,197.42,197.52,197.27,197.36,418.65,2021,12,27
2021-12-27 01:03:00+00:00,197.35,197.51,197.33,197.48,264.16,2021,12,27
2021-12-27 01:04:00+00:00,197.47,197.47,197.03,197.11,1154.31,2021,12,27
2021-12-27 01:05:00+00:00,197.19,197.25,197.09,197.15,265.69,2021,12,27
2021-12-27 01:06:00+00:00,197.15,197.2,197.04,197.14,733.49,2021,12,27
2021-12-27 01:07:00+00:00,197.11,197.11,196.96,196.98,604.64,2021,12,27
2021-12-27 01:08:00+00:00,196.99,197.03,196.75,196.81,998.98,2021,12,27
2021-12-27 01:09:00+00:00,196.79,196.97,196.71,196.97,1165.18,2021,12,27
2021-12-27 01:10:00+00:00,196.97,197.12,196.96,197.04,273.74,2021,12,27
2021-12-27 01:11:00+00:00,197.04,197.04,197.04,197.04,0.4,2021,12,27
2021-12-27 01:12:00+00:00,196.8,196.84,196.7,196.78,133.82,2021,12,27
2021-12-27 01:13:00+00:00,196.78,196.93,196.71,196.89,454.87,2021,12,27
2021-12-27 01:14:00+00:00,196.89,196.93,196.64,196.9,783.37,2021,12,27
2021-12-27 01:15:00+00:00,196.89,196.89,196.72,196.73,272.87,2021,12,27
2021-12-27 01:16:00+00:00,196.72,196.85,196.7,196.75,257.04,2021,12,27
2021-12-27 01:17:00+00:00,196.75,196.99,196.71,196.89,296.17,2021,12,27
2021-12-27 01:18:00+00:00,196.88,197.17,196.83,197.13,326.31,2021,12,27
2021-12-27 01:19:00+00:00,197.15,197.49,197.14,197.26,567.15,2021,12,27
2021-12-27 01:20:00+00:00,197.26,197.47,197.22,197.28,558.03,2021,12,27
2021-12-27 01:21:00+00:00,197.28,197.62,197.28,197.41,647.84,2021,12,27
2021-12-27 01:22:00+00:00,197.41,197.97,197.41,197.81,4566.53,2021,12,27
2021-12-27 01:23:00+00:00,197.8,197.94,197.76,197.86,136.99,2021,12,27
2021-12-27 01:24:00+00:00,197.84,197.97,197.78,197.84,159.13,2021,12,27
2021-12-27 01:25:00+00:00,197.8,197.88,197.77,197.83,64.66,2021,12,27
2021-12-27 01:26:00+00:00,197.82,197.9,197.76,197.76,287.0,2021,12,27
2021-12-27 01:27:00+00:00,197.76,197.9,197.72,197.86,519.71,2021,12,27
2021-12-27 01:28:00+00:00,197.9,198.0,197.72,197.88,624.5,2021,12,27
2021-12-27 01:29:00+00:00,197.88,197.94,197.76,197.85,260.66,2021,12,27
2021-12-27 01:30:00+00:00,197.86,197.86,197.61,197.66,359.97,2021,12,27
2021-12-27 01:31:00+00:00,197.66,197.79,197.6,197.63,612.16,2021,12,27
2021-12-27 01:32:00+00:00,197.63,197.77,197.51,197.54,580.75,2021,12,27
2021-12-27 01:33:00+00:00,197.54,197.61,197.37,197.4,543.32,2021,12,27
2021-12-27 01:34:00+00:00,197.4,197.55,197.21,197.3,954.35,2021,12,27
2021-12-27 01:35:00+00:00,197.3,197.33,197.16,197.2,530.67,2021,12,27
2021-12-27 01:36:00+00:00,197.21,197.42,197.1,197.29,756.01,2021,12,27
2021-12-27 01:37:00+00:00,197.29,197.36,197.13,197.15,569.42,2021,12,27
2021-12-27 01:38:00+00:00,197.14,197.47,197.07,197.45,595.53,2021,12,27
2021-12-27 01:39:00+00:00,197.46,197.58,197.37,197.4,704.67,2021,12,27
2021-12-27 01:40:00+00:00,197.4,197.45,197.2,197.3,500.72,2021,12,27
2021-12-27 01:41:00+00:00,197.32,197.39,197.14,197.24,466.22,2021,12,27
2021-12-27 01:42:00+00:00,197.22,197.38,197.2,197.27,612.28,2021,12,27
2021-12-27 01:43:00+00:00,197.29,197.29,196.86,197.08,1330.12,2021,12,27
2021-12-27 01:44:00+00:00,197.06,197.19,196.89,197.17,503.41,2021,12,27
2021-12-27 01:45:00+00:00,197.16,197.28,197.06,197.19,714.57,2021,12,27
2021-12-27 01:46:00+00:00,197.12,197.43,197.07,197.36,1157.17,2021,12,27
2021-12-27 01:47:00+00:00,197.38,197.41,197.18,197.36,657.52,2021,12,27
2021-12-27 01:48:00+00:00,197.34,197.34,197.18,197.19,500.55,2021,12,27
2021-12-27 01:49:00+00:00,197.21,197.21,197.03,197.1,631.73,2021,12,27
2021-12-27 01:50:00+00:00,197.09,197.42,197.09,197.39,388.91,2021,12,27
2021-12-27 01:51:00+00:00,197.38,197.6,197.35,197.45,418.61,2021,12,27
2021-12-27 01:52:00+00:00,197.42,197.75,197.42,197.6,944.81,2021,12,27
2021-12-27 01:53:00+00:00,197.6,197.81,197.5,197.77,430.83,2021,12,27
2021-12-27 01:54:00+00:00,197.77,197.93,197.71,197.89,990.19,2021,12,27
2021-12-27 01:55:00+00:00,197.9,197.9,197.67,197.82,1015.93,2021,12,27
2021-12-27 01:56:00+00:00,197.83,197.83,197.74,197.74,292.12,2021,12,27
2021-12-27 01:57:00+00:00,197.74,197.74,197.48,197.55,571.9,2021,12,27
2021-12-27 01:58:00+00:00,197.6,197.86,197.54,197.72,359.81,2021,12,27
2021-12-27 01:59:00+00:00,197.72,197.86,197.47,197.61,2232.03,2021,12,27
2021-12-27 02:00:00+00:00,197.57,197.74,197.57,197.72,504.78,2021,12,27
2021-12-27 02:01:00+00:00,197.72,197.77,197.63,197.65,336.87,2021,12,27
2021-12-27 02:02:00+00:00,197.68,197.69,197.5,197.57,811.86,2021,12,27
2021-12-27 02:03:00+00:00,197.59,197.65,197.36,197.36,409.54,2021,12,27
2021-12-27 02:04:00+00:00,197.38,197.43,197.15,197.26,539.74,2021,12,27
2021-12-27 02:05:00+00:00,197.27,197.57,197.27,197.39,266.29,2021,12,27
2021-12-27 02:06:00+00:00,197.4,197.49,197.35,197.35,144.38,2021,12,27
2021-12-27 02:07:00+00:00,197.38,197.54,197.35,197.53,186.66,2021,12,27
2021-12-27 02:08:00+00:00,197.53,197.68,197.52,197.67,117.45,2021,12,27
2021-12-27 02:09:00+00:00,197.68,198.02,197.67,197.92,1926.72,2021,12,27
2021-12-27 02:10:00+00:00,197.92,198.28,197.8,198.24,1541.07,2021,12,27
2021-12-27 02:11:00+00:00,198.24,198.38,198.15,198.28,597.84,2021,12,27
2021-12-27 02:12:00+00:00,198.36,198.46,198.28,198.42,424.25,2021,12,27
2021-12-27 02:13:00+00:00,198.36,198.36,198.21,198.33,664.16,2021,12,27
2021-12-27 02:14:00+00:00,198.32,198.47,198.31,198.4,356.42,2021,12,27
2021-12-27 02:15:00+00:00,198.38,198.45,198.26,198.4,380.07,2021,12,27
2021-12-27 02:16:00+00:00,198.38,198.54,198.35,198.49,456.21,2021,12,27
2021-12-27 02:17:00+00:00,198.5,198.57,198.4,198.45,679.57,2021,12,27
2021-12-27 02:18:00+00:00,198.44,198.55,198.36,198.43,581.01,2021,12,27
2021-12-27 02:19:00+00:00,198.43,198.44,198.3,198.37,441.05,2021,12,27
2021-12-27 02:20:00+00:00,198.4,198.59,198.37,198.56,566.21,2021,12,27
2021-12-27 02:21:00+00:00,198.58,198.67,198.54,198.61,577.33,2021,12,27
2021-12-27 02:22:00+00:00,198.6,198.76,198.6,198.66,957.42,2021,12,27
2021-12-27 02:23:00+00:00,198.66,198.75,198.57,198.65,2025.93,2021,12,27
2021-12-27 02:24:00+00:00,198.67,198.72,198.65,198.66,171.24,2021,12,27
2021-12-27 02:25:00+00:00,198.66,198.85,198.44,198.46,2795.09,2021,12,27
2021-12-27 02:26:00+00:00,198.45,198.62,198.38,198.5,376.76,2021,12,27
2021-12-27 02:27:00+00:00,198.56,198.76,198.5,198.67,532.0,2021,12,27
2021-12-27 02:28:00+00:00,198.7,198.87,198.67,198.87,441.56,2021,12,27
2021-12-27 02:29:00+00:00,198.86,199.12,198.77,199.05,1935.08,2021,12,27
2021-12-27 02:30:00+00:00,199.0,199.2,199.0,199.06,736.23,2021,12,27
2021-12-27 02:31:00+00:00,199.06,199.09,198.83,198.86,1274.3,2021,12,27
2021-12-27 02:32:00+00:00,198.88,199.12,198.81,199.02,669.32,2021,12,27
2021-12-27 02:33:00+00:00,199.01,199.08,198.79,198.79,331.94,2021,12,27
2021-12-27 02:34:00+00:00,198.81,199.22,198.76,199.17,1574.45,2021,12,27
2021-12-27 02:35:00+00:00,199.17,199.17,198.89,198.91,359.62,2021,12,27
2021-12-27 02:36:00+00:00,198.93,199.05,198.84,198.85,283.69,2021,12,27
2021-12-27 02:37:00+00:00,198.89,199.09,198.79,199.0,613.37,2021,12,27
2021-12-27 02:38:00+00:00,199.04,199.04,198.83,198.92,295.46,2021,12,27
2021-12-27 02:39:00+00:00,198.96,199.0,198.72,198.8,711.56,2021,12,27
2021-12-27 02:40:00+00:00,198.76,198.81,198.66,198.7,258.49,2021,12,27
2021-12-27 02:41:00+00:00,198.69,198.74,198.5,198.56,494.84,2021,12,27
2021-12-27 02:42:00+00:00,198.6,198.61,198.36,198.43,377.84,2021,12,27
2021-12-27 02:43:00+00:00,198.45,198.56,198.42,198.49,658.0,2021,12,27
2021-12-27 02:44:00+00:00,198.49,198.75,198.46,198.73,1197.97,2021,12,27
2021-12-27 02:45:00+00:00,198.72,198.73,198.49,198.63,698.5,2021,12,27
2021-12-27 02:46:00+00:00,198.65,198.82,198.56,198.64,539.47,2021,12,27
2021-12-27 02:47:00+00:00,198.65,198.67,198.49,198.61,335.84,2021,12,27
2021-12-27 02:48:00+00:00,198.58,198.61,198.4,198.61,248.29,2021,12,27
2021-12-27 02:49:00+00:00,198.59,198.69,198.57,198.69,218.17,2021,12,27
2021-12-27 02:50:00+00:00,198.68,198.73,198.41,198.41,796.33,2021,12,27
2021-12-27 02:51:00+00:00,198.41,198.54,198.37,198.54,381.76,2021,12,27
2021-12-27 02:52:00+00:00,198.54,198.56,198.44,198.52,289.95,2021,12,27
2021-12-27 02:53:00+00:00,198.51,198.57,198.27,198.28,444.52,2021,12,27
2021-12-27 02:54:00+00:00,198.28,198.34,198.14,198.28,390.12,2021,12,27
2021-12-27 02:55:00+00:00,198.29,198.4,198.2,198.21,805.41,2021,12,27
2021-12-27 02:56:00+00:00,198.22,198.23,197.98,198.09,629.43,2021,12,27
2021-12-27 02:57:00+00:00,198.08,198.2,198.04,198.11,356.21,2021,12,27
2021-12-27 02:58:00+00:00,198.12,198.23,198.1,198.17,494.9,2021,12,27
2021-12-27 02:59:00+00:00,198.19,198.24,197.85,197.98,2353.54,2021,12,27
2021-12-27 03:00:00+00:00,197.95,198.16,197.89,198.14,427.32,2021,12,27
2021-12-27 03:01:00+00:00,198.15,198.3,198.08,198.1,469.41,2021,12,27
2021-12-27 03:02:00+00:00,198.13,198.29,198.12,198.27,218.29,2021,12,27
2021-12-27 03:03:00+00:00,198.27,198.42,198.25,198.42,298.11,2021,12,27
2021-12-27 03:04:00+00:00,198.42,198.57,198.41,198.48,377.26,2021,12,27
2021-12-27 03:05:00+00:00,198.5,198.53,198.42,198.52,265.78,2021,12,27
2021-12-27 03:06:00+00:00,198.5,198.51,198.29,198.47,281.15,2021,12,27
2021-12-27 03:07:00+00:00,198.48,198.52,198.29,198.35,343.48,2021,12,27
2021-12-27 03:08:00+00:00,198.35,198.58,198.24,198.29,1018.84,2021,12,27
2021-12-27 03:09:00+00:00,198.29,198.29,198.07,198.13,433.15,2021,12,27
2021-12-27 03:10:00+00:00,198.13,198.28,198.12,198.21,363.64,2021,12,27
2021-12-27 03:11:00+00:00,198.21,198.24,198.08,198.24,318.45,2021,12,27
2021-12-27 03:12:00+00:00,198.24,198.49,198.24,198.48,227.0,2021,12,27
2021-12-27 03:13:00+00:00,198.49,198.49,198.37,198.48,500.14,2021,12,27
2021-12-27 03:14:00+00:00,198.49,198.49,198.27,198.41,175.73,2021,12,27
2021-12-27 03:15:00+00:00,198.41,198.46,198.38,198.38,130.38,2021,12,27
2021-12-27 03:16:00+00:00,198.36,198.39,198.26,198.34,263.11,2021,12,27
2021-12-27 03:17:00+00:00,198.36,198.38,198.25,198.33,125.1,2021,12,27
2021-12-27 03:18:00+00:00,198.33,198.39,198.22,198.24,411.41,2021,12,27
2021-12-27 03:19:00+00:00,198.24,198.48,198.22,198.41,519.19,2021,12,27
2021-12-27 03:20:00+00:00,198.45,198.69,198.44,198.69,261.76,2021,12,27
2021-12-27 03:21:00+00:00,198.69,198.86,198.69,198.85,65.05,2021,12,27
2021-12-27 03:22:00+00:00,198.85,199.0,198.84,198.99,247.21,2021,12,27
2021-12-27 03:23:00+00:00,198.99,199.0,198.85,198.95,178.14,2021,12,27
2021-12-27 03:24:00+00:00,198.95,198.96,198.73,198.84,943.38,2021,12,27
2021-12-27 03:25:00+00:00,198.84,198.94,198.79,198.91,298.08,2021,12,27
2021-12-27 03:26:00+00:00,198.89,198.91,198.62,198.69,358.47,2021,12,27
2021-12-27 03:27:00+00:00,198.69,198.69,198.69,198.69,1.1,2021,12,27
2021-12-27 03:28:00+00:00,198.88,199.08,198.83,199.05,1968.78,2021,12,27
2021-12-27 03:29:00+00:00,199.05,199.15,199.03,199.12,293.67,2021,12,27
2021-12-27 03:30:00+00:00,199.14,199.2,199.01,199.1,854.92,2021,12,27
2021-12-27 03:31:00+00:00,199.1,199.22,199.03,199.04,460.55,2021,12,27
2021-12-27 03:32:00+00:00,199.05,199.29,199.03,199.28,250.0,2021,12,27
2021-12-27 03:33:00+00:00,199.28,199.4,199.21,199.35,932.79,2021,12,27
2021-12-27 03:34:00+00:00,199.35,199.47,199.3,199.43,704.9,2021,12,27
2021-12-27 03:35:00+00:00,199.41,199.76,199.37,199.66,1465.36,2021,12,27
2021-12-27 03:36:00+00:00,199.66,199.92,199.61,199.76,1094.95,2021,12,27
2021-12-27 03:37:00+00:00,199.74,199.77,199.51,199.71,963.07,2021,12,27
2021-12-27 03:38:00+00:00,199.75,199.89,199.65,199.8,897.25,2021,12,27
2021-12-27 03:39:00+00:00,199.81,199.88,199.69,199.77,237.66,2021,12,27
2021-12-27 03:40:00+00:00,199.8,199.82,199.59,199.63,455.0,2021,12,27
2021-12-27 03:41:00+00:00,199.63,199.99,199.63,199.71,2167.63,2021,12,27
2021-12-27 03:42:00+00:00,199.71,199.88,199.67,199.88,513.87,2021,12,27
2021-12-27 03:43:00+00:00,199.87,199.95,199.77,199.94,196.26,2021,12,27
2021-12-27 03:44:00+00:00,199.95,200.2,199.95,200.15,2500.91,2021,12,27
2021-12-27 03:45:00+00:00,200.19,200.27,200.0,200.0,1424.94,2021,12,27
2021-12-27 03:46:00+00:00,200.0,200.08,199.73,199.75,1022.66,2021,12,27
2021-12-27 03:47:00+00:00,199.77,200.23,199.73,200.19,1331.77,2021,12,27
2021-12-27 03:48:00+00:00,200.12,200.46,200.12,200.44,960.7,2021,12,27
2021-12-27 03:49:00+00:00,200.44,200.5,200.38,200.47,277.17,2021,12,27
2021-12-27 03:50:00+00:00,200.45,200.45,200.28,200.35,596.51,2021,12,27
2021-12-27 03:51:00+00:00,200.38,200.4,200.27,200.36,188.19,2021,12,27
2021-12-27 03:52:00+00:00,200.34,200.82,200.33,200.68,1986.19,2021,12,27
2021-12-27 03:53:00+00:00,200.69,200.86,200.55,200.74,3770.28,2021,12,27
2021-12-27 03:54:00+00:00,200.77,200.8,200.59,200.78,704.72,2021,12,27
2021-12-27 03:55:00+00:00,200.78,200.94,200.6,200.61,1867.42,2021,12,27
2021-12-27 03:56:00+00:00,200.6,200.8,200.59,200.74,735.56,2021,12,27
2021-12-27 03:57:00+00:00,200.74,200.92,200.7,200.81,773.12,2021,12,27
2021-12-27 03:58:00+00:00,200.82,201.29,200.81,201.07,4699.63,2021,12,27
2021-12-27 03:59:00+00:00,201.06,201.17,200.93,201.02,1413.3,2021,12,27
2021-12-27 04:00:00+00:00,201.02,201.88,200.99,201.58,8863.85,2021,12,27
2021-12-27 04:01:00+00:00,201.58,201.68,201.39,201.49,1376.8,2021,12,27
2021-12-27 04:02:00+00:00,201.49,201.49,200.53,200.55,8215.75,2021,12,27
2021-12-27 04:03:00+00:00,200.55,200.67,200.09,200.29,1589.45,2021,12,27
2021-12-27 04:04:00+00:00,200.29,200.31,200.02,200.09,836.81,2021,12,27
2021-12-27 04:05:00+00:00,200.09,200.12,199.9,200.09,1754.1,2021,12,27
2021-12-27 04:06:00+00:00,200.09,200.15,199.89,199.94,449.58,2021,12,27
2021-12-27 04:07:00+00:00,199.94,200.0,199.93,199.96,98.17,2021,12,27
2021-12-27 04:08:00+00:00,199.97,200.15,199.96,200.14,362.41,2021,12,27
2021-12-27 04:09:00+00:00,200.14,200.14,199.86,199.87,955.17,2021,12,27
2021-12-27 04:10:00+00:00,199.88,200.08,199.72,199.97,752.78,2021,12,27
2021-12-27 04:11:00+00:00,199.96,200.03,199.77,199.8,511.86,2021,12,27
2021-12-27 04:12:00+00:00,199.81,199.93,199.79,199.88,647.33,2021,12,27
2021-12-27 04:13:00+00:00,199.87,200.01,199.77,200.0,578.75,2021,12,27
2021-12-27 04:14:00+00:00,200.01,200.11,199.8,199.92,827.43,2021,12,27
2021-12-27 04:15:00+00:00,199.95,200.03,199.79,199.8,394.87,2021,12,27
2021-12-27 04:16:00+00:00,199.81,199.92,199.78,199.83,214.71,2021,12,27
2021-12-27 04:17:00+00:00,199.83,199.83,199.52,199.69,1493.39,2021,12,27
2021-12-27 04:18:00+00:00,199.69,199.78,199.5,199.67,1222.02,2021,12,27
2021-12-27 04:19:00+00:00,199.67,199.76,199.59,199.62,687.05,2021,12,27
2021-12-27 04:20:00+00:00,199.63,199.7,199.51,199.63,420.53,2021,12,27
2021-12-27 04:21:00+00:00,199.62,199.7,199.49,199.67,552.78,2021,12,27
2021-12-27 04:22:00+00:00,199.68,199.89,199.61,199.68,1327.04,2021,12,27
2021-12-27 04:23:00+00:00,199.71,199.75,199.62,199.7,616.44,2021,12,27
2021-12-27 04:24:00+00:00,199.69,199.88,199.59,199.78,756.19,2021,12,27
2021-12-27 04:25:00+00:00,199.78,199.81,199.52,199.68,922.71,2021,12,27
2021-12-27 04:26:00+00:00,199.68,199.75,199.57,199.63,277.49,2021,12,27
2021-12-27 04:27:00+00:00,199.62,199.88,199.62,199.87,298.16,2021,12,27
2021-12-27 04:28:00+00:00,199.88,199.94,199.7,199.85,476.18,2021,12,27
2021-12-27 04:29:00+00:00,199.87,199.94,199.82,199.94,464.76,2021,12,27
2021-12-27 04:30:00+00:00,199.92,199.93,199.76,199.82,310.04,2021,12,27
2021-12-27 04:31:00+00:00,199.83,199.89,199.82,199.88,147.07,2021,12,27
2021-12-27 04:32:00+00:00,199.89,200.25,199.89,200.25,876.9,2021,12,27
2021-12-27 04:33:00+00:00,200.25,200.36,200.23,200.35,256.3,2021,12,27
2021-12-27 04:34:00+00:00,200.34,200.61,200.34,200.57,978.55,2021,12,27
2021-12-27 04:35:00+00:00,200.57,200.6,200.42,200.6,346.45,2021,12,27
2021-12-27 04:36:00+00:00,200.59,200.59,200.44,200.53,192.28,2021,12,27
2021-12-27 04:37:00+00:00,200.53,200.68,200.51,200.68,126.35,2021,12,27
2021-12-27 04:38:00+00:00,200.68,200.77,200.56,200.56,696.13,2021,12,27
2021-12-27 04:39:00+00:00,200.55,200.67,200.44,200.65,634.11,2021,12,27
2021-12-27 04:40:00+00:00,200.65,200.74,200.59,200.73,532.04,2021,12,27
2021-12-27 04:41:00+00:00,200.72,200.82,200.62,200.8,427.78,2021,12,27
2021-12-27 04:42:00+00:00,200.78,200.81,200.64,200.67,354.38,2021,12,27
2021-12-27 04:43:00+00:00,200.68,200.69,200.5,200.63,388.97,2021,12,27
2021-12-27 04:44:00+00:00,200.63,200.63,200.46,200.5,133.19,2021,12,27
2021-12-27 04:45:00+00:00,200.48,200.49,200.21,200.21,458.12,2021,12,27
2021-12-27 04:46:00+00:00,200.21,200.5,200.21,200.37,706.04,2021,12,27
2021-12-27 04:47:00+00:00,200.36,200.36,200.21,200.25,73.55,2021,12,27
2021-12-27 04:48:00+00:00,200.24,200.3,200.08,200.3,537.75,2021,12,27
2021-12-27 04:49:00+00:00,200.3,200.59,200.22,200.59,422.84,2021,12,27
2021-12-27 04:50:00+00:00,200.59,200.6,199.68,199.84,1348.76,2021,12,27
2021-12-27 04:51:00+00:00,199.84,199.89,199.75,199.81,192.93,2021,12,27
2021-12-27 04:52:00+00:00,199.85,200.29,199.85,200.18,2611.95,2021,12,27
2021-12-27 04:53:00+00:00,200.17,200.17,199.77,199.77,476.98,2021,12,27
2021-12-27 04:54:00+00:00,199.77,199.87,199.71,199.84,271.93,2021,12,27
2021-12-27 04:55:00+00:00,199.86,199.86,199.69,199.81,423.26,2021,12,27
2021-12-27 04:56:00+00:00,199.82,199.87,199.68,199.78,382.47,2021,12,27
2021-12-27 04:57:00+00:00,199.79,199.84,199.62,199.84,312.96,2021,12,27
2021-12-27 04:58:00+00:00,199.83,199.84,199.71,199.81,454.31,2021,12,27
2021-12-27 04:59:00+00:00,199.81,199.83,199.55,199.68,1250.45,2021,12,27
2021-12-27 05:00:00+00:00,199.68,199.74,199.45,199.62,1426.48,2021,12,27
2021-12-27 05:01:00+00:00,199.61,199.61,199.31,199.5,1000.48,2021,12,27
2021-12-27 05:02:00+00:00,199.49,199.49,199.26,199.26,293.54,2021,12,27
2021-12-27 05:03:00+00:00,199.28,199.37,199.22,199.3,314.48,2021,12,27
2021-12-27 05:04:00+00:00,199.32,199.36,199.09,199.23,500.2,2021,12,27
2021-12-27 05:05:00+00:00,199.23,199.27,199.08,199.27,377.3,2021,12,27
2021-12-27 05:06:00+00:00,199.27,199.36,199.15,199.35,369.35,2021,12,27
2021-12-27 05:07:00+00:00,199.36,199.38,199.25,199.38,69.96,2021,12,27
2021-12-27 05:08:00+00:00,199.38,199.38,199.06,199.27,432.48,2021,12,27
2021-12-27 05:09:00+00:00,199.28,199.37,199.21,199.34,279.85,2021,12,27
2021-12-27 05:10:00+00:00,199.34,199.52,199.31,199.36,555.74,2021,12,27
2021-12-27 05:11:00+00:00,199.39,199.43,199.3,199.42,123.4,2021,12,27
2021-12-27 05:12:00+00:00,199.42,199.67,199.42,199.62,248.3,2021,12,27
2021-12-27 05:13:00+00:00,199.61,199.66,199.53,199.6,111.78,2021,12,27
2021-12-27 05:14:00+00:00,199.62,199.63,199.3,199.37,1418.22,2021,12,27
2021-12-27 05:15:00+00:00,199.37,199.44,199.3,199.33,151.23,2021,12,27
2021-12-27 05:16:00+00:00,199.31,199.33,198.85,198.97,2167.5,2021,12,27
2021-12-27 05:17:00+00:00,198.96,198.96,198.74,198.91,1982.45,2021,12,27
2021-12-27 05:18:00+00:00,198.91,199.06,198.73,199.03,275.76,2021,12,27
2021-12-27 05:19:00+00:00,199.02,199.23,199.02,199.07,309.54,2021,12,27
2021-12-27 05:20:00+00:00,199.05,199.2,199.02,199.06,110.4,2021,12,27
2021-12-27 05:21:00+00:00,199.02,199.16,199.02,199.12,109.07,2021,12,27
2021-12-27 05:22:00+00:00,199.08,199.27,198.91,199.27,964.4,2021,12,27
2021-12-27 05:23:00+00:00,199.27,199.8,199.27,199.71,1405.3,2021,12,27
2021-12-27 05:24:00+00:00,199.74,199.74,199.52,199.61,402.29,2021,12,27
2021-12-27 05:25:00+00:00,199.61,199.77,199.51,199.69,824.89,2021,12,27
2021-12-27 05:26:00+00:00,199.69,199.71,199.52,199.52,108.16,2021,12,27
2021-12-27 05:27:00+00:00,199.54,199.65,199.46,199.65,297.13,2021,12,27
2021-12-27 05:28:00+00:00,199.66,199.78,199.58,199.72,302.99,2021,12,27
2021-12-27 05:29:00+00:00,199.71,199.71,199.5,199.55,664.5,2021,12,27
2021-12-27 05:30:00+00:00,199.52,199.64,199.51,199.64,69.56,2021,12,27
2021-12-27 05:31:00+00:00,199.61,199.71,199.38,199.43,1459.95,2021,12,27
2021-12-27 05:32:00+00:00,199.42,199.43,199.2,199.24,378.09,2021,12,27
2021-12-27 05:33:00+00:00,199.26,199.26,199.26,199.26,0.08,2021,12,27
2021-12-27 05:34:00+00:00,199.27,199.28,199.19,199.24,539.22,2021,12,27
2021-12-27 05:35:00+00:00,199.23,199.4,199.18,199.26,548.08,2021,12,27
2021-12-27 05:36:00+00:00,199.28,199.38,199.2,199.2,447.47,2021,12,27
2021-12-27 05:37:00+00:00,199.2,199.24,199.15,199.18,77.32,2021,12,27
2021-12-27 05:38:00+00:00,199.18,199.19,198.98,199.02,254.62,2021,12,27
2021-12-27 05:39:00+00:00,199.03,199.2,199.02,199.18,286.76,2021,12,27
2021-12-27 05:40:00+00:00,199.17,199.23,199.1,199.19,424.9,2021,12,27
2021-12-27 05:41:00+00:00,199.18,199.19,199.03,199.04,414.37,2021,12,27
2021-12-27 05:42:00+00:00,199.03,199.18,199.0,199.17,717.26,2021,12,27
2021-12-27 05:43:00+00:00,199.14,199.14,199.01,199.03,160.53,2021,12,27
2021-12-27 05:44:00+00:00,199.03,199.13,199.03,199.13,145.84,2021,12,27
2021-12-27 05:45:00+00:00,199.13,199.16,199.02,199.02,127.4,2021,12,27
2021-12-27 05:46:00+00:00,199.03,199.06,198.95,198.98,171.13,2021,12,27
2021-12-27 05:47:00+00:00,198.96,199.04,198.91,198.92,281.31,2021,12,27
2021-12-27 05:48:00+00:00,198.9,198.96,198.88,198.89,108.11,2021,12,27
2021-12-27 05:49:00+00:00,198.91,199.0,198.86,198.98,127.9,2021,12,27
2021-12-27 05:50:00+00:00,198.95,198.98,198.88,198.93,36.57,2021,12,27
2021-12-27 05:51:00+00:00,198.92,198.97,198.83,198.97,235.62,2021,12,27
2021-12-27 05:52:00+00:00,198.93,198.98,198.86,198.94,62.01,2021,12,27
2021-12-27 05:53:00+00:00,198.95,198.95,198.8,198.8,131.2,2021,12,27
2021-12-27 05:54:00+00:00,198.81,198.89,198.76,198.85,114.34,2021,12,27
2021-12-27 05:55:00+00:00,198.82,198.84,198.76,198.83,229.5,2021,12,27
2021-12-27 05:56:00+00:00,198.77,198.88,198.72,198.87,194.91,2021,12,27
2021-12-27 05:57:00+00:00,198.88,198.93,198.73,198.82,131.61,2021,12,27
2021-12-27 05:58:00+00:00,198.84,198.85,198.68,198.68,211.17,2021,12,27
2021-12-27 05:59:00+00:00,198.69,198.74,198.65,198.7,226.04,2021,12,27
2021-12-27 06:00:00+00:00,198.69,198.82,198.63,198.81,435.97,2021,12,27
2021-12-27 06:01:00+00:00,198.81,199.0,198.76,198.94,541.62,2021,12,27
2021-12-27 06:02:00+00:00,198.94,198.98,198.86,198.9,283.02,2021,12,27
2021-12-27 06:03:00+00:00,198.88,198.9,198.74,198.77,226.86,2021,12,27
2021-12-27 06:04:00+00:00,198.74,198.88,198.67,198.75,432.91,2021,12,27
2021-12-27 06:05:00+00:00,198.75,198.86,198.74,198.84,194.31,2021,12,27
2021-12-27 06:06:00+00:00,198.84,198.89,198.69,198.69,420.28,2021,12,27
2021-12-27 06:07:00+00:00,198.69,198.82,198.68,198.73,457.22,2021,12,27
2021-12-27 06:08:00+00:00,198.72,198.72,198.6,198.7,226.5,2021,12,27
2021-12-27 06:09:00+00:00,198.69,198.87,198.69,198.86,175.67,2021,12,27
2021-12-27 06:10:00+00:00,198.86,198.93,198.77,198.82,414.77,2021,12,27
2021-12-27 06:11:00+00:00,198.78,198.81,198.58,198.58,545.77,2021,12,27
2021-12-27 06:12:00+00:00,198.58,198.66,198.58,198.64,158.47,2021,12,27
2021-12-27 06:13:00+00:00,198.64,198.65,198.47,198.48,839.16,2021,12,27
2021-12-27 06:14:00+00:00,198.48,198.62,198.39,198.59,688.54,2021,12,27
2021-12-27 06:15:00+00:00,198.58,198.75,198.54,198.7,413.33,2021,12,27
2021-12-27 06:16:00+00:00,198.71,198.87,198.64,198.87,238.84,2021,12,27
2021-12-27 06:17:00+00:00,198.86,199.14,198.86,198.99,408.5,2021,12,27
2021-12-27 06:18:00+00:00,198.98,199.08,198.98,199.06,87.6,2021,12,27
2021-12-27 06:19:00+00:00,199.07,199.35,199.03,199.21,559.09,2021,12,27
2021-12-27 06:20:00+00:00,199.25,199.32,199.09,199.16,198.55,2021,12,27
2021-12-27 06:21:00+00:00,199.14,199.26,199.11,199.11,517.25,2021,12,27
2021-12-27 06:22:00+00:00,199.11,199.18,199.1,199.16,169.06,2021,12,27
2021-12-27 06:23:00+00:00,199.14,199.28,199.07,199.21,284.35,2021,12,27
2021-12-27 06:24:00+00:00,199.23,199.34,199.21,199.23,136.02,2021,12,27
2021-12-27 06:25:00+00:00,199.22,199.39,199.21,199.25,123.57,2021,12,27
2021-12-27 06:26:00+00:00,199.25,199.44,199.23,199.37,824.7,2021,12,27
2021-12-27 06:27:00+00:00,199.37,199.4,199.26,199.26,53.88,2021,12,27
2021-12-27 06:28:00+00:00,199.29,199.29,199.16,199.18,139.08,2021,12,27
2021-12-27 06:29:00+00:00,199.15,199.19,199.0,199.0,141.21,2021,12,27
2021-12-27 06:30:00+00:00,199.02,199.39,199.01,199.32,701.02,2021,12,27
2021-12-27 06:31:00+00:00,199.31,199.52,199.28,199.36,662.96,2021,12,27
2021-12-27 06:32:00+00:00,199.36,199.37,199.31,199.31,152.91,2021,12,27
2021-12-27 06:33:00+00:00,199.31,199.31,199.21,199.21,101.24,2021,12,27
2021-12-27 06:34:00+00:00,199.19,199.19,199.06,199.17,272.63,2021,12,27
2021-12-27 06:35:00+00:00,199.2,199.32,199.15,199.17,470.07,2021,12,27
2021-12-27 06:36:00+00:00,199.15,199.24,199.13,199.18,223.52,2021,12,27
2021-12-27 06:37:00+00:00,199.19,199.27,199.19,199.23,190.49,2021,12,27
2021-12-27 06:38:00+00:00,199.23,199.24,199.19,199.2,118.39,2021,12,27
2021-12-27 06:39:00+00:00,199.21,199.37,199.2,199.27,146.78,2021,12,27
2021-12-27 06:40:00+00:00,199.31,199.41,199.29,199.41,210.32,2021,12,27
2021-12-27 06:41:00+00:00,199.41,199.49,199.39,199.49,101.26,2021,12,27
2021-12-27 06:42:00+00:00,199.48,199.48,199.36,199.38,127.12,2021,12,27
2021-12-27 06:43:00+00:00,199.39,199.42,199.37,199.39,97.73,2021,12,27
2021-12-27 06:44:00+00:00,199.4,199.51,199.4,199.42,73.68,2021,12,27
2021-12-27 06:45:00+00:00,199.41,199.48,199.38,199.42,352.79,2021,12,27
2021-12-27 06:46:00+00:00,199.41,199.41,199.13,199.13,468.42,2021,12,27
2021-12-27 06:47:00+00:00,199.19,199.23,199.08,199.09,301.78,2021,12,27
2021-12-27 06:48:00+00:00,199.08,199.09,198.9,198.9,762.58,2021,12,27
2021-12-27 06:49:00+00:00,198.9,198.9,198.58,198.62,1306.67,2021,12,27
2021-12-27 06:50:00+00:00,198.62,198.75,198.55,198.66,1847.36,2021,12,27
2021-12-27 06:51:00+00:00,198.67,198.78,198.59,198.61,884.43,2021,12,27
2021-12-27 06:52:00+00:00,198.61,198.94,198.61,198.94,280.05,2021,12,27
2021-12-27 06:53:00+00:00,198.92,198.98,198.83,198.84,258.7,2021,12,27
2021-12-27 06:54:00+00:00,198.84,198.87,198.76,198.87,436.11,2021,12,27
2021-12-27 06:55:00+00:00,198.85,198.92,198.76,198.81,435.74,2021,12,27
2021-12-27 06:56:00+00:00,198.81,198.86,198.65,198.77,301.77,2021,12,27
2021-12-27 06:57:00+00:00,198.76,198.79,198.62,198.77,553.1,2021,12,27
2021-12-27 06:58:00+00:00,198.76,198.9,198.65,198.83,203.78,2021,12,27
2021-12-27 06:59:00+00:00,198.82,198.86,198.67,198.86,229.2,2021,12,27
2021-12-27 07:00:00+00:00,198.86,198.91,198.67,198.87,416.39,2021,12,27
2021-12-27 07:01:00+00:00,198.88,199.01,198.88,198.98,243.97,2021,12,27
2021-12-27 07:02:00+00:00,198.96,199.02,198.94,199.01,125.38,2021,12,27
2021-12-27 07:03:00+00:00,199.02,199.07,198.88,198.93,192.73,2021,12,27
2021-12-27 07:04:00+00:00,198.94,199.22,198.94,199.15,545.12,2021,12,27
2021-12-27 07:05:00+00:00,199.16,199.2,199.06,199.08,245.16,2021,12,27
2021-12-27 07:06:00+00:00,199.07,199.25,199.05,199.2,290.46,2021,12,27
2021-12-27 07:07:00+00:00,199.23,199.35,199.22,199.32,444.44,2021,12,27
2021-12-27 07:08:00+00:00,199.32,199.32,199.22,199.23,781.63,2021,12,27
2021-12-27 07:09:00+00:00,199.23,199.35,199.21,199.22,197.59,2021,12,27
2021-12-27 07:10:00+00:00,199.22,199.45,199.22,199.37,388.16,2021,12,27
2021-12-27 07:11:00+00:00,199.37,199.44,199.28,199.3,162.74,2021,12,27
2021-12-27 07:12:00+00:00,199.28,199.32,199.27,199.32,176.63,2021,12,27
2021-12-27 07:13:00+00:00,199.32,199.36,199.19,199.21,341.8,2021,12,27
2021-12-27 07:14:00+00:00,199.21,199.21,199.02,199.1,361.26,2021,12,27
2021-12-27 07:15:00+00:00,199.08,199.3,199.08,199.3,233.57,2021,12,27
2021-12-27 07:16:00+00:00,199.3,199.48,199.3,199.31,515.94,2021,12,27
2021-12-27 07:17:00+00:00,199.31,199.74,199.3,199.71,943.23,2021,12,27
2021-12-27 07:18:00+00:00,199.73,199.8,199.68,199.77,423.8,2021,12,27
2021-12-27 07:19:00+00:00,199.78,199.8,199.53,199.54,298.29,2021,12,27
2021-12-27 07:20:00+00:00,199.54,199.73,199.42,199.67,673.57,2021,12,27
2021-12-27 07:21:00+00:00,199.65,199.85,199.47,199.69,1443.78,2021,12,27
2021-12-27 07:22:00+00:00,199.71,199.89,199.68,199.89,274.85,2021,12,27
2021-12-27 07:23:00+00:00,199.89,199.95,199.74,199.92,556.51,2021,12,27
2021-12-27 07:24:00+00:00,199.9,199.95,199.65,199.66,475.14,2021,12,27
2021-12-27 07:25:00+00:00,199.64,199.68,199.6,199.67,258.34,2021,12,27
2021-12-27 07:26:00+00:00,199.67,199.87,199.66,199.72,184.02,2021,12,27
2021-12-27 07:27:00+00:00,199.72,199.76,199.65,199.74,169.52,2021,12,27
2021-12-27 07:28:00+00:00,199.75,199.95,199.75,199.89,493.81,2021,12,27
2021-12-27 07:29:00+00:00,199.9,199.98,199.81,199.87,264.56,2021,12,27
2021-12-27 07:30:00+00:00,199.85,199.87,199.81,199.82,113.35,2021,12,27
2021-12-27 07:31:00+00:00,199.81,199.82,199.71,199.74,176.49,2021,12,27
2021-12-27 07:32:00+00:00,199.71,199.87,199.7,199.83,359.66,2021,12,27
2021-12-27 07:33:00+00:00,199.83,199.83,199.59,199.6,321.1,2021,12,27
2021-12-27 07:34:00+00:00,199.59,199.59,199.25,199.3,580.18,2021,12,27
2021-12-27 07:35:00+00:00,199.3,199.53,199.3,199.39,530.68,2021,12,27
2021-12-27 07:36:00+00:00,199.38,199.55,199.35,199.43,228.81,2021,12,27
2021-12-27 07:37:00+00:00,199.46,199.46,199.29,199.29,308.84,2021,12,27
2021-12-27 07:38:00+00:00,199.33,199.35,199.21,199.25,129.13,2021,12,27
2021-12-27 07:39:00+00:00,199.24,199.25,199.16,199.25,291.89,2021,12,27
2021-12-27 07:40:00+00:00,199.23,199.26,199.11,199.26,325.89,2021,12,27
2021-12-27 07:41:00+00:00,199.26,199.41,199.26,199.35,295.27,2021,12,27
2021-12-27 07:42:00+00:00,199.35,199.35,199.21,199.29,99.29,2021,12,27
2021-12-27 07:43:00+00:00,199.28,199.28,199.21,199.22,53.18,2021,12,27
2021-12-27 07:44:00+00:00,199.21,199.27,199.2,199.23,112.25,2021,12,27
2021-12-27 07:45:00+00:00,199.22,199.25,199.11,199.12,260.07,2021,12,27
2021-12-27 07:46:00+00:00,199.12,199.19,198.75,198.75,2002.01,2021,12,27
2021-12-27 07:47:00+00:00,198.83,198.94,198.83,198.87,151.51,2021,12,27
2021-12-27 07:48:00+00:00,198.88,198.93,198.78,198.88,614.07,2021,12,27
2021-12-27 07:49:00+00:00,198.94,198.94,198.79,198.79,577.74,2021,12,27
2021-12-27 07:50:00+00:00,198.78,198.99,198.75,198.95,691.21,2021,12,27
2021-12-27 07:51:00+00:00,198.98,199.07,198.89,198.99,204.5,2021,12,27
2021-12-27 07:52:00+00:00,198.99,199.05,198.88,198.89,156.0,2021,12,27
2021-12-27 07:53:00+00:00,198.89,198.95,198.77,198.95,537.96,2021,12,27
2021-12-27 07:54:00+00:00,198.94,199.01,198.92,198.92,56.87,2021,12,27
2021-12-27 07:55:00+00:00,198.89,199.04,198.89,199.01,371.03,2021,12,27
2021-12-27 07:56:00+00:00,198.99,199.0,198.87,199.0,330.89,2021,12,27
2021-12-27 07:57:00+00:00,199.0,199.0,198.73,198.74,424.14,2021,12,27
2021-12-27 07:58:00+00:00,198.73,198.84,198.69,198.84,356.12,2021,12,27
2021-12-27 07:59:00+00:00,198.82,198.82,198.54,198.59,497.85,2021,12,27
2021-12-27 08:00:00+00:00,198.57,198.6,198.53,198.6,286.29,2021,12,27
2021-12-27 08:01:00+00:00,198.58,199.07,198.58,198.76,1034.47,2021,12,27
2021-12-27 08:02:00+00:00,198.76,198.91,198.71,198.9,238.61,2021,12,27
2021-12-27 08:03:00+00:00,198.9,198.9,198.73,198.73,109.55,2021,12,27
2021-12-27 08:04:00+00:00,198.71,198.77,198.58,198.61,256.68,2021,12,27
2021-12-27 08:05:00+00:00,198.6,198.84,198.6,198.84,597.41,2021,12,27
2021-12-27 08:06:00+00:00,198.83,198.96,198.8,198.96,166.57,2021,12,27
2021-12-27 08:07:00+00:00,198.96,199.05,198.75,198.83,574.49,2021,12,27
2021-12-27 08:08:00+00:00,198.87,199.0,198.84,198.85,158.65,2021,12,27
2021-12-27 08:09:00+00:00,198.85,199.01,198.84,198.94,378.34,2021,12,27
2021-12-27 08:10:00+00:00,198.99,199.0,198.88,198.99,126.19,2021,12,27
2021-12-27 08:11:00+00:00,199.0,199.09,198.76,198.77,575.73,2021,12,27
2021-12-27 08:12:00+00:00,198.76,199.0,198.51,198.61,3489.4,2021,12,27
2021-12-27 08:13:00+00:00,198.63,198.76,198.59,198.76,505.42,2021,12,27
2021-12-27 08:14:00+00:00,198.73,198.78,198.5,198.63,925.03,2021,12,27
2021-12-27 08:15:00+00:00,198.62,198.67,198.37,198.38,628.94,2021,12,27
2021-12-27 08:16:00+00:00,198.39,198.53,198.37,198.43,245.57,2021,12,27
2021-12-27 08:17:00+00:00,198.42,198.51,198.26,198.26,513.09,2021,12,27
2021-12-27 08:18:00+00:00,198.27,198.42,198.2,198.37,462.12,2021,12,27
2021-12-27 08:19:00+00:00,198.37,198.52,198.36,198.42,83.55,2021,12,27
2021-12-27 08:20:00+00:00,198.39,198.51,198.38,198.46,159.0,2021,12,27
2021-12-27 08:21:00+00:00,198.47,198.59,198.38,198.38,244.76,2021,12,27
2021-12-27 08:22:00+00:00,198.38,198.42,198.36,198.39,146.47,2021,12,27
2021-12-27 08:23:00+00:00,198.41,198.41,198.23,198.33,362.25,2021,12,27
2021-12-27 08:24:00+00:00,198.33,198.39,198.2,198.26,478.67,2021,12,27
2021-12-27 08:25:00+00:00,198.25,198.42,198.21,198.31,140.78,2021,12,27
2021-12-27 08:26:00+00:00,198.33,198.59,198.26,198.55,1743.39,2021,12,27
2021-12-27 08:27:00+00:00,198.53,198.65,198.52,198.57,110.54,2021,12,27
2021-12-27 08:28:00+00:00,198.55,198.75,198.5,198.75,420.11,2021,12,27
2021-12-27 08:29:00+00:00,198.72,198.75,198.48,198.49,409.79,2021,12,27
2021-12-27 08:30:00+00:00,198.48,198.48,198.3,198.33,413.5,2021,12,27
2021-12-27 08:31:00+00:00,198.32,198.54,198.32,198.4,441.96,2021,12,27
2021-12-27 08:32:00+00:00,198.38,198.49,198.2,198.21,1116.25,2021,12,27
2021-12-27 08:33:00+00:00,198.2,198.21,197.67,197.7,1888.5,2021,12,27
2021-12-27 08:34:00+00:00,197.7,197.92,197.68,197.91,1400.81,2021,12,27
2021-12-27 08:35:00+00:00,197.9,198.01,197.83,197.97,309.37,2021,12,27
2021-12-27 08:36:00+00:00,197.96,198.04,197.89,197.95,328.04,2021,12,27
2021-12-27 08:37:00+00:00,197.93,197.97,197.81,197.84,591.29,2021,12,27
2021-12-27 08:38:00+00:00,197.83,197.86,197.74,197.77,238.0,2021,12,27
2021-12-27 08:39:00+00:00,197.75,197.81,197.63,197.65,379.92,2021,12,27
2021-12-27 08:40:00+00:00,197.66,197.77,197.64,197.69,451.68,2021,12,27
2021-12-27 08:41:00+00:00,197.69,197.77,197.58,197.73,305.48,2021,12,27
2021-12-27 08:42:00+00:00,197.73,197.74,197.54,197.57,544.08,2021,12,27
2021-12-27 08:43:00+00:00,197.57,197.7,197.53,197.6,463.37,2021,12,27
2021-12-27 08:44:00+00:00,197.6,197.67,197.49,197.67,1081.42,2021,12,27
2021-12-27 08:45:00+00:00,197.65,197.68,197.45,197.51,387.21,2021,12,27
2021-12-27 08:46:00+00:00,197.48,197.48,197.29,197.36,1813.0,2021,12,27
2021-12-27 08:47:00+00:00,197.35,197.38,197.22,197.34,1273.17,2021,12,27
2021-12-27 08:48:00+00:00,197.34,197.37,197.25,197.25,235.54,2021,12,27
2021-12-27 08:49:00+00:00,197.26,197.33,197.01,197.13,1829.83,2021,12,27
2021-12-27 08:50:00+00:00,197.16,197.18,195.92,196.71,16134.03,2021,12,27
2021-12-27 08:51:00+00:00,196.71,197.0,196.6,196.95,1544.49,2021,12,27
2021-12-27 08:52:00+00:00,196.96,197.02,196.83,196.95,788.7,2021,12,27
2021-12-27 08:53:00+00:00,196.95,197.14,196.82,196.83,910.56,2021,12,27
2021-12-27 08:54:00+00:00,196.83,196.94,196.52,196.68,2157.36,2021,12,27
2021-12-27 08:55:00+00:00,196.69,196.76,196.5,196.55,747.57,2021,12,27
2021-12-27 08:56:00+00:00,196.54,196.62,196.51,196.54,237.19,2021,12,27
2021-12-27 08:57:00+00:00,196.55,196.56,196.43,196.55,793.86,2021,12,27
2021-12-27 08:58:00+00:00,196.47,196.57,196.41,196.43,560.58,2021,12,27
2021-12-27 08:59:00+00:00,196.44,196.5,196.38,196.42,256.3,2021,12,27
2021-12-27 09:00:00+00:00,196.4,196.44,195.83,196.25,5250.51,2021,12,27
2021-12-27 09:01:00+00:00,196.26,196.31,195.99,196.31,1776.77,2021,12,27
2021-12-27 09:02:00+00:00,196.29,196.38,195.32,195.5,8027.33,2021,12,27
2021-12-27 09:03:00+00:00,195.5,195.51,195.26,195.43,1559.8,2021,12,27
2021-12-27 09:04:00+00:00,195.44,195.61,194.91,195.23,8614.46,2021,12,27
2021-12-27 09:05:00+00:00,195.22,195.5,195.17,195.18,1671.65,2021,12,27
2021-12-27 09:06:00+00:00,195.18,195.31,194.97,194.98,2067.43,2021,12,27
2021-12-27 09:07:00+00:00,194.97,195.24,194.71,195.24,2198.62,2021,12,27
2021-12-27 09:08:00+00:00,195.24,195.51,195.23,195.41,1179.04,2021,12,27
2021-12-27 09:09:00+00:00,195.41,195.8,195.4,195.75,1789.3,2021,12,27
2021-12-27 09:10:00+00:00,195.75,196.0,195.67,196.0,1094.45,2021,12,27
2021-12-27 09:11:00+00:00,196.0,196.2,195.99,196.13,674.17,2021,12,27
2021-12-27 09:12:00+00:00,196.13,196.22,196.02,196.08,389.3,2021,12,27
2021-12-27 09:13:00+00:00,196.08,196.29,195.93,196.17,551.87,2021,12,27
2021-12-27 09:14:00+00:00,196.17,196.24,196.12,196.22,383.1,2021,12,27
2021-12-27 09:15:00+00:00,196.23,196.6,196.21,196.5,700.37,2021,12,27
2021-12-27 09:16:00+00:00,196.49,196.57,196.25,196.52,3861.44,2021,12,27
2021-12-27 09:17:00+00:00,196.51,196.51,196.41,196.45,470.91,2021,12,27
2021-12-27 09:18:00+00:00,196.46,196.51,196.32,196.33,289.0,2021,12,27
2021-12-27 09:19:00+00:00,196.33,196.56,196.27,196.56,663.99,2021,12,27
2021-12-27 09:20:00+00:00,196.5,196.69,196.5,196.59,736.61,2021,12,27
2021-12-27 09:21:00+00:00,196.59,196.64,196.51,196.6,576.79,2021,12,27
2021-12-27 09:22:00+00:00,196.59,196.9,196.59,196.87,1010.08,2021,12,27
2021-12-27 09:23:00+00:00,196.89,196.96,196.72,196.85,519.8,2021,12,27
2021-12-27 09:24:00+00:00,196.81,196.85,196.66,196.83,449.86,2021,12,27
2021-12-27 09:25:00+00:00,196.83,196.96,196.83,196.9,252.34,2021,12,27
2021-12-27 09:26:00+00:00,196.9,196.97,196.59,196.61,631.58,2021,12,27
2021-12-27 09:27:00+00:00,196.65,196.85,196.65,196.79,188.67,2021,12,27
2021-12-27 09:28:00+00:00,196.8,196.81,196.73,196.77,252.75,2021,12,27
2021-12-27 09:29:00+00:00,196.78,196.85,196.77,196.85,145.2,2021,12,27
2021-12-27 09:30:00+00:00,196.84,196.9,196.81,196.9,134.82,2021,12,27
2021-12-27 09:31:00+00:00,196.9,196.93,196.56,196.56,684.25,2021,12,27
2021-12-27 09:32:00+00:00,196.55,196.68,196.51,196.58,295.57,2021,12,27
2021-12-27 09:33:00+00:00,196.58,196.66,196.44,196.63,468.66,2021,12,27
2021-12-27 09:34:00+00:00,196.59,196.77,196.59,196.65,301.3,2021,12,27
2021-12-27 09:35:00+00:00,196.65,196.65,196.37,196.46,279.59,2021,12,27
2021-12-27 09:36:00+00:00,196.49,196.62,196.47,196.51,167.59,2021,12,27
2021-12-27 09:37:00+00:00,196.51,196.51,196.3,196.51,318.07,2021,12,27
2021-12-27 09:38:00+00:00,196.5,196.64,196.5,196.54,137.97,2021,12,27
2021-12-27 09:39:00+00:00,196.53,196.66,196.48,196.6,248.1,2021,12,27
2021-12-27 09:40:00+00:00,196.6,196.62,196.5,196.62,531.99,2021,12,27
2021-12-27 09:41:00+00:00,196.62,196.78,196.6,196.7,159.27,2021,12,27
2021-12-27 09:42:00+00:00,196.71,196.95,196.7,196.95,399.91,2021,12,27
2021-12-27 09:43:00+00:00,196.95,197.25,196.88,197.23,1420.16,2021,12,27
2021-12-27 09:44:00+00:00,197.23,197.54,197.23,197.26,1264.28,2021,12,27
2021-12-27 09:45:00+00:00,197.26,197.55,197.21,197.43,496.11,2021,12,27
2021-12-27 09:46:00+00:00,197.46,197.46,197.1,197.2,463.28,2021,12,27
2021-12-27 09:47:00+00:00,197.19,197.34,197.14,197.3,185.34,2021,12,27
2021-12-27 09:48:00+00:00,197.29,197.38,197.25,197.35,180.24,2021,12,27
2021-12-27 09:49:00+00:00,197.33,197.34,197.18,197.22,764.15,2021,12,27
2021-12-27 09:50:00+00:00,197.24,197.9,197.16,197.84,1462.72,2021,12,27
2021-12-27 09:51:00+00:00,197.83,198.21,197.76,198.0,1214.55,2021,12,27
2021-12-27 09:52:00+00:00,198.0,198.05,197.92,197.97,203.54,2021,12,27
2021-12-27 09:53:00+00:00,198.0,198.0,197.79,197.81,450.87,2021,12,27
2021-12-27 09:54:00+00:00,197.82,197.96,197.81,197.96,201.16,2021,12,27
2021-12-27 09:55:00+00:00,197.93,198.11,197.88,197.96,377.48,2021,12,27
2021-12-27 09:56:00+00:00,197.96,198.06,197.84,197.87,288.89,2021,12,27
2021-12-27 09:57:00+00:00,197.86,198.0,197.85,197.92,260.57,2021,12,27
2021-12-27 09:58:00+00:00,197.92,197.93,197.82,197.9,165.89,2021,12,27
2021-12-27 09:59:00+00:00,197.94,197.95,197.78,197.84,250.36,2021,12,27
2021-12-27 10:00:00+00:00,197.84,198.77,197.8,198.73,2502.23,2021,12,27
2021-12-27 10:01:00+00:00,198.69,198.78,198.46,198.56,1169.53,2021,12,27
2021-12-27 10:02:00+00:00,198.55,199.32,198.46,199.3,2562.36,2021,12,27
2021-12-27 10:03:00+00:00,199.3,199.67,199.02,199.6,4010.67,2021,12,27
2021-12-27 10:04:00+00:00,199.59,199.64,199.22,199.33,802.05,2021,12,27
2021-12-27 10:05:00+00:00,199.37,199.59,199.08,199.56,809.53,2021,12,27
2021-12-27 10:06:00+00:00,199.59,199.96,199.53,199.77,1755.7,2021,12,27
2021-12-27 10:07:00+00:00,199.75,199.79,199.34,199.66,1917.27,2021,12,27
2021-12-27 10:08:00+00:00,199.66,199.66,199.12,199.2,1192.89,2021,12,27
2021-12-27 10:09:00+00:00,199.2,199.37,199.08,199.32,3217.3,2021,12,27
2021-12-27 10:10:00+00:00,199.31,199.54,199.11,199.48,1172.72,2021,12,27
2021-12-27 10:11:00+00:00,199.46,199.53,199.32,199.37,455.61,2021,12,27
2021-12-27 10:12:00+00:00,199.36,199.39,199.25,199.29,413.69,2021,12,27
2021-12-27 10:13:00+00:00,199.28,199.5,199.28,199.39,630.29,2021,12,27
2021-12-27 10:14:00+00:00,199.36,199.46,199.25,199.34,192.56,2021,12,27
2021-12-27 10:15:00+00:00,199.33,199.43,199.22,199.38,394.75,2021,12,27
2021-12-27 10:16:00+00:00,199.4,199.53,199.38,199.45,900.99,2021,12,27
2021-12-27 10:17:00+00:00,199.45,199.67,199.4,199.66,362.15,2021,12,27
2021-12-27 10:18:00+00:00,199.66,199.67,199.5,199.54,641.62,2021,12,27
2021-12-27 10:19:00+00:00,199.51,199.55,199.41,199.41,336.46,2021,12,27
2021-12-27 10:20:00+00:00,199.42,199.42,199.28,199.37,418.51,2021,12,27
2021-12-27 10:21:00+00:00,199.37,199.4,199.32,199.35,72.4,2021,12,27
2021-12-27 10:22:00+00:00,199.35,199.35,199.1,199.16,1138.83,2021,12,27
2021-12-27 10:23:00+00:00,199.2,199.42,199.17,199.36,455.78,2021,12,27
2021-12-27 10:24:00+00:00,199.37,199.38,199.14,199.17,662.63,2021,12,27
2021-12-27 10:25:00+00:00,199.17,199.25,199.12,199.21,247.33,2021,12,27
2021-12-27 10:26:00+00:00,199.22,199.57,199.22,199.49,558.9,2021,12,27
2021-12-27 10:27:00+00:00,199.5,199.54,199.33,199.39,115.0,2021,12,27
2021-12-27 10:28:00+00:00,199.39,199.42,199.26,199.28,145.98,2021,12,27
2021-12-27 10:29:00+00:00,199.31,199.48,199.23,199.46,282.15,2021,12,27
2021-12-27 10:30:00+00:00,199.47,199.57,199.41,199.41,287.06,2021,12,27
2021-12-27 10:31:00+00:00,199.4,199.5,199.38,199.5,90.06,2021,12,27
2021-12-27 10:32:00+00:00,199.49,199.8,199.49,199.7,1762.98,2021,12,27
2021-12-27 10:33:00+00:00,199.72,199.77,199.61,199.71,224.88,2021,12,27
2021-12-27 10:34:00+00:00,199.71,199.72,199.31,199.35,878.11,2021,12,27
2021-12-27 10:35:00+00:00,199.32,199.32,199.0,199.03,1483.25,2021,12,27
2021-12-27 10:36:00+00:00,199.02,199.19,199.0,199.0,313.04,2021,12,27
2021-12-27 10:37:00+00:00,199.0,199.13,198.69,198.77,702.11,2021,12,27
2021-12-27 10:38:00+00:00,198.77,199.08,198.77,198.99,470.37,2021,12,27
2021-12-27 10:39:00+00:00,199.01,199.16,198.96,198.99,605.87,2021,12,27
2021-12-27 10:40:00+00:00,198.98,199.0,198.91,198.99,591.45,2021,12,27
2021-12-27 10:41:00+00:00,199.0,199.0,198.56,198.65,1021.75,2021,12,27
2021-12-27 10:42:00+00:00,198.64,199.49,198.63,199.36,2820.78,2021,12,27
2021-12-27 10:43:00+00:00,199.4,199.6,199.33,199.49,344.46,2021,12,27
2021-12-27 10:44:00+00:00,199.48,199.51,199.41,199.48,250.08,2021,12,27
2021-12-27 10:45:00+00:00,199.45,199.55,199.26,199.3,398.18,2021,12,27
2021-12-27 10:46:00+00:00,199.26,199.3,199.21,199.29,163.63,2021,12,27
2021-12-27 10:47:00+00:00,199.3,199.43,199.27,199.3,161.53,2021,12,27
2021-12-27 10:48:00+00:00,199.27,199.37,199.24,199.33,273.58,2021,12,27
2021-12-27 10:49:00+00:00,199.36,199.58,199.36,199.55,240.88,2021,12,27
2021-12-27 10:50:00+00:00,199.51,199.93,199.41,199.8,3576.14,2021,12,27
2021-12-27 10:51:00+00:00,199.8,199.88,199.71,199.72,636.48,2021,12,27
2021-12-27 10:52:00+00:00,199.71,200.28,199.56,200.28,4395.44,2021,12,27
2021-12-27 10:53:00+00:00,200.27,200.47,200.24,200.36,1290.3,2021,12,27
2021-12-27 10:54:00+00:00,200.33,200.33,200.09,200.17,720.86,2021,12,27
2021-12-27 10:55:00+00:00,200.18,200.34,200.1,200.24,1222.72,2021,12,27
2021-12-27 10:56:00+00:00,200.26,200.38,200.2,200.3,695.6,2021,12,27
2021-12-27 10:57:00+00:00,200.3,200.32,200.14,200.32,1362.23,2021,12,27
2021-12-27 10:58:00+00:00,200.32,200.43,200.26,200.34,718.74,2021,12,27
2021-12-27 10:59:00+00:00,200.38,200.46,200.24,200.33,586.25,2021,12,27
2021-12-27 11:00:00+00:00,200.32,200.76,200.29,200.73,893.84,2021,12,27
2021-12-27 11:01:00+00:00,200.73,200.94,200.72,200.85,1620.26,2021,12,27
2021-12-27 11:02:00+00:00,200.84,200.96,200.79,200.94,776.89,2021,12,27
2021-12-27 11:03:00+00:00,200.95,200.99,200.69,200.97,1100.56,2021,12,27
2021-12-27 11:04:00+00:00,200.94,201.0,200.64,200.71,2140.93,2021,12,27
2021-12-27 11:05:00+00:00,200.65,200.66,200.42,200.46,686.37,2021,12,27
2021-12-27 11:06:00+00:00,200.48,200.75,200.45,200.64,328.16,2021,12,27
2021-12-27 11:07:00+00:00,200.64,200.7,200.49,200.67,578.7,2021,12,27
2021-12-27 11:08:00+00:00,200.65,200.8,200.57,200.8,276.76,2021,12,27
2021-12-27 11:09:00+00:00,200.8,200.94,200.74,200.82,560.21,2021,12,27
2021-12-27 11:10:00+00:00,200.81,200.88,200.66,200.76,588.79,2021,12,27
2021-12-27 11:11:00+00:00,200.74,200.8,200.55,200.62,694.23,2021,12,27
2021-12-27 11:12:00+00:00,200.59,200.87,200.57,200.83,711.97,2021,12,27
2021-12-27 11:13:00+00:00,200.83,201.0,200.83,200.96,940.28,2021,12,27
2021-12-27 11:14:00+00:00,200.99,201.0,200.65,200.65,541.91,2021,12,27
2021-12-27 11:15:00+00:00,200.66,200.85,200.57,200.84,424.83,2021,12,27
2021-12-27 11:16:00+00:00,200.84,200.85,200.71,200.73,186.48,2021,12,27
2021-12-27 11:17:00+00:00,200.71,200.73,200.23,200.28,834.34,2021,12,27
2021-12-27 11:18:00+00:00,200.28,200.3,199.97,200.18,414.65,2021,12,27
2021-12-27 11:19:00+00:00,200.16,200.18,199.98,200.17,398.76,2021,12,27
2021-12-27 11:20:00+00:00,200.16,200.2,200.04,200.11,577.23,2021,12,27
2021-12-27 11:21:00+00:00,200.11,200.12,199.91,199.91,672.61,2021,12,27
2021-12-27 11:22:00+00:00,199.94,200.07,199.75,199.87,1197.68,2021,12,27
2021-12-27 11:23:00+00:00,199.88,199.89,199.73,199.77,829.62,2021,12,27
2021-12-27 11:24:00+00:00,199.77,199.8,199.63,199.65,528.69,2021,12,27
2021-12-27 11:25:00+00:00,199.66,199.8,199.6,199.7,412.37,2021,12,27
2021-12-27 11:26:00+00:00,199.67,199.9,199.67,199.9,271.45,2021,12,27
2021-12-27 11:27:00+00:00,199.9,199.94,199.7,199.74,249.96,2021,12,27
2021-12-27 11:28:00+00:00,199.72,199.88,199.66,199.85,512.38,2021,12,27
2021-12-27 11:29:00+00:00,199.84,199.86,199.64,199.74,1119.96,2021,12,27
2021-12-27 11:30:00+00:00,199.72,199.91,199.6,199.9,384.04,2021,12,27
2021-12-27 11:31:00+00:00,199.9,200.63,199.9,200.32,1175.36,2021,12,27
2021-12-27 11:32:00+00:00,200.32,200.32,200.14,200.17,1036.94,2021,12,27
2021-12-27 11:33:00+00:00,200.17,200.29,200.14,200.24,173.58,2021,12,27
2021-12-27 11:34:00+00:00,200.24,200.27,200.18,200.19,218.54,2021,12,27
2021-12-27 11:35:00+00:00,200.21,200.51,200.18,200.49,330.14,2021,12,27
2021-12-27 11:36:00+00:00,200.47,200.65,200.41,200.54,807.09,2021,12,27
2021-12-27 11:37:00+00:00,200.57,200.63,200.5,200.58,273.04,2021,12,27
2021-12-27 11:38:00+00:00,200.59,200.66,200.48,200.55,664.22,2021,12,27
2021-12-27 11:39:00+00:00,200.56,200.58,200.45,200.5,275.19,2021,12,27
2021-12-27 11:40:00+00:00,200.5,200.5,200.34,200.38,279.91,2021,12,27
2021-12-27 11:41:00+00:00,200.38,200.38,200.2,200.27,242.57,2021,12,27
2021-12-27 11:42:00+00:00,200.24,200.34,200.23,200.33,440.22,2021,12,27
2021-12-27 11:43:00+00:00,200.33,200.53,200.24,200.46,227.77,2021,12,27
2021-12-27 11:44:00+00:00,200.42,200.48,200.3,200.38,299.29,2021,12,27
2021-12-27 11:45:00+00:00,200.37,200.46,200.32,200.44,292.67,2021,12,27
2021-12-27 11:46:00+00:00,200.44,200.5,200.38,200.41,157.4,2021,12,27
2021-12-27 11:47:00+00:00,200.37,200.47,200.3,200.3,455.78,2021,12,27
2021-12-27 11:48:00+00:00,200.33,200.38,200.05,200.05,272.67,2021,12,27
2021-12-27 11:49:00+00:00,200.06,200.2,200.05,200.17,911.65,2021,12,27
2021-12-27 11:50:00+00:00,200.18,200.2,199.69,199.76,1728.09,2021,12,27
2021-12-27 11:51:00+00:00,199.76,200.08,199.76,200.0,268.85,2021,12,27
2021-12-27 11:52:00+00:00,200.0,200.0,199.9,199.95,270.7,2021,12,27
2021-12-27 11:53:00+00:00,199.95,199.95,199.86,199.9,392.89,2021,12,27
2021-12-27 11:54:00+00:00,199.89,199.9,199.85,199.87,259.44,2021,12,27
2021-12-27 11:55:00+00:00,199.89,200.07,199.85,199.86,984.15,2021,12,27
2021-12-27 11:56:00+00:00,199.86,199.92,199.78,199.83,390.91,2021,12,27
2021-12-27 11:57:00+00:00,199.8,199.94,199.47,199.91,838.6,2021,12,27
2021-12-27 11:58:00+00:00,199.9,200.29,199.87,200.16,801.29,2021,12,27
2021-12-27 11:59:00+00:00,200.19,200.3,200.15,200.28,865.72,2021,12,27
2021-12-27 12:00:00+00:00,200.27,200.27,200.14,200.22,282.36,2021,12,27
2021-12-27 12:01:00+00:00,200.21,200.4,200.19,200.27,1165.85,2021,12,27
2021-12-27 12:02:00+00:00,200.28,200.5,200.26,200.5,355.29,2021,12,27
2021-12-27 12:03:00+00:00,200.5,200.56,200.44,200.55,174.46,2021,12,27
2021-12-27 12:04:00+00:00,200.54,200.97,200.51,200.91,2366.97,2021,12,27
2021-12-27 12:05:00+00:00,200.9,200.91,200.76,200.86,1301.86,2021,12,27
2021-12-27 12:06:00+00:00,200.84,200.84,200.67,200.67,299.26,2021,12,27
2021-12-27 12:07:00+00:00,200.67,201.0,200.66,200.97,1145.05,2021,12,27
2021-12-27 12:08:00+00:00,200.96,200.99,200.8,200.82,314.07,2021,12,27
2021-12-27 12:09:00+00:00,200.81,200.92,200.81,200.9,169.61,2021,12,27
2021-12-27 12:10:00+00:00,200.88,200.89,200.65,200.68,252.15,2021,12,27
2021-12-27 12:11:00+00:00,200.69,200.85,200.59,200.64,237.39,2021,12,27
2021-12-27 12:12:00+00:00,200.64,200.68,200.36,200.39,314.56,2021,12,27
2021-12-27 12:13:00+00:00,200.39,200.53,200.33,200.42,182.39,2021,12,27
2021-12-27 12:14:00+00:00,200.42,200.64,200.4,200.59,190.34,2021,12,27
2021-12-27 12:15:00+00:00,200.56,200.56,200.26,200.26,346.9,2021,12,27
2021-12-27 12:16:00+00:00,200.3,200.35,200.19,200.25,587.57,2021,12,27
2021-12-27 12:17:00+00:00,200.24,200.26,199.93,200.08,965.02,2021,12,27
2021-12-27 12:18:00+00:00,200.05,200.07,199.6,199.6,414.86,2021,12,27
2021-12-27 12:19:00+00:00,199.63,199.68,199.11,199.16,2420.52,2021,12,27
2021-12-27 12:20:00+00:00,199.14,199.32,198.9,199.06,2005.7,2021,12,27
2021-12-27 12:21:00+00:00,199.09,199.45,199.09,199.41,704.23,2021,12,27
2021-12-27 12:22:00+00:00,199.4,199.42,198.93,199.32,3620.8,2021,12,27
2021-12-27 12:23:00+00:00,199.33,199.41,199.31,199.41,305.41,2021,12,27
2021-12-27 12:24:00+00:00,199.37,199.95,199.35,199.6,1753.53,2021,12,27
2021-12-27 12:25:00+00:00,199.6,199.74,199.57,199.68,210.96,2021,12,27
2021-12-27 12:26:00+00:00,199.67,199.96,199.67,199.83,372.75,2021,12,27
2021-12-27 12:27:00+00:00,199.82,200.07,199.82,199.99,436.79,2021,12,27
2021-12-27 12:28:00+00:00,200.05,200.11,199.99,200.11,365.92,2021,12,27
2021-12-27 12:29:00+00:00,200.1,200.28,200.1,200.27,2923.36,2021,12,27
2021-12-27 12:30:00+00:00,200.28,200.6,200.28,200.51,3403.27,2021,12,27
2021-12-27 12:31:00+00:00,200.53,200.8,200.33,200.33,973.88,2021,12,27
2021-12-27 12:32:00+00:00,200.32,200.41,200.17,200.36,706.74,2021,12,27
2021-12-27 12:33:00+00:00,200.31,200.54,200.24,200.54,362.51,2021,12,27
2021-12-27 12:34:00+00:00,200.54,200.79,200.49,200.73,1242.02,2021,12,27
2021-12-27 12:35:00+00:00,200.72,200.87,200.57,200.81,1225.83,2021,12,27
2021-12-27 12:36:00+00:00,200.81,201.3,200.79,201.3,2866.34,2021,12,27
2021-12-27 12:37:00+00:00,201.3,201.5,201.24,201.46,2165.03,2021,12,27
2021-12-27 12:38:00+00:00,201.44,201.46,200.97,201.11,1636.42,2021,12,27
2021-12-27 12:39:00+00:00,201.12,201.39,201.08,201.32,693.36,2021,12,27
2021-12-27 12:40:00+00:00,201.3,201.5,201.21,201.49,655.63,2021,12,27
2021-12-27 12:41:00+00:00,201.49,201.49,201.32,201.33,1142.87,2021,12,27
2021-12-27 12:42:00+00:00,201.32,201.32,200.99,201.27,2007.15,2021,12,27
2021-12-27 12:43:00+00:00,201.25,201.29,201.05,201.15,622.13,2021,12,27
2021-12-27 12:44:00+00:00,201.16,201.47,201.16,201.47,2122.37,2021,12,27
2021-12-27 12:45:00+00:00,201.39,201.39,201.04,201.18,696.03,2021,12,27
2021-12-27 12:46:00+00:00,201.17,201.18,200.75,200.85,2045.32,2021,12,27
2021-12-27 12:47:00+00:00,200.85,201.34,200.76,201.34,813.81,2021,12,27
2021-12-27 12:48:00+00:00,201.35,201.35,201.0,201.16,770.46,2021,12,27
2021-12-27 12:49:00+00:00,201.15,201.24,201.0,201.01,485.37,2021,12,27
2021-12-27 12:50:00+00:00,201.0,201.04,200.77,200.96,564.79,2021,12,27
2021-12-27 12:51:00+00:00,200.97,201.22,200.96,201.21,737.84,2021,12,27
2021-12-27 12:52:00+00:00,201.21,201.32,201.16,201.28,566.24,2021,12,27
2021-12-27 12:53:00+00:00,201.26,201.26,201.07,201.08,711.96,2021,12,27
2021-12-27 12:54:00+00:00,201.11,201.2,201.04,201.16,421.54,2021,12,27
2021-12-27 12:55:00+00:00,201.16,201.2,200.88,200.88,581.29,2021,12,27
2021-12-27 12:56:00+00:00,200.87,201.18,200.87,201.17,611.34,2021,12,27
2021-12-27 12:57:00+00:00,201.16,201.18,201.0,201.04,499.45,2021,12,27
2021-12-27 12:58:00+00:00,201.05,201.05,200.8,200.87,1003.23,2021,12,27
2021-12-27 12:59:00+00:00,200.86,201.03,200.81,200.89,741.84,2021,12,27
2021-12-27 13:00:00+00:00,200.94,201.19,200.93,201.04,1002.86,2021,12,27
2021-12-27 13:01:00+00:00,201.05,201.18,201.03,201.07,230.93,2021,12,27
2021-12-27 13:02:00+00:00,201.07,201.18,201.07,201.07,208.5,2021,12,27
2021-12-27 13:03:00+00:00,201.08,201.2,201.06,201.2,777.17,2021,12,27
2021-12-27 13:04:00+00:00,201.2,201.39,201.2,201.38,754.13,2021,12,27
2021-12-27 13:05:00+00:00,201.38,201.53,201.37,201.38,855.36,2021,12,27
2021-12-27 13:06:00+00:00,201.38,201.38,201.25,201.34,210.5,2021,12,27
2021-12-27 13:07:00+00:00,201.34,201.97,201.31,201.9,4854.79,2021,12,27
2021-12-27 13:08:00+00:00,201.89,201.96,201.8,201.82,1490.63,2021,12,27
2021-12-27 13:09:00+00:00,201.84,201.92,201.78,201.8,887.48,2021,12,27
2021-12-27 13:10:00+00:00,201.81,201.83,201.17,201.2,1618.82,2021,12,27
2021-12-27 13:11:00+00:00,201.2,201.27,201.05,201.08,1275.07,2021,12,27
2021-12-27 13:12:00+00:00,201.08,201.17,200.86,200.9,906.7,2021,12,27
2021-12-27 13:13:00+00:00,200.9,201.01,200.75,200.89,1015.66,2021,12,27
2021-12-27 13:14:00+00:00,200.89,201.08,200.59,200.66,560.86,2021,12,27
2021-12-27 13:15:00+00:00,200.61,200.9,200.6,200.78,548.87,2021,12,27
2021-12-27 13:16:00+00:00,200.76,200.97,200.75,200.9,197.67,2021,12,27
2021-12-27 13:17:00+00:00,200.92,200.94,200.78,200.82,138.14,2021,12,27
2021-12-27 13:18:00+00:00,200.82,200.93,200.81,200.81,324.01,2021,12,27
2021-12-27 13:19:00+00:00,200.78,201.02,200.76,200.95,487.38,2021,12,27
2021-12-27 13:20:00+00:00,200.93,201.08,200.9,201.02,233.67,2021,12,27
2021-12-27 13:21:00+00:00,201.03,201.12,200.95,201.0,778.64,2021,12,27
2021-12-27 13:22:00+00:00,200.99,201.08,200.85,200.88,775.27,2021,12,27
2021-12-27 13:23:00+00:00,200.88,200.93,200.79,200.9,184.77,2021,12,27
2021-12-27 13:24:00+00:00,200.9,200.95,200.82,200.82,271.4,2021,12,27
2021-12-27 13:25:00+00:00,200.82,201.77,200.81,201.49,3862.37,2021,12,27
2021-12-27 13:26:00+00:00,201.51,201.7,201.35,201.69,563.32,2021,12,27
2021-12-27 13:27:00+00:00,201.68,201.77,201.44,201.54,984.44,2021,12,27
2021-12-27 13:28:00+00:00,201.53,201.75,201.5,201.71,504.3,2021,12,27
2021-12-27 13:29:00+00:00,201.7,201.97,201.7,201.89,802.27,2021,12,27
2021-12-27 13:30:00+00:00,201.89,201.99,201.79,201.97,963.67,2021,12,27
2021-12-27 13:31:00+00:00,201.95,202.0,201.71,201.86,1349.67,2021,12,27
2021-12-27 13:32:00+00:00,201.81,201.86,201.69,201.77,670.0,2021,12,27
2021-12-27 13:33:00+00:00,201.77,201.77,201.3,201.46,833.72,2021,12,27
2021-12-27 13:34:00+00:00,201.46,201.87,201.46,201.79,977.74,2021,12,27
2021-12-27 13:35:00+00:00,201.78,201.8,201.54,201.76,445.02,2021,12,27
2021-12-27 13:36:00+00:00,201.76,201.81,201.56,201.63,628.84,2021,12,27
2021-12-27 13:37:00+00:00,201.64,201.74,201.64,201.7,225.74,2021,12,27
2021-12-27 13:38:00+00:00,201.7,201.99,201.51,201.91,1597.44,2021,12,27
2021-12-27 13:39:00+00:00,201.94,201.97,201.72,201.78,895.41,2021,12,27
2021-12-27 13:40:00+00:00,201.74,201.89,201.74,201.84,389.31,2021,12,27
2021-12-27 13:41:00+00:00,201.85,201.9,201.77,201.77,786.23,2021,12,27
2021-12-27 13:42:00+00:00,201.76,201.76,201.55,201.57,590.51,2021,12,27
2021-12-27 13:43:00+00:00,201.62,201.66,201.5,201.5,411.96,2021,12,27
2021-12-27 13:44:00+00:00,201.49,201.66,201.46,201.55,971.51,2021,12,27
2021-12-27 13:45:00+00:00,201.55,201.71,201.49,201.7,1375.31,2021,12,27
2021-12-27 13:46:00+00:00,201.69,201.85,201.62,201.79,975.71,2021,12,27
2021-12-27 13:47:00+00:00,201.79,202.0,201.79,201.9,2117.5,2021,12,27
2021-12-27 13:48:00+00:00,201.91,201.94,201.78,201.92,845.96,2021,12,27
2021-12-27 13:49:00+00:00,201.9,202.0,201.88,201.99,1288.7,2021,12,27
2021-12-27 13:50:00+00:00,201.99,202.46,201.98,202.29,13723.99,2021,12,27
2021-12-27 13:51:00+00:00,202.27,202.43,202.26,202.4,728.52,2021,12,27
2021-12-27 13:52:00+00:00,202.39,202.48,202.11,202.25,1553.23,2021,12,27
2021-12-27 13:53:00+00:00,202.26,202.32,201.92,202.18,1202.61,2021,12,27
2021-12-27 13:54:00+00:00,202.16,202.26,202.14,202.2,378.45,2021,12,27
2021-12-27 13:55:00+00:00,202.2,202.29,202.07,202.19,728.27,2021,12,27
2021-12-27 13:56:00+00:00,202.19,202.23,201.99,201.99,486.72,2021,12,27
2021-12-27 13:57:00+00:00,201.99,202.58,201.9,202.35,6762.33,2021,12,27
2021-12-27 13:58:00+00:00,202.42,202.57,202.4,202.47,1394.08,2021,12,27
2021-12-27 13:59:00+00:00,202.47,202.58,202.46,202.47,692.79,2021,12,27
2021-12-27 14:00:00+00:00,202.48,202.69,202.42,202.64,1973.84,2021,12,27
2021-12-27 14:01:00+00:00,202.66,202.84,202.62,202.76,1916.27,2021,12,27
2021-12-27 14:02:00+00:00,202.76,202.8,202.42,202.56,1575.87,2021,12,27
2021-12-27 14:03:00+00:00,202.55,202.56,201.97,202.38,2632.55,2021,12,27
2021-12-27 14:04:00+00:00,202.35,202.37,202.17,202.24,580.3,2021,12,27
2021-12-27 14:05:00+00:00,202.25,202.47,202.0,202.43,1974.24,2021,12,27
2021-12-27 14:06:00+00:00,202.43,202.62,202.38,202.56,719.36,2021,12,27
2021-12-27 14:07:00+00:00,202.56,202.84,202.48,202.74,1942.23,2021,12,27
2021-12-27 14:08:00+00:00,202.73,202.84,202.7,202.77,873.83,2021,12,27
2021-12-27 14:09:00+00:00,202.78,202.92,202.74,202.83,1394.01,2021,12,27
2021-12-27 14:10:00+00:00,202.83,202.88,202.62,202.71,570.63,2021,12,27
2021-12-27 14:11:00+00:00,202.7,202.77,202.65,202.75,511.08,2021,12,27
2021-12-27 14:12:00+00:00,202.74,202.8,202.49,202.58,504.59,2021,12,27
2021-12-27 14:13:00+00:00,202.58,202.75,202.57,202.71,325.51,2021,12,27
2021-12-27 14:14:00+00:00,202.7,202.7,202.53,202.57,382.14,2021,12,27
2021-12-27 14:15:00+00:00,202.52,202.82,202.5,202.81,507.25,2021,12,27
2021-12-27 14:16:00+00:00,202.78,203.0,202.78,202.98,1618.24,2021,12,27
2021-12-27 14:17:00+00:00,202.97,203.08,202.79,202.81,2843.72,2021,12,27
2021-12-27 14:18:00+00:00,202.82,202.82,202.64,202.65,1063.89,2021,12,27
2021-12-27 14:19:00+00:00,202.66,202.71,202.21,202.29,2754.45,2021,12,27
2021-12-27 14:20:00+00:00,202.3,202.8,202.05,202.74,2739.45,2021,12,27
2021-12-27 14:21:00+00:00,202.8,203.05,202.75,202.78,2047.37,2021,12,27
2021-12-27 14:22:00+00:00,202.77,202.88,202.57,202.66,897.75,2021,12,27
2021-12-27 14:23:00+00:00,202.66,202.83,202.51,202.75,583.58,2021,12,27
2021-12-27 14:24:00+00:00,202.74,202.83,202.68,202.72,800.9,2021,12,27
2021-12-27 14:25:00+00:00,202.7,202.83,202.7,202.77,249.65,2021,12,27
2021-12-27 14:26:00+00:00,202.76,202.82,202.5,202.5,352.68,2021,12,27
2021-12-27 14:27:00+00:00,202.52,202.53,202.08,202.08,1399.79,2021,12,27
2021-12-27 14:28:00+00:00,202.09,202.3,201.84,201.96,1463.75,2021,12,27
2021-12-27 14:29:00+00:00,201.95,202.24,201.93,201.99,2801.02,2021,12,27
2021-12-27 14:30:00+00:00,201.98,202.36,201.96,202.17,1022.31,2021,12,27
2021-12-27 14:31:00+00:00,202.15,202.75,202.15,202.69,2213.88,2021,12,27
2021-12-27 14:32:00+00:00,202.7,202.78,202.64,202.69,617.75,2021,12,27
2021-12-27 14:33:00+00:00,202.69,202.96,202.34,202.62,3389.32,2021,12,27
2021-12-27 14:34:00+00:00,202.58,202.68,202.4,202.4,889.76,2021,12,27
2021-12-27 14:35:00+00:00,202.4,202.84,202.36,202.75,589.49,2021,12,27
2021-12-27 14:36:00+00:00,202.71,202.76,202.53,202.57,272.36,2021,12,27
2021-12-27 14:37:00+00:00,202.53,202.57,202.35,202.51,409.21,2021,12,27
2021-12-27 14:38:00+00:00,202.49,202.59,202.18,202.47,1025.64,2021,12,27
2021-12-27 14:39:00+00:00,202.42,202.55,202.17,202.17,1079.04,2021,12,27
2021-12-27 14:40:00+00:00,202.17,202.7,202.1,202.69,1265.9,2021,12,27
2021-12-27 14:41:00+00:00,202.68,202.93,202.66,202.83,672.71,2021,12,27
2021-12-27 14:42:00+00:00,202.8,202.99,202.72,202.9,459.32,2021,12,27
2021-12-27 14:43:00+00:00,202.93,202.93,202.46,202.8,385.27,2021,12,27
2021-12-27 14:44:00+00:00,202.77,202.95,202.67,202.91,2243.28,2021,12,27
2021-12-27 14:45:00+00:00,202.93,203.21,202.93,203.16,1116.47,2021,12,27
2021-12-27 14:46:00+00:00,203.15,203.22,202.75,202.8,589.46,2021,12,27
2021-12-27 14:47:00+00:00,202.81,202.83,202.54,202.59,949.77,2021,12,27
2021-12-27 14:48:00+00:00,202.63,202.97,202.63,202.85,458.28,2021,12,27
2021-12-27 14:49:00+00:00,202.88,203.14,202.88,203.07,545.26,2021,12,27
2021-12-27 14:50:00+00:00,203.1,203.17,202.94,203.12,245.21,2021,12,27
2021-12-27 14:51:00+00:00,203.11,203.17,202.97,203.12,440.32,2021,12,27
2021-12-27 14:52:00+00:00,203.13,203.18,203.02,203.09,855.72,2021,12,27
2021-12-27 14:53:00+00:00,203.1,203.19,202.97,203.14,580.25,2021,12,27
2021-12-27 14:54:00+00:00,203.17,203.17,202.61,202.77,1088.4,2021,12,27
2021-12-27 14:55:00+00:00,202.8,202.89,202.75,202.77,290.1,2021,12,27
2021-12-27 14:56:00+00:00,202.76,203.01,202.76,202.84,657.29,2021,12,27
2021-12-27 14:57:00+00:00,202.85,202.87,202.69,202.82,343.17,2021,12,27
2021-12-27 14:58:00+00:00,202.81,203.14,202.8,203.12,341.2,2021,12,27
2021-12-27 14:59:00+00:00,203.14,203.17,202.84,202.84,576.32,2021,12,27
2021-12-27 15:00:00+00:00,202.83,203.09,202.79,202.98,985.71,2021,12,27
2021-12-27 15:01:00+00:00,202.96,203.2,202.83,202.91,4320.67,2021,12,27
2021-12-27 15:02:00+00:00,202.89,202.91,202.71,202.76,488.67,2021,12,27
2021-12-27 15:03:00+00:00,202.74,202.97,202.69,202.88,442.27,2021,12,27
2021-12-27 15:04:00+00:00,202.88,203.05,202.67,202.71,791.2,2021,12,27
2021-12-27 15:05:00+00:00,202.75,202.88,202.7,202.87,1208.6,2021,12,27
2021-12-27 15:06:00+00:00,202.83,203.01,202.75,202.75,907.58,2021,12,27
2021-12-27 15:07:00+00:00,202.76,202.94,202.73,202.85,810.22,2021,12,27
2021-12-27 15:08:00+00:00,202.83,202.87,202.6,202.6,359.89,2021,12,27
2021-12-27 15:09:00+00:00,202.61,203.21,202.6,203.14,2972.26,2021,12,27
2021-12-27 15:10:00+00:00,203.13,203.14,202.98,202.99,516.73,2021,12,27
2021-12-27 15:11:00+00:00,203.0,203.05,202.91,202.99,517.04,2021,12,27
2021-12-27 15:12:00+00:00,203.0,203.08,202.98,203.02,553.1,2021,12,27
2021-12-27 15:13:00+00:00,203.07,203.21,203.03,203.11,1681.9,2021,12,27
2021-12-27 15:14:00+00:00,203.12,203.22,203.06,203.19,483.91,2021,12,27
2021-12-27 15:15:00+00:00,203.19,203.24,203.12,203.2,945.61,2021,12,27
2021-12-27 15:16:00+00:00,203.2,203.43,203.19,203.38,6315.87,2021,12,27
2021-12-27 15:17:00+00:00,203.38,203.42,202.85,202.9,1073.97,2021,12,27
2021-12-27 15:18:00+00:00,202.91,203.23,202.88,202.98,3807.52,2021,12,27
2021-12-27 15:19:00+00:00,202.98,203.21,202.98,203.21,604.48,2021,12,27
2021-12-27 15:20:00+00:00,203.18,203.2,203.05,203.15,251.61,2021,12,27
2021-12-27 15:21:00+00:00,203.15,203.5,203.15,203.43,770.06,2021,12,27
2021-12-27 15:22:00+00:00,203.44,203.45,203.28,203.36,489.89,2021,12,27
2021-12-27 15:23:00+00:00,203.38,203.39,203.25,203.34,667.25,2021,12,27
2021-12-27 15:24:00+00:00,203.31,203.38,203.04,203.05,510.57,2021,12,27
2021-12-27 15:25:00+00:00,203.06,203.12,202.12,202.43,8910.07,2021,12,27
2021-12-27 15:26:00+00:00,202.42,202.72,201.88,202.09,6088.6,2021,12,27
2021-12-27 15:27:00+00:00,202.11,202.47,202.11,202.42,1782.84,2021,12,27
2021-12-27 15:28:00+00:00,202.4,202.6,202.33,202.51,855.54,2021,12,27
2021-12-27 15:29:00+00:00,202.54,202.68,202.5,202.64,392.14,2021,12,27
2021-12-27 15:30:00+00:00,202.65,202.75,202.64,202.64,397.32,2021,12,27
2021-12-27 15:31:00+00:00,202.63,202.66,202.2,202.41,861.36,2021,12,27
2021-12-27 15:32:00+00:00,202.4,202.41,202.19,202.26,408.45,2021,12,27
2021-12-27 15:33:00+00:00,202.28,202.35,202.2,202.26,651.41,2021,12,27
2021-12-27 15:34:00+00:00,202.25,202.32,201.92,201.99,1657.56,2021,12,27
2021-12-27 15:35:00+00:00,201.99,201.99,201.67,201.78,1170.51,2021,12,27
2021-12-27 15:36:00+00:00,201.78,201.86,201.57,201.84,900.08,2021,12,27
2021-12-27 15:37:00+00:00,201.85,202.01,201.63,201.9,924.05,2021,12,27
2021-12-27 15:38:00+00:00,201.91,201.91,201.6,201.7,663.54,2021,12,27
2021-12-27 15:39:00+00:00,201.72,201.95,201.72,201.87,185.18,2021,12,27
2021-12-27 15:40:00+00:00,201.91,201.91,201.62,201.81,672.34,2021,12,27
2021-12-27 15:41:00+00:00,201.82,202.06,201.82,201.82,516.38,2021,12,27
2021-12-27 15:42:00+00:00,201.8,201.9,201.64,201.82,770.5,2021,12,27
2021-12-27 15:43:00+00:00,201.82,201.82,201.34,201.41,1571.18,2021,12,27
2021-12-27 15:44:00+00:00,201.43,201.64,201.42,201.6,681.84,2021,12,27
2021-12-27 15:45:00+00:00,201.6,201.79,201.58,201.7,561.98,2021,12,27
2021-12-27 15:46:00+00:00,201.7,201.96,201.69,201.81,579.86,2021,12,27
2021-12-27 15:47:00+00:00,201.8,201.92,201.78,201.9,952.72,2021,12,27
2021-12-27 15:48:00+00:00,201.89,201.98,201.81,201.87,902.21,2021,12,27
2021-12-27 15:49:00+00:00,201.88,201.9,201.7,201.81,621.12,2021,12,27
2021-12-27 15:50:00+00:00,201.82,202.07,201.8,202.06,742.12,2021,12,27
2021-12-27 15:51:00+00:00,202.06,202.06,201.76,201.8,806.57,2021,12,27
2021-12-27 15:52:00+00:00,201.81,201.94,201.74,201.78,832.6,2021,12,27
2021-12-27 15:53:00+00:00,201.77,201.77,201.6,201.69,362.65,2021,12,27
2021-12-27 15:54:00+00:00,201.71,201.76,201.66,201.73,123.35,2021,12,27
2021-12-27 15:55:00+00:00,201.73,201.89,201.73,201.86,415.28,2021,12,27
2021-12-27 15:56:00+00:00,201.86,201.9,201.79,201.82,1482.22,2021,12,27
2021-12-27 15:57:00+00:00,201.82,202.03,201.72,201.96,1794.35,2021,12,27
2021-12-27 15:58:00+00:00,201.96,201.96,201.67,201.67,249.53,2021,12,27
2021-12-27 15:59:00+00:00,201.67,201.68,201.5,201.57,1356.71,2021,12,27
2021-12-27 16:00:00+00:00,201.57,201.95,201.57,201.85,1184.57,2021,12,27
2021-12-27 16:01:00+00:00,201.86,201.95,201.82,201.94,711.43,2021,12,27
2021-12-27 16:02:00+00:00,201.95,202.12,201.85,201.88,1092.82,2021,12,27
2021-12-27 16:03:00+00:00,201.85,201.88,201.32,201.33,1997.87,2021,12,27
2021-12-27 16:04:00+00:00,201.33,201.43,201.22,201.41,810.79,2021,12,27
2021-12-27 16:05:00+00:00,201.42,201.42,201.02,201.1,890.19,2021,12,27
2021-12-27 16:06:00+00:00,201.1,201.17,200.81,200.88,1306.65,2021,12,27
2021-12-27 16:07:00+00:00,200.88,201.0,200.79,200.98,1211.01,2021,12,27
2021-12-27 16:08:00+00:00,200.98,201.0,200.77,200.85,706.33,2021,12,27
2021-12-27 16:09:00+00:00,200.84,200.97,200.63,200.95,720.39,2021,12,27
2021-12-27 16:10:00+00:00,200.95,201.1,200.84,201.1,831.32,2021,12,27
2021-12-27 16:11:00+00:00,201.07,201.18,200.67,200.84,1497.76,2021,12,27
2021-12-27 16:12:00+00:00,200.79,200.93,200.74,200.78,524.31,2021,12,27
2021-12-27 16:13:00+00:00,200.77,200.9,200.69,200.82,486.33,2021,12,27
2021-12-27 16:14:00+00:00,200.85,200.87,200.67,200.68,858.86,2021,12,27
2021-12-27 16:15:00+00:00,200.68,200.94,200.64,200.82,696.34,2021,12,27
2021-12-27 16:16:00+00:00,200.8,201.39,200.8,201.19,2618.73,2021,12,27
2021-12-27 16:17:00+00:00,201.19,201.34,201.03,201.31,1478.13,2021,12,27
2021-12-27 16:18:00+00:00,201.3,201.72,201.3,201.71,1241.82,2021,12,27
2021-12-27 16:19:00+00:00,201.71,201.85,201.6,201.74,816.99,2021,12,27
2021-12-27 16:20:00+00:00,201.73,201.74,201.52,201.67,609.56,2021,12,27
2021-12-27 16:21:00+00:00,201.68,201.82,201.66,201.77,290.44,2021,12,27
2021-12-27 16:22:00+00:00,201.75,201.9,201.69,201.75,1140.22,2021,12,27
2021-12-27 16:23:00+00:00,201.74,201.88,201.47,201.59,3566.68,2021,12,27
2021-12-27 16:24:00+00:00,201.55,201.89,201.52,201.67,1076.88,2021,12,27
2021-12-27 16:25:00+00:00,201.67,201.79,201.5,201.74,622.04,2021,12,27
2021-12-27 16:26:00+00:00,201.75,201.78,201.61,201.72,554.65,2021,12,27
2021-12-27 16:27:00+00:00,201.76,201.8,201.6,201.77,555.63,2021,12,27
2021-12-27 16:28:00+00:00,201.77,202.14,201.77,202.03,1923.93,2021,12,27
2021-12-27 16:29:00+00:00,202.05,202.27,202.02,202.2,361.12,2021,12,27
2021-12-27 16:30:00+00:00,202.15,202.24,202.07,202.12,731.34,2021,12,27
2021-12-27 16:31:00+00:00,202.17,202.24,202.06,202.16,734.21,2021,12,27
2021-12-27 16:32:00+00:00,202.16,202.16,201.96,202.06,1004.17,2021,12,27
2021-12-27 16:33:00+00:00,202.05,202.13,201.78,201.95,383.14,2021,12,27
2021-12-27 16:34:00+00:00,201.95,202.0,201.92,202.0,337.37,2021,12,27
2021-12-27 16:35:00+00:00,202.0,202.15,202.0,202.02,765.01,2021,12,27
2021-12-27 16:36:00+00:00,202.03,202.13,202.0,202.11,163.87,2021,12,27
2021-12-27 16:37:00+00:00,202.12,202.41,202.12,202.35,1463.95,2021,12,27
2021-12-27 16:38:00+00:00,202.35,202.36,202.25,202.25,225.14,2021,12,27
2021-12-27 16:39:00+00:00,202.25,202.42,202.25,202.37,308.45,2021,12,27
2021-12-27 16:40:00+00:00,202.38,202.38,202.26,202.32,426.37,2021,12,27
2021-12-27 16:41:00+00:00,202.33,202.49,202.32,202.4,241.67,2021,12,27
2021-12-27 16:42:00+00:00,202.41,202.46,202.38,202.42,135.3,2021,12,27
2021-12-27 16:43:00+00:00,202.42,202.7,202.4,202.67,691.95,2021,12,27
2021-12-27 16:44:00+00:00,202.66,202.73,202.62,202.69,545.47,2021,12,27
2021-12-27 16:45:00+00:00,202.68,202.7,202.4,202.65,2336.44,2021,12,27
2021-12-27 16:46:00+00:00,202.65,202.68,202.44,202.52,727.14,2021,12,27
2021-12-27 16:47:00+00:00,202.5,202.58,202.38,202.47,216.96,2021,12,27
2021-12-27 16:48:00+00:00,202.45,202.55,202.31,202.36,566.6,2021,12,27
2021-12-27 16:49:00+00:00,202.34,202.6,202.34,202.53,999.7,2021,12,27
2021-12-27 16:50:00+00:00,202.57,202.65,202.53,202.56,348.19,2021,12,27
2021-12-27 16:51:00+00:00,202.56,202.64,202.55,202.56,116.6,2021,12,27
2021-12-27 16:52:00+00:00,202.56,202.62,202.4,202.52,461.13,2021,12,27
2021-12-27 16:53:00+00:00,202.53,202.53,202.42,202.5,172.1,2021,12,27
2021-12-27 16:54:00+00:00,202.49,202.5,202.4,202.43,361.23,2021,12,27
2021-12-27 16:55:00+00:00,202.47,202.54,202.44,202.52,138.93,2021,12,27
2021-12-27 16:56:00+00:00,202.53,202.78,202.53,202.72,1048.71,2021,12,27
2021-12-27 16:57:00+00:00,202.73,202.82,202.71,202.74,195.38,2021,12,27
2021-12-27 16:58:00+00:00,202.74,202.88,202.72,202.85,251.77,2021,12,27
2021-12-27 16:59:00+00:00,202.85,202.95,202.76,202.83,340.12,2021,12,27
2021-12-27 17:00:00+00:00,202.85,203.0,202.85,202.99,374.19,2021,12,27
2021-12-27 17:01:00+00:00,202.99,203.3,202.97,203.3,644.47,2021,12,27
2021-12-27 17:02:00+00:00,203.29,203.4,203.21,203.31,931.13,2021,12,27
2021-12-27 17:03:00+00:00,203.31,203.36,203.27,203.3,271.69,2021,12,27
2021-12-27 17:04:00+00:00,203.3,203.36,203.21,203.3,264.91,2021,12,27
2021-12-27 17:05:00+00:00,203.3,203.39,203.28,203.3,517.43,2021,12,27
2021-12-27 17:06:00+00:00,203.29,204.0,203.04,203.24,9974.46,2021,12,27
2021-12-27 17:07:00+00:00,203.24,203.62,203.24,203.58,745.33,2021,12,27
2021-12-27 17:08:00+00:00,203.58,203.58,203.32,203.38,601.45,2021,12,27
2021-12-27 17:09:00+00:00,203.37,203.43,203.28,203.38,470.4,2021,12,27
2021-12-27 17:10:00+00:00,203.37,203.57,203.37,203.55,617.96,2021,12,27
2021-12-27 17:11:00+00:00,203.54,203.87,203.43,203.7,1260.04,2021,12,27
2021-12-27 17:12:00+00:00,203.7,203.79,203.53,203.7,1006.59,2021,12,27
2021-12-27 17:13:00+00:00,203.69,203.78,203.63,203.78,891.46,2021,12,27
2021-12-27 17:14:00+00:00,203.79,203.82,203.37,203.51,2826.97,2021,12,27
2021-12-27 17:15:00+00:00,203.5,203.72,203.5,203.67,447.6,2021,12,27
2021-12-27 17:16:00+00:00,203.7,203.92,203.67,203.82,676.16,2021,12,27
2021-12-27 17:17:00+00:00,203.84,203.93,203.75,203.8,1086.75,2021,12,27
2021-12-27 17:18:00+00:00,203.79,203.79,203.53,203.6,489.8,2021,12,27
2021-12-27 17:19:00+00:00,203.6,203.62,203.17,203.21,1265.58,2021,12,27
2021-12-27 17:20:00+00:00,203.21,203.28,203.1,203.1,279.84,2021,12,27
2021-12-27 17:21:00+00:00,203.1,203.25,202.92,202.99,1884.72,2021,12,27
2021-12-27 17:22:00+00:00,202.98,203.37,202.92,203.15,1391.68,2021,12,27
2021-12-27 17:23:00+00:00,203.16,203.39,203.11,203.3,854.66,2021,12,27
2021-12-27 17:24:00+00:00,203.35,203.71,203.29,203.64,1093.03,2021,12,27
2021-12-27 17:25:00+00:00,203.61,203.8,203.54,203.55,952.87,2021,12,27
2021-12-27 17:26:00+00:00,203.54,203.82,203.52,203.79,710.66,2021,12,27
2021-12-27 17:27:00+00:00,203.77,203.85,203.55,203.56,882.33,2021,12,27
2021-12-27 17:28:00+00:00,203.55,203.72,203.43,203.6,2362.16,2021,12,27
2021-12-27 17:29:00+00:00,203.6,203.98,203.55,203.97,789.2,2021,12,27
2021-12-27 17:30:00+00:00,203.95,203.96,203.8,203.9,424.84,2021,12,27
2021-12-27 17:31:00+00:00,203.92,204.32,203.77,204.26,2473.47,2021,12,27
2021-12-27 17:32:00+00:00,204.25,204.35,204.17,204.27,2130.04,2021,12,27
2021-12-27 17:33:00+00:00,204.28,204.55,203.9,204.21,6675.13,2021,12,27
2021-12-27 17:34:00+00:00,204.21,204.52,204.21,204.45,1184.2,2021,12,27
2021-12-27 17:35:00+00:00,204.45,204.75,204.35,204.6,6843.11,2021,12,27
2021-12-27 17:36:00+00:00,204.6,204.75,204.5,204.51,995.72,2021,12,27
2021-12-27 17:37:00+00:00,204.51,204.64,204.2,204.2,1480.03,2021,12,27
2021-12-27 17:38:00+00:00,204.22,204.31,203.91,204.17,3755.69,2021,12,27
2021-12-27 17:39:00+00:00,204.18,204.25,204.03,204.11,586.86,2021,12,27
2021-12-27 17:40:00+00:00,204.11,204.17,203.8,203.85,682.44,2021,12,27
2021-12-27 17:41:00+00:00,203.84,204.14,203.84,203.88,2240.65,2021,12,27
2021-12-27 17:42:00+00:00,203.88,204.03,203.86,204.0,524.14,2021,12,27
2021-12-27 17:43:00+00:00,203.99,204.08,203.86,204.08,684.96,2021,12,27
2021-12-27 17:44:00+00:00,204.07,204.17,203.98,203.99,540.81,2021,12,27
2021-12-27 17:45:00+00:00,204.05,204.08,203.74,203.77,623.4,2021,12,27
2021-12-27 17:46:00+00:00,203.76,203.79,203.63,203.67,1382.23,2021,12,27
2021-12-27 17:47:00+00:00,203.69,203.7,203.32,203.42,1148.4,2021,12,27
2021-12-27 17:48:00+00:00,203.4,203.81,203.34,203.76,2087.81,2021,12,27
2021-12-27 17:49:00+00:00,203.76,204.13,203.51,203.66,2222.16,2021,12,27
2021-12-27 17:50:00+00:00,203.61,204.0,203.61,203.94,1085.33,2021,12,27
2021-12-27 17:51:00+00:00,203.94,203.95,203.75,203.83,666.84,2021,12,27
2021-12-27 17:52:00+00:00,203.79,203.94,203.66,203.66,1094.62,2021,12,27
2021-12-27 17:53:00+00:00,203.67,203.7,203.42,203.47,1462.15,2021,12,27
2021-12-27 17:54:00+00:00,203.46,203.76,203.44,203.64,383.8,2021,12,27
2021-12-27 17:55:00+00:00,203.69,203.86,203.65,203.76,229.92,2021,12,27
2021-12-27 17:56:00+00:00,203.79,203.82,203.4,203.4,421.29,2021,12,27
2021-12-27 17:57:00+00:00,203.4,203.55,203.4,203.43,669.99,2021,12,27
2021-12-27 17:58:00+00:00,203.46,203.53,203.21,203.27,926.09,2021,12,27
2021-12-27 17:59:00+00:00,203.27,203.52,203.25,203.52,276.7,2021,12,27
2021-12-27 18:00:00+00:00,203.51,203.83,203.5,203.78,724.18,2021,12,27
2021-12-27 18:01:00+00:00,203.72,203.77,203.64,203.76,751.26,2021,12,27
2021-12-27 18:02:00+00:00,203.74,203.74,203.66,203.66,155.3,2021,12,27
2021-12-27 18:03:00+00:00,203.69,203.76,203.68,203.76,203.79,2021,12,27
2021-12-27 18:04:00+00:00,203.75,203.79,203.62,203.66,287.51,2021,12,27
2021-12-27 18:05:00+00:00,203.66,203.89,203.66,203.89,358.33,2021,12,27
2021-12-27 18:06:00+00:00,203.9,203.96,203.82,203.84,531.62,2021,12,27
2021-12-27 18:07:00+00:00,203.84,203.85,203.73,203.74,462.1,2021,12,27
2021-12-27 18:08:00+00:00,203.74,203.83,203.62,203.7,322.35,2021,12,27
2021-12-27 18:09:00+00:00,203.69,203.71,203.53,203.55,742.55,2021,12,27
2021-12-27 18:10:00+00:00,203.55,203.61,203.19,203.27,1955.43,2021,12,27
2021-12-27 18:11:00+00:00,203.27,203.3,202.92,202.97,2578.12,2021,12,27
2021-12-27 18:12:00+00:00,202.97,203.0,202.84,202.95,646.67,2021,12,27
2021-12-27 18:13:00+00:00,202.95,203.17,202.91,203.06,904.56,2021,12,27
2021-12-27 18:14:00+00:00,203.06,203.16,202.9,202.99,2048.95,2021,12,27
2021-12-27 18:15:00+00:00,202.99,203.0,202.9,202.99,479.58,2021,12,27
2021-12-27 18:16:00+00:00,202.99,203.15,202.95,202.98,519.31,2021,12,27
2021-12-27 18:17:00+00:00,202.98,203.25,202.86,203.14,2392.4,2021,12,27
2021-12-27 18:18:00+00:00,203.13,203.42,203.09,203.21,1440.69,2021,12,27
2021-12-27 18:19:00+00:00,203.2,203.32,203.12,203.21,728.12,2021,12,27
2021-12-27 18:20:00+00:00,203.22,203.32,203.03,203.06,338.58,2021,12,27
2021-12-27 18:21:00+00:00,203.05,203.1,202.5,202.81,3296.63,2021,12,27
2021-12-27 18:22:00+00:00,202.77,202.8,202.46,202.67,2274.58,2021,12,27
2021-12-27 18:23:00+00:00,202.66,202.87,202.66,202.78,687.85,2021,12,27
2021-12-27 18:24:00+00:00,202.73,202.99,202.69,202.81,1618.53,2021,12,27
2021-12-27 18:25:00+00:00,202.81,202.9,202.7,202.81,1474.63,2021,12,27
2021-12-27 18:26:00+00:00,202.79,202.89,202.78,202.78,331.24,2021,12,27
2021-12-27 18:27:00+00:00,202.78,202.83,202.46,202.47,707.43,2021,12,27
2021-12-27 18:28:00+00:00,202.48,202.65,202.39,202.51,2220.11,2021,12,27
2021-12-27 18:29:00+00:00,202.49,202.5,202.26,202.3,710.89,2021,12,27
2021-12-27 18:30:00+00:00,202.29,202.44,202.0,202.44,3277.67,2021,12,27
2021-12-27 18:31:00+00:00,202.45,202.65,202.43,202.65,499.69,2021,12,27
2021-12-27 18:32:00+00:00,202.65,202.7,202.22,202.45,2065.45,2021,12,27
2021-12-27 18:33:00+00:00,202.5,202.64,202.41,202.43,531.3,2021,12,27
2021-12-27 18:34:00+00:00,202.46,202.48,202.28,202.4,1349.18,2021,12,27
2021-12-27 18:35:00+00:00,202.41,202.7,202.18,202.69,535.27,2021,12,27
2021-12-27 18:36:00+00:00,202.69,202.81,202.69,202.75,1379.22,2021,12,27
2021-12-27 18:37:00+00:00,202.77,202.85,202.67,202.69,624.65,2021,12,27
2021-12-27 18:38:00+00:00,202.68,202.84,202.65,202.81,276.71,2021,12,27
2021-12-27 18:39:00+00:00,202.79,202.87,202.63,202.64,405.5,2021,12,27
2021-12-27 18:40:00+00:00,202.64,202.76,202.41,202.45,424.52,2021,12,27
2021-12-27 18:41:00+00:00,202.45,202.61,202.41,202.58,246.79,2021,12,27
2021-12-27 18:42:00+00:00,202.58,202.63,202.33,202.47,691.93,2021,12,27
2021-12-27 18:43:00+00:00,202.48,202.58,202.36,202.43,441.23,2021,12,27
2021-12-27 18:44:00+00:00,202.46,202.46,202.26,202.4,360.39,2021,12,27
2021-12-27 18:45:00+00:00,202.37,202.39,202.23,202.27,335.6,2021,12,27
2021-12-27 18:46:00+00:00,202.26,202.3,202.12,202.14,229.12,2021,12,27
2021-12-27 18:47:00+00:00,202.13,202.3,202.01,202.25,526.22,2021,12,27
2021-12-27 18:48:00+00:00,202.25,202.31,202.0,202.01,267.93,2021,12,27
2021-12-27 18:49:00+00:00,202.01,202.21,202.0,202.08,719.15,2021,12,27
2021-12-27 18:50:00+00:00,202.08,202.16,202.0,202.03,277.62,2021,12,27
2021-12-27 18:51:00+00:00,202.05,202.47,202.05,202.34,2200.49,2021,12,27
2021-12-27 18:52:00+00:00,202.34,202.4,202.29,202.4,296.06,2021,12,27
2021-12-27 18:53:00+00:00,202.42,202.45,202.24,202.28,459.5,2021,12,27
2021-12-27 18:54:00+00:00,202.3,202.34,202.03,202.05,612.77,2021,12,27
2021-12-27 18:55:00+00:00,202.06,202.22,201.92,202.18,1142.16,2021,12,27
2021-12-27 18:56:00+00:00,202.19,202.37,202.08,202.32,350.45,2021,12,27
2021-12-27 18:57:00+00:00,202.34,202.34,202.11,202.27,272.91,2021,12,27
2021-12-27 18:58:00+00:00,202.26,202.34,202.21,202.33,75.08,2021,12,27
2021-12-27 18:59:00+00:00,202.32,202.47,202.29,202.43,201.31,2021,12,27
2021-12-27 19:00:00+00:00,202.42,202.64,202.42,202.48,354.26,2021,12,27
2021-12-27 19:01:00+00:00,202.49,202.65,202.42,202.58,299.39,2021,12,27
2021-12-27 19:02:00+00:00,202.59,202.7,202.59,202.7,392.74,2021,12,27
2021-12-27 19:03:00+00:00,202.7,202.75,202.63,202.74,205.39,2021,12,27
2021-12-27 19:04:00+00:00,202.74,203.05,202.67,203.02,624.05,2021,12,27
2021-12-27 19:05:00+00:00,203.02,203.03,202.81,202.93,628.47,2021,12,27
2021-12-27 19:06:00+00:00,202.89,202.95,202.62,202.62,988.59,2021,12,27
2021-12-27 19:07:00+00:00,202.62,202.65,202.47,202.56,671.71,2021,12,27
2021-12-27 19:08:00+00:00,202.58,202.6,202.34,202.46,641.11,2021,12,27
2021-12-27 19:09:00+00:00,202.47,202.47,202.24,202.31,454.11,2021,12,27
2021-12-27 19:10:00+00:00,202.31,202.34,202.23,202.29,184.57,2021,12,27
2021-12-27 19:11:00+00:00,202.29,202.33,202.15,202.23,245.09,2021,12,27
2021-12-27 19:12:00+00:00,202.21,202.26,201.98,202.08,1490.83,2021,12,27
2021-12-27 19:13:00+00:00,202.07,202.2,201.91,202.18,716.97,2021,12,27
2021-12-27 19:14:00+00:00,202.18,202.2,202.0,202.15,245.71,2021,12,27
2021-12-27 19:15:00+00:00,202.15,202.15,201.95,202.08,473.39,2021,12,27
2021-12-27 19:16:00+00:00,202.1,202.13,201.97,202.02,295.37,2021,12,27
2021-12-27 19:17:00+00:00,201.99,201.99,201.67,201.7,1412.13,2021,12,27
2021-12-27 19:18:00+00:00,201.69,201.76,201.58,201.58,375.18,2021,12,27
2021-12-27 19:19:00+00:00,201.61,201.66,201.53,201.63,313.19,2021,12,27
2021-12-27 19:20:00+00:00,201.65,201.94,201.63,201.84,1468.55,2021,12,27
2021-12-27 19:21:00+00:00,201.83,201.88,201.66,201.73,240.48,2021,12,27
2021-12-27 19:22:00+00:00,201.73,201.77,201.62,201.73,410.14,2021,12,27
2021-12-27 19:23:00+00:00,201.73,201.81,201.65,201.69,209.57,2021,12,27
2021-12-27 19:24:00+00:00,201.69,201.78,201.68,201.76,82.95,2021,12,27
2021-12-27 19:25:00+00:00,201.75,201.85,201.7,201.72,106.59,2021,12,27
2021-12-27 19:26:00+00:00,201.7,201.71,201.56,201.59,316.64,2021,12,27
2021-12-27 19:27:00+00:00,201.55,201.64,201.43,201.45,1438.18,2021,12,27
2021-12-27 19:28:00+00:00,201.44,201.48,201.0,201.17,2771.77,2021,12,27
2021-12-27 19:29:00+00:00,201.14,201.24,201.02,201.22,256.71,2021,12,27
2021-12-27 19:30:00+00:00,201.23,201.28,201.04,201.08,1031.04,2021,12,27
2021-12-27 19:31:00+00:00,201.04,201.04,200.84,200.92,606.24,2021,12,27
2021-12-27 19:32:00+00:00,200.9,200.97,200.77,200.8,1094.12,2021,12,27
2021-12-27 19:33:00+00:00,200.8,200.84,200.71,200.74,921.22,2021,12,27
2021-12-27 19:34:00+00:00,200.7,201.16,200.68,200.94,650.73,2021,12,27
2021-12-27 19:35:00+00:00,200.94,200.98,200.76,200.79,614.54,2021,12,27
2021-12-27 19:36:00+00:00,200.79,200.97,200.77,200.96,720.75,2021,12,27
2021-12-27 19:37:00+00:00,200.97,201.31,200.94,201.27,696.14,2021,12,27
2021-12-27 19:38:00+00:00,201.29,201.38,201.0,201.0,771.91,2021,12,27
2021-12-27 19:39:00+00:00,201.01,201.28,201.01,201.23,442.33,2021,12,27
2021-12-27 19:40:00+00:00,201.28,201.45,201.23,201.24,225.08,2021,12,27
2021-12-27 19:41:00+00:00,201.28,201.3,201.13,201.13,188.43,2021,12,27
2021-12-27 19:42:00+00:00,201.13,201.19,200.99,201.17,330.8,2021,12,27
2021-12-27 19:43:00+00:00,201.16,201.26,201.04,201.23,791.75,2021,12,27
2021-12-27 19:44:00+00:00,201.22,201.27,200.86,200.88,359.23,2021,12,27
2021-12-27 19:45:00+00:00,200.88,201.04,200.8,200.96,536.69,2021,12,27
2021-12-27 19:46:00+00:00,200.96,201.2,200.96,201.18,459.91,2021,12,27
2021-12-27 19:47:00+00:00,201.19,201.48,201.19,201.47,493.6,2021,12,27
2021-12-27 19:48:00+00:00,201.44,201.48,201.26,201.31,398.4,2021,12,27
2021-12-27 19:49:00+00:00,201.3,201.52,201.3,201.51,121.26,2021,12,27
2021-12-27 19:50:00+00:00,201.51,201.57,201.37,201.37,247.5,2021,12,27
2021-12-27 19:51:00+00:00,201.37,201.37,201.17,201.19,212.19,2021,12,27
2021-12-27 19:52:00+00:00,201.2,201.3,201.14,201.3,238.32,2021,12,27
2021-12-27 19:53:00+00:00,201.28,201.29,200.76,200.83,2385.54,2021,12,27
2021-12-27 19:54:00+00:00,200.85,200.87,200.51,200.67,928.92,2021,12,27
2021-12-27 19:55:00+00:00,200.68,200.78,200.52,200.64,984.17,2021,12,27
2021-12-27 19:56:00+00:00,200.63,200.88,200.55,200.75,1978.81,2021,12,27
2021-12-27 19:57:00+00:00,200.77,200.78,200.41,200.54,858.12,2021,12,27
2021-12-27 19:58:00+00:00,200.57,200.67,200.55,200.6,214.89,2021,12,27
2021-12-27 19:59:00+00:00,200.61,200.61,200.44,200.55,316.05,2021,12,27
2021-12-27 20:00:00+00:00,200.53,200.53,200.38,200.4,603.28,2021,12,27
2021-12-27 20:01:00+00:00,200.43,200.8,200.43,200.76,1663.21,2021,12,27
2021-12-27 20:02:00+00:00,200.73,200.93,200.61,200.83,694.78,2021,12,27
2021-12-27 20:03:00+00:00,200.82,200.96,200.8,200.82,355.07,2021,12,27
2021-12-27 20:04:00+00:00,200.8,200.91,200.66,200.7,1044.37,2021,12,27
2021-12-27 20:05:00+00:00,200.71,200.96,200.6,200.86,935.19,2021,12,27
2021-12-27 20:06:00+00:00,200.84,200.85,200.57,200.7,3206.08,2021,12,27
2021-12-27 20:07:00+00:00,200.72,200.8,200.69,200.71,570.22,2021,12,27
2021-12-27 20:08:00+00:00,200.76,200.79,200.56,200.57,675.42,2021,12,27
2021-12-27 20:09:00+00:00,200.57,200.8,200.47,200.8,837.75,2021,12,27
2021-12-27 20:10:00+00:00,200.81,200.92,200.7,200.83,249.94,2021,12,27
2021-12-27 20:11:00+00:00,200.83,200.92,200.8,200.92,215.83,2021,12,27
2021-12-27 20:12:00+00:00,200.91,201.15,200.91,201.15,299.63,2021,12,27
2021-12-27 20:13:00+00:00,201.13,201.26,201.01,201.12,407.89,2021,12,27
2021-12-27 20:14:00+00:00,201.12,201.14,200.88,200.91,727.95,2021,12,27
2021-12-27 20:15:00+00:00,200.89,200.91,200.75,200.75,332.55,2021,12,27
2021-12-27 20:16:00+00:00,200.75,200.75,200.53,200.61,900.75,2021,12,27
2021-12-27 20:17:00+00:00,200.6,200.6,200.4,200.43,469.05,2021,12,27
2021-12-27 20:18:00+00:00,200.43,200.47,200.32,200.34,407.93,2021,12,27
2021-12-27 20:19:00+00:00,200.36,200.53,200.34,200.36,507.07,2021,12,27
2021-12-27 20:20:00+00:00,200.37,200.54,200.34,200.49,693.53,2021,12,27
2021-12-27 20:21:00+00:00,200.48,200.53,200.39,200.42,484.72,2021,12,27
2021-12-27 20:22:00+00:00,200.42,200.43,200.22,200.36,657.61,2021,12,27
2021-12-27 20:23:00+00:00,200.37,200.37,200.25,200.32,323.13,2021,12,27
2021-12-27 20:24:00+00:00,200.32,200.42,200.32,200.37,251.42,2021,12,27
2021-12-27 20:25:00+00:00,200.37,200.41,200.22,200.26,605.95,2021,12,27
2021-12-27 20:26:00+00:00,200.25,200.31,199.88,200.04,4917.49,2021,12,27
2021-12-27 20:27:00+00:00,200.01,200.07,199.5,200.06,2747.05,2021,12,27
2021-12-27 20:28:00+00:00,200.06,200.15,199.81,199.95,677.02,2021,12,27
2021-12-27 20:29:00+00:00,199.95,200.03,199.75,199.79,335.87,2021,12,27
2021-12-27 20:30:00+00:00,199.77,200.17,199.77,200.06,653.48,2021,12,27
2021-12-27 20:31:00+00:00,200.06,200.24,199.85,200.14,2675.28,2021,12,27
2021-12-27 20:32:00+00:00,200.13,200.33,200.13,200.3,244.1,2021,12,27
2021-12-27 20:33:00+00:00,200.3,200.3,199.84,199.9,460.26,2021,12,27
2021-12-27 20:34:00+00:00,199.93,200.02,199.8,199.96,865.84,2021,12,27
2021-12-27 20:35:00+00:00,199.95,200.03,199.87,199.87,425.1,2021,12,27
2021-12-27 20:36:00+00:00,199.88,199.91,199.35,199.46,857.45,2021,12,27
2021-12-27 20:37:00+00:00,199.46,199.49,199.31,199.33,861.69,2021,12,27
2021-12-27 20:38:00+00:00,199.33,199.38,199.0,199.15,4711.76,2021,12,27
2021-12-27 20:39:00+00:00,199.26,199.26,198.72,198.86,9206.41,2021,12,27
2021-12-27 20:40:00+00:00,198.86,199.39,198.8,199.26,1666.04,2021,12,27
2021-12-27 20:41:00+00:00,199.29,199.32,198.91,199.0,209.38,2021,12,27
2021-12-27 20:42:00+00:00,199.02,199.09,198.5,198.7,2069.24,2021,12,27
2021-12-27 20:43:00+00:00,198.72,199.08,198.61,198.66,1019.04,2021,12,27
2021-12-27 20:44:00+00:00,198.63,198.97,198.63,198.89,547.36,2021,12,27
2021-12-27 20:45:00+00:00,198.89,199.31,198.83,199.25,892.14,2021,12,27
2021-12-27 20:46:00+00:00,199.26,199.27,199.01,199.22,359.99,2021,12,27
2021-12-27 20:47:00+00:00,199.22,199.23,198.86,198.9,380.17,2021,12,27
2021-12-27 20:48:00+00:00,198.93,199.02,198.85,199.01,374.34,2021,12,27
2021-12-27 20:49:00+00:00,199.01,199.18,198.87,198.93,1312.65,2021,12,27
2021-12-27 20:50:00+00:00,198.96,199.31,198.94,199.21,727.89,2021,12,27
2021-12-27 20:51:00+00:00,199.2,199.51,199.17,199.28,658.46,2021,12,27
2021-12-27 20:52:00+00:00,199.29,199.42,199.25,199.41,430.21,2021,12,27
2021-12-27 20:53:00+00:00,199.41,199.47,199.25,199.26,402.38,2021,12,27
2021-12-27 20:54:00+00:00,199.23,199.73,199.23,199.66,695.98,2021,12,27
2021-12-27 20:55:00+00:00,199.67,199.71,199.51,199.58,445.56,2021,12,27
2021-12-27 20:56:00+00:00,199.59,199.59,199.46,199.54,425.46,2021,12,27
2021-12-27 20:57:00+00:00,199.55,199.69,199.53,199.68,350.29,2021,12,27
2021-12-27 20:58:00+00:00,199.69,199.69,199.51,199.62,565.01,2021,12,27
2021-12-27 20:59:00+00:00,199.62,199.79,199.54,199.71,787.86,2021,12,27
2021-12-27 21:00:00+00:00,199.69,199.79,199.6,199.72,394.6,2021,12,27
2021-12-27 21:01:00+00:00,199.71,199.75,199.64,199.73,450.84,2021,12,27
2021-12-27 21:02:00+00:00,199.73,199.74,199.34,199.38,660.84,2021,12,27
2021-12-27 21:03:00+00:00,199.38,199.7,199.35,199.58,520.98,2021,12,27
2021-12-27 21:04:00+00:00,199.57,199.93,199.55,199.75,2695.74,2021,12,27
2021-12-27 21:05:00+00:00,199.72,199.86,199.68,199.76,664.58,2021,12,27
2021-12-27 21:06:00+00:00,199.74,199.77,199.58,199.68,540.92,2021,12,27
2021-12-27 21:07:00+00:00,199.65,199.82,199.59,199.71,398.8,2021,12,27
2021-12-27 21:08:00+00:00,199.73,199.75,199.66,199.7,284.15,2021,12,27
2021-12-27 21:09:00+00:00,199.71,199.99,199.7,199.96,713.91,2021,12,27
2021-12-27 21:10:00+00:00,199.96,200.26,199.96,200.14,827.9,2021,12,27
2021-12-27 21:11:00+00:00,200.12,200.16,200.01,200.04,434.92,2021,12,27
2021-12-27 21:12:00+00:00,200.04,200.05,199.96,200.04,685.45,2021,12,27
2021-12-27 21:13:00+00:00,200.01,200.04,199.56,199.58,1086.92,2021,12,27
2021-12-27 21:14:00+00:00,199.58,199.76,199.54,199.68,294.84,2021,12,27
2021-12-27 21:15:00+00:00,199.63,199.63,199.19,199.19,582.38,2021,12,27
2021-12-27 21:16:00+00:00,199.2,199.55,199.19,199.53,368.43,2021,12,27
2021-12-27 21:17:00+00:00,199.53,199.54,199.25,199.26,203.86,2021,12,27
2021-12-27 21:18:00+00:00,199.26,199.57,199.26,199.49,540.03,2021,12,27
2021-12-27 21:19:00+00:00,199.49,199.49,199.3,199.3,475.9,2021,12,27
2021-12-27 21:20:00+00:00,199.36,199.46,199.03,199.21,878.54,2021,12,27
2021-12-27 21:21:00+00:00,199.21,199.22,199.06,199.17,393.24,2021,12,27
2021-12-27 21:22:00+00:00,199.19,199.27,199.18,199.25,204.26,2021,12,27
2021-12-27 21:23:00+00:00,199.25,199.3,198.85,198.87,806.57,2021,12,27
2021-12-27 21:24:00+00:00,198.92,199.11,198.83,199.1,1486.11,2021,12,27
2021-12-27 21:25:00+00:00,199.09,199.31,199.09,199.28,697.96,2021,12,27
2021-12-27 21:26:00+00:00,199.28,199.3,199.0,199.02,624.53,2021,12,27
2021-12-27 21:27:00+00:00,199.01,199.2,199.0,199.19,850.74,2021,12,27
2021-12-27 21:28:00+00:00,199.18,199.2,199.11,199.14,346.26,2021,12,27
2021-12-27 21:29:00+00:00,199.14,199.4,199.11,199.37,1546.58,2021,12,27
2021-12-27 21:30:00+00:00,199.37,199.53,199.28,199.46,550.36,2021,12,27
2021-12-27 21:31:00+00:00,199.45,199.49,199.29,199.33,392.77,2021,12,27
2021-12-27 21:32:00+00:00,199.32,199.38,199.22,199.3,391.5,2021,12,27
2021-12-27 21:33:00+00:00,199.3,199.3,199.23,199.27,197.24,2021,12,27
2021-12-27 21:34:00+00:00,199.24,199.25,198.93,198.96,360.12,2021,12,27
2021-12-27 21:35:00+00:00,198.97,199.25,198.97,199.17,336.58,2021,12,27
2021-12-27 21:36:00+00:00,199.16,199.22,198.95,198.95,226.37,2021,12,27
2021-12-27 21:37:00+00:00,198.95,199.05,198.94,198.95,404.3,2021,12,27
2021-12-27 21:38:00+00:00,198.97,199.06,198.95,199.01,336.95,2021,12,27
2021-12-27 21:39:00+00:00,199.01,199.11,198.93,198.94,345.34,2021,12,27
2021-12-27 21:40:00+00:00,198.94,199.09,198.92,199.0,192.45,2021,12,27
2021-12-27 21:41:00+00:00,199.0,199.17,198.89,199.0,744.78,2021,12,27
2021-12-27 21:42:00+00:00,199.0,199.03,198.71,198.81,1641.6,2021,12,27
2021-12-27 21:43:00+00:00,198.8,198.8,198.64,198.71,871.24,2021,12,27
2021-12-27 21:44:00+00:00,198.65,198.7,198.59,198.65,294.12,2021,12,27
2021-12-27 21:45:00+00:00,198.64,198.7,198.58,198.7,347.88,2021,12,27
2021-12-27 21:46:00+00:00,198.69,198.74,198.61,198.63,232.11,2021,12,27
2021-12-27 21:47:00+00:00,198.64,198.71,198.58,198.63,235.14,2021,12,27
2021-12-27 21:48:00+00:00,198.63,198.64,198.23,198.33,1290.79,2021,12,27
2021-12-27 21:49:00+00:00,198.33,198.42,198.28,198.36,693.81,2021,12,27
2021-12-27 21:50:00+00:00,198.36,198.67,198.26,198.54,579.13,2021,12,27
2021-12-27 21:51:00+00:00,198.52,198.65,198.4,198.41,665.23,2021,12,27
2021-12-27 21:52:00+00:00,198.42,198.45,198.26,198.28,694.78,2021,12,27
2021-12-27 21:53:00+00:00,198.28,198.33,198.04,198.05,1556.29,2021,12,27
2021-12-27 21:54:00+00:00,198.04,198.08,197.65,197.99,3653.82,2021,12,27
2021-12-27 21:55:00+00:00,197.98,198.0,197.77,197.85,435.1,2021,12,27
2021-12-27 21:56:00+00:00,197.79,198.0,197.66,197.9,952.83,2021,12,27
2021-12-27 21:57:00+00:00,197.99,198.46,197.99,198.32,1327.98,2021,12,27
2021-12-27 21:58:00+00:00,198.32,198.44,197.96,197.96,518.93,2021,12,27
2021-12-27 21:59:00+00:00,197.96,198.21,197.86,198.21,560.03,2021,12,27
2021-12-27 22:00:00+00:00,198.2,198.36,197.93,198.36,494.01,2021,12,27
2021-12-27 22:01:00+00:00,198.34,198.68,198.18,198.55,1047.69,2021,12,27
2021-12-27 22:02:00+00:00,198.54,198.74,198.42,198.69,864.36,2021,12,27
2021-12-27 22:03:00+00:00,198.68,198.75,198.5,198.54,910.86,2021,12,27
2021-12-27 22:04:00+00:00,198.53,198.75,198.52,198.55,667.01,2021,12,27
2021-12-27 22:05:00+00:00,198.57,198.59,198.31,198.59,593.59,2021,12,27
2021-12-27 22:06:00+00:00,198.61,198.76,198.58,198.72,226.76,2021,12,27
2021-12-27 22:07:00+00:00,198.73,198.78,198.53,198.75,479.42,2021,12,27
2021-12-27 22:08:00+00:00,198.75,198.88,198.73,198.73,320.27,2021,12,27
2021-12-27 22:09:00+00:00,198.76,199.05,198.76,198.99,530.93,2021,12,27
2021-12-27 22:10:00+00:00,198.99,199.07,198.86,198.87,488.45,2021,12,27
2021-12-27 22:11:00+00:00,198.86,199.34,198.86,199.22,1869.54,2021,12,27
2021-12-27 22:12:00+00:00,199.22,199.26,199.04,199.12,590.35,2021,12,27
2021-12-27 22:13:00+00:00,199.11,199.16,199.07,199.11,271.47,2021,12,27
2021-12-27 22:14:00+00:00,199.11,199.28,199.11,199.19,186.77,2021,12,27
2021-12-27 22:15:00+00:00,199.18,199.18,198.88,198.88,599.27,2021,12,27
2021-12-27 22:16:00+00:00,198.9,198.9,198.8,198.86,152.79,2021,12,27
2021-12-27 22:17:00+00:00,198.83,198.84,198.6,198.62,202.97,2021,12,27
2021-12-27 22:18:00+00:00,198.61,198.79,198.55,198.76,774.91,2021,12,27
2021-12-27 22:19:00+00:00,198.76,198.9,198.69,198.88,219.71,2021,12,27
2021-12-27 22:20:00+00:00,198.84,199.02,198.81,198.98,298.47,2021,12,27
2021-12-27 22:21:00+00:00,198.95,198.97,198.63,198.63,404.35,2021,12,27
2021-12-27 22:22:00+00:00,198.65,199.11,198.57,199.09,307.18,2021,12,27
2021-12-27 22:23:00+00:00,199.12,199.15,199.01,199.03,142.18,2021,12,27
2021-12-27 22:24:00+00:00,199.03,199.18,199.01,199.18,170.27,2021,12,27
2021-12-27 22:25:00+00:00,199.18,199.28,198.99,198.99,829.47,2021,12,27
2021-12-27 22:26:00+00:00,198.94,198.94,198.56,198.61,259.09,2021,12,27
2021-12-27 22:27:00+00:00,198.59,198.7,198.56,198.63,149.78,2021,12,27
2021-12-27 22:28:00+00:00,198.63,198.72,198.45,198.62,978.59,2021,12,27
2021-12-27 22:29:00+00:00,198.62,198.67,198.6,198.6,147.24,2021,12,27
2021-12-27 22:30:00+00:00,198.6,198.6,198.54,198.58,147.78,2021,12,27
2021-12-27 22:31:00+00:00,198.58,198.64,198.51,198.55,795.05,2021,12,27
2021-12-27 22:32:00+00:00,198.54,198.66,198.5,198.51,216.47,2021,12,27
2021-12-27 22:33:00+00:00,198.51,198.52,198.37,198.37,171.99,2021,12,27
2021-12-27 22:34:00+00:00,198.36,198.36,198.29,198.29,186.75,2021,12,27
2021-12-27 22:35:00+00:00,198.29,198.3,198.2,198.21,183.53,2021,12,27
2021-12-27 22:36:00+00:00,198.21,198.21,198.01,198.07,524.0,2021,12,27
2021-12-27 22:37:00+00:00,198.05,198.08,197.78,197.79,1270.14,2021,12,27
2021-12-27 22:38:00+00:00,197.78,197.8,197.53,197.58,703.11,2021,12,27
2021-12-27 22:39:00+00:00,197.59,197.6,197.38,197.42,1460.81,2021,12,27
2021-12-27 22:40:00+00:00,197.41,197.48,197.38,197.41,605.64,2021,12,27
2021-12-27 22:41:00+00:00,197.41,197.41,197.38,197.38,200.1,2021,12,27
2021-12-27 22:42:00+00:00,197.39,197.4,197.2,197.29,1134.02,2021,12,27
2021-12-27 22:43:00+00:00,197.3,197.3,197.0,197.02,1761.11,2021,12,27
2021-12-27 22:44:00+00:00,197.0,197.01,196.81,196.92,2221.78,2021,12,27
2021-12-27 22:45:00+00:00,196.91,196.91,196.48,196.48,3783.13,2021,12,27
2021-12-27 22:46:00+00:00,196.49,196.5,196.25,196.31,2517.6,2021,12,27
2021-12-27 22:47:00+00:00,196.31,196.35,196.13,196.28,766.42,2021,12,27
2021-12-27 22:48:00+00:00,196.29,196.74,196.29,196.74,1434.41,2021,12,27
2021-12-27 22:49:00+00:00,196.7,196.96,196.56,196.94,986.41,2021,12,27
2021-12-27 22:50:00+00:00,196.95,197.37,196.94,197.32,2397.63,2021,12,27
2021-12-27 22:51:00+00:00,197.32,199.27,197.27,199.09,25621.92,2021,12,27
2021-12-27 22:52:00+00:00,199.08,199.29,198.27,198.59,8151.89,2021,12,27
2021-12-27 22:53:00+00:00,198.61,199.03,198.12,198.79,7481.47,2021,12,27
2021-12-27 22:54:00+00:00,198.8,198.98,198.73,198.83,1360.46,2021,12,27
2021-12-27 22:55:00+00:00,198.84,198.98,198.82,198.84,911.99,2021,12,27
2021-12-27 22:56:00+00:00,198.83,198.83,198.28,198.28,655.44,2021,12,27
2021-12-27 22:57:00+00:00,198.27,198.27,198.05,198.14,661.48,2021,12,27
2021-12-27 22:58:00+00:00,198.15,198.15,198.01,198.03,539.27,2021,12,27
2021-12-27 22:59:00+00:00,198.03,198.59,198.03,198.59,1664.17,2021,12,27
2021-12-27 23:00:00+00:00,198.6,198.6,198.21,198.22,966.56,2021,12,27
2021-12-27 23:01:00+00:00,198.22,198.22,198.0,198.07,1650.97,2021,12,27
2021-12-27 23:02:00+00:00,198.06,198.22,197.75,197.76,1542.75,2021,12,27
2021-12-27 23:03:00+00:00,197.75,197.93,197.29,197.93,1469.32,2021,12,27
2021-12-27 23:04:00+00:00,197.93,198.17,197.76,198.15,343.85,2021,12,27
2021-12-27 23:05:00+00:00,198.14,198.35,197.92,198.27,737.58,2021,12,27
2021-12-27 23:06:00+00:00,198.28,198.44,197.99,198.29,677.03,2021,12,27
2021-12-27 23:07:00+00:00,198.27,198.41,198.14,198.29,382.21,2021,12,27
2021-12-27 23:08:00+00:00,198.31,198.35,198.03,198.21,239.19,2021,12,27
2021-12-27 23:09:00+00:00,198.2,198.22,197.94,198.01,618.31,2021,12,27
2021-12-27 23:10:00+00:00,198.01,198.15,197.83,198.12,257.1,2021,12,27
2021-12-27 23:11:00+00:00,198.11,198.11,197.42,197.57,532.28,2021,12,27
2021-12-27 23:12:00+00:00,197.55,197.57,197.38,197.56,341.29,2021,12,27
2021-12-27 23:13:00+00:00,197.56,197.71,197.47,197.7,344.12,2021,12,27
2021-12-27 23:14:00+00:00,197.72,197.88,197.59,197.72,314.74,2021,12,27
2021-12-27 23:15:00+00:00,197.73,198.08,197.72,197.96,486.16,2021,12,27
2021-12-27 23:16:00+00:00,197.96,198.48,197.92,198.18,1635.39,2021,12,27
2021-12-27 23:17:00+00:00,198.16,198.21,197.53,197.53,887.09,2021,12,27
2021-12-27 23:18:00+00:00,197.55,197.55,196.92,196.95,741.3,2021,12,27
2021-12-27 23:19:00+00:00,196.92,196.98,196.65,196.94,683.25,2021,12,27
2021-12-27 23:20:00+00:00,196.96,196.96,196.63,196.8,628.62,2021,12,27
2021-12-27 23:21:00+00:00,196.77,196.91,196.69,196.84,1665.13,2021,12,27
2021-12-27 23:22:00+00:00,196.81,197.02,196.6,196.96,859.7,2021,12,27
2021-12-27 23:23:00+00:00,196.91,197.02,196.77,196.98,617.84,2021,12,27
2021-12-27 23:24:00+00:00,196.96,196.96,196.77,196.86,204.17,2021,12,27
2021-12-27 23:25:00+00:00,196.85,197.27,196.73,197.19,527.67,2021,12,27
2021-12-27 23:26:00+00:00,197.19,197.25,196.92,196.97,678.37,2021,12,27
2021-12-27 23:27:00+00:00,197.04,197.05,196.77,196.96,531.43,2021,12,27
2021-12-27 23:28:00+00:00,196.94,197.24,196.89,197.18,722.82,2021,12,27
2021-12-27 23:29:00+00:00,197.09,197.18,196.95,197.18,384.08,2021,12,27
2021-12-27 23:30:00+00:00,197.19,197.19,196.73,196.73,388.32,2021,12,27
2021-12-27 23:31:00+00:00,196.74,196.82,196.68,196.74,430.77,2021,12,27
2021-12-27 23:32:00+00:00,196.71,196.74,196.59,196.66,463.98,2021,12,27
2021-12-27 23:33:00+00:00,196.66,196.87,196.53,196.78,510.39,2021,12,27
2021-12-27 23:34:00+00:00,196.75,196.78,196.43,196.51,533.87,2021,12,27
2021-12-27 23:35:00+00:00,196.5,196.58,196.43,196.54,192.66,2021,12,27
2021-12-27 23:36:00+00:00,196.54,196.68,196.52,196.68,260.48,2021,12,27
2021-12-27 23:37:00+00:00,196.67,196.67,196.3,196.48,355.29,2021,12,27
2021-12-27 23:38:00+00:00,196.5,196.5,196.3,196.35,158.53,2021,12,27
2021-12-27 23:39:00+00:00,196.38,196.38,196.16,196.2,330.93,2021,12,27
2021-12-27 23:40:00+00:00,196.19,196.2,196.0,196.0,1263.41,2021,12,27
2021-12-27 23:41:00+00:00,196.0,196.26,195.94,196.26,1012.26,2021,12,27
2021-12-27 23:42:00+00:00,196.23,196.56,196.13,196.4,1042.9,2021,12,27
2021-12-27 23:43:00+00:00,196.4,196.62,196.35,196.53,401.51,2021,12,27
2021-12-27 23:44:00+00:00,196.53,196.76,196.5,196.7,443.4,2021,12,27
2021-12-27 23:45:00+00:00,196.69,196.71,196.45,196.47,339.18,2021,12,27
2021-12-27 23:46:00+00:00,196.44,196.47,196.19,196.35,505.25,2021,12,27
2021-12-27 23:47:00+00:00,196.34,196.64,196.34,196.47,397.95,2021,12,27
2021-12-27 23:48:00+00:00,196.44,196.44,196.17,196.18,606.09,2021,12,27
2021-12-27 23:49:00+00:00,196.2,196.35,196.18,196.27,439.67,2021,12,27
2021-12-27 23:50:00+00:00,196.24,196.24,196.05,196.18,561.71,2021,12,27
2021-12-27 23:51:00+00:00,196.14,196.19,195.68,195.69,1171.34,2021,12,27
2021-12-27 23:52:00+00:00,195.71,195.73,195.52,195.65,709.26,2021,12,27
2021-12-27 23:53:00+00:00,195.65,195.67,195.39,195.4,1183.27,2021,12,27
2021-12-27 23:54:00+00:00,195.4,195.76,195.25,195.53,1249.68,2021,12,27
2021-12-27 23:55:00+00:00,195.53,195.65,195.37,195.65,333.14,2021,12,27
2021-12-27 23:56:00+00:00,195.65,195.88,195.61,195.88,411.42,2021,12,27
2021-12-27 23:57:00+00:00,195.88,196.12,195.78,196.04,543.27,2021,12,27
2021-12-27 23:58:00+00:00,196.03,196.03,195.55,195.58,286.76,2021,12,27
2021-12-27 23:59:00+00:00,195.58,195.68,195.5,195.67,472.21,2021,12,27
2021-12-28 00:00:00+00:00,195.68,195.68,195.26,195.37,2291.11,2021,12,28
2021-12-28 00:01:00+00:00,195.36,195.53,195.25,195.25,840.55,2021,12,28
2021-12-28 00:02:00+00:00,195.25,195.47,195.09,195.13,2115.78,2021,12,28
2021-12-28 00:03:00+00:00,195.1,195.41,195.0,195.39,4043.66,2021,12,28
2021-12-28 00:04:00+00:00,195.39,195.47,195.2,195.2,551.77,2021,12,28
2021-12-28 00:05:00+00:00,195.19,195.4,195.05,195.16,3441.14,2021,12,28
2021-12-28 00:06:00+00:00,195.15,195.24,195.0,195.05,2135.08,2021,12,28
2021-12-28 00:07:00+00:00,195.08,195.11,194.79,195.0,3102.56,2021,12,28
2021-12-28 00:08:00+00:00,195.04,195.32,194.32,194.55,3444.03,2021,12,28
2021-12-28 00:09:00+00:00,194.55,194.61,193.57,193.62,6336.06,2021,12,28
2021-12-28 00:10:00+00:00,193.63,193.65,192.64,193.17,6282.48,2021,12,28
2021-12-28 00:11:00+00:00,193.13,195.13,193.1,195.11,6975.35,2021,12,28
2021-12-28 00:12:00+00:00,195.11,195.36,194.9,195.26,1312.74,2021,12,28
2021-12-28 00:13:00+00:00,195.22,195.31,194.44,194.64,2845.05,2021,12,28
2021-12-28 00:14:00+00:00,194.64,194.65,193.99,194.37,1705.44,2021,12,28
2021-12-28 00:15:00+00:00,194.37,194.45,193.06,193.47,1829.9,2021,12,28
2021-12-28 00:16:00+00:00,193.42,193.79,193.32,193.55,1663.83,2021,12,28
2021-12-28 00:17:00+00:00,193.47,194.13,192.85,192.99,5093.36,2021,12,28
2021-12-28 00:18:00+00:00,192.94,193.25,192.6,192.85,1993.99,2021,12,28
2021-12-28 00:19:00+00:00,192.86,193.41,192.76,193.39,1891.81,2021,12,28
2021-12-28 00:20:00+00:00,193.36,193.44,192.88,192.88,1354.58,2021,12,28
2021-12-28 00:21:00+00:00,192.88,193.15,192.75,193.06,1225.42,2021,12,28
2021-12-28 00:22:00+00:00,193.05,193.26,192.89,193.0,1097.67,2021,12,28
2021-12-28 00:23:00+00:00,193.0,193.16,192.75,193.16,1686.78,2021,12,28
2021-12-28 00:24:00+00:00,193.15,193.8,193.15,193.48,1762.57,2021,12,28
2021-12-28 00:25:00+00:00,193.49,193.5,193.16,193.16,621.64,2021,12,28
2021-12-28 00:26:00+00:00,193.14,193.42,192.89,193.3,993.7,2021,12,28
2021-12-28 00:27:00+00:00,193.31,193.67,193.22,193.61,907.62,2021,12,28
2021-12-28 00:28:00+00:00,193.61,193.9,193.53,193.82,1116.67,2021,12,28
2021-12-28 00:29:00+00:00,193.82,194.29,193.68,194.26,1531.07,2021,12,28
2021-12-28 00:30:00+00:00,194.23,194.31,193.86,194.21,2372.91,2021,12,28
2021-12-28 00:31:00+00:00,194.2,194.21,193.42,193.53,1456.14,2021,12,28
2021-12-28 00:32:00+00:00,193.49,193.51,193.07,193.32,637.32,2021,12,28
2021-12-28 00:33:00+00:00,193.27,193.32,192.82,192.99,987.3,2021,12,28
2021-12-28 00:34:00+00:00,192.98,192.98,192.4,192.48,1945.95,2021,12,28
2021-12-28 00:35:00+00:00,192.49,192.68,192.25,192.41,1042.87,2021,12,28
2021-12-28 00:36:00+00:00,192.45,193.51,192.32,192.93,3683.42,2021,12,28
2021-12-28 00:37:00+00:00,192.95,193.25,192.35,192.36,1109.32,2021,12,28
2021-12-28 00:38:00+00:00,192.35,192.88,192.33,192.86,1433.95,2021,12,28
2021-12-28 00:39:00+00:00,192.88,192.97,192.58,192.8,1614.13,2021,12,28
2021-12-28 00:40:00+00:00,192.8,193.19,192.8,193.06,1225.35,2021,12,28
2021-12-28 00:41:00+00:00,193.07,193.31,192.9,193.3,372.81,2021,12,28
2021-12-28 00:42:00+00:00,193.31,193.71,193.1,193.43,2353.95,2021,12,28
2021-12-28 00:43:00+00:00,193.44,193.61,193.39,193.58,780.91,2021,12,28
2021-12-28 00:44:00+00:00,193.62,193.67,193.42,193.45,551.4,2021,12,28
2021-12-28 00:45:00+00:00,193.47,194.14,193.43,194.04,2315.92,2021,12,28
2021-12-28 00:46:00+00:00,194.05,194.4,194.04,194.38,1076.7,2021,12,28
2021-12-28 00:47:00+00:00,194.37,194.74,194.29,194.64,2838.76,2021,12,28
2021-12-28 00:48:00+00:00,194.62,194.71,194.27,194.52,3535.03,2021,12,28
2021-12-28 00:49:00+00:00,194.5,194.58,194.11,194.19,1602.44,2021,12,28
2021-12-28 00:50:00+00:00,194.18,194.19,193.95,194.18,1169.79,2021,12,28
2021-12-28 00:51:00+00:00,194.17,194.18,193.78,194.08,1376.66,2021,12,28
2021-12-28 00:52:00+00:00,194.08,194.56,194.07,194.33,1506.61,2021,12,28
2021-12-28 00:53:00+00:00,194.32,194.55,194.04,194.13,941.48,2021,12,28
2021-12-28 00:54:00+00:00,194.11,195.15,194.11,194.83,2123.43,2021,12,28
2021-12-28 00:55:00+00:00,194.82,195.03,194.71,194.95,906.82,2021,12,28
2021-12-28 00:56:00+00:00,194.95,195.12,194.91,195.1,648.6,2021,12,28
2021-12-28 00:57:00+00:00,195.1,195.32,194.94,195.31,1384.76,2021,12,28
2021-12-28 00:58:00+00:00,195.31,195.58,195.1,195.31,2248.63,2021,12,28
2021-12-28 00:59:00+00:00,195.31,195.31,194.96,195.16,593.04,2021,12,28
2021-12-28 01:00:00+00:00,195.15,195.15,194.54,194.58,773.76,2021,12,28
2021-12-28 01:01:00+00:00,194.56,194.72,194.47,194.51,382.98,2021,12,28
2021-12-28 01:02:00+00:00,194.49,194.5,194.13,194.21,390.29,2021,12,28
2021-12-28 01:03:00+00:00,194.17,194.17,193.85,193.99,654.57,2021,12,28
2021-12-28 01:04:00+00:00,193.99,194.13,193.73,193.73,327.26,2021,12,28
2021-12-28 01:05:00+00:00,193.76,194.58,193.68,193.93,3563.15,2021,12,28
2021-12-28 01:06:00+00:00,193.92,194.01,193.52,193.7,1887.43,2021,12,28
2021-12-28 01:07:00+00:00,193.69,194.0,193.64,193.98,287.64,2021,12,28
2021-12-28 01:08:00+00:00,193.97,194.26,193.72,193.8,2085.18,2021,12,28
2021-12-28 01:09:00+00:00,193.86,194.25,193.79,194.21,446.28,2021,12,28
2021-12-28 01:10:00+00:00,194.17,194.17,193.74,194.02,1123.57,2021,12,28
2021-12-28 01:11:00+00:00,194.02,194.06,193.8,193.81,471.65,2021,12,28
2021-12-28 01:12:00+00:00,193.81,193.82,193.4,193.43,995.42,2021,12,28
2021-12-28 01:13:00+00:00,193.43,193.66,193.3,193.58,1130.94,2021,12,28
2021-12-28 01:14:00+00:00,193.56,193.71,193.45,193.71,448.71,2021,12,28
2021-12-28 01:15:00+00:00,193.71,193.96,193.17,193.2,1425.09,2021,12,28
2021-12-28 01:16:00+00:00,193.18,193.98,193.17,193.89,1412.47,2021,12,28
2021-12-28 01:17:00+00:00,193.9,193.93,193.56,193.89,479.04,2021,12,28
2021-12-28 01:18:00+00:00,193.88,194.2,193.82,193.98,861.27,2021,12,28
2021-12-28 01:19:00+00:00,193.97,194.16,193.67,193.84,957.12,2021,12,28
2021-12-28 01:20:00+00:00,193.85,193.85,193.71,193.73,314.19,2021,12,28
2021-12-28 01:21:00+00:00,193.73,193.73,193.04,193.07,996.63,2021,12,28
2021-12-28 01:22:00+00:00,193.07,193.21,192.9,193.08,1165.77,2021,12,28
2021-12-28 01:23:00+00:00,193.06,193.22,192.95,192.99,880.09,2021,12,28
2021-12-28 01:24:00+00:00,192.96,193.22,192.79,193.22,841.91,2021,12,28
2021-12-28 01:25:00+00:00,193.21,193.6,193.03,193.46,660.56,2021,12,28
2021-12-28 01:26:00+00:00,193.42,193.69,193.35,193.62,923.76,2021,12,28
2021-12-28 01:27:00+00:00,193.61,193.7,193.51,193.52,1485.03,2021,12,28
2021-12-28 01:28:00+00:00,193.51,193.64,193.39,193.44,556.16,2021,12,28
2021-12-28 01:29:00+00:00,193.46,193.46,193.24,193.34,352.25,2021,12,28
2021-12-28 01:30:00+00:00,193.34,193.34,192.94,193.01,434.45,2021,12,28
2021-12-28 01:31:00+00:00,193.02,193.02,192.78,192.79,543.91,2021,12,28
2021-12-28 01:32:00+00:00,192.77,192.77,192.64,192.64,1086.91,2021,12,28
2021-12-28 01:33:00+00:00,192.68,192.96,192.68,192.79,673.3,2021,12,28
2021-12-28 01:34:00+00:00,192.78,192.94,192.35,192.45,1223.35,2021,12,28
2021-12-28 01:35:00+00:00,192.4,192.43,192.17,192.35,1351.11,2021,12,28
2021-12-28 01:36:00+00:00,192.35,192.52,192.21,192.25,632.8,2021,12,28
2021-12-28 01:37:00+00:00,192.24,192.28,191.58,191.68,3989.06,2021,12,28
2021-12-28 01:38:00+00:00,191.7,191.97,191.34,191.65,2336.86,2021,12,28
2021-12-28 01:39:00+00:00,191.65,191.71,191.35,191.59,1722.77,2021,12,28
2021-12-28 01:40:00+00:00,191.59,191.59,191.19,191.44,2792.26,2021,12,28
2021-12-28 01:41:00+00:00,191.42,191.54,191.22,191.27,2019.46,2021,12,28
2021-12-28 01:42:00+00:00,191.26,191.27,190.81,191.12,3491.83,2021,12,28
2021-12-28 01:43:00+00:00,191.15,191.95,191.07,191.9,2239.75,2021,12,28
2021-12-28 01:44:00+00:00,191.88,191.91,191.28,191.36,930.9,2021,12,28
2021-12-28 01:45:00+00:00,191.36,191.37,190.73,190.99,2769.75,2021,12,28
2021-12-28 01:46:00+00:00,190.99,191.17,190.7,190.87,1238.28,2021,12,28
2021-12-28 01:47:00+00:00,190.86,191.16,190.8,191.05,1106.75,2021,12,28
2021-12-28 01:48:00+00:00,191.05,191.33,190.77,191.32,733.24,2021,12,28
2021-12-28 01:49:00+00:00,191.31,191.69,191.31,191.69,861.81,2021,12,28
2021-12-28 01:50:00+00:00,191.68,191.93,191.58,191.84,452.89,2021,12,28
2021-12-28 01:51:00+00:00,191.84,191.84,191.2,191.22,364.03,2021,12,28
2021-12-28 01:52:00+00:00,191.21,191.57,191.19,191.54,629.45,2021,12,28
2021-12-28 01:53:00+00:00,191.56,191.6,191.2,191.43,554.66,2021,12,28
2021-12-28 01:54:00+00:00,191.44,191.47,191.02,191.43,766.96,2021,12,28
2021-12-28 01:55:00+00:00,191.44,191.59,191.14,191.16,1506.17,2021,12,28
2021-12-28 01:56:00+00:00,191.18,191.25,191.01,191.19,472.23,2021,12,28
2021-12-28 01:57:00+00:00,191.19,191.76,191.19,191.66,560.91,2021,12,28
2021-12-28 01:58:00+00:00,191.7,191.87,191.52,191.56,477.43,2021,12,28
2021-12-28 01:59:00+00:00,191.54,191.83,191.45,191.49,586.85,2021,12,28
2021-12-28 02:00:00+00:00,191.48,191.48,190.93,191.05,2672.23,2021,12,28
2021-12-28 02:01:00+00:00,191.04,191.07,190.61,190.73,1744.65,2021,12,28
2021-12-28 02:02:00+00:00,190.78,191.46,190.76,191.3,1320.77,2021,12,28
2021-12-28 02:03:00+00:00,191.32,191.75,191.32,191.63,449.9,2021,12,28
2021-12-28 02:04:00+00:00,191.65,192.0,191.39,192.0,1776.83,2021,12,28
2021-12-28 02:05:00+00:00,192.0,192.28,191.91,191.94,1129.27,2021,12,28
2021-12-28 02:06:00+00:00,191.94,192.18,191.94,191.96,314.75,2021,12,28
2021-12-28 02:07:00+00:00,191.98,192.22,191.94,191.97,345.8,2021,12,28
2021-12-28 02:08:00+00:00,191.96,191.96,191.45,191.46,573.01,2021,12,28
2021-12-28 02:09:00+00:00,191.46,191.55,191.37,191.46,617.69,2021,12,28
2021-12-28 02:10:00+00:00,191.45,191.6,191.34,191.35,216.14,2021,12,28
2021-12-28 02:11:00+00:00,191.35,191.37,191.22,191.34,296.76,2021,12,28
2021-12-28 02:12:00+00:00,191.35,191.75,191.35,191.42,452.37,2021,12,28
2021-12-28 02:13:00+00:00,191.4,191.4,191.27,191.34,152.95,2021,12,28
2021-12-28 02:14:00+00:00,191.34,191.52,191.15,191.19,764.47,2021,12,28
2021-12-28 02:15:00+00:00,191.18,191.23,191.04,191.06,443.46,2021,12,28
2021-12-28 02:16:00+00:00,191.06,191.1,190.45,190.5,1752.49,2021,12,28
2021-12-28 02:17:00+00:00,190.5,190.54,190.21,190.21,1463.98,2021,12,28
2021-12-28 02:18:00+00:00,190.22,190.38,190.01,190.36,1440.58,2021,12,28
2021-12-28 02:19:00+00:00,190.36,190.39,189.82,190.03,7281.9,2021,12,28
2021-12-28 02:20:00+00:00,190.04,190.27,189.78,190.04,2774.13,2021,12,28
2021-12-28 02:21:00+00:00,190.02,190.14,189.63,190.11,2448.34,2021,12,28
2021-12-28 02:22:00+00:00,190.09,190.28,189.73,190.01,1180.86,2021,12,28
2021-12-28 02:23:00+00:00,190.05,190.15,189.85,189.97,554.92,2021,12,28
2021-12-28 02:24:00+00:00,189.97,190.23,189.92,190.2,664.8,2021,12,28
2021-12-28 02:25:00+00:00,190.23,190.37,189.85,190.35,725.5,2021,12,28
2021-12-28 02:26:00+00:00,190.35,190.61,190.19,190.51,972.37,2021,12,28
2021-12-28 02:27:00+00:00,190.51,190.57,190.0,190.0,579.75,2021,12,28
2021-12-28 02:28:00+00:00,190.01,190.47,190.0,190.46,693.4,2021,12,28
2021-12-28 02:29:00+00:00,190.46,190.47,190.29,190.33,594.84,2021,12,28
2021-12-28 02:30:00+00:00,190.3,190.3,189.78,189.87,482.78,2021,12,28
2021-12-28 02:31:00+00:00,189.89,190.08,189.66,189.66,546.8,2021,12,28
2021-12-28 02:32:00+00:00,189.67,189.73,189.33,189.57,1517.81,2021,12,28
2021-12-28 02:33:00+00:00,189.56,189.8,189.5,189.67,2484.94,2021,12,28
2021-12-28 02:34:00+00:00,189.65,189.65,189.11,189.24,1825.73,2021,12,28
2021-12-28 02:35:00+00:00,189.25,189.44,189.08,189.14,1188.65,2021,12,28
2021-12-28 02:36:00+00:00,189.15,189.78,189.1,189.74,942.09,2021,12,28
2021-12-28 02:37:00+00:00,189.74,189.8,189.51,189.8,613.1,2021,12,28
2021-12-28 02:38:00+00:00,189.8,190.18,189.7,190.04,1179.06,2021,12,28
2021-12-28 02:39:00+00:00,190.0,190.16,189.92,190.08,538.93,2021,12,28
2021-12-28 02:40:00+00:00,190.08,190.2,190.04,190.05,389.48,2021,12,28
2021-12-28 02:41:00+00:00,190.05,190.1,189.94,190.03,363.05,2021,12,28
2021-12-28 02:42:00+00:00,190.05,190.06,189.79,189.8,486.02,2021,12,28
2021-12-28 02:43:00+00:00,189.81,190.3,189.75,190.21,586.43,2021,12,28
2021-12-28 02:44:00+00:00,190.23,190.42,190.16,190.37,1057.92,2021,12,28
2021-12-28 02:45:00+00:00,190.38,190.42,190.05,190.05,585.17,2021,12,28
2021-12-28 02:46:00+00:00,190.05,190.45,190.0,190.44,575.83,2021,12,28
2021-12-28 02:47:00+00:00,190.4,190.58,190.22,190.58,425.98,2021,12,28
2021-12-28 02:48:00+00:00,190.5,190.6,189.89,189.89,956.99,2021,12,28
2021-12-28 02:49:00+00:00,189.91,190.23,189.91,190.04,597.06,2021,12,28
2021-12-28 02:50:00+00:00,190.06,190.2,189.87,189.89,406.56,2021,12,28
2021-12-28 02:51:00+00:00,189.89,189.97,189.81,189.88,812.72,2021,12,28
2021-12-28 02:52:00+00:00,189.85,189.89,189.67,189.78,962.38,2021,12,28
2021-12-28 02:53:00+00:00,189.78,189.94,189.62,189.94,1205.43,2021,12,28
2021-12-28 02:54:00+00:00,189.94,189.95,189.8,189.87,203.89,2021,12,28
2021-12-28 02:55:00+00:00,189.86,190.32,189.85,190.2,479.15,2021,12,28
2021-12-28 02:56:00+00:00,190.16,190.37,190.08,190.24,490.55,2021,12,28
2021-12-28 02:57:00+00:00,190.24,190.34,190.15,190.15,1935.18,2021,12,28
2021-12-28 02:58:00+00:00,190.18,190.38,190.15,190.36,343.31,2021,12,28
2021-12-28 02:59:00+00:00,190.36,190.39,190.24,190.37,283.36,2021,12,28
2021-12-28 03:00:00+00:00,190.37,190.37,189.9,189.95,534.79,2021,12,28
2021-12-28 03:01:00+00:00,189.92,190.05,189.75,189.75,566.62,2021,12,28
2021-12-28 03:02:00+00:00,189.76,189.92,189.72,189.83,633.89,2021,12,28
2021-12-28 03:03:00+00:00,189.86,189.92,189.72,189.89,628.23,2021,12,28
2021-12-28 03:04:00+00:00,189.88,189.97,189.15,189.35,3797.54,2021,12,28
2021-12-28 03:05:00+00:00,189.33,189.71,189.12,189.26,1569.56,2021,12,28
2021-12-28 03:06:00+00:00,189.25,189.25,188.01,188.53,8869.87,2021,12,28
2021-12-28 03:07:00+00:00,188.54,188.75,188.36,188.74,2300.31,2021,12,28
2021-12-28 03:08:00+00:00,188.74,188.74,188.44,188.54,594.97,2021,12,28
2021-12-28 03:09:00+00:00,188.59,188.62,188.13,188.28,1095.34,2021,12,28
2021-12-28 03:10:00+00:00,188.25,188.55,188.11,188.28,992.38,2021,12,28
2021-12-28 03:11:00+00:00,188.28,188.52,187.39,187.54,7182.22,2021,12,28
2021-12-28 03:12:00+00:00,187.54,187.71,187.09,187.45,3937.68,2021,12,28
2021-12-28 03:13:00+00:00,187.45,187.68,187.04,187.52,3628.99,2021,12,28
2021-12-28 03:14:00+00:00,187.45,187.81,187.18,187.57,3372.56,2021,12,28
2021-12-28 03:15:00+00:00,187.57,187.9,187.42,187.81,1424.85,2021,12,28
2021-12-28 03:16:00+00:00,187.84,188.35,187.83,188.25,2657.08,2021,12,28
2021-12-28 03:17:00+00:00,188.25,188.25,187.86,188.11,1323.65,2021,12,28
2021-12-28 03:18:00+00:00,188.12,188.47,188.1,188.38,1325.11,2021,12,28
2021-12-28 03:19:00+00:00,188.35,188.61,188.27,188.53,1541.61,2021,12,28
2021-12-28 03:20:00+00:00,188.53,188.64,188.39,188.6,593.88,2021,12,28
2021-12-28 03:21:00+00:00,188.6,188.69,188.47,188.62,1148.39,2021,12,28
2021-12-28 03:22:00+00:00,188.62,189.08,188.59,188.87,1532.48,2021,12,28
2021-12-28 03:23:00+00:00,188.87,189.11,188.79,189.03,1287.04,2021,12,28
2021-12-28 03:24:00+00:00,189.04,189.26,188.86,189.15,1344.95,2021,12,28
2021-12-28 03:25:00+00:00,189.15,189.26,188.99,189.09,946.81,2021,12,28
2021-12-28 03:26:00+00:00,189.1,189.27,188.99,189.19,1381.13,2021,12,28
2021-12-28 03:27:00+00:00,189.18,189.31,189.12,189.26,799.23,2021,12,28
2021-12-28 03:28:00+00:00,189.25,189.45,189.17,189.17,2408.77,2021,12,28
2021-12-28 03:29:00+00:00,189.17,189.68,188.81,189.6,4809.51,2021,12,28
2021-12-28 03:30:00+00:00,189.62,189.77,189.53,189.62,1833.46,2021,12,28
2021-12-28 03:31:00+00:00,189.58,189.61,189.09,189.12,1095.84,2021,12,28
2021-12-28 03:32:00+00:00,189.15,189.15,188.82,188.93,489.99,2021,12,28
2021-12-28 03:33:00+00:00,188.94,189.15,188.88,188.91,1100.43,2021,12,28
2021-12-28 03:34:00+00:00,188.9,188.9,188.65,188.72,1271.72,2021,12,28
2021-12-28 03:35:00+00:00,188.72,188.9,188.69,188.73,1029.7,2021,12,28
2021-12-28 03:36:00+00:00,188.72,188.96,188.65,188.85,1321.95,2021,12,28
2021-12-28 03:37:00+00:00,188.86,189.07,188.81,189.04,1293.21,2021,12,28
2021-12-28 03:38:00+00:00,189.04,189.34,188.74,189.21,1963.05,2021,12,28
2021-12-28 03:39:00+00:00,189.25,189.55,188.98,189.55,2505.8,2021,12,28
2021-12-28 03:40:00+00:00,189.55,189.63,189.3,189.42,1588.65,2021,12,28
2021-12-28 03:41:00+00:00,189.41,189.42,189.02,189.12,661.32,2021,12,28
2021-12-28 03:42:00+00:00,189.1,189.33,188.93,189.16,910.53,2021,12,28
2021-12-28 03:43:00+00:00,189.15,189.18,188.75,189.02,1828.35,2021,12,28
2021-12-28 03:44:00+00:00,189.01,189.59,188.73,189.51,1942.75,2021,12,28
2021-12-28 03:45:00+00:00,189.49,189.61,189.4,189.44,814.07,2021,12,28
2021-12-28 03:46:00+00:00,189.44,189.44,189.05,189.11,675.45,2021,12,28
2021-12-28 03:47:00+00:00,189.11,189.17,188.94,189.06,984.43,2021,12,28
2021-12-28 03:48:00+00:00,189.06,189.24,188.93,189.17,3629.63,2021,12,28
2021-12-28 03:49:00+00:00,189.18,189.54,189.17,189.39,790.59,2021,12,28
2021-12-28 03:50:00+00:00,189.37,189.99,189.33,189.74,2133.87,2021,12,28
2021-12-28 03:51:00+00:00,189.72,189.72,189.39,189.42,695.97,2021,12,28
2021-12-28 03:52:00+00:00,189.42,189.98,189.35,189.95,843.78,2021,12,28
2021-12-28 03:53:00+00:00,189.92,190.11,189.79,189.99,2157.11,2021,12,28
2021-12-28 03:54:00+00:00,190.0,190.13,189.75,189.9,1932.58,2021,12,28
2021-12-28 03:55:00+00:00,189.9,190.07,189.79,189.97,882.62,2021,12,28
2021-12-28 03:56:00+00:00,190.0,190.3,190.0,190.29,899.66,2021,12,28
2021-12-28 03:57:00+00:00,190.28,190.38,190.16,190.24,797.57,2021,12,28
2021-12-28 03:58:00+00:00,190.24,190.27,189.9,190.01,1074.11,2021,12,28
2021-12-28 03:59:00+00:00,190.0,190.31,189.95,190.29,554.36,2021,12,28
2021-12-28 04:00:00+00:00,190.24,190.3,189.75,189.9,1480.53,2021,12,28
2021-12-28 04:01:00+00:00,189.91,190.11,189.71,189.74,899.97,2021,12,28
2021-12-28 04:02:00+00:00,189.73,189.89,189.27,189.32,1748.69,2021,12,28
2021-12-28 04:03:00+00:00,189.32,189.51,189.11,189.44,1896.31,2021,12,28
2021-12-28 04:04:00+00:00,189.45,189.45,189.19,189.32,484.68,2021,12,28
2021-12-28 04:05:00+00:00,189.3,189.71,189.27,189.64,737.37,2021,12,28
2021-12-28 04:06:00+00:00,189.61,189.78,189.59,189.67,570.73,2021,12,28
2021-12-28 04:07:00+00:00,189.67,189.79,189.63,189.69,712.93,2021,12,28
2021-12-28 04:08:00+00:00,189.71,189.78,189.61,189.78,515.28,2021,12,28
2021-12-28 04:09:00+00:00,189.71,189.91,189.68,189.81,464.14,2021,12,28
2021-12-28 04:10:00+00:00,189.8,189.89,189.48,189.63,3336.51,2021,12,28
2021-12-28 04:11:00+00:00,189.59,189.59,189.14,189.27,2739.65,2021,12,28
2021-12-28 04:12:00+00:00,189.27,189.27,188.95,188.95,1812.58,2021,12,28
2021-12-28 04:13:00+00:00,188.95,189.0,188.86,188.9,4598.08,2021,12,28
2021-12-28 04:14:00+00:00,188.9,188.9,188.42,188.58,4150.0,2021,12,28
2021-12-28 04:15:00+00:00,188.58,189.01,188.44,188.63,6298.08,2021,12,28
2021-12-28 04:16:00+00:00,188.63,188.63,188.44,188.51,736.87,2021,12,28
2021-12-28 04:17:00+00:00,188.52,188.52,188.15,188.34,1495.66,2021,12,28
2021-12-28 04:18:00+00:00,188.34,188.38,187.34,187.92,7137.09,2021,12,28
2021-12-28 04:19:00+00:00,187.93,187.93,186.71,187.03,10702.54,2021,12,28
2021-12-28 04:20:00+00:00,187.06,187.06,186.08,186.5,9843.99,2021,12,28
2021-12-28 04:21:00+00:00,186.52,187.8,186.45,187.42,6043.21,2021,12,28
2021-12-28 04:22:00+00:00,187.48,187.91,187.16,187.87,2671.56,2021,12,28
2021-12-28 04:23:00+00:00,187.87,187.95,187.43,187.93,3067.03,2021,12,28
2021-12-28 04:24:00+00:00,187.92,187.92,187.43,187.56,1869.09,2021,12,28
2021-12-28 04:25:00+00:00,187.55,187.56,186.69,186.69,1992.86,2021,12,28
2021-12-28 04:26:00+00:00,186.71,187.34,186.69,187.07,1928.21,2021,12,28
2021-12-28 04:27:00+00:00,187.09,187.34,186.5,186.93,2268.22,2021,12,28
2021-12-28 04:28:00+00:00,186.92,187.0,186.56,186.61,1441.52,2021,12,28
2021-12-28 04:29:00+00:00,186.6,187.18,186.5,186.99,2393.09,2021,12,28
2021-12-28 04:30:00+00:00,186.98,187.38,186.83,187.38,1478.32,2021,12,28
2021-12-28 04:31:00+00:00,187.36,187.64,187.2,187.24,2256.0,2021,12,28
2021-12-28 04:32:00+00:00,187.25,187.49,186.81,186.92,960.01,2021,12,28
2021-12-28 04:33:00+00:00,186.88,187.28,186.87,187.18,1216.92,2021,12,28
2021-12-28 04:34:00+00:00,187.22,187.35,186.52,186.77,1575.09,2021,12,28
2021-12-28 04:35:00+00:00,186.75,186.81,186.21,186.25,1565.77,2021,12,28
2021-12-28 04:36:00+00:00,186.28,186.53,186.12,186.51,1707.83,2021,12,28
2021-12-28 04:37:00+00:00,186.52,186.66,186.41,186.46,1262.73,2021,12,28
2021-12-28 04:38:00+00:00,186.47,186.69,186.05,186.24,1938.68,2021,12,28
2021-12-28 04:39:00+00:00,186.22,186.49,185.83,186.4,4864.91,2021,12,28
2021-12-28 04:40:00+00:00,186.38,186.59,186.25,186.59,946.14,2021,12,28
2021-12-28 04:41:00+00:00,186.61,187.28,186.57,187.26,1809.6,2021,12,28
2021-12-28 04:42:00+00:00,187.26,188.0,187.26,187.43,9785.64,2021,12,28
2021-12-28 04:43:00+00:00,187.43,187.81,187.3,187.57,1484.54,2021,12,28
2021-12-28 04:44:00+00:00,187.61,187.9,187.5,187.76,1142.42,2021,12,28
2021-12-28 04:45:00+00:00,187.76,187.86,187.28,187.81,1859.05,2021,12,28
2021-12-28 04:46:00+00:00,187.82,187.99,187.6,187.76,1938.15,2021,12,28
2021-12-28 04:47:00+00:00,187.81,188.07,187.78,187.81,2452.45,2021,12,28
2021-12-28 04:48:00+00:00,187.88,188.04,187.61,187.75,3311.25,2021,12,28
2021-12-28 04:49:00+00:00,187.73,188.19,187.73,188.18,1718.73,2021,12,28
2021-12-28 04:50:00+00:00,188.14,188.42,188.11,188.34,1023.2,2021,12,28
2021-12-28 04:51:00+00:00,188.34,188.83,188.26,188.79,1478.15,2021,12,28
2021-12-28 04:52:00+00:00,188.79,188.8,188.29,188.41,1163.09,2021,12,28
2021-12-28 04:53:00+00:00,188.42,188.66,188.33,188.34,603.76,2021,12,28
2021-12-28 04:54:00+00:00,188.35,188.39,188.2,188.3,671.86,2021,12,28
2021-12-28 04:55:00+00:00,188.3,188.45,188.09,188.12,1101.82,2021,12,28
2021-12-28 04:56:00+00:00,188.11,188.24,187.93,187.93,742.4,2021,12,28
2021-12-28 04:57:00+00:00,187.95,188.47,187.95,188.3,686.84,2021,12,28
2021-12-28 04:58:00+00:00,188.3,188.55,188.2,188.41,492.63,2021,12,28
2021-12-28 04:59:00+00:00,188.41,188.41,188.02,188.14,1408.19,2021,12,28
2021-12-28 05:00:00+00:00,188.13,188.13,187.81,188.11,1271.61,2021,12,28
2021-12-28 05:01:00+00:00,188.12,188.45,188.12,188.32,842.78,2021,12,28
2021-12-28 05:02:00+00:00,188.32,188.56,188.3,188.55,818.1,2021,12,28
2021-12-28 05:03:00+00:00,188.54,188.67,188.41,188.56,634.04,2021,12,28
2021-12-28 05:04:00+00:00,188.55,188.82,188.52,188.8,696.17,2021,12,28
2021-12-28 05:05:00+00:00,188.8,188.85,188.58,188.77,1160.98,2021,12,28
2021-12-28 05:06:00+00:00,188.72,189.14,188.66,189.12,1832.92,2021,12,28
2021-12-28 05:07:00+00:00,189.13,189.5,189.11,189.38,4180.76,2021,12,28
2021-12-28 05:08:00+00:00,189.38,189.44,189.3,189.38,626.43,2021,12,28
2021-12-28 05:09:00+00:00,189.34,189.43,189.16,189.26,1173.76,2021,12,28
2021-12-28 05:10:00+00:00,189.26,189.26,188.89,189.12,801.39,2021,12,28
2021-12-28 05:11:00+00:00,189.11,189.58,188.99,189.53,1421.61,2021,12,28
2021-12-28 05:12:00+00:00,189.54,189.58,189.42,189.52,983.15,2021,12,28
2021-12-28 05:13:00+00:00,189.49,189.89,189.44,189.62,1837.33,2021,12,28
2021-12-28 05:14:00+00:00,189.62,189.71,189.49,189.54,964.52,2021,12,28
2021-12-28 05:15:00+00:00,189.56,189.56,189.38,189.47,1187.82,2021,12,28
2021-12-28 05:16:00+00:00,189.47,189.65,189.43,189.51,1001.04,2021,12,28
2021-12-28 05:17:00+00:00,189.51,189.58,189.48,189.53,351.47,2021,12,28
2021-12-28 05:18:00+00:00,189.5,189.52,189.39,189.46,557.76,2021,12,28
2021-12-28 05:19:00+00:00,189.46,189.65,189.41,189.48,498.94,2021,12,28
2021-12-28 05:20:00+00:00,189.46,189.46,189.01,189.29,1522.77,2021,12,28
2021-12-28 05:21:00+00:00,189.28,189.32,188.67,188.71,1341.39,2021,12,28
2021-12-28 05:22:00+00:00,188.71,188.99,188.6,188.96,1089.49,2021,12,28
2021-12-28 05:23:00+00:00,188.95,189.23,188.9,189.18,485.15,2021,12,28
2021-12-28 05:24:00+00:00,189.19,189.66,189.01,189.64,3578.62,2021,12,28
2021-12-28 05:25:00+00:00,189.66,189.9,189.59,189.82,4059.66,2021,12,28
2021-12-28 05:26:00+00:00,189.82,189.85,189.7,189.74,862.86,2021,12,28
2021-12-28 05:27:00+00:00,189.76,189.85,189.65,189.65,1463.95,2021,12,28
2021-12-28 05:28:00+00:00,189.65,189.67,189.35,189.44,849.0,2021,12,28
2021-12-28 05:29:00+00:00,189.37,189.39,189.09,189.13,512.35,2021,12,28
2021-12-28 05:30:00+00:00,189.13,189.13,188.67,188.88,1494.2,2021,12,28
2021-12-28 05:31:00+00:00,188.81,189.07,188.81,189.01,887.31,2021,12,28
2021-12-28 05:32:00+00:00,189.02,189.23,188.88,189.03,545.12,2021,12,28
2021-12-28 05:33:00+00:00,189.08,189.55,189.01,189.47,2427.82,2021,12,28
2021-12-28 05:34:00+00:00,189.46,189.58,189.33,189.51,603.79,2021,12,28
2021-12-28 05:35:00+00:00,189.46,189.52,189.34,189.4,217.6,2021,12,28
2021-12-28 05:36:00+00:00,189.4,189.73,189.39,189.48,884.29,2021,12,28
2021-12-28 05:37:00+00:00,189.51,189.92,189.45,189.86,1741.21,2021,12,28
2021-12-28 05:38:00+00:00,189.88,189.91,189.73,189.84,986.9,2021,12,28
2021-12-28 05:39:00+00:00,189.83,189.83,189.56,189.58,1250.96,2021,12,28
2021-12-28 05:40:00+00:00,189.58,189.8,189.55,189.62,481.52,2021,12,28
2021-12-28 05:41:00+00:00,189.62,189.89,189.57,189.81,292.23,2021,12,28
2021-12-28 05:42:00+00:00,189.81,190.0,189.74,189.85,1280.14,2021,12,28
2021-12-28 05:43:00+00:00,189.88,189.93,189.74,189.93,730.78,2021,12,28
2021-12-28 05:44:00+00:00,189.88,190.11,189.79,190.08,940.33,2021,12,28
2021-12-28 05:45:00+00:00,190.08,190.7,189.94,190.4,2994.26,2021,12,28
2021-12-28 05:46:00+00:00,190.39,190.44,190.17,190.23,1012.16,2021,12,28
2021-12-28 05:47:00+00:00,190.23,190.55,190.08,190.51,1643.49,2021,12,28
2021-12-28 05:48:00+00:00,190.49,190.67,190.29,190.5,1840.72,2021,12,28
2021-12-28 05:49:00+00:00,190.5,190.69,190.47,190.55,1348.13,2021,12,28
2021-12-28 05:50:00+00:00,190.54,190.76,190.5,190.76,805.48,2021,12,28
2021-12-28 05:51:00+00:00,190.76,190.93,190.72,190.93,1044.15,2021,12,28
2021-12-28 05:52:00+00:00,190.89,190.9,190.5,190.51,2719.73,2021,12,28
2021-12-28 05:53:00+00:00,190.5,190.79,190.5,190.78,555.95,2021,12,28
2021-12-28 05:54:00+00:00,190.77,190.98,190.71,190.84,1170.35,2021,12,28
2021-12-28 05:55:00+00:00,190.84,190.98,190.74,190.98,1216.7,2021,12,28
2021-12-28 05:56:00+00:00,190.98,191.14,190.8,191.14,2755.6,2021,12,28
2021-12-28 05:57:00+00:00,191.11,191.15,190.99,191.07,1100.31,2021,12,28
2021-12-28 05:58:00+00:00,191.07,191.6,191.01,191.55,2687.59,2021,12,28
2021-12-28 05:59:00+00:00,191.52,191.52,191.07,191.08,1026.69,2021,12,28
2021-12-28 06:00:00+00:00,191.07,191.53,190.93,191.53,1311.1,2021,12,28
2021-12-28 06:01:00+00:00,191.47,191.53,191.28,191.31,845.34,2021,12,28
2021-12-28 06:02:00+00:00,191.29,191.36,190.88,190.88,636.13,2021,12,28
2021-12-28 06:03:00+00:00,190.89,191.01,190.73,190.88,743.08,2021,12,28
2021-12-28 06:04:00+00:00,190.88,191.0,190.8,190.97,744.56,2021,12,28
2021-12-28 06:05:00+00:00,190.99,191.0,190.65,190.81,1035.77,2021,12,28
2021-12-28 06:06:00+00:00,190.84,190.93,190.71,190.9,320.28,2021,12,28
2021-12-28 06:07:00+00:00,190.9,190.96,190.69,190.77,987.77,2021,12,28
2021-12-28 06:08:00+00:00,190.77,190.88,190.64,190.67,453.69,2021,12,28
2021-12-28 06:09:00+00:00,190.69,190.79,190.5,190.58,505.26,2021,12,28
2021-12-28 06:10:00+00:00,190.58,190.61,190.42,190.47,383.27,2021,12,28
2021-12-28 06:11:00+00:00,190.48,190.61,190.45,190.49,183.1,2021,12,28
2021-12-28 06:12:00+00:00,190.5,190.53,190.29,190.3,628.73,2021,12,28
2021-12-28 06:13:00+00:00,190.31,190.43,190.17,190.22,1169.44,2021,12,28
2021-12-28 06:14:00+00:00,190.23,190.78,190.2,190.61,1016.8,2021,12,28
2021-12-28 06:15:00+00:00,190.63,190.79,190.63,190.64,451.38,2021,12,28
2021-12-28 06:16:00+00:00,190.65,191.17,190.65,191.08,996.44,2021,12,28
2021-12-28 06:17:00+00:00,191.07,191.23,191.07,191.16,385.22,2021,12,28
2021-12-28 06:18:00+00:00,191.17,191.48,191.14,191.27,763.93,2021,12,28
2021-12-28 06:19:00+00:00,191.27,191.5,191.24,191.45,409.82,2021,12,28
2021-12-28 06:20:00+00:00,191.47,191.7,191.28,191.7,1402.4,2021,12,28
2021-12-28 06:21:00+00:00,191.71,191.75,191.63,191.63,238.59,2021,12,28
2021-12-28 06:22:00+00:00,191.64,191.7,191.57,191.68,825.07,2021,12,28
2021-12-28 06:23:00+00:00,191.65,192.61,191.62,192.23,3555.46,2021,12,28
2021-12-28 06:24:00+00:00,192.18,192.2,191.92,192.01,563.11,2021,12,28
2021-12-28 06:25:00+00:00,192.02,192.28,191.96,192.23,424.75,2021,12,28
2021-12-28 06:26:00+00:00,192.22,192.3,192.15,192.2,530.3,2021,12,28
2021-12-28 06:27:00+00:00,192.21,192.29,192.05,192.06,1051.54,2021,12,28
2021-12-28 06:28:00+00:00,192.05,192.36,191.97,192.35,908.5,2021,12,28
2021-12-28 06:29:00+00:00,192.34,192.46,192.24,192.31,516.99,2021,12,28
2021-12-28 06:30:00+00:00,192.3,193.05,192.28,192.95,7117.19,2021,12,28
2021-12-28 06:31:00+00:00,192.95,193.16,192.94,193.07,1817.85,2021,12,28
2021-12-28 06:32:00+00:00,193.03,193.25,192.91,193.23,1828.48,2021,12,28
2021-12-28 06:33:00+00:00,193.23,193.24,192.66,192.76,1158.54,2021,12,28
2021-12-28 06:34:00+00:00,192.76,192.81,192.58,192.59,409.79,2021,12,28
2021-12-28 06:35:00+00:00,192.63,192.78,192.58,192.77,451.49,2021,12,28
2021-12-28 06:36:00+00:00,192.77,193.0,192.77,193.0,593.61,2021,12,28
2021-12-28 06:37:00+00:00,193.0,193.04,192.85,192.97,1120.45,2021,12,28
2021-12-28 06:38:00+00:00,192.97,192.99,192.68,192.76,2013.39,2021,12,28
2021-12-28 06:39:00+00:00,192.76,192.78,192.61,192.72,756.36,2021,12,28
2021-12-28 06:40:00+00:00,192.72,192.73,192.47,192.54,720.35,2021,12,28
2021-12-28 06:41:00+00:00,192.54,192.67,192.22,192.23,1753.91,2021,12,28
2021-12-28 06:42:00+00:00,192.23,192.23,191.84,191.84,1486.62,2021,12,28
2021-12-28 06:43:00+00:00,191.92,192.07,191.9,192.01,338.29,2021,12,28
2021-12-28 06:44:00+00:00,192.02,192.24,191.95,192.06,408.78,2021,12,28
2021-12-28 06:45:00+00:00,192.06,192.15,191.93,192.11,1163.75,2021,12,28
2021-12-28 06:46:00+00:00,192.14,192.37,192.14,192.2,972.02,2021,12,28
2021-12-28 06:47:00+00:00,192.19,192.3,191.93,191.94,1045.68,2021,12,28
2021-12-28 06:48:00+00:00,191.97,191.97,191.7,191.76,1113.29,2021,12,28
2021-12-28 06:49:00+00:00,191.74,191.92,191.74,191.75,935.47,2021,12,28
2021-12-28 06:50:00+00:00,191.76,191.85,191.48,191.58,774.59,2021,12,28
2021-12-28 06:51:00+00:00,191.57,191.64,190.92,190.95,2713.79,2021,12,28
2021-12-28 06:52:00+00:00,190.93,191.0,190.73,190.9,961.05,2021,12,28
2021-12-28 06:53:00+00:00,190.93,190.97,190.52,190.61,1551.98,2021,12,28
2021-12-28 06:54:00+00:00,190.62,190.67,190.44,190.67,496.22,2021,12,28
2021-12-28 06:55:00+00:00,190.68,190.77,190.52,190.69,757.75,2021,12,28
2021-12-28 06:56:00+00:00,190.75,190.76,190.49,190.63,669.43,2021,12,28
2021-12-28 06:57:00+00:00,190.66,191.06,190.63,190.98,720.27,2021,12,28
2021-12-28 06:58:00+00:00,190.99,191.18,190.95,191.03,421.75,2021,12,28
2021-12-28 06:59:00+00:00,191.07,191.41,191.03,191.2,930.3,2021,12,28
2021-12-28 07:00:00+00:00,191.17,191.17,190.76,190.83,1279.94,2021,12,28
2021-12-28 07:01:00+00:00,190.84,191.08,190.83,191.02,745.3,2021,12,28
2021-12-28 07:02:00+00:00,191.02,191.03,190.61,190.84,1176.54,2021,12,28
2021-12-28 07:03:00+00:00,190.83,190.97,190.81,190.96,512.03,2021,12,28
2021-12-28 07:04:00+00:00,190.96,191.64,190.92,191.49,2039.36,2021,12,28
2021-12-28 07:05:00+00:00,191.5,191.54,191.15,191.17,1007.95,2021,12,28
2021-12-28 07:06:00+00:00,191.17,191.58,191.14,191.42,931.45,2021,12,28
2021-12-28 07:07:00+00:00,191.38,191.66,191.34,191.63,296.79,2021,12,28
2021-12-28 07:08:00+00:00,191.63,191.92,191.49,191.76,1640.71,2021,12,28
2021-12-28 07:09:00+00:00,191.76,191.83,191.52,191.52,999.98,2021,12,28
2021-12-28 07:10:00+00:00,191.52,191.53,191.17,191.2,520.78,2021,12,28
2021-12-28 07:11:00+00:00,191.18,191.44,191.17,191.43,561.44,2021,12,28
2021-12-28 07:12:00+00:00,191.44,191.48,191.28,191.29,128.53,2021,12,28
2021-12-28 07:13:00+00:00,191.28,192.0,191.28,191.72,2085.45,2021,12,28
2021-12-28 07:14:00+00:00,191.71,191.8,191.45,191.52,2882.28,2021,12,28
2021-12-28 07:15:00+00:00,191.5,191.56,191.25,191.29,1163.58,2021,12,28
2021-12-28 07:16:00+00:00,191.3,191.31,191.18,191.24,636.77,2021,12,28
2021-12-28 07:17:00+00:00,191.24,191.3,191.01,191.21,465.38,2021,12,28
2021-12-28 07:18:00+00:00,191.18,191.19,191.06,191.09,208.35,2021,12,28
2021-12-28 07:19:00+00:00,191.09,191.2,190.95,190.95,796.92,2021,12,28
2021-12-28 07:20:00+00:00,190.96,190.97,190.1,190.26,2677.69,2021,12,28
2021-12-28 07:21:00+00:00,190.19,190.3,189.92,190.02,2169.91,2021,12,28
2021-12-28 07:22:00+00:00,190.02,190.16,189.28,189.59,3659.24,2021,12,28
2021-12-28 07:23:00+00:00,189.59,189.6,189.17,189.25,965.23,2021,12,28
2021-12-28 07:24:00+00:00,189.25,189.71,189.17,189.66,1390.36,2021,12,28
2021-12-28 07:25:00+00:00,189.65,189.83,189.65,189.67,588.86,2021,12,28
2021-12-28 07:26:00+00:00,189.67,189.68,189.41,189.67,1188.33,2021,12,28
2021-12-28 07:27:00+00:00,189.64,189.85,189.63,189.78,836.43,2021,12,28
2021-12-28 07:28:00+00:00,189.82,189.97,189.74,189.92,737.11,2021,12,28
2021-12-28 07:29:00+00:00,189.92,190.01,189.7,190.0,1353.29,2021,12,28
2021-12-28 07:30:00+00:00,190.0,190.0,189.72,189.72,612.77,2021,12,28
2021-12-28 07:31:00+00:00,189.71,189.82,189.4,189.45,2469.94,2021,12,28
2021-12-28 07:32:00+00:00,189.48,189.59,189.45,189.57,417.69,2021,12,28
2021-12-28 07:33:00+00:00,189.56,189.61,189.36,189.61,618.76,2021,12,28
2021-12-28 07:34:00+00:00,189.61,189.61,189.44,189.52,216.15,2021,12,28
2021-12-28 07:35:00+00:00,189.53,189.54,189.46,189.54,324.95,2021,12,28
2021-12-28 07:36:00+00:00,189.54,189.55,189.39,189.44,330.73,2021,12,28
2021-12-28 07:37:00+00:00,189.42,189.52,189.24,189.26,740.25,2021,12,28
2021-12-28 07:38:00+00:00,189.26,189.28,189.11,189.15,1362.07,2021,12,28
2021-12-28 07:39:00+00:00,189.14,189.21,188.67,188.97,2333.65,2021,12,28
2021-12-28 07:40:00+00:00,188.94,189.02,188.85,188.92,548.13,2021,12,28
2021-12-28 07:41:00+00:00,188.9,188.9,188.29,188.59,4603.11,2021,12,28
2021-12-28 07:42:00+00:00,188.56,189.23,188.54,189.15,963.93,2021,12,28
2021-12-28 07:43:00+00:00,189.14,189.4,188.99,189.37,391.97,2021,12,28
2021-12-28 07:44:00+00:00,189.33,189.39,189.17,189.2,729.16,2021,12,28
2021-12-28 07:45:00+00:00,189.19,189.44,189.16,189.32,565.03,2021,12,28
2021-12-28 07:46:00+00:00,189.3,189.41,189.14,189.18,396.63,2021,12,28
2021-12-28 07:47:00+00:00,189.18,189.41,189.17,189.35,561.59,2021,12,28
2021-12-28 07:48:00+00:00,189.35,189.59,189.34,189.39,562.05,2021,12,28
2021-12-28 07:49:00+00:00,189.41,189.55,189.36,189.51,304.24,2021,12,28
2021-12-28 07:50:00+00:00,189.5,189.61,189.39,189.58,674.64,2021,12,28
2021-12-28 07:51:00+00:00,189.59,189.71,189.32,189.43,621.19,2021,12,28
2021-12-28 07:52:00+00:00,189.44,189.72,189.43,189.7,784.96,2021,12,28
2021-12-28 07:53:00+00:00,189.66,189.93,189.66,189.75,788.97,2021,12,28
2021-12-28 07:54:00+00:00,189.75,189.89,189.66,189.85,596.32,2021,12,28
2021-12-28 07:55:00+00:00,189.83,189.9,189.68,189.69,566.93,2021,12,28
2021-12-28 07:56:00+00:00,189.72,189.84,189.67,189.69,1357.33,2021,12,28
2021-12-28 07:57:00+00:00,189.68,189.75,189.57,189.69,353.24,2021,12,28
2021-12-28 07:58:00+00:00,189.69,189.82,189.61,189.61,302.98,2021,12,28
2021-12-28 07:59:00+00:00,189.67,190.0,189.57,189.99,873.48,2021,12,28
2021-12-28 08:00:00+00:00,189.98,189.99,189.62,189.66,832.02,2021,12,28
2021-12-28 08:01:00+00:00,189.65,189.72,189.45,189.45,294.24,2021,12,28
2021-12-28 08:02:00+00:00,189.47,189.89,189.47,189.67,1183.32,2021,12,28
2021-12-28 08:03:00+00:00,189.68,189.73,189.02,189.12,1340.42,2021,12,28
2021-12-28 08:04:00+00:00,189.1,189.47,189.08,189.33,1099.35,2021,12,28
2021-12-28 08:05:00+00:00,189.33,189.37,189.24,189.33,334.86,2021,12,28
2021-12-28 08:06:00+00:00,189.34,189.45,189.12,189.12,347.7,2021,12,28
2021-12-28 08:07:00+00:00,189.12,189.23,188.9,189.17,1628.17,2021,12,28
2021-12-28 08:08:00+00:00,189.17,189.47,189.17,189.46,891.47,2021,12,28
2021-12-28 08:09:00+00:00,189.48,189.79,189.42,189.73,478.77,2021,12,28
2021-12-28 08:10:00+00:00,189.74,189.98,189.74,189.95,231.1,2021,12,28
2021-12-28 08:11:00+00:00,189.95,191.7,189.85,191.62,13134.27,2021,12,28
2021-12-28 08:12:00+00:00,191.62,191.72,191.09,191.17,2218.17,2021,12,28
2021-12-28 08:13:00+00:00,191.12,191.52,190.93,191.43,1733.81,2021,12,28
2021-12-28 08:14:00+00:00,191.39,192.01,191.29,191.57,5159.84,2021,12,28
2021-12-28 08:15:00+00:00,191.57,192.3,191.57,191.76,4921.22,2021,12,28
2021-12-28 08:16:00+00:00,191.76,191.76,191.45,191.49,607.43,2021,12,28
2021-12-28 08:17:00+00:00,191.46,191.47,190.89,191.07,1844.96,2021,12,28
2021-12-28 08:18:00+00:00,191.02,191.14,190.85,190.94,724.86,2021,12,28
2021-12-28 08:19:00+00:00,190.94,191.11,190.91,191.06,393.01,2021,12,28
2021-12-28 08:20:00+00:00,191.07,191.1,190.7,190.88,381.78,2021,12,28
2021-12-28 08:21:00+00:00,190.87,190.88,190.71,190.72,404.12,2021,12,28
2021-12-28 08:22:00+00:00,190.71,191.15,190.55,191.0,643.45,2021,12,28
2021-12-28 08:23:00+00:00,190.99,191.03,190.68,190.69,612.79,2021,12,28
2021-12-28 08:24:00+00:00,190.67,191.39,190.67,191.39,4351.53,2021,12,28
2021-12-28 08:25:00+00:00,191.31,191.37,190.99,191.23,1389.43,2021,12,28
2021-12-28 08:26:00+00:00,191.23,191.26,191.14,191.23,357.06,2021,12,28
2021-12-28 08:27:00+00:00,191.22,191.49,191.07,191.36,921.65,2021,12,28
2021-12-28 08:28:00+00:00,191.32,191.42,191.18,191.38,938.67,2021,12,28
2021-12-28 08:29:00+00:00,191.4,191.6,191.33,191.46,773.81,2021,12,28
2021-12-28 08:30:00+00:00,191.44,191.47,191.25,191.38,468.19,2021,12,28
2021-12-28 08:31:00+00:00,191.39,191.4,191.18,191.2,312.57,2021,12,28
2021-12-28 08:32:00+00:00,191.2,191.47,191.13,191.36,448.4,2021,12,28
2021-12-28 08:33:00+00:00,191.35,191.35,191.11,191.13,589.34,2021,12,28
2021-12-28 08:34:00+00:00,191.1,191.23,191.03,191.22,438.21,2021,12,28
2021-12-28 08:35:00+00:00,191.22,191.22,190.81,190.95,616.94,2021,12,28
2021-12-28 08:36:00+00:00,190.96,191.0,190.83,190.84,196.51,2021,12,28
2021-12-28 08:37:00+00:00,190.83,190.95,190.73,190.81,541.45,2021,12,28
2021-12-28 08:38:00+00:00,190.81,190.87,190.76,190.79,436.42,2021,12,28
2021-12-28 08:39:00+00:00,190.78,191.11,190.77,191.03,1220.13,2021,12,28
2021-12-28 08:40:00+00:00,191.06,191.06,190.63,190.65,644.44,2021,12,28
2021-12-28 08:41:00+00:00,190.65,190.72,190.55,190.71,365.68,2021,12,28
2021-12-28 08:42:00+00:00,190.69,191.36,190.69,191.27,1497.11,2021,12,28
2021-12-28 08:43:00+00:00,191.26,191.26,191.03,191.06,614.06,2021,12,28
2021-12-28 08:44:00+00:00,191.1,191.32,190.87,191.05,573.68,2021,12,28
2021-12-28 08:45:00+00:00,191.05,191.07,190.81,190.91,670.26,2021,12,28
2021-12-28 08:46:00+00:00,190.92,191.18,190.9,190.92,1660.33,2021,12,28
2021-12-28 08:47:00+00:00,190.91,190.98,190.75,190.98,585.93,2021,12,28
2021-12-28 08:48:00+00:00,190.96,191.08,190.58,190.64,2050.34,2021,12,28
2021-12-28 08:49:00+00:00,190.65,190.67,190.52,190.67,420.91,2021,12,28
2021-12-28 08:50:00+00:00,190.62,190.91,190.59,190.84,257.6,2021,12,28
2021-12-28 08:51:00+00:00,190.78,190.82,190.58,190.65,316.92,2021,12,28
2021-12-28 08:52:00+00:00,190.62,190.7,190.56,190.6,214.3,2021,12,28
2021-12-28 08:53:00+00:00,190.59,190.7,190.14,190.18,1277.11,2021,12,28
2021-12-28 08:54:00+00:00,190.18,190.31,189.87,190.01,3121.7,2021,12,28
2021-12-28 08:55:00+00:00,190.0,190.17,189.67,189.96,1396.35,2021,12,28
2021-12-28 08:56:00+00:00,189.99,190.3,189.92,190.19,591.56,2021,12,28
2021-12-28 08:57:00+00:00,190.19,190.6,190.19,190.55,732.03,2021,12,28
2021-12-28 08:58:00+00:00,190.54,190.77,190.32,190.69,549.56,2021,12,28
2021-12-28 08:59:00+00:00,190.7,190.79,190.33,190.48,398.24,2021,12,28
2021-12-28 09:00:00+00:00,190.47,190.6,190.32,190.58,699.76,2021,12,28
2021-12-28 09:01:00+00:00,190.57,190.66,190.39,190.62,378.92,2021,12,28
2021-12-28 09:02:00+00:00,190.65,190.76,190.62,190.73,348.52,2021,12,28
2021-12-28 09:03:00+00:00,190.73,190.96,190.69,190.93,251.48,2021,12,28
2021-12-28 09:04:00+00:00,190.92,190.94,190.77,190.78,126.5,2021,12,28
2021-12-28 09:05:00+00:00,190.82,190.96,190.77,190.86,298.86,2021,12,28
2021-12-28 09:06:00+00:00,190.83,190.85,190.7,190.83,267.4,2021,12,28
2021-12-28 09:07:00+00:00,190.79,190.91,190.68,190.83,399.16,2021,12,28
2021-12-28 09:08:00+00:00,190.83,191.02,190.83,190.95,346.97,2021,12,28
2021-12-28 09:09:00+00:00,190.95,191.02,190.88,190.97,328.22,2021,12,28
2021-12-28 09:10:00+00:00,190.97,191.06,190.76,190.79,310.02,2021,12,28
2021-12-28 09:11:00+00:00,190.83,190.96,190.51,190.61,705.54,2021,12,28
2021-12-28 09:12:00+00:00,190.62,190.72,190.58,190.69,285.85,2021,12,28
2021-12-28 09:13:00+00:00,190.67,190.75,190.55,190.6,680.81,2021,12,28
2021-12-28 09:14:00+00:00,190.6,190.62,190.37,190.37,147.83,2021,12,28
2021-12-28 09:15:00+00:00,190.37,190.37,190.28,190.29,429.73,2021,12,28
2021-12-28 09:16:00+00:00,190.3,190.45,190.28,190.38,257.86,2021,12,28
2021-12-28 09:17:00+00:00,190.37,190.46,190.29,190.38,126.72,2021,12,28
2021-12-28 09:18:00+00:00,190.42,190.45,190.21,190.28,854.46,2021,12,28
2021-12-28 09:19:00+00:00,190.2,190.25,190.02,190.05,243.14,2021,12,28
2021-12-28 09:20:00+00:00,190.06,190.16,189.77,190.13,2231.33,2021,12,28
2021-12-28 09:21:00+00:00,190.13,190.21,190.13,190.21,277.51,2021,12,28
2021-12-28 09:22:00+00:00,190.21,190.27,190.12,190.26,569.18,2021,12,28
2021-12-28 09:23:00+00:00,190.26,190.3,190.07,190.26,541.69,2021,12,28
2021-12-28 09:24:00+00:00,190.27,190.27,190.0,190.0,369.9,2021,12,28
2021-12-28 09:25:00+00:00,190.0,190.03,189.8,189.81,2434.04,2021,12,28
2021-12-28 09:26:00+00:00,189.79,189.89,189.32,189.77,3220.76,2021,12,28
2021-12-28 09:27:00+00:00,189.77,189.98,189.68,189.7,337.55,2021,12,28
2021-12-28 09:28:00+00:00,189.68,189.95,189.68,189.9,487.39,2021,12,28
2021-12-28 09:29:00+00:00,189.9,190.2,189.9,190.16,547.95,2021,12,28
2021-12-28 09:30:00+00:00,190.12,190.22,190.0,190.06,652.13,2021,12,28
2021-12-28 09:31:00+00:00,190.05,190.24,190.03,190.24,171.05,2021,12,28
2021-12-28 09:32:00+00:00,190.24,190.46,190.24,190.41,635.87,2021,12,28
2021-12-28 09:33:00+00:00,190.39,190.43,190.35,190.39,285.89,2021,12,28
2021-12-28 09:34:00+00:00,190.37,190.47,190.33,190.43,219.49,2021,12,28
2021-12-28 09:35:00+00:00,190.44,190.51,190.38,190.45,354.85,2021,12,28
2021-12-28 09:36:00+00:00,190.44,190.48,190.26,190.35,526.98,2021,12,28
2021-12-28 09:37:00+00:00,190.32,190.4,189.92,189.98,477.37,2021,12,28
2021-12-28 09:38:00+00:00,189.98,190.34,189.92,190.3,780.46,2021,12,28
2021-12-28 09:39:00+00:00,190.29,190.35,190.14,190.34,208.0,2021,12,28
2021-12-28 09:40:00+00:00,190.34,190.45,189.92,189.92,760.24,2021,12,28
2021-12-28 09:41:00+00:00,189.92,189.94,189.79,189.9,359.38,2021,12,28
2021-12-28 09:42:00+00:00,189.91,190.04,189.66,189.66,346.95,2021,12,28
2021-12-28 09:43:00+00:00,189.65,189.65,189.2,189.37,1893.66,2021,12,28
2021-12-28 09:44:00+00:00,189.34,189.51,189.3,189.42,355.73,2021,12,28
2021-12-28 09:45:00+00:00,189.45,189.89,189.45,189.72,1618.03,2021,12,28
2021-12-28 09:46:00+00:00,189.71,189.78,189.61,189.61,345.79,2021,12,28
2021-12-28 09:47:00+00:00,189.6,189.86,189.56,189.72,266.03,2021,12,28
2021-12-28 09:48:00+00:00,189.78,189.78,189.09,189.26,1527.95,2021,12,28
2021-12-28 09:49:00+00:00,189.25,189.32,189.13,189.15,359.16,2021,12,28
2021-12-28 09:50:00+00:00,189.19,189.26,188.73,188.91,3758.65,2021,12,28
2021-12-28 09:51:00+00:00,188.89,189.26,188.74,189.13,1479.43,2021,12,28
2021-12-28 09:52:00+00:00,189.11,189.19,188.9,189.01,352.02,2021,12,28
2021-12-28 09:53:00+00:00,189.01,189.11,188.71,189.01,1669.59,2021,12,28
2021-12-28 09:54:00+00:00,189.02,189.18,188.81,189.04,1196.12,2021,12,28
2021-12-28 09:55:00+00:00,189.04,189.05,188.76,188.8,890.11,2021,12,28
2021-12-28 09:56:00+00:00,188.82,189.04,188.81,189.01,712.99,2021,12,28
2021-12-28 09:57:00+00:00,189.03,189.11,188.9,189.07,227.87,2021,12,28
2021-12-28 09:58:00+00:00,189.07,189.2,189.05,189.2,514.93,2021,12,28
2021-12-28 09:59:00+00:00,189.19,189.24,188.84,188.87,692.89,2021,12,28
2021-12-28 10:00:00+00:00,188.83,189.43,188.78,189.36,734.48,2021,12,28
2021-12-28 10:01:00+00:00,189.42,189.42,189.19,189.3,302.45,2021,12,28
2021-12-28 10:02:00+00:00,189.31,189.67,189.3,189.62,1350.55,2021,12,28
2021-12-28 10:03:00+00:00,189.62,189.76,189.55,189.67,999.42,2021,12,28
2021-12-28 10:04:00+00:00,189.66,189.75,189.65,189.68,359.68,2021,12,28
2021-12-28 10:05:00+00:00,189.7,189.86,189.58,189.58,427.61,2021,12,28
2021-12-28 10:06:00+00:00,189.57,189.65,189.31,189.52,1076.58,2021,12,28
2021-12-28 10:07:00+00:00,189.48,189.67,189.4,189.4,1377.11,2021,12,28
2021-12-28 10:08:00+00:00,189.41,189.46,189.04,189.17,503.55,2021,12,28
2021-12-28 10:09:00+00:00,189.12,189.32,188.84,188.84,582.85,2021,12,28
2021-12-28 10:10:00+00:00,188.84,189.2,188.53,188.61,5728.51,2021,12,28
2021-12-28 10:11:00+00:00,188.65,189.24,188.62,189.18,2044.81,2021,12,28
2021-12-28 10:12:00+00:00,189.15,189.16,188.87,188.99,394.96,2021,12,28
2021-12-28 10:13:00+00:00,189.02,189.17,188.79,189.05,903.94,2021,12,28
2021-12-28 10:14:00+00:00,189.08,189.08,188.67,188.95,1350.26,2021,12,28
2021-12-28 10:15:00+00:00,188.92,189.35,188.9,189.19,1790.32,2021,12,28
2021-12-28 10:16:00+00:00,189.21,189.26,189.16,189.2,415.15,2021,12,28
2021-12-28 10:17:00+00:00,189.21,189.45,189.21,189.4,587.54,2021,12,28
2021-12-28 10:18:00+00:00,189.39,189.43,189.34,189.4,467.07,2021,12,28
2021-12-28 10:19:00+00:00,189.4,189.42,189.18,189.22,449.4,2021,12,28
2021-12-28 10:20:00+00:00,189.21,189.8,189.21,189.77,939.98,2021,12,28
2021-12-28 10:21:00+00:00,189.77,189.77,189.14,189.15,833.48,2021,12,28
2021-12-28 10:22:00+00:00,189.15,189.32,189.09,189.13,556.05,2021,12,28
2021-12-28 10:23:00+00:00,189.16,189.2,189.02,189.13,869.65,2021,12,28
2021-12-28 10:24:00+00:00,189.1,189.32,189.1,189.24,443.83,2021,12,28
2021-12-28 10:25:00+00:00,189.24,189.48,189.18,189.48,123.62,2021,12,28
2021-12-28 10:26:00+00:00,189.49,189.69,189.46,189.6,427.95,2021,12,28
2021-12-28 10:27:00+00:00,189.59,189.67,189.43,189.53,586.77,2021,12,28
2021-12-28 10:28:00+00:00,189.58,189.72,189.47,189.56,510.26,2021,12,28
2021-12-28 10:29:00+00:00,189.56,189.61,189.44,189.56,415.72,2021,12,28
2021-12-28 10:30:00+00:00,189.51,189.58,189.41,189.55,228.36,2021,12,28
2021-12-28 10:31:00+00:00,189.55,189.55,189.46,189.53,303.01,2021,12,28
2021-12-28 10:32:00+00:00,189.54,189.61,189.5,189.58,358.28,2021,12,28
2021-12-28 10:33:00+00:00,189.59,189.66,189.34,189.38,945.85,2021,12,28
2021-12-28 10:34:00+00:00,189.38,189.54,189.27,189.3,769.57,2021,12,28
2021-12-28 10:35:00+00:00,189.31,189.52,189.31,189.4,321.5,2021,12,28
2021-12-28 10:36:00+00:00,189.35,189.56,189.2,189.56,665.33,2021,12,28
2021-12-28 10:37:00+00:00,189.55,189.57,189.34,189.43,370.1,2021,12,28
2021-12-28 10:38:00+00:00,189.4,189.64,189.4,189.63,311.27,2021,12,28
2021-12-28 10:39:00+00:00,189.62,189.76,189.6,189.6,679.34,2021,12,28
2021-12-28 10:40:00+00:00,189.61,189.65,189.21,189.42,682.87,2021,12,28
2021-12-28 10:41:00+00:00,189.4,189.67,189.34,189.58,559.65,2021,12,28
2021-12-28 10:42:00+00:00,189.58,189.58,189.37,189.53,987.17,2021,12,28
2021-12-28 10:43:00+00:00,189.58,189.7,189.56,189.57,292.06,2021,12,28
2021-12-28 10:44:00+00:00,189.58,189.71,189.26,189.29,1388.83,2021,12,28
2021-12-28 10:45:00+00:00,189.28,189.51,189.27,189.51,340.59,2021,12,28
2021-12-28 10:46:00+00:00,189.52,189.56,189.45,189.56,335.71,2021,12,28
2021-12-28 10:47:00+00:00,189.56,189.76,189.56,189.66,671.01,2021,12,28
2021-12-28 10:48:00+00:00,189.64,189.64,189.4,189.47,345.33,2021,12,28
2021-12-28 10:49:00+00:00,189.46,190.15,189.46,190.02,5441.26,2021,12,28
2021-12-28 10:50:00+00:00,189.98,190.67,189.88,190.58,1773.94,2021,12,28
2021-12-28 10:51:00+00:00,190.59,191.08,190.43,190.44,2542.14,2021,12,28
2021-12-28 10:52:00+00:00,190.43,190.48,190.15,190.29,1099.96,2021,12,28
2021-12-28 10:53:00+00:00,190.27,190.45,190.22,190.34,504.02,2021,12,28
2021-12-28 10:54:00+00:00,190.32,190.37,190.15,190.15,378.83,2021,12,28
2021-12-28 10:55:00+00:00,190.14,190.3,190.14,190.18,456.81,2021,12,28
2021-12-28 10:56:00+00:00,190.18,190.3,190.13,190.3,369.79,2021,12,28
2021-12-28 10:57:00+00:00,190.33,190.49,190.33,190.42,269.95,2021,12,28
2021-12-28 10:58:00+00:00,190.47,190.66,190.47,190.66,412.65,2021,12,28
2021-12-28 10:59:00+00:00,190.65,190.65,190.32,190.37,507.04,2021,12,28
2021-12-28 11:00:00+00:00,190.37,190.49,190.36,190.42,229.25,2021,12,28
2021-12-28 11:01:00+00:00,190.42,190.43,190.09,190.18,611.87,2021,12,28
2021-12-28 11:02:00+00:00,190.18,190.46,190.0,190.45,553.22,2021,12,28
2021-12-28 11:03:00+00:00,190.46,190.53,190.36,190.53,353.37,2021,12,28
2021-12-28 11:04:00+00:00,190.53,190.57,190.43,190.44,574.07,2021,12,28
2021-12-28 11:05:00+00:00,190.44,190.67,190.16,190.29,1120.08,2021,12,28
2021-12-28 11:06:00+00:00,190.3,190.39,190.02,190.03,899.0,2021,12,28
2021-12-28 11:07:00+00:00,190.03,190.33,190.02,190.24,680.99,2021,12,28
2021-12-28 11:08:00+00:00,190.26,190.29,189.87,189.88,900.28,2021,12,28
2021-12-28 11:09:00+00:00,189.88,190.12,189.87,190.04,468.91,2021,12,28
2021-12-28 11:10:00+00:00,190.05,190.13,189.9,189.99,611.59,2021,12,28
2021-12-28 11:11:00+00:00,190.0,190.32,189.97,190.28,492.78,2021,12,28
2021-12-28 11:12:00+00:00,190.28,190.38,190.19,190.38,929.96,2021,12,28
2021-12-28 11:13:00+00:00,190.38,190.6,190.33,190.6,270.93,2021,12,28
2021-12-28 11:14:00+00:00,190.63,190.64,190.44,190.6,415.63,2021,12,28
2021-12-28 11:15:00+00:00,190.6,190.7,190.45,190.66,966.2,2021,12,28
2021-12-28 11:16:00+00:00,190.65,191.0,190.65,190.88,769.79,2021,12,28
2021-12-28 11:17:00+00:00,190.92,191.04,190.89,191.01,636.62,2021,12,28
2021-12-28 11:18:00+00:00,191.01,191.06,190.93,191.04,308.62,2021,12,28
2021-12-28 11:19:00+00:00,191.03,191.3,191.03,191.25,1019.97,2021,12,28
2021-12-28 11:20:00+00:00,191.24,191.83,191.16,191.74,3833.19,2021,12,28
2021-12-28 11:21:00+00:00,191.73,192.04,191.7,191.85,1926.05,2021,12,28
2021-12-28 11:22:00+00:00,191.86,192.45,191.62,192.3,4422.26,2021,12,28
2021-12-28 11:23:00+00:00,192.27,192.32,192.0,192.15,1453.57,2021,12,28
2021-12-28 11:24:00+00:00,192.1,192.23,191.96,192.0,520.92,2021,12,28
2021-12-28 11:25:00+00:00,192.0,192.06,191.66,191.66,615.61,2021,12,28
2021-12-28 11:26:00+00:00,191.7,191.7,191.4,191.4,1049.09,2021,12,28
2021-12-28 11:27:00+00:00,191.42,191.58,191.37,191.45,1070.53,2021,12,28
2021-12-28 11:28:00+00:00,191.45,191.48,191.2,191.24,1062.26,2021,12,28
2021-12-28 11:29:00+00:00,191.24,191.42,191.2,191.2,526.04,2021,12,28
2021-12-28 11:30:00+00:00,191.2,191.62,191.2,191.48,775.51,2021,12,28
2021-12-28 11:31:00+00:00,191.5,191.61,191.25,191.26,789.86,2021,12,28
2021-12-28 11:32:00+00:00,191.26,191.43,191.25,191.29,366.63,2021,12,28
2021-12-28 11:33:00+00:00,191.29,191.41,191.2,191.33,758.68,2021,12,28
2021-12-28 11:34:00+00:00,191.34,191.65,191.29,191.46,554.73,2021,12,28
2021-12-28 11:35:00+00:00,191.45,191.63,191.19,191.31,1324.51,2021,12,28
2021-12-28 11:36:00+00:00,191.33,191.55,191.32,191.47,283.34,2021,12,28
2021-12-28 11:37:00+00:00,191.5,191.59,191.44,191.57,334.99,2021,12,28
2021-12-28 11:38:00+00:00,191.57,191.59,191.31,191.36,902.87,2021,12,28
2021-12-28 11:39:00+00:00,191.36,191.63,191.36,191.51,317.62,2021,12,28
2021-12-28 11:40:00+00:00,191.5,191.67,191.41,191.43,595.6,2021,12,28
2021-12-28 11:41:00+00:00,191.42,191.52,191.34,191.51,173.99,2021,12,28
2021-12-28 11:42:00+00:00,191.5,191.63,191.35,191.38,366.1,2021,12,28
2021-12-28 11:43:00+00:00,191.39,191.56,191.35,191.51,320.15,2021,12,28
2021-12-28 11:44:00+00:00,191.52,191.65,191.42,191.6,296.75,2021,12,28
2021-12-28 11:45:00+00:00,191.62,191.78,191.54,191.78,329.4,2021,12,28
2021-12-28 11:46:00+00:00,191.76,191.85,191.74,191.81,96.07,2021,12,28
2021-12-28 11:47:00+00:00,191.8,191.91,191.79,191.91,161.44,2021,12,28
2021-12-28 11:48:00+00:00,191.88,191.94,191.77,191.86,336.9,2021,12,28
2021-12-28 11:49:00+00:00,191.85,191.92,191.76,191.85,254.44,2021,12,28
2021-12-28 11:50:00+00:00,191.84,191.9,191.82,191.9,120.33,2021,12,28
2021-12-28 11:51:00+00:00,191.9,192.66,191.88,192.4,4989.91,2021,12,28
2021-12-28 11:52:00+00:00,192.4,192.52,192.29,192.41,868.64,2021,12,28
2021-12-28 11:53:00+00:00,192.41,192.51,192.21,192.25,1022.87,2021,12,28
2021-12-28 11:54:00+00:00,192.24,192.41,192.16,192.41,271.5,2021,12,28
2021-12-28 11:55:00+00:00,192.33,192.64,192.33,192.57,716.36,2021,12,28
2021-12-28 11:56:00+00:00,192.57,192.97,192.57,192.76,1877.12,2021,12,28
2021-12-28 11:57:00+00:00,192.78,192.79,192.64,192.68,316.26,2021,12,28
2021-12-28 11:58:00+00:00,192.68,192.73,192.57,192.68,452.99,2021,12,28
2021-12-28 11:59:00+00:00,192.67,192.67,191.95,192.14,5101.45,2021,12,28
2021-12-28 12:00:00+00:00,192.14,192.2,191.9,191.93,392.9,2021,12,28
2021-12-28 12:01:00+00:00,191.93,191.96,191.74,191.79,803.9,2021,12,28
2021-12-28 12:02:00+00:00,191.83,192.38,191.65,192.09,5058.36,2021,12,28
2021-12-28 12:03:00+00:00,192.12,192.2,191.97,192.04,495.71,2021,12,28
2021-12-28 12:04:00+00:00,192.05,192.29,192.05,192.24,154.5,2021,12,28
2021-12-28 12:05:00+00:00,192.24,192.28,192.0,192.0,276.97,2021,12,28
2021-12-28 12:06:00+00:00,192.06,192.12,191.81,191.89,477.08,2021,12,28
2021-12-28 12:07:00+00:00,191.87,191.96,191.75,191.87,368.42,2021,12,28
2021-12-28 12:08:00+00:00,191.9,191.94,191.79,191.86,111.91,2021,12,28
2021-12-28 12:09:00+00:00,191.85,192.06,191.81,191.88,281.51,2021,12,28
2021-12-28 12:10:00+00:00,191.87,191.97,191.86,191.9,428.69,2021,12,28
2021-12-28 12:11:00+00:00,191.89,191.9,191.39,191.41,1301.59,2021,12,28
2021-12-28 12:12:00+00:00,191.37,191.58,191.3,191.53,597.97,2021,12,28
2021-12-28 12:13:00+00:00,191.54,191.64,191.43,191.43,258.81,2021,12,28
2021-12-28 12:14:00+00:00,191.45,191.82,191.45,191.75,148.77,2021,12,28
2021-12-28 12:15:00+00:00,191.72,191.83,191.49,191.78,749.62,2021,12,28
2021-12-28 12:16:00+00:00,191.81,192.12,191.76,192.1,261.85,2021,12,28
2021-12-28 12:17:00+00:00,192.09,192.14,191.64,191.75,3131.06,2021,12,28
2021-12-28 12:18:00+00:00,191.74,191.92,191.63,191.79,662.67,2021,12,28
2021-12-28 12:19:00+00:00,191.76,191.81,191.69,191.77,288.05,2021,12,28
2021-12-28 12:20:00+00:00,191.8,191.92,191.72,191.74,196.63,2021,12,28
2021-12-28 12:21:00+00:00,191.77,191.77,191.53,191.6,640.21,2021,12,28
2021-12-28 12:22:00+00:00,191.67,191.67,191.5,191.58,325.9,2021,12,28
2021-12-28 12:23:00+00:00,191.58,191.62,191.53,191.59,298.04,2021,12,28
2021-12-28 12:24:00+00:00,191.59,191.7,191.5,191.58,538.54,2021,12,28
2021-12-28 12:25:00+00:00,191.6,191.75,191.44,191.67,173.3,2021,12,28
2021-12-28 12:26:00+00:00,191.67,191.87,191.63,191.78,1481.86,2021,12,28
2021-12-28 12:27:00+00:00,191.78,191.82,191.62,191.73,595.52,2021,12,28
2021-12-28 12:28:00+00:00,191.72,191.84,191.63,191.69,422.45,2021,12,28
2021-12-28 12:29:00+00:00,191.68,191.75,191.59,191.6,285.83,2021,12,28
2021-12-28 12:30:00+00:00,191.6,191.73,191.53,191.72,208.4,2021,12,28
2021-12-28 12:31:00+00:00,191.7,192.1,191.61,192.03,328.55,2021,12,28
2021-12-28 12:32:00+00:00,192.04,192.32,192.0,192.24,602.77,2021,12,28
2021-12-28 12:33:00+00:00,192.28,192.89,192.26,192.85,2790.95,2021,12,28
2021-12-28 12:34:00+00:00,192.85,192.93,192.74,192.78,678.58,2021,12,28
2021-12-28 12:35:00+00:00,192.78,192.78,192.55,192.67,369.01,2021,12,28
2021-12-28 12:36:00+00:00,192.67,192.87,192.67,192.8,293.55,2021,12,28
2021-12-28 12:37:00+00:00,192.79,192.79,192.41,192.54,1342.53,2021,12,28
2021-12-28 12:38:00+00:00,192.52,192.52,192.22,192.3,885.39,2021,12,28
2021-12-28 12:39:00+00:00,192.29,192.29,191.71,191.9,2515.63,2021,12,28
2021-12-28 12:40:00+00:00,191.87,191.91,191.71,191.71,890.65,2021,12,28
2021-12-28 12:41:00+00:00,191.71,191.71,191.56,191.6,266.38,2021,12,28
2021-12-28 12:42:00+00:00,191.6,191.76,191.58,191.69,140.25,2021,12,28
2021-12-28 12:43:00+00:00,191.67,191.77,191.55,191.66,618.78,2021,12,28
2021-12-28 12:44:00+00:00,191.65,191.7,191.53,191.58,261.96,2021,12,28
2021-12-28 12:45:00+00:00,191.58,191.65,191.51,191.56,262.28,2021,12,28
2021-12-28 12:46:00+00:00,191.56,191.6,191.42,191.52,274.14,2021,12,28
2021-12-28 12:47:00+00:00,191.53,191.69,191.53,191.55,225.17,2021,12,28
2021-12-28 12:48:00+00:00,191.53,191.64,191.45,191.48,340.46,2021,12,28
2021-12-28 12:49:00+00:00,191.49,191.55,191.31,191.36,485.86,2021,12,28
2021-12-28 12:50:00+00:00,191.36,191.36,191.17,191.23,320.04,2021,12,28
2021-12-28 12:51:00+00:00,191.24,191.35,191.18,191.22,253.97,2021,12,28
2021-12-28 12:52:00+00:00,191.22,191.48,191.2,191.33,396.55,2021,12,28
2021-12-28 12:53:00+00:00,191.39,191.55,191.39,191.44,391.98,2021,12,28
2021-12-28 12:54:00+00:00,191.42,191.5,190.97,191.18,3992.77,2021,12,28
2021-12-28 12:55:00+00:00,191.18,191.21,190.98,191.02,541.49,2021,12,28
2021-12-28 12:56:00+00:00,191.01,191.01,190.78,190.84,477.98,2021,12,28
2021-12-28 12:57:00+00:00,190.83,190.86,190.54,190.54,520.3,2021,12,28
2021-12-28 12:58:00+00:00,190.54,190.74,190.53,190.74,1013.32,2021,12,28
2021-12-28 12:59:00+00:00,190.75,190.95,190.65,190.68,353.16,2021,12,28
2021-12-28 13:00:00+00:00,190.68,191.0,190.64,190.97,287.89,2021,12,28
2021-12-28 13:01:00+00:00,190.96,191.12,190.83,190.83,295.33,2021,12,28
2021-12-28 13:02:00+00:00,190.82,190.99,190.81,190.87,252.7,2021,12,28
2021-12-28 13:03:00+00:00,190.89,191.09,190.83,190.84,1356.2,2021,12,28
2021-12-28 13:04:00+00:00,190.84,190.89,190.6,190.63,246.75,2021,12,28
2021-12-28 13:05:00+00:00,190.63,190.65,190.51,190.57,344.92,2021,12,28
2021-12-28 13:06:00+00:00,190.57,190.58,190.25,190.26,387.14,2021,12,28
2021-12-28 13:07:00+00:00,190.26,190.46,190.24,190.31,529.38,2021,12,28
2021-12-28 13:08:00+00:00,190.31,190.7,190.24,190.6,378.3,2021,12,28
2021-12-28 13:09:00+00:00,190.63,191.0,190.63,191.0,457.73,2021,12,28
2021-12-28 13:10:00+00:00,191.0,191.1,190.88,191.1,534.19,2021,12,28
2021-12-28 13:11:00+00:00,191.09,191.38,190.84,191.36,549.66,2021,12,28
2021-12-28 13:12:00+00:00,191.33,191.33,191.11,191.12,787.14,2021,12,28
2021-12-28 13:13:00+00:00,191.12,191.18,190.63,190.71,638.19,2021,12,28
2021-12-28 13:14:00+00:00,190.71,190.75,190.53,190.67,235.81,2021,12,28
2021-12-28 13:15:00+00:00,190.67,190.67,190.5,190.58,200.09,2021,12,28
2021-12-28 13:16:00+00:00,190.58,190.94,190.49,190.73,496.47,2021,12,28
2021-12-28 13:17:00+00:00,190.77,190.8,190.53,190.57,595.54,2021,12,28
2021-12-28 13:18:00+00:00,190.58,190.9,190.55,190.79,612.72,2021,12,28
2021-12-28 13:19:00+00:00,190.81,190.93,190.63,190.91,348.45,2021,12,28
2021-12-28 13:20:00+00:00,190.92,190.94,190.83,190.91,285.95,2021,12,28
2021-12-28 13:21:00+00:00,190.91,190.92,190.62,190.66,342.87,2021,12,28
2021-12-28 13:22:00+00:00,190.66,190.7,190.59,190.62,97.44,2021,12,28
2021-12-28 13:23:00+00:00,190.62,190.77,190.51,190.77,519.4,2021,12,28
2021-12-28 13:24:00+00:00,190.78,190.78,190.5,190.55,1005.58,2021,12,28
2021-12-28 13:25:00+00:00,190.53,190.65,190.46,190.46,2297.45,2021,12,28
2021-12-28 13:26:00+00:00,190.5,190.52,190.24,190.32,571.13,2021,12,28
2021-12-28 13:27:00+00:00,190.29,190.44,190.26,190.44,278.74,2021,12,28
2021-12-28 13:28:00+00:00,190.43,190.48,190.32,190.47,610.04,2021,12,28
2021-12-28 13:29:00+00:00,190.45,191.22,190.37,190.91,5177.88,2021,12,28
2021-12-28 13:30:00+00:00,190.91,191.53,190.78,191.07,4623.96,2021,12,28
2021-12-28 13:31:00+00:00,191.08,191.14,190.71,190.72,378.43,2021,12,28
2021-12-28 13:32:00+00:00,190.7,190.7,190.55,190.57,192.89,2021,12,28
2021-12-28 13:33:00+00:00,190.57,190.78,190.57,190.71,245.37,2021,12,28
2021-12-28 13:34:00+00:00,190.7,190.73,190.35,190.36,719.12,2021,12,28
2021-12-28 13:35:00+00:00,190.38,190.56,190.33,190.4,1223.75,2021,12,28
2021-12-28 13:36:00+00:00,190.4,190.49,190.33,190.49,261.13,2021,12,28
2021-12-28 13:37:00+00:00,190.47,190.63,190.47,190.52,453.37,2021,12,28
2021-12-28 13:38:00+00:00,190.55,190.55,190.38,190.48,736.78,2021,12,28
2021-12-28 13:39:00+00:00,190.49,190.63,190.45,190.46,187.35,2021,12,28
2021-12-28 13:40:00+00:00,190.46,190.77,190.46,190.73,774.03,2021,12,28
2021-12-28 13:41:00+00:00,190.73,190.78,190.6,190.63,860.78,2021,12,28
2021-12-28 13:42:00+00:00,190.61,190.74,190.54,190.61,675.12,2021,12,28
2021-12-28 13:43:00+00:00,190.63,190.76,190.54,190.73,487.72,2021,12,28
2021-12-28 13:44:00+00:00,190.72,190.76,190.62,190.63,249.48,2021,12,28
2021-12-28 13:45:00+00:00,190.63,190.68,190.44,190.52,664.64,2021,12,28
2021-12-28 13:46:00+00:00,190.51,190.55,190.46,190.49,132.32,2021,12,28
2021-12-28 13:47:00+00:00,190.5,190.54,190.22,190.29,738.8,2021,12,28
2021-12-28 13:48:00+00:00,190.29,190.55,190.25,190.38,1221.88,2021,12,28
2021-12-28 13:49:00+00:00,190.43,190.47,190.0,190.13,1565.89,2021,12,28
2021-12-28 13:50:00+00:00,190.09,190.38,190.05,190.16,1726.78,2021,12,28
2021-12-28 13:51:00+00:00,190.14,190.34,190.0,190.06,1032.13,2021,12,28
2021-12-28 13:52:00+00:00,190.06,190.5,190.04,190.46,2618.15,2021,12,28
2021-12-28 13:53:00+00:00,190.46,190.65,190.22,190.37,1714.48,2021,12,28
2021-12-28 13:54:00+00:00,190.41,190.41,190.01,190.07,550.35,2021,12,28
2021-12-28 13:55:00+00:00,190.06,190.23,189.64,189.68,5048.58,2021,12,28
2021-12-28 13:56:00+00:00,189.72,189.72,189.35,189.43,2630.2,2021,12,28
2021-12-28 13:57:00+00:00,189.43,189.57,189.21,189.35,1644.07,2021,12,28
2021-12-28 13:58:00+00:00,189.35,189.57,189.31,189.38,726.97,2021,12,28
2021-12-28 13:59:00+00:00,189.38,189.46,189.16,189.19,1785.19,2021,12,28
2021-12-28 14:00:00+00:00,189.19,189.54,189.0,189.39,3147.89,2021,12,28
2021-12-28 14:01:00+00:00,189.38,189.47,189.24,189.25,724.49,2021,12,28
2021-12-28 14:02:00+00:00,189.26,189.27,188.63,188.71,1997.4,2021,12,28
2021-12-28 14:03:00+00:00,188.72,188.73,188.08,188.37,4365.0,2021,12,28
2021-12-28 14:04:00+00:00,188.38,188.67,188.3,188.49,1242.39,2021,12,28
2021-12-28 14:05:00+00:00,188.53,188.53,187.61,187.66,3639.5,2021,12,28
2021-12-28 14:06:00+00:00,187.64,188.0,187.33,187.91,3124.6,2021,12,28
2021-12-28 14:07:00+00:00,187.92,188.1,187.71,187.82,1236.33,2021,12,28
2021-12-28 14:08:00+00:00,187.82,188.33,187.79,188.2,1288.74,2021,12,28
2021-12-28 14:09:00+00:00,188.21,188.48,188.17,188.38,622.86,2021,12,28
2021-12-28 14:10:00+00:00,188.39,188.92,188.39,188.89,992.35,2021,12,28
2021-12-28 14:11:00+00:00,188.88,189.15,188.76,188.8,1214.23,2021,12,28
2021-12-28 14:12:00+00:00,188.81,188.9,188.65,188.8,1356.43,2021,12,28
2021-12-28 14:13:00+00:00,188.78,188.85,188.65,188.7,174.25,2021,12,28
2021-12-28 14:14:00+00:00,188.72,189.03,188.68,188.97,361.69,2021,12,28
2021-12-28 14:15:00+00:00,188.95,189.2,188.94,189.06,398.49,2021,12,28
2021-12-28 14:16:00+00:00,189.06,189.47,188.99,189.28,790.18,2021,12,28
2021-12-28 14:17:00+00:00,189.29,189.31,188.97,189.06,822.11,2021,12,28
2021-12-28 14:18:00+00:00,189.06,189.06,187.99,188.35,6489.86,2021,12,28
2021-12-28 14:19:00+00:00,188.35,188.77,188.35,188.67,1003.27,2021,12,28
2021-12-28 14:20:00+00:00,188.64,188.81,188.5,188.78,408.52,2021,12,28
2021-12-28 14:21:00+00:00,188.77,189.0,188.75,188.99,592.01,2021,12,28
2021-12-28 14:22:00+00:00,188.99,189.05,188.81,188.86,407.36,2021,12,28
2021-12-28 14:23:00+00:00,188.87,189.39,188.79,189.15,1125.21,2021,12,28
2021-12-28 14:24:00+00:00,189.16,189.19,188.97,189.18,580.07,2021,12,28
2021-12-28 14:25:00+00:00,189.2,189.39,189.11,189.21,380.06,2021,12,28
2021-12-28 14:26:00+00:00,189.22,189.54,189.12,189.32,1290.96,2021,12,28
2021-12-28 14:27:00+00:00,189.35,189.59,189.23,189.26,632.54,2021,12,28
2021-12-28 14:28:00+00:00,189.26,189.4,189.02,189.38,739.36,2021,12,28
2021-12-28 14:29:00+00:00,189.37,189.51,189.23,189.37,1150.33,2021,12,28
2021-12-28 14:30:00+00:00,189.36,189.51,189.1,189.12,598.33,2021,12,28
2021-12-28 14:31:00+00:00,189.13,189.16,188.6,188.73,1554.02,2021,12,28
2021-12-28 14:32:00+00:00,188.73,189.0,188.72,188.89,707.15,2021,12,28
2021-12-28 14:33:00+00:00,188.87,189.42,188.72,189.25,2668.46,2021,12,28
2021-12-28 14:34:00+00:00,189.25,189.25,189.0,189.0,434.27,2021,12,28
2021-12-28 14:35:00+00:00,189.02,189.11,188.64,188.65,473.16,2021,12,28
2021-12-28 14:36:00+00:00,188.63,188.72,188.4,188.46,894.48,2021,12,28
2021-12-28 14:37:00+00:00,188.43,188.45,188.05,188.08,980.84,2021,12,28
2021-12-28 14:38:00+00:00,188.13,188.14,186.18,186.28,8781.51,2021,12,28
2021-12-28 14:39:00+00:00,186.29,186.41,185.0,186.25,14915.07,2021,12,28
2021-12-28 14:40:00+00:00,186.19,187.02,185.72,187.01,4536.74,2021,12,28
2021-12-28 14:41:00+00:00,187.03,187.42,186.63,187.02,5319.93,2021,12,28
2021-12-28 14:42:00+00:00,187.07,187.27,186.68,187.07,2535.21,2021,12,28
2021-12-28 14:43:00+00:00,187.06,187.1,186.48,186.69,1691.49,2021,12,28
2021-12-28 14:44:00+00:00,186.66,187.47,186.63,187.4,2554.8,2021,12,28
2021-12-28 14:45:00+00:00,187.36,188.3,187.3,188.25,1772.91,2021,12,28
2021-12-28 14:46:00+00:00,188.27,189.18,187.98,189.02,10258.3,2021,12,28
2021-12-28 14:47:00+00:00,189.02,189.24,188.32,188.32,2769.62,2021,12,28
2021-12-28 14:48:00+00:00,188.33,188.43,187.84,187.87,1496.59,2021,12,28
2021-12-28 14:49:00+00:00,187.88,188.32,187.87,188.08,1044.69,2021,12,28
2021-12-28 14:50:00+00:00,188.08,188.08,187.78,187.9,1366.09,2021,12,28
2021-12-28 14:51:00+00:00,187.9,187.99,187.18,187.18,2195.52,2021,12,28
2021-12-28 14:52:00+00:00,187.19,187.87,187.19,187.54,1973.24,2021,12,28
2021-12-28 14:53:00+00:00,187.54,187.69,187.4,187.59,1748.16,2021,12,28
2021-12-28 14:54:00+00:00,187.53,187.74,187.33,187.7,1982.65,2021,12,28
2021-12-28 14:55:00+00:00,187.74,187.77,187.45,187.47,1800.39,2021,12,28
2021-12-28 14:56:00+00:00,187.46,187.57,187.35,187.57,811.8,2021,12,28
2021-12-28 14:57:00+00:00,187.57,188.01,187.56,187.95,1260.38,2021,12,28
2021-12-28 14:58:00+00:00,187.91,188.16,187.79,187.89,1269.06,2021,12,28
2021-12-28 14:59:00+00:00,187.85,187.89,187.02,187.11,1283.26,2021,12,28
2021-12-28 15:00:00+00:00,187.16,187.32,186.82,187.17,1530.08,2021,12,28
2021-12-28 15:01:00+00:00,187.17,187.85,187.17,187.7,2292.55,2021,12,28
2021-12-28 15:02:00+00:00,187.7,187.99,187.6,187.9,1745.74,2021,12,28
2021-12-28 15:03:00+00:00,187.91,188.52,187.91,188.21,2986.24,2021,12,28
2021-12-28 15:04:00+00:00,188.21,188.39,188.06,188.39,858.87,2021,12,28
2021-12-28 15:05:00+00:00,188.38,188.41,187.77,188.07,820.73,2021,12,28
2021-12-28 15:06:00+00:00,188.03,188.08,187.78,187.84,698.09,2021,12,28
2021-12-28 15:07:00+00:00,187.82,187.89,187.57,187.61,430.93,2021,12,28
2021-12-28 15:08:00+00:00,187.6,187.95,187.56,187.77,997.65,2021,12,28
2021-12-28 15:09:00+00:00,187.79,187.8,187.06,187.08,772.45,2021,12,28
2021-12-28 15:10:00+00:00,187.1,187.37,187.02,187.17,711.02,2021,12,28
2021-12-28 15:11:00+00:00,187.17,187.61,187.14,187.48,801.42,2021,12,28
2021-12-28 15:12:00+00:00,187.47,187.5,187.16,187.26,751.28,2021,12,28
2021-12-28 15:13:00+00:00,187.26,187.33,186.71,186.71,1037.57,2021,12,28
2021-12-28 15:14:00+00:00,186.74,187.13,186.61,187.02,890.87,2021,12,28
2021-12-28 15:15:00+00:00,186.98,187.11,186.79,186.98,646.29,2021,12,28
2021-12-28 15:16:00+00:00,186.93,186.94,186.74,186.74,245.93,2021,12,28
2021-12-28 15:17:00+00:00,186.74,186.76,186.4,186.54,2686.46,2021,12,28
2021-12-28 15:18:00+00:00,186.51,186.54,186.16,186.2,1256.69,2021,12,28
2021-12-28 15:19:00+00:00,186.2,186.47,186.12,186.27,1227.27,2021,12,28
2021-12-28 15:20:00+00:00,186.28,186.38,185.87,186.03,2035.9,2021,12,28
2021-12-28 15:21:00+00:00,186.1,186.47,186.02,186.46,1534.91,2021,12,28
2021-12-28 15:22:00+00:00,186.47,186.83,186.44,186.52,1270.24,2021,12,28
2021-12-28 15:23:00+00:00,186.5,186.54,185.99,186.12,807.49,2021,12,28
2021-12-28 15:24:00+00:00,186.15,186.57,186.08,186.57,952.61,2021,12,28
2021-12-28 15:25:00+00:00,186.58,186.63,186.16,186.46,956.5,2021,12,28
2021-12-28 15:26:00+00:00,186.47,186.74,186.41,186.67,1080.22,2021,12,28
2021-12-28 15:27:00+00:00,186.71,186.72,186.59,186.72,296.1,2021,12,28
2021-12-28 15:28:00+00:00,186.71,187.05,186.71,187.03,357.07,2021,12,28
2021-12-28 15:29:00+00:00,187.05,187.05,186.64,186.86,6347.26,2021,12,28
2021-12-28 15:30:00+00:00,186.87,186.91,186.6,186.8,1023.18,2021,12,28
2021-12-28 15:31:00+00:00,186.75,187.34,186.72,186.86,3461.32,2021,12,28
2021-12-28 15:32:00+00:00,186.85,187.0,186.72,186.73,669.11,2021,12,28
2021-12-28 15:33:00+00:00,186.72,187.0,186.63,186.96,599.15,2021,12,28
2021-12-28 15:34:00+00:00,186.98,187.33,186.95,187.26,869.41,2021,12,28
2021-12-28 15:35:00+00:00,187.27,187.51,187.0,187.34,1803.15,2021,12,28
2021-12-28 15:36:00+00:00,187.34,187.41,187.19,187.19,558.7,2021,12,28
2021-12-28 15:37:00+00:00,187.21,187.28,187.12,187.26,1342.51,2021,12,28
2021-12-28 15:38:00+00:00,187.24,187.31,186.82,186.85,922.16,2021,12,28
2021-12-28 15:39:00+00:00,186.86,186.88,186.6,186.73,692.32,2021,12,28
2021-12-28 15:40:00+00:00,186.75,186.77,186.31,186.63,610.47,2021,12,28
2021-12-28 15:41:00+00:00,186.67,186.69,186.5,186.62,422.81,2021,12,28
2021-12-28 15:42:00+00:00,186.62,186.63,185.69,185.76,2586.21,2021,12,28
2021-12-28 15:43:00+00:00,185.76,186.35,185.76,186.27,1099.06,2021,12,28
2021-12-28 15:44:00+00:00,186.25,186.28,185.93,186.17,850.82,2021,12,28
2021-12-28 15:45:00+00:00,186.19,186.19,185.81,185.91,950.44,2021,12,28
2021-12-28 15:46:00+00:00,185.91,186.4,185.85,186.12,1520.75,2021,12,28
2021-12-28 15:47:00+00:00,186.13,186.31,186.02,186.15,840.38,2021,12,28
2021-12-28 15:48:00+00:00,186.12,186.22,185.91,185.91,753.7,2021,12,28
2021-12-28 15:49:00+00:00,185.91,185.96,185.66,185.78,641.89,2021,12,28
2021-12-28 15:50:00+00:00,185.78,186.06,185.74,185.89,762.52,2021,12,28
2021-12-28 15:51:00+00:00,185.89,186.09,185.83,185.86,472.64,2021,12,28
2021-12-28 15:52:00+00:00,185.85,185.99,185.53,185.72,824.75,2021,12,28
2021-12-28 15:53:00+00:00,185.7,185.83,185.51,185.82,1107.34,2021,12,28
2021-12-28 15:54:00+00:00,185.82,186.02,185.69,186.02,843.28,2021,12,28
2021-12-28 15:55:00+00:00,186.02,186.19,185.71,185.71,2149.15,2021,12,28
2021-12-28 15:56:00+00:00,185.71,185.83,185.16,185.36,3544.45,2021,12,28
2021-12-28 15:57:00+00:00,185.35,185.62,185.29,185.54,877.04,2021,12,28
2021-12-28 15:58:00+00:00,185.53,185.79,185.38,185.76,2037.72,2021,12,28
2021-12-28 15:59:00+00:00,185.75,185.96,185.58,185.58,882.86,2021,12,28
2021-12-28 16:00:00+00:00,185.57,186.0,185.56,185.94,1392.61,2021,12,28
2021-12-28 16:01:00+00:00,185.98,186.0,185.42,185.42,1184.64,2021,12,28
2021-12-28 16:02:00+00:00,185.4,185.42,184.53,184.59,7041.21,2021,12,28
2021-12-28 16:03:00+00:00,184.58,184.75,183.33,184.1,16399.53,2021,12,28
2021-12-28 16:04:00+00:00,184.14,184.18,183.4,183.7,4741.35,2021,12,28
2021-12-28 16:05:00+00:00,183.71,184.0,183.64,183.75,2404.86,2021,12,28
2021-12-28 16:06:00+00:00,183.75,183.84,183.13,183.45,2706.68,2021,12,28
2021-12-28 16:07:00+00:00,183.53,183.53,183.05,183.18,1930.35,2021,12,28
2021-12-28 16:08:00+00:00,183.18,183.37,182.62,183.04,5766.39,2021,12,28
2021-12-28 16:09:00+00:00,183.12,183.82,182.99,183.25,2671.25,2021,12,28
2021-12-28 16:10:00+00:00,183.26,183.43,183.0,183.43,2873.24,2021,12,28
2021-12-28 16:11:00+00:00,183.37,183.71,183.28,183.37,862.03,2021,12,28
2021-12-28 16:12:00+00:00,183.36,183.72,182.51,182.79,7893.14,2021,12,28
2021-12-28 16:13:00+00:00,182.8,182.87,182.22,182.46,7837.24,2021,12,28
2021-12-28 16:14:00+00:00,182.44,183.2,182.34,182.9,3141.82,2021,12,28
2021-12-28 16:15:00+00:00,182.91,183.36,182.91,183.26,1530.56,2021,12,28
2021-12-28 16:16:00+00:00,183.22,183.65,183.13,183.6,1216.43,2021,12,28
2021-12-28 16:17:00+00:00,183.62,183.68,183.01,183.01,1135.07,2021,12,28
2021-12-28 16:18:00+00:00,183.07,183.07,182.46,182.57,1716.25,2021,12,28
2021-12-28 16:19:00+00:00,182.6,183.15,182.6,183.14,3347.32,2021,12,28
2021-12-28 16:20:00+00:00,183.1,183.14,182.51,182.62,1599.23,2021,12,28
2021-12-28 16:21:00+00:00,182.65,182.84,182.37,182.37,1591.91,2021,12,28
2021-12-28 16:22:00+00:00,182.41,182.44,181.46,181.55,7217.01,2021,12,28
2021-12-28 16:23:00+00:00,181.55,181.84,181.47,181.75,3139.08,2021,12,28
2021-12-28 16:24:00+00:00,181.74,182.16,181.14,182.16,4842.8,2021,12,28
2021-12-28 16:25:00+00:00,182.16,183.15,182.16,183.0,5380.18,2021,12,28
2021-12-28 16:26:00+00:00,182.98,183.02,181.53,181.54,3405.59,2021,12,28
2021-12-28 16:27:00+00:00,181.54,181.66,180.67,180.99,5064.62,2021,12,28
2021-12-28 16:28:00+00:00,180.98,181.81,180.83,181.77,4606.74,2021,12,28
2021-12-28 16:29:00+00:00,181.74,181.98,181.22,181.48,2697.88,2021,12,28
2021-12-28 16:30:00+00:00,181.5,182.34,181.5,182.29,3671.84,2021,12,28
2021-12-28 16:31:00+00:00,182.29,183.17,182.29,182.95,3350.34,2021,12,28
2021-12-28 16:32:00+00:00,182.9,183.09,182.48,182.49,2646.54,2021,12,28
2021-12-28 16:33:00+00:00,182.51,183.3,182.42,183.2,2361.46,2021,12,28
2021-12-28 16:34:00+00:00,183.19,183.26,182.9,183.0,1570.05,2021,12,28
2021-12-28 16:35:00+00:00,182.99,183.08,182.56,182.57,2716.14,2021,12,28
2021-12-28 16:36:00+00:00,182.57,182.97,182.11,182.76,3812.96,2021,12,28
2021-12-28 16:37:00+00:00,182.73,184.21,182.67,183.26,12738.52,2021,12,28
2021-12-28 16:38:00+00:00,183.26,183.37,182.97,183.29,2248.42,2021,12,28
2021-12-28 16:39:00+00:00,183.3,183.61,183.0,183.41,945.64,2021,12,28
2021-12-28 16:40:00+00:00,183.38,183.58,183.04,183.2,1184.64,2021,12,28
2021-12-28 16:41:00+00:00,183.13,183.13,182.83,182.87,608.31,2021,12,28
2021-12-28 16:42:00+00:00,182.85,182.92,182.55,182.62,1948.53,2021,12,28
2021-12-28 16:43:00+00:00,182.63,182.71,182.1,182.25,2530.34,2021,12,28
2021-12-28 16:44:00+00:00,182.29,182.33,182.1,182.17,2777.66,2021,12,28
2021-12-28 16:45:00+00:00,182.17,182.17,181.9,182.01,823.45,2021,12,28
2021-12-28 16:46:00+00:00,182.06,182.37,182.06,182.37,662.98,2021,12,28
2021-12-28 16:47:00+00:00,182.39,182.4,182.13,182.32,784.76,2021,12,28
2021-12-28 16:48:00+00:00,182.31,182.69,182.24,182.63,934.66,2021,12,28
2021-12-28 16:49:00+00:00,182.62,182.92,182.54,182.76,1064.11,2021,12,28
2021-12-28 16:50:00+00:00,182.76,183.33,182.72,183.27,1515.77,2021,12,28
2021-12-28 16:51:00+00:00,183.27,183.38,183.08,183.33,553.92,2021,12,28
2021-12-28 16:52:00+00:00,183.33,183.37,183.16,183.21,598.62,2021,12,28
2021-12-28 16:53:00+00:00,183.21,183.22,182.78,182.89,875.25,2021,12,28
2021-12-28 16:54:00+00:00,182.88,183.21,182.82,183.12,647.39,2021,12,28
2021-12-28 16:55:00+00:00,183.13,183.13,182.8,183.04,513.39,2021,12,28
2021-12-28 16:56:00+00:00,183.05,183.45,183.05,183.41,1797.2,2021,12,28
2021-12-28 16:57:00+00:00,183.4,183.4,182.89,182.95,794.4,2021,12,28
2021-12-28 16:58:00+00:00,182.96,183.52,182.9,183.52,621.4,2021,12,28
2021-12-28 16:59:00+00:00,183.53,183.8,183.36,183.54,2086.26,2021,12,28
2021-12-28 17:00:00+00:00,183.53,183.66,183.15,183.21,809.6,2021,12,28
2021-12-28 17:01:00+00:00,183.21,183.24,182.88,182.88,711.33,2021,12,28
2021-12-28 17:02:00+00:00,182.93,183.2,182.9,182.97,823.26,2021,12,28
2021-12-28 17:03:00+00:00,182.97,182.97,182.68,182.82,863.89,2021,12,28
2021-12-28 17:04:00+00:00,182.83,182.91,182.65,182.79,603.17,2021,12,28
2021-12-28 17:05:00+00:00,182.75,182.78,182.02,182.1,1324.1,2021,12,28
2021-12-28 17:06:00+00:00,182.11,182.28,181.74,181.78,1447.47,2021,12,28
2021-12-28 17:07:00+00:00,181.77,181.95,181.69,181.93,512.1,2021,12,28
2021-12-28 17:08:00+00:00,181.94,182.07,181.8,181.92,1362.76,2021,12,28
2021-12-28 17:09:00+00:00,181.92,182.12,181.87,181.96,607.5,2021,12,28
2021-12-28 17:10:00+00:00,181.96,181.96,181.4,181.56,1723.97,2021,12,28
2021-12-28 17:11:00+00:00,181.6,181.62,181.14,181.33,2507.04,2021,12,28
2021-12-28 17:12:00+00:00,181.34,181.5,181.11,181.17,1286.9,2021,12,28
2021-12-28 17:13:00+00:00,181.19,181.29,181.0,181.08,1491.68,2021,12,28
2021-12-28 17:14:00+00:00,181.07,181.53,181.0,181.47,2103.06,2021,12,28
2021-12-28 17:15:00+00:00,181.47,181.99,181.32,181.72,3690.81,2021,12,28
2021-12-28 17:16:00+00:00,181.71,182.07,181.69,181.71,1660.79,2021,12,28
2021-12-28 17:17:00+00:00,181.7,181.88,181.4,181.42,4490.94,2021,12,28
2021-12-28 17:18:00+00:00,181.42,181.42,180.91,180.98,2709.47,2021,12,28
2021-12-28 17:19:00+00:00,180.98,181.29,180.94,181.16,2025.31,2021,12,28
2021-12-28 17:20:00+00:00,181.16,181.26,180.73,180.84,1713.59,2021,12,28
2021-12-28 17:21:00+00:00,180.82,181.28,180.7,181.23,2384.44,2021,12,28
2021-12-28 17:22:00+00:00,181.2,181.23,180.76,180.86,756.3,2021,12,28
2021-12-28 17:23:00+00:00,180.86,181.45,180.54,181.38,3432.57,2021,12,28
2021-12-28 17:24:00+00:00,181.39,181.66,180.97,181.0,2230.18,2021,12,28
2021-12-28 17:25:00+00:00,181.03,181.45,180.92,181.44,2089.42,2021,12,28
2021-12-28 17:26:00+00:00,181.45,181.62,180.8,180.83,1653.37,2021,12,28
2021-12-28 17:27:00+00:00,180.83,181.07,180.68,180.8,1275.14,2021,12,28
2021-12-28 17:28:00+00:00,180.8,180.8,180.24,180.27,4592.4,2021,12,28
2021-12-28 17:29:00+00:00,180.25,180.53,179.75,179.88,15760.24,2021,12,28
2021-12-28 17:30:00+00:00,179.84,180.27,179.3,179.96,10512.62,2021,12,28
2021-12-28 17:31:00+00:00,179.96,179.97,178.61,179.05,9081.38,2021,12,28
2021-12-28 17:32:00+00:00,179.05,180.0,178.68,179.81,8194.24,2021,12,28
2021-12-28 17:33:00+00:00,179.8,179.96,178.81,178.84,3240.32,2021,12,28
2021-12-28 17:34:00+00:00,178.91,179.21,178.52,178.76,5153.67,2021,12,28
2021-12-28 17:35:00+00:00,178.76,179.3,178.42,178.61,4186.09,2021,12,28
2021-12-28 17:36:00+00:00,178.61,178.75,178.16,178.49,4826.85,2021,12,28
2021-12-28 17:37:00+00:00,178.49,178.73,177.53,178.37,7912.27,2021,12,28
2021-12-28 17:38:00+00:00,178.33,179.78,178.26,179.13,7960.98,2021,12,28
2021-12-28 17:39:00+00:00,179.15,179.16,178.26,178.74,8529.37,2021,12,28
2021-12-28 17:40:00+00:00,178.72,178.83,178.13,178.46,2386.22,2021,12,28
2021-12-28 17:41:00+00:00,178.4,178.9,178.31,178.7,4816.88,2021,12,28
2021-12-28 17:42:00+00:00,178.7,179.26,178.5,179.25,2923.09,2021,12,28
2021-12-28 17:43:00+00:00,179.26,179.55,178.78,178.8,3181.38,2021,12,28
2021-12-28 17:44:00+00:00,178.81,179.37,178.62,179.15,2566.36,2021,12,28
2021-12-28 17:45:00+00:00,179.22,179.64,178.94,179.45,4955.34,2021,12,28
2021-12-28 17:46:00+00:00,179.48,180.0,179.21,179.74,5516.92,2021,12,28
2021-12-28 17:47:00+00:00,179.73,179.77,179.17,179.36,1485.51,2021,12,28
2021-12-28 17:48:00+00:00,179.39,179.48,178.65,179.04,3489.07,2021,12,28
2021-12-28 17:49:00+00:00,179.04,179.05,178.6,178.65,1217.58,2021,12,28
2021-12-28 17:50:00+00:00,178.62,179.74,178.62,179.7,3428.4,2021,12,28
2021-12-28 17:51:00+00:00,179.67,179.67,179.18,179.36,1412.2,2021,12,28
2021-12-28 17:52:00+00:00,179.36,179.5,179.2,179.47,683.34,2021,12,28
2021-12-28 17:53:00+00:00,179.47,179.57,179.17,179.57,1391.15,2021,12,28
2021-12-28 17:54:00+00:00,179.59,179.89,179.52,179.81,1246.89,2021,12,28
2021-12-28 17:55:00+00:00,179.84,180.28,179.57,180.17,1972.56,2021,12,28
2021-12-28 17:56:00+00:00,180.15,180.3,179.73,179.9,2165.82,2021,12,28
2021-12-28 17:57:00+00:00,179.91,180.39,179.8,180.36,2329.28,2021,12,28
2021-12-28 17:58:00+00:00,180.37,180.69,180.16,180.42,3928.39,2021,12,28
2021-12-28 17:59:00+00:00,180.37,180.76,180.29,180.63,3100.75,2021,12,28
2021-12-28 18:00:00+00:00,180.62,180.67,180.14,180.18,887.8,2021,12,28
2021-12-28 18:01:00+00:00,180.13,180.13,179.8,179.93,1100.42,2021,12,28
2021-12-28 18:02:00+00:00,179.93,180.3,179.85,179.87,1752.61,2021,12,28
2021-12-28 18:03:00+00:00,179.88,179.88,179.45,179.49,1289.86,2021,12,28
2021-12-28 18:04:00+00:00,179.5,179.57,179.16,179.33,1904.12,2021,12,28
2021-12-28 18:05:00+00:00,179.32,179.76,179.26,179.27,1611.44,2021,12,28
2021-12-28 18:06:00+00:00,179.3,179.36,178.88,179.05,1326.0,2021,12,28
2021-12-28 18:07:00+00:00,179.04,179.04,178.4,178.56,2760.47,2021,12,28
2021-12-28 18:08:00+00:00,178.57,179.03,178.52,178.63,1454.74,2021,12,28
2021-12-28 18:09:00+00:00,178.63,178.91,178.51,178.64,2709.25,2021,12,28
2021-12-28 18:10:00+00:00,178.62,179.26,178.51,178.9,2379.22,2021,12,28
2021-12-28 18:11:00+00:00,178.94,179.11,178.64,179.11,922.05,2021,12,28
2021-12-28 18:12:00+00:00,179.1,179.39,178.9,179.2,1789.52,2021,12,28
2021-12-28 18:13:00+00:00,179.2,179.65,179.15,179.54,2225.35,2021,12,28
2021-12-28 18:14:00+00:00,179.57,179.64,179.28,179.39,827.22,2021,12,28
2021-12-28 18:15:00+00:00,179.4,179.83,179.19,179.69,1360.93,2021,12,28
2021-12-28 18:16:00+00:00,179.73,179.88,179.6,179.76,1108.53,2021,12,28
2021-12-28 18:17:00+00:00,179.76,180.24,179.65,180.12,1723.77,2021,12,28
2021-12-28 18:18:00+00:00,180.13,180.38,180.07,180.19,1008.24,2021,12,28
2021-12-28 18:19:00+00:00,180.19,180.22,179.74,179.81,790.11,2021,12,28
2021-12-28 18:20:00+00:00,179.79,179.96,179.68,179.84,575.8,2021,12,28
2021-12-28 18:21:00+00:00,179.84,179.84,179.29,179.33,698.24,2021,12,28
2021-12-28 18:22:00+00:00,179.35,179.66,179.35,179.52,615.38,2021,12,28
2021-12-28 18:23:00+00:00,179.52,179.53,179.04,179.08,742.92,2021,12,28
2021-12-28 18:24:00+00:00,179.07,179.23,179.0,179.15,558.77,2021,12,28
2021-12-28 18:25:00+00:00,179.15,179.72,179.15,179.59,1222.3,2021,12,28
2021-12-28 18:26:00+00:00,179.63,179.66,179.19,179.5,794.04,2021,12,28
2021-12-28 18:27:00+00:00,179.5,179.72,179.3,179.32,469.39,2021,12,28
2021-12-28 18:28:00+00:00,179.36,179.81,179.29,179.74,1076.78,2021,12,28
2021-12-28 18:29:00+00:00,179.75,180.17,179.75,180.06,1952.83,2021,12,28
2021-12-28 18:30:00+00:00,180.06,180.06,179.81,180.02,927.93,2021,12,28
2021-12-28 18:31:00+00:00,180.0,180.3,180.0,180.19,553.5,2021,12,28
2021-12-28 18:32:00+00:00,180.18,180.47,180.18,180.44,635.41,2021,12,28
2021-12-28 18:33:00+00:00,180.45,180.48,180.24,180.35,409.64,2021,12,28
2021-12-28 18:34:00+00:00,180.35,180.49,180.3,180.39,801.76,2021,12,28
2021-12-28 18:35:00+00:00,180.39,180.71,180.38,180.48,1786.61,2021,12,28
2021-12-28 18:36:00+00:00,180.51,180.51,180.18,180.18,873.1,2021,12,28
2021-12-28 18:37:00+00:00,180.18,180.25,180.03,180.16,590.64,2021,12,28
2021-12-28 18:38:00+00:00,180.15,180.45,180.0,180.04,1278.11,2021,12,28
2021-12-28 18:39:00+00:00,180.05,180.19,179.9,180.18,1557.92,2021,12,28
2021-12-28 18:40:00+00:00,180.19,180.43,180.11,180.13,568.17,2021,12,28
2021-12-28 18:41:00+00:00,180.14,180.31,180.0,180.1,668.0,2021,12,28
2021-12-28 18:42:00+00:00,180.09,180.69,180.09,180.35,880.11,2021,12,28
2021-12-28 18:43:00+00:00,180.35,180.59,180.21,180.55,1541.61,2021,12,28
2021-12-28 18:44:00+00:00,180.59,180.59,180.08,180.1,581.74,2021,12,28
2021-12-28 18:45:00+00:00,180.09,180.1,179.75,179.85,2255.16,2021,12,28
2021-12-28 18:46:00+00:00,179.85,180.06,179.78,179.79,846.68,2021,12,28
2021-12-28 18:47:00+00:00,179.78,179.91,179.44,179.56,792.69,2021,12,28
2021-12-28 18:48:00+00:00,179.55,179.55,179.01,179.04,2134.98,2021,12,28
2021-12-28 18:49:00+00:00,179.05,179.25,178.95,179.04,2389.41,2021,12,28
2021-12-28 18:50:00+00:00,179.04,179.09,178.67,179.02,2240.98,2021,12,28
2021-12-28 18:51:00+00:00,179.02,179.1,178.7,178.81,753.12,2021,12,28
2021-12-28 18:52:00+00:00,178.8,178.84,178.66,178.75,1431.87,2021,12,28
2021-12-28 18:53:00+00:00,178.75,178.84,178.07,178.33,2784.35,2021,12,28
2021-12-28 18:54:00+00:00,178.34,178.71,178.22,178.71,1094.5,2021,12,28
2021-12-28 18:55:00+00:00,178.71,178.81,178.37,178.57,1568.45,2021,12,28
2021-12-28 18:56:00+00:00,178.59,178.97,178.59,178.92,463.16,2021,12,28
2021-12-28 18:57:00+00:00,178.92,179.2,178.82,179.15,1178.18,2021,12,28
2021-12-28 18:58:00+00:00,179.14,179.45,179.13,179.34,503.4,2021,12,28
2021-12-28 18:59:00+00:00,179.34,179.34,179.07,179.11,469.16,2021,12,28
2021-12-28 19:00:00+00:00,179.11,179.11,178.67,178.86,1204.61,2021,12,28
2021-12-28 19:01:00+00:00,178.85,178.85,178.37,178.62,2222.7,2021,12,28
2021-12-28 19:02:00+00:00,178.62,178.69,178.14,178.42,1299.78,2021,12,28
2021-12-28 19:03:00+00:00,178.41,178.51,177.76,178.03,2686.46,2021,12,28
2021-12-28 19:04:00+00:00,178.05,178.21,177.8,177.81,1878.93,2021,12,28
2021-12-28 19:05:00+00:00,177.81,178.14,177.4,177.55,3635.04,2021,12,28
2021-12-28 19:06:00+00:00,177.52,177.62,177.03,177.31,4883.27,2021,12,28
2021-12-28 19:07:00+00:00,177.31,177.44,177.04,177.18,2567.14,2021,12,28
2021-12-28 19:08:00+00:00,177.17,177.19,176.7,176.77,10869.6,2021,12,28
2021-12-28 19:09:00+00:00,176.8,177.71,176.2,176.26,7254.53,2021,12,28
2021-12-28 19:10:00+00:00,176.24,177.48,176.23,177.25,3339.54,2021,12,28
2021-12-28 19:11:00+00:00,177.22,178.08,177.19,177.73,3116.82,2021,12,28
2021-12-28 19:12:00+00:00,177.7,178.06,177.55,177.73,1926.48,2021,12,28
2021-12-28 19:13:00+00:00,177.74,178.03,177.23,177.27,1500.19,2021,12,28
2021-12-28 19:14:00+00:00,177.31,177.43,176.74,177.02,1399.77,2021,12,28
2021-12-28 19:15:00+00:00,177.05,177.86,177.01,177.56,2093.05,2021,12,28
2021-12-28 19:16:00+00:00,177.59,177.73,177.41,177.72,2860.03,2021,12,28
2021-12-28 19:17:00+00:00,177.72,177.73,177.47,177.58,613.04,2021,12,28
2021-12-28 19:18:00+00:00,177.58,177.73,177.25,177.33,1541.87,2021,12,28
2021-12-28 19:19:00+00:00,177.32,177.37,177.08,177.08,1028.45,2021,12,28
2021-12-28 19:20:00+00:00,177.08,177.6,176.94,177.55,1856.39,2021,12,28
2021-12-28 19:21:00+00:00,177.56,177.69,177.53,177.68,605.63,2021,12,28
2021-12-28 19:22:00+00:00,177.67,178.14,177.61,178.09,6735.59,2021,12,28
2021-12-28 19:23:00+00:00,178.07,178.62,177.96,178.44,4410.1,2021,12,28
2021-12-28 19:24:00+00:00,178.49,178.57,178.36,178.52,609.29,2021,12,28
2021-12-28 19:25:00+00:00,178.44,178.73,178.35,178.62,1359.49,2021,12,28
2021-12-28 19:26:00+00:00,178.6,178.69,178.18,178.26,1190.96,2021,12,28
2021-12-28 19:27:00+00:00,178.25,178.58,178.16,178.18,667.19,2021,12,28
2021-12-28 19:28:00+00:00,178.18,178.24,177.69,178.06,2552.78,2021,12,28
2021-12-28 19:29:00+00:00,178.06,178.21,177.76,177.9,1018.59,2021,12,28
2021-12-28 19:30:00+00:00,177.9,178.06,177.69,177.79,415.89,2021,12,28
2021-12-28 19:31:00+00:00,177.8,178.52,177.79,178.49,858.27,2021,12,28
2021-12-28 19:32:00+00:00,178.48,178.77,178.17,178.77,2264.82,2021,12,28
2021-12-28 19:33:00+00:00,178.68,178.86,178.63,178.79,1007.18,2021,12,28
2021-12-28 19:34:00+00:00,178.78,178.81,178.51,178.63,1033.36,2021,12,28
2021-12-28 19:35:00+00:00,178.65,178.69,178.15,178.3,995.84,2021,12,28
2021-12-28 19:36:00+00:00,178.31,178.34,178.14,178.24,352.2,2021,12,28
2021-12-28 19:37:00+00:00,178.23,178.79,178.23,178.76,691.04,2021,12,28
2021-12-28 19:38:00+00:00,178.76,178.99,178.76,178.9,1056.6,2021,12,28
2021-12-28 19:39:00+00:00,178.93,178.97,178.61,178.84,1154.83,2021,12,28
2021-12-28 19:40:00+00:00,178.83,178.89,178.69,178.7,873.55,2021,12,28
2021-12-28 19:41:00+00:00,178.7,179.19,178.53,178.92,2774.82,2021,12,28
2021-12-28 19:42:00+00:00,178.92,179.18,178.77,179.08,827.34,2021,12,28
2021-12-28 19:43:00+00:00,179.1,179.32,179.06,179.28,363.04,2021,12,28
2021-12-28 19:44:00+00:00,179.28,179.4,179.11,179.31,1485.09,2021,12,28
2021-12-28 19:45:00+00:00,179.35,179.41,179.12,179.22,767.44,2021,12,28
2021-12-28 19:46:00+00:00,179.27,179.48,179.24,179.35,783.44,2021,12,28
2021-12-28 19:47:00+00:00,179.36,179.74,179.32,179.74,855.55,2021,12,28
2021-12-28 19:48:00+00:00,179.74,180.0,179.7,179.92,2748.52,2021,12,28
2021-12-28 19:49:00+00:00,179.9,180.1,179.71,179.82,4875.36,2021,12,28
2021-12-28 19:50:00+00:00,179.76,180.03,179.59,179.89,1096.52,2021,12,28
2021-12-28 19:51:00+00:00,179.89,180.39,179.84,180.1,2123.48,2021,12,28
2021-12-28 19:52:00+00:00,180.12,180.27,179.79,180.2,1884.82,2021,12,28
2021-12-28 19:53:00+00:00,180.2,180.28,180.1,180.21,865.74,2021,12,28
2021-12-28 19:54:00+00:00,180.2,180.2,179.96,180.05,690.05,2021,12,28
2021-12-28 19:55:00+00:00,180.05,180.2,179.91,180.08,1005.63,2021,12,28
2021-12-28 19:56:00+00:00,180.11,180.28,179.94,179.99,1281.83,2021,12,28
2021-12-28 19:57:00+00:00,179.99,179.99,179.5,179.65,1066.94,2021,12,28
2021-12-28 19:58:00+00:00,179.63,179.68,179.45,179.52,474.65,2021,12,28
2021-12-28 19:59:00+00:00,179.52,180.28,179.48,180.17,3345.43,2021,12,28
2021-12-28 20:00:00+00:00,180.18,180.26,179.72,179.85,1849.15,2021,12,28
2021-12-28 20:01:00+00:00,179.86,180.0,179.55,179.66,778.67,2021,12,28
2021-12-28 20:02:00+00:00,179.64,180.16,179.62,179.7,3472.61,2021,12,28
2021-12-28 20:03:00+00:00,179.69,179.69,179.19,179.36,1147.14,2021,12,28
2021-12-28 20:04:00+00:00,179.35,179.53,179.29,179.48,718.54,2021,12,28
2021-12-28 20:05:00+00:00,179.51,179.69,179.31,179.34,519.7,2021,12,28
2021-12-28 20:06:00+00:00,179.31,179.67,179.11,179.67,421.53,2021,12,28
2021-12-28 20:07:00+00:00,179.67,180.17,179.67,180.12,833.07,2021,12,28
2021-12-28 20:08:00+00:00,180.13,180.17,179.96,180.03,857.96,2021,12,28
2021-12-28 20:09:00+00:00,180.04,180.3,179.87,180.29,1052.82,2021,12,28
2021-12-28 20:10:00+00:00,180.29,180.58,180.27,180.48,1592.35,2021,12,28
2021-12-28 20:11:00+00:00,180.51,180.7,180.45,180.59,1130.08,2021,12,28
2021-12-28 20:12:00+00:00,180.54,180.63,180.27,180.49,1230.04,2021,12,28
2021-12-28 20:13:00+00:00,180.6,180.8,180.46,180.79,1552.28,2021,12,28
2021-12-28 20:14:00+00:00,180.78,181.24,180.76,180.95,2386.77,2021,12,28
2021-12-28 20:15:00+00:00,180.94,181.07,180.79,180.94,1217.33,2021,12,28
2021-12-28 20:16:00+00:00,180.91,181.02,180.7,180.78,652.87,2021,12,28
2021-12-28 20:17:00+00:00,180.77,180.94,180.52,180.94,1626.97,2021,12,28
2021-12-28 20:18:00+00:00,180.97,181.29,180.9,181.24,804.88,2021,12,28
2021-12-28 20:19:00+00:00,181.24,181.7,181.12,181.62,3995.59,2021,12,28
2021-12-28 20:20:00+00:00,181.59,181.86,181.08,181.71,4035.62,2021,12,28
2021-12-28 20:21:00+00:00,181.74,183.99,181.61,182.12,20598.09,2021,12,28
2021-12-28 20:22:00+00:00,182.06,182.31,181.72,182.08,4526.39,2021,12,28
2021-12-28 20:23:00+00:00,182.08,182.25,181.93,182.1,1251.7,2021,12,28
2021-12-28 20:24:00+00:00,182.08,182.25,181.94,182.23,2896.5,2021,12,28
2021-12-28 20:25:00+00:00,182.24,182.24,181.84,181.91,1170.38,2021,12,28
2021-12-28 20:26:00+00:00,181.91,181.93,181.5,181.7,2429.83,2021,12,28
2021-12-28 20:27:00+00:00,181.71,181.75,181.21,181.26,951.3,2021,12,28
2021-12-28 20:28:00+00:00,181.25,181.66,181.25,181.66,623.28,2021,12,28
2021-12-28 20:29:00+00:00,181.67,181.68,181.29,181.32,801.97,2021,12,28
2021-12-28 20:30:00+00:00,181.34,181.34,180.97,181.05,1177.3,2021,12,28
2021-12-28 20:31:00+00:00,181.06,181.22,181.02,181.04,689.99,2021,12,28
2021-12-28 20:32:00+00:00,181.04,181.07,180.8,180.86,783.64,2021,12,28
2021-12-28 20:33:00+00:00,180.83,180.92,180.71,180.86,732.07,2021,12,28
2021-12-28 20:34:00+00:00,180.86,181.18,180.71,181.14,764.74,2021,12,28
2021-12-28 20:35:00+00:00,181.13,181.41,181.0,181.36,819.84,2021,12,28
2021-12-28 20:36:00+00:00,181.36,181.4,181.05,181.21,858.1,2021,12,28
2021-12-28 20:37:00+00:00,181.2,181.4,181.16,181.2,679.98,2021,12,28
2021-12-28 20:38:00+00:00,181.2,181.33,181.09,181.09,754.68,2021,12,28
2021-12-28 20:39:00+00:00,181.09,181.29,180.94,181.29,829.0,2021,12,28
2021-12-28 20:40:00+00:00,181.29,181.45,181.26,181.45,419.12,2021,12,28
2021-12-28 20:41:00+00:00,181.46,181.73,181.44,181.73,711.47,2021,12,28
2021-12-28 20:42:00+00:00,181.73,181.93,181.6,181.8,1443.38,2021,12,28
2021-12-28 20:43:00+00:00,181.8,182.18,181.8,182.1,1900.1,2021,12,28
2021-12-28 20:44:00+00:00,182.09,182.35,181.95,182.16,1786.85,2021,12,28
2021-12-28 20:45:00+00:00,182.16,182.35,182.09,182.09,1683.55,2021,12,28
2021-12-28 20:46:00+00:00,182.09,182.17,181.77,182.15,1177.4,2021,12,28
2021-12-28 20:47:00+00:00,182.14,182.46,182.1,182.4,1391.17,2021,12,28
2021-12-28 20:48:00+00:00,182.41,182.41,181.7,181.82,1467.72,2021,12,28
2021-12-28 20:49:00+00:00,181.82,181.95,181.44,181.69,906.0,2021,12,28
2021-12-28 20:50:00+00:00,181.68,181.68,181.37,181.58,1393.95,2021,12,28
2021-12-28 20:51:00+00:00,181.6,181.62,181.1,181.28,1626.95,2021,12,28
2021-12-28 20:52:00+00:00,181.31,181.56,181.24,181.42,2643.11,2021,12,28
2021-12-28 20:53:00+00:00,181.43,181.43,181.09,181.24,719.96,2021,12,28
2021-12-28 20:54:00+00:00,181.23,181.44,181.23,181.28,456.45,2021,12,28
2021-12-28 20:55:00+00:00,181.3,181.63,181.3,181.46,892.0,2021,12,28
2021-12-28 20:56:00+00:00,181.45,181.45,180.7,180.89,1614.39,2021,12,28
2021-12-28 20:57:00+00:00,180.89,181.14,180.72,180.95,884.68,2021,12,28
2021-12-28 20:58:00+00:00,180.94,181.0,180.87,180.92,444.55,2021,12,28
2021-12-28 20:59:00+00:00,180.92,181.2,180.88,181.2,621.27,2021,12,28
2021-12-28 21:00:00+00:00,181.21,181.27,180.85,180.87,292.16,2021,12,28
2021-12-28 21:01:00+00:00,180.86,180.86,180.53,180.76,561.25,2021,12,28
2021-12-28 21:02:00+00:00,180.8,180.84,180.6,180.72,503.57,2021,12,28
2021-12-28 21:03:00+00:00,180.73,180.8,180.56,180.56,763.88,2021,12,28
2021-12-28 21:04:00+00:00,180.55,180.62,180.34,180.49,686.14,2021,12,28
2021-12-28 21:05:00+00:00,180.49,180.5,180.25,180.38,1528.45,2021,12,28
2021-12-28 21:06:00+00:00,180.38,180.7,180.27,180.65,675.08,2021,12,28
2021-12-28 21:07:00+00:00,180.65,180.74,180.33,180.33,775.22,2021,12,28
2021-12-28 21:08:00+00:00,180.36,180.47,180.33,180.47,223.13,2021,12,28
2021-12-28 21:09:00+00:00,180.48,180.66,180.27,180.3,328.64,2021,12,28
2021-12-28 21:10:00+00:00,180.29,180.37,180.13,180.27,748.15,2021,12,28
2021-12-28 21:11:00+00:00,180.26,180.54,180.25,180.28,372.74,2021,12,28
2021-12-28 21:12:00+00:00,180.28,180.42,180.27,180.32,683.27,2021,12,28
2021-12-28 21:13:00+00:00,180.31,180.67,180.31,180.58,529.41,2021,12,28
2021-12-28 21:14:00+00:00,180.58,180.92,180.56,180.58,768.11,2021,12,28
2021-12-28 21:15:00+00:00,180.55,180.83,180.53,180.82,248.13,2021,12,28
2021-12-28 21:16:00+00:00,180.83,180.97,180.77,180.78,290.07,2021,12,28
2021-12-28 21:17:00+00:00,180.76,180.9,180.71,180.88,168.14,2021,12,28
2021-12-28 21:18:00+00:00,180.88,181.19,180.85,181.04,261.55,2021,12,28
2021-12-28 21:19:00+00:00,181.06,181.13,180.97,180.98,621.19,2021,12,28
2021-12-28 21:20:00+00:00,180.97,181.17,180.94,181.17,253.2,2021,12,28
2021-12-28 21:21:00+00:00,181.16,181.25,181.06,181.12,348.31,2021,12,28
2021-12-28 21:22:00+00:00,181.11,181.2,180.61,180.85,489.58,2021,12,28
2021-12-28 21:23:00+00:00,180.8,180.86,180.75,180.8,416.69,2021,12,28
2021-12-28 21:24:00+00:00,180.81,180.81,180.37,180.46,4635.38,2021,12,28
2021-12-28 21:25:00+00:00,180.45,180.47,180.38,180.41,291.62,2021,12,28
2021-12-28 21:26:00+00:00,180.4,180.4,180.04,180.16,367.65,2021,12,28
2021-12-28 21:27:00+00:00,180.17,180.37,180.17,180.36,271.99,2021,12,28
2021-12-28 21:28:00+00:00,180.35,180.37,180.07,180.11,268.04,2021,12,28
2021-12-28 21:29:00+00:00,180.11,180.25,180.06,180.22,697.19,2021,12,28
2021-12-28 21:30:00+00:00,180.21,180.22,180.08,180.2,182.31,2021,12,28
2021-12-28 21:31:00+00:00,180.2,180.42,180.17,180.31,901.64,2021,12,28
2021-12-28 21:32:00+00:00,180.32,180.59,180.25,180.37,495.4,2021,12,28
2021-12-28 21:33:00+00:00,180.36,180.68,180.26,180.31,387.21,2021,12,28
2021-12-28 21:34:00+00:00,180.31,180.45,180.26,180.32,428.13,2021,12,28
2021-12-28 21:35:00+00:00,180.33,180.39,180.15,180.34,519.15,2021,12,28
2021-12-28 21:36:00+00:00,180.33,180.4,180.17,180.22,283.24,2021,12,28
2021-12-28 21:37:00+00:00,180.22,180.34,180.16,180.34,208.99,2021,12,28
2021-12-28 21:38:00+00:00,180.3,180.4,180.23,180.36,378.47,2021,12,28
2021-12-28 21:39:00+00:00,180.32,180.59,180.01,180.02,442.9,2021,12,28
2021-12-28 21:40:00+00:00,180.02,180.04,179.52,179.85,5033.0,2021,12,28
2021-12-28 21:41:00+00:00,179.86,179.91,179.61,179.65,382.21,2021,12,28
2021-12-28 21:42:00+00:00,179.62,179.65,179.38,179.39,509.92,2021,12,28
2021-12-28 21:43:00+00:00,179.39,179.51,179.26,179.34,764.26,2021,12,28
2021-12-28 21:44:00+00:00,179.33,179.33,178.88,178.91,2059.89,2021,12,28
2021-12-28 21:45:00+00:00,178.91,179.28,178.91,179.2,897.94,2021,12,28
2021-12-28 21:46:00+00:00,179.22,179.22,178.86,178.97,439.87,2021,12,28
2021-12-28 21:47:00+00:00,178.96,178.96,178.49,178.84,1412.41,2021,12,28
2021-12-28 21:48:00+00:00,178.84,179.11,178.29,178.5,857.8,2021,12,28
2021-12-28 21:49:00+00:00,178.52,178.55,178.27,178.38,961.35,2021,12,28
2021-12-28 21:50:00+00:00,178.39,178.79,178.37,178.79,1923.66,2021,12,28
2021-12-28 21:51:00+00:00,178.8,178.91,178.72,178.84,377.95,2021,12,28
2021-12-28 21:52:00+00:00,178.86,179.25,178.86,179.24,498.76,2021,12,28
2021-12-28 21:53:00+00:00,179.24,179.26,179.12,179.19,443.69,2021,12,28
2021-12-28 21:54:00+00:00,179.2,179.2,178.87,178.93,589.41,2021,12,28
2021-12-28 21:55:00+00:00,178.95,179.26,178.95,178.96,320.4,2021,12,28
2021-12-28 21:56:00+00:00,179.03,179.03,178.71,178.75,581.21,2021,12,28
2021-12-28 21:57:00+00:00,178.76,179.12,178.76,179.12,245.47,2021,12,28
2021-12-28 21:58:00+00:00,179.15,179.26,178.8,178.85,820.37,2021,12,28
2021-12-28 21:59:00+00:00,178.85,178.85,178.53,178.66,203.54,2021,12,28
2021-12-28 22:00:00+00:00,178.62,178.82,178.6,178.81,400.04,2021,12,28
2021-12-28 22:01:00+00:00,178.81,179.18,178.8,179.14,430.2,2021,12,28
2021-12-28 22:02:00+00:00,179.15,179.22,178.85,179.09,672.74,2021,12,28
2021-12-28 22:03:00+00:00,179.09,179.49,179.09,179.38,1017.99,2021,12,28
2021-12-28 22:04:00+00:00,179.39,179.4,179.26,179.39,378.59,2021,12,28
2021-12-28 22:05:00+00:00,179.38,179.46,179.32,179.46,219.0,2021,12,28
2021-12-28 22:06:00+00:00,179.46,179.57,179.4,179.46,188.78,2021,12,28
2021-12-28 22:07:00+00:00,179.46,179.6,179.34,179.49,500.69,2021,12,28
2021-12-28 22:08:00+00:00,179.47,179.49,179.23,179.49,356.21,2021,12,28
2021-12-28 22:09:00+00:00,179.49,179.53,179.27,179.33,250.95,2021,12,28
2021-12-28 22:10:00+00:00,179.32,179.32,179.02,179.09,563.49,2021,12,28
2021-12-28 22:11:00+00:00,179.1,179.22,178.88,178.89,294.63,2021,12,28
2021-12-28 22:12:00+00:00,178.88,178.88,178.18,178.26,1195.18,2021,12,28
2021-12-28 22:13:00+00:00,178.26,178.52,178.05,178.05,739.25,2021,12,28
2021-12-28 22:14:00+00:00,178.05,178.15,177.86,178.0,2298.38,2021,12,28
2021-12-28 22:15:00+00:00,177.95,178.3,177.88,178.26,1291.99,2021,12,28
2021-12-28 22:16:00+00:00,178.32,178.43,178.2,178.38,657.21,2021,12,28
2021-12-28 22:17:00+00:00,178.36,178.49,178.32,178.49,471.03,2021,12,28
2021-12-28 22:18:00+00:00,178.47,178.5,178.24,178.36,504.14,2021,12,28
2021-12-28 22:19:00+00:00,178.37,178.64,178.36,178.55,793.87,2021,12,28
2021-12-28 22:20:00+00:00,178.53,178.56,178.24,178.42,835.9,2021,12,28
2021-12-28 22:21:00+00:00,178.48,178.63,178.38,178.58,580.2,2021,12,28
2021-12-28 22:22:00+00:00,178.53,178.78,178.51,178.78,269.27,2021,12,28
2021-12-28 22:23:00+00:00,178.76,178.87,178.64,178.69,960.65,2021,12,28
2021-12-28 22:24:00+00:00,178.77,178.85,178.41,178.53,636.23,2021,12,28
2021-12-28 22:25:00+00:00,178.45,178.52,178.25,178.26,206.21,2021,12,28
2021-12-28 22:26:00+00:00,178.26,178.26,178.0,178.05,546.7,2021,12,28
2021-12-28 22:27:00+00:00,178.02,178.02,177.81,177.97,521.15,2021,12,28
2021-12-28 22:28:00+00:00,177.98,178.26,177.88,178.24,1114.67,2021,12,28
2021-12-28 22:29:00+00:00,178.25,178.25,178.21,178.21,452.85,2021,12,28
2021-12-28 22:30:00+00:00,178.21,178.21,178.07,178.07,320.47,2021,12,28
2021-12-28 22:31:00+00:00,178.07,178.07,177.92,177.95,373.63,2021,12,28
2021-12-28 22:32:00+00:00,177.94,177.95,177.83,177.84,236.57,2021,12,28
2021-12-28 22:33:00+00:00,177.83,177.83,177.63,177.66,708.11,2021,12,28
2021-12-28 22:34:00+00:00,177.66,177.84,177.6,177.63,526.18,2021,12,28
2021-12-28 22:35:00+00:00,177.65,177.86,177.65,177.86,1527.08,2021,12,28
2021-12-28 22:36:00+00:00,177.86,177.91,177.02,177.29,2544.76,2021,12,28
2021-12-28 22:37:00+00:00,177.31,177.84,177.31,177.78,1011.79,2021,12,28
2021-12-28 22:38:00+00:00,177.8,177.88,177.64,177.79,533.42,2021,12,28
2021-12-28 22:39:00+00:00,177.83,177.9,177.54,177.65,373.54,2021,12,28
2021-12-28 22:40:00+00:00,177.64,177.72,177.17,177.27,454.4,2021,12,28
2021-12-28 22:41:00+00:00,177.25,177.33,177.2,177.2,293.42,2021,12,28
2021-12-28 22:42:00+00:00,177.21,177.69,177.08,177.62,1146.26,2021,12,28
2021-12-28 22:43:00+00:00,177.6,177.75,177.35,177.75,1537.52,2021,12,28
2021-12-28 22:44:00+00:00,177.74,178.06,177.74,178.06,674.5,2021,12,28
2021-12-28 22:45:00+00:00,178.03,178.28,178.03,178.28,420.78,2021,12,28
2021-12-28 22:46:00+00:00,178.28,178.44,178.17,178.4,250.47,2021,12,28
2021-12-28 22:47:00+00:00,178.4,178.54,178.4,178.53,293.78,2021,12,28
2021-12-28 22:48:00+00:00,178.53,178.7,178.38,178.7,451.72,2021,12,28
2021-12-28 22:49:00+00:00,178.69,178.81,178.66,178.79,494.45,2021,12,28
2021-12-28 22:50:00+00:00,178.8,178.99,178.7,178.91,770.25,2021,12,28
2021-12-28 22:51:00+00:00,178.91,179.0,178.87,179.0,286.38,2021,12,28
2021-12-28 22:52:00+00:00,179.0,179.24,179.0,179.21,1222.01,2021,12,28
2021-12-28 22:53:00+00:00,179.22,179.42,179.16,179.2,733.62,2021,12,28
2021-12-28 22:54:00+00:00,179.19,179.19,178.91,179.02,617.79,2021,12,28
2021-12-28 22:55:00+00:00,179.02,179.14,178.65,179.11,935.99,2021,12,28
2021-12-28 22:56:00+00:00,179.11,179.18,178.93,178.99,367.53,2021,12,28
2021-12-28 22:57:00+00:00,178.99,179.21,178.97,179.14,234.58,2021,12,28
2021-12-28 22:58:00+00:00,179.15,179.48,179.12,179.48,490.17,2021,12,28
2021-12-28 22:59:00+00:00,179.45,179.6,179.42,179.42,508.74,2021,12,28
2021-12-28 23:00:00+00:00,179.41,179.81,179.4,179.49,598.17,2021,12,28
2021-12-28 23:01:00+00:00,179.48,179.69,179.41,179.45,383.26,2021,12,28
2021-12-28 23:02:00+00:00,179.46,179.49,179.04,179.04,450.38,2021,12,28
2021-12-28 23:03:00+00:00,179.07,179.08,178.78,178.81,509.16,2021,12,28
2021-12-28 23:04:00+00:00,178.8,178.95,178.7,178.9,352.75,2021,12,28
2021-12-28 23:05:00+00:00,178.93,179.01,178.52,178.75,1142.2,2021,12,28
2021-12-28 23:06:00+00:00,178.76,179.27,178.76,179.15,344.91,2021,12,28
2021-12-28 23:07:00+00:00,179.14,179.14,178.87,178.98,516.61,2021,12,28
2021-12-28 23:08:00+00:00,179.0,179.33,178.91,179.16,475.49,2021,12,28
2021-12-28 23:09:00+00:00,179.19,179.36,178.88,178.92,381.87,2021,12,28
2021-12-28 23:10:00+00:00,178.93,179.02,178.62,178.62,693.4,2021,12,28
2021-12-28 23:11:00+00:00,178.62,178.69,178.51,178.54,412.1,2021,12,28
2021-12-28 23:12:00+00:00,178.56,178.74,178.53,178.69,576.08,2021,12,28
2021-12-28 23:13:00+00:00,178.7,178.79,178.57,178.78,538.48,2021,12,28
2021-12-28 23:14:00+00:00,178.78,179.1,178.77,178.96,409.37,2021,12,28
2021-12-28 23:15:00+00:00,178.97,179.37,178.97,179.24,330.56,2021,12,28
2021-12-28 23:16:00+00:00,179.28,179.56,179.25,179.55,270.16,2021,12,28
2021-12-28 23:17:00+00:00,179.53,179.57,179.45,179.46,224.07,2021,12,28
2021-12-28 23:18:00+00:00,179.43,179.81,179.3,179.56,1234.34,2021,12,28
2021-12-28 23:19:00+00:00,179.56,179.71,179.36,179.55,240.43,2021,12,28
2021-12-28 23:20:00+00:00,179.56,179.63,179.5,179.6,294.07,2021,12,28
2021-12-28 23:21:00+00:00,179.6,179.64,179.51,179.63,346.36,2021,12,28
2021-12-28 23:22:00+00:00,179.65,179.86,179.65,179.74,680.01,2021,12,28
2021-12-28 23:23:00+00:00,179.74,179.85,179.64,179.64,252.49,2021,12,28
2021-12-28 23:24:00+00:00,179.65,179.86,179.6,179.68,333.35,2021,12,28
2021-12-28 23:25:00+00:00,179.68,179.72,179.51,179.62,402.7,2021,12,28
2021-12-28 23:26:00+00:00,179.57,179.71,179.54,179.61,277.12,2021,12,28
2021-12-28 23:27:00+00:00,179.64,179.71,179.55,179.7,556.22,2021,12,28
2021-12-28 23:28:00+00:00,179.73,179.73,179.57,179.69,291.26,2021,12,28
2021-12-28 23:29:00+00:00,179.68,179.77,179.55,179.68,1396.06,2021,12,28
2021-12-28 23:30:00+00:00,179.66,180.18,179.66,180.12,781.66,2021,12,28
2021-12-28 23:31:00+00:00,180.13,180.13,179.9,179.9,427.89,2021,12,28
2021-12-28 23:32:00+00:00,179.93,180.0,179.58,179.59,732.28,2021,12,28
2021-12-28 23:33:00+00:00,179.59,179.72,179.42,179.42,425.1,2021,12,28
2021-12-28 23:34:00+00:00,179.47,179.54,179.19,179.21,500.4,2021,12,28
2021-12-28 23:35:00+00:00,179.2,179.47,179.2,179.34,529.01,2021,12,28
2021-12-28 23:36:00+00:00,179.35,179.45,179.21,179.25,421.42,2021,12,28
2021-12-28 23:37:00+00:00,179.26,179.4,179.17,179.29,2461.25,2021,12,28
2021-12-28 23:38:00+00:00,179.26,179.36,179.21,179.36,478.44,2021,12,28
2021-12-28 23:39:00+00:00,179.39,179.56,179.39,179.43,239.21,2021,12,28
2021-12-28 23:40:00+00:00,179.48,179.56,179.42,179.45,307.83,2021,12,28
2021-12-28 23:41:00+00:00,179.45,179.6,179.26,179.35,387.99,2021,12,28
2021-12-28 23:42:00+00:00,179.34,179.53,179.33,179.46,297.37,2021,12,28
2021-12-28 23:43:00+00:00,179.48,179.48,179.31,179.38,326.24,2021,12,28
2021-12-28 23:44:00+00:00,179.34,179.4,179.09,179.09,481.71,2021,12,28
2021-12-28 23:45:00+00:00,179.15,179.21,178.69,178.78,1150.25,2021,12,28
2021-12-28 23:46:00+00:00,178.79,178.79,178.62,178.71,270.88,2021,12,28
2021-12-28 23:47:00+00:00,178.71,179.0,178.64,178.99,366.44,2021,12,28
2021-12-28 23:48:00+00:00,178.98,179.04,178.61,178.7,224.54,2021,12,28
2021-12-28 23:49:00+00:00,178.65,178.91,178.57,178.84,282.73,2021,12,28
2021-12-28 23:50:00+00:00,178.83,178.85,178.63,178.7,225.12,2021,12,28
2021-12-28 23:51:00+00:00,178.66,178.66,178.09,178.2,1914.23,2021,12,28
2021-12-28 23:52:00+00:00,178.17,178.28,177.86,178.06,1562.93,2021,12,28
2021-12-28 23:53:00+00:00,178.06,178.31,178.02,178.15,426.26,2021,12,28
2021-12-28 23:54:00+00:00,178.14,178.14,177.83,177.9,335.49,2021,12,28
2021-12-28 23:55:00+00:00,177.9,177.9,177.0,177.09,6892.23,2021,12,28
2021-12-28 23:56:00+00:00,177.09,177.25,177.06,177.22,918.04,2021,12,28
2021-12-28 23:57:00+00:00,177.22,177.78,177.22,177.55,2111.49,2021,12,28
2021-12-28 23:58:00+00:00,177.55,177.56,177.18,177.39,630.48,2021,12,28
2021-12-28 23:59:00+00:00,177.4,177.42,176.94,177.32,1444.13,2021,12,28
2021-12-29 00:00:00+00:00,177.28,177.31,176.99,177.22,2752.94,2021,12,29
2021-12-29 00:01:00+00:00,177.27,177.44,177.23,177.38,680.96,2021,12,29
2021-12-29 00:02:00+00:00,177.38,177.85,177.34,177.34,1296.65,2021,12,29
2021-12-29 00:03:00+00:00,177.35,177.42,177.09,177.36,1229.37,2021,12,29
2021-12-29 00:04:00+00:00,177.37,177.6,176.77,176.81,2176.44,2021,12,29
2021-12-29 00:05:00+00:00,176.81,177.85,176.78,177.85,2548.68,2021,12,29
2021-12-29 00:06:00+00:00,177.86,178.04,177.56,177.98,1070.27,2021,12,29
2021-12-29 00:07:00+00:00,178.0,178.19,177.92,178.19,811.69,2021,12,29
2021-12-29 00:08:00+00:00,178.2,178.91,178.2,178.71,5113.86,2021,12,29
2021-12-29 00:09:00+00:00,178.71,178.87,178.28,178.74,1257.56,2021,12,29
2021-12-29 00:10:00+00:00,178.69,178.94,178.42,178.88,425.0,2021,12,29
2021-12-29 00:11:00+00:00,178.92,179.17,178.85,178.87,805.96,2021,12,29
2021-12-29 00:12:00+00:00,178.86,179.27,178.76,179.21,1688.14,2021,12,29
2021-12-29 00:13:00+00:00,179.19,179.51,179.1,179.16,1897.0,2021,12,29
2021-12-29 00:14:00+00:00,179.19,179.39,179.19,179.21,575.99,2021,12,29
2021-12-29 00:15:00+00:00,179.21,179.33,178.79,178.86,905.22,2021,12,29
2021-12-29 00:16:00+00:00,178.87,178.91,178.43,178.89,967.63,2021,12,29
2021-12-29 00:17:00+00:00,178.89,179.06,178.78,178.95,625.06,2021,12,29
2021-12-29 00:18:00+00:00,178.95,179.16,178.73,178.73,1136.81,2021,12,29
2021-12-29 00:19:00+00:00,178.76,179.2,178.72,179.18,591.07,2021,12,29
2021-12-29 00:20:00+00:00,179.18,179.43,179.05,179.4,1173.61,2021,12,29
2021-12-29 00:21:00+00:00,179.37,179.43,178.87,178.95,699.48,2021,12,29
2021-12-29 00:22:00+00:00,178.95,179.23,178.95,179.01,703.64,2021,12,29
2021-12-29 00:23:00+00:00,179.02,179.05,178.82,179.0,490.86,2021,12,29
2021-12-29 00:24:00+00:00,178.97,179.02,178.66,178.68,372.26,2021,12,29
2021-12-29 00:25:00+00:00,178.69,178.95,178.58,178.73,599.14,2021,12,29
2021-12-29 00:26:00+00:00,178.73,178.73,178.43,178.46,355.18,2021,12,29
2021-12-29 00:27:00+00:00,178.46,178.69,178.36,178.68,492.64,2021,12,29
2021-12-29 00:28:00+00:00,178.68,178.68,178.27,178.45,433.57,2021,12,29
2021-12-29 00:29:00+00:00,178.45,178.54,178.28,178.4,394.21,2021,12,29
2021-12-29 00:30:00+00:00,178.37,178.37,178.18,178.19,1230.94,2021,12,29
2021-12-29 00:31:00+00:00,178.19,178.19,177.6,177.75,894.78,2021,12,29
2021-12-29 00:32:00+00:00,177.73,177.77,177.42,177.49,666.35,2021,12,29
2021-12-29 00:33:00+00:00,177.55,177.81,177.52,177.64,1045.63,2021,12,29
2021-12-29 00:34:00+00:00,177.63,178.0,177.63,177.86,904.29,2021,12,29
2021-12-29 00:35:00+00:00,177.86,178.18,177.86,178.03,520.91,2021,12,29
2021-12-29 00:36:00+00:00,178.02,178.03,177.03,177.18,2693.14,2021,12,29
2021-12-29 00:37:00+00:00,177.19,177.35,177.04,177.19,1769.8,2021,12,29
2021-12-29 00:38:00+00:00,177.21,177.34,177.07,177.08,993.32,2021,12,29
2021-12-29 00:39:00+00:00,177.08,177.11,176.71,176.94,1444.39,2021,12,29
2021-12-29 00:40:00+00:00,176.91,176.96,176.44,176.62,3425.32,2021,12,29
2021-12-29 00:41:00+00:00,176.59,177.32,176.57,177.13,2518.01,2021,12,29
2021-12-29 00:42:00+00:00,177.09,177.42,177.04,177.06,915.14,2021,12,29
2021-12-29 00:43:00+00:00,177.06,177.26,177.06,177.26,344.25,2021,12,29
2021-12-29 00:44:00+00:00,177.27,177.41,176.97,177.41,1215.06,2021,12,29
2021-12-29 00:45:00+00:00,177.41,177.75,177.41,177.61,861.26,2021,12,29
2021-12-29 00:46:00+00:00,177.61,177.8,177.55,177.75,658.32,2021,12,29
2021-12-29 00:47:00+00:00,177.78,178.02,177.78,177.96,779.52,2021,12,29
2021-12-29 00:48:00+00:00,177.97,178.25,177.97,178.2,654.8,2021,12,29
2021-12-29 00:49:00+00:00,178.2,178.27,178.15,178.2,612.49,2021,12,29
2021-12-29 00:50:00+00:00,178.17,178.23,177.9,177.91,944.22,2021,12,29
2021-12-29 00:51:00+00:00,177.91,178.01,177.85,177.89,399.47,2021,12,29
2021-12-29 00:52:00+00:00,177.9,178.35,177.9,178.34,1516.96,2021,12,29
2021-12-29 00:53:00+00:00,178.34,178.49,178.24,178.49,454.56,2021,12,29
2021-12-29 00:54:00+00:00,178.49,178.57,178.37,178.56,270.01,2021,12,29
2021-12-29 00:55:00+00:00,178.57,178.7,178.42,178.68,463.02,2021,12,29
2021-12-29 00:56:00+00:00,178.68,178.71,178.24,178.52,1355.2,2021,12,29
2021-12-29 00:57:00+00:00,178.51,178.65,178.44,178.49,1048.06,2021,12,29
2021-12-29 00:58:00+00:00,178.53,178.57,178.4,178.47,1025.18,2021,12,29
2021-12-29 00:59:00+00:00,178.46,178.74,178.39,178.65,1158.33,2021,12,29
2021-12-29 01:00:00+00:00,178.66,178.81,178.66,178.72,452.65,2021,12,29
2021-12-29 01:01:00+00:00,178.71,178.76,178.52,178.62,597.62,2021,12,29
2021-12-29 01:02:00+00:00,178.63,178.65,178.26,178.45,682.23,2021,12,29
2021-12-29 01:03:00+00:00,178.45,178.57,178.25,178.42,768.51,2021,12,29
2021-12-29 01:04:00+00:00,178.43,178.69,178.42,178.56,306.36,2021,12,29
2021-12-29 01:05:00+00:00,178.62,178.92,178.56,178.92,510.41,2021,12,29
2021-12-29 01:06:00+00:00,178.93,179.13,178.93,179.13,955.98,2021,12,29
2021-12-29 01:07:00+00:00,179.1,179.29,178.99,179.28,486.93,2021,12,29
2021-12-29 01:08:00+00:00,179.26,179.3,179.06,179.12,519.32,2021,12,29
2021-12-29 01:09:00+00:00,179.13,179.31,178.96,179.07,899.48,2021,12,29
2021-12-29 01:10:00+00:00,179.11,179.21,178.87,179.11,533.7,2021,12,29
2021-12-29 01:11:00+00:00,179.11,179.26,178.92,179.24,402.43,2021,12,29
2021-12-29 01:12:00+00:00,179.24,179.32,179.01,179.09,958.88,2021,12,29
2021-12-29 01:13:00+00:00,179.08,179.2,179.01,179.09,370.76,2021,12,29
2021-12-29 01:14:00+00:00,179.08,179.41,179.06,179.39,486.77,2021,12,29
2021-12-29 01:15:00+00:00,179.38,179.48,179.19,179.3,616.2,2021,12,29
2021-12-29 01:16:00+00:00,179.3,179.36,179.04,179.17,580.36,2021,12,29
2021-12-29 01:17:00+00:00,179.17,179.21,178.93,179.2,865.45,2021,12,29
2021-12-29 01:18:00+00:00,179.2,179.49,179.13,179.43,1192.35,2021,12,29
2021-12-29 01:19:00+00:00,179.44,179.58,179.32,179.36,1329.82,2021,12,29
2021-12-29 01:20:00+00:00,179.36,179.54,179.36,179.54,317.11,2021,12,29
2021-12-29 01:21:00+00:00,179.55,179.55,179.23,179.54,1334.63,2021,12,29
2021-12-29 01:22:00+00:00,179.55,179.66,179.52,179.65,515.81,2021,12,29
2021-12-29 01:23:00+00:00,179.65,179.66,179.51,179.55,736.01,2021,12,29
2021-12-29 01:24:00+00:00,179.52,179.57,179.33,179.47,435.76,2021,12,29
2021-12-29 01:25:00+00:00,179.45,179.46,179.22,179.4,517.57,2021,12,29
2021-12-29 01:26:00+00:00,179.39,179.4,179.33,179.39,309.87,2021,12,29
2021-12-29 01:27:00+00:00,179.37,179.37,179.04,179.09,1295.43,2021,12,29
2021-12-29 01:28:00+00:00,179.1,179.1,178.84,178.85,611.83,2021,12,29
2021-12-29 01:29:00+00:00,178.88,178.88,178.57,178.68,324.0,2021,12,29
2021-12-29 01:30:00+00:00,178.69,178.69,178.39,178.56,376.66,2021,12,29
2021-12-29 01:31:00+00:00,178.56,178.59,178.28,178.46,947.47,2021,12,29
2021-12-29 01:32:00+00:00,178.43,178.57,178.24,178.26,787.59,2021,12,29
2021-12-29 01:33:00+00:00,178.24,178.24,178.0,178.05,578.89,2021,12,29
2021-12-29 01:34:00+00:00,178.04,178.26,177.81,178.09,1758.82,2021,12,29
2021-12-29 01:35:00+00:00,178.1,178.29,178.1,178.17,806.79,2021,12,29
2021-12-29 01:36:00+00:00,178.19,178.23,178.08,178.23,456.05,2021,12,29
2021-12-29 01:37:00+00:00,178.2,178.22,177.91,178.0,626.71,2021,12,29
2021-12-29 01:38:00+00:00,177.98,177.99,177.68,177.81,602.9,2021,12,29
2021-12-29 01:39:00+00:00,177.83,177.93,177.63,177.76,891.08,2021,12,29
2021-12-29 01:40:00+00:00,177.72,178.07,177.71,177.99,928.58,2021,12,29
2021-12-29 01:41:00+00:00,177.99,178.23,177.98,178.16,566.45,2021,12,29
2021-12-29 01:42:00+00:00,178.11,178.17,178.0,178.15,485.87,2021,12,29
2021-12-29 01:43:00+00:00,178.16,178.4,178.14,178.29,487.66,2021,12,29
2021-12-29 01:44:00+00:00,178.29,178.62,178.27,178.58,352.71,2021,12,29
2021-12-29 01:45:00+00:00,178.62,178.82,178.51,178.74,1223.71,2021,12,29
2021-12-29 01:46:00+00:00,178.74,178.94,178.66,178.73,634.59,2021,12,29
2021-12-29 01:47:00+00:00,178.73,178.91,178.73,178.89,209.09,2021,12,29
2021-12-29 01:48:00+00:00,178.9,178.9,178.66,178.67,265.71,2021,12,29
2021-12-29 01:49:00+00:00,178.69,179.07,178.68,178.98,616.05,2021,12,29
2021-12-29 01:50:00+00:00,178.95,178.97,178.8,178.88,462.32,2021,12,29
2021-12-29 01:51:00+00:00,178.88,179.03,178.78,178.99,259.8,2021,12,29
2021-12-29 01:52:00+00:00,178.98,179.11,178.87,179.07,267.87,2021,12,29
2021-12-29 01:53:00+00:00,179.06,179.09,178.76,178.8,1499.89,2021,12,29
2021-12-29 01:54:00+00:00,178.81,178.88,178.75,178.85,404.2,2021,12,29
2021-12-29 01:55:00+00:00,178.84,178.85,178.67,178.85,325.57,2021,12,29
2021-12-29 01:56:00+00:00,178.84,178.89,178.56,178.56,238.9,2021,12,29
2021-12-29 01:57:00+00:00,178.55,178.67,178.43,178.43,400.13,2021,12,29
2021-12-29 01:58:00+00:00,178.42,178.42,177.85,177.99,1141.25,2021,12,29
2021-12-29 01:59:00+00:00,178.02,178.05,177.81,177.89,1464.62,2021,12,29
2021-12-29 02:00:00+00:00,177.87,177.87,177.63,177.72,706.76,2021,12,29
2021-12-29 02:01:00+00:00,177.69,178.03,177.69,177.79,574.43,2021,12,29
2021-12-29 02:02:00+00:00,177.78,178.24,177.73,178.21,579.35,2021,12,29
2021-12-29 02:03:00+00:00,178.23,178.33,178.04,178.19,445.63,2021,12,29
2021-12-29 02:04:00+00:00,178.25,178.69,178.19,178.51,1384.3,2021,12,29
2021-12-29 02:05:00+00:00,178.53,178.65,178.33,178.42,334.83,2021,12,29
2021-12-29 02:06:00+00:00,178.42,178.52,178.36,178.49,270.47,2021,12,29
2021-12-29 02:07:00+00:00,178.45,178.63,178.33,178.57,1596.67,2021,12,29
2021-12-29 02:08:00+00:00,178.57,178.78,178.57,178.69,763.96,2021,12,29
2021-12-29 02:09:00+00:00,178.68,178.81,178.48,178.81,1810.15,2021,12,29
2021-12-29 02:10:00+00:00,178.8,179.18,178.78,179.13,1633.01,2021,12,29
2021-12-29 02:11:00+00:00,179.1,179.14,178.94,178.97,348.44,2021,12,29
2021-12-29 02:12:00+00:00,178.99,179.03,178.75,178.93,877.4,2021,12,29
2021-12-29 02:13:00+00:00,178.91,179.09,178.78,179.07,443.67,2021,12,29
2021-12-29 02:14:00+00:00,179.06,179.08,178.98,179.01,359.35,2021,12,29
2021-12-29 02:15:00+00:00,179.0,179.31,179.0,179.28,565.48,2021,12,29
2021-12-29 02:16:00+00:00,179.28,179.34,179.03,179.24,485.53,2021,12,29
2021-12-29 02:17:00+00:00,179.24,179.42,179.2,179.38,561.17,2021,12,29
2021-12-29 02:18:00+00:00,179.38,179.39,179.2,179.21,5400.29,2021,12,29
2021-12-29 02:19:00+00:00,179.2,179.2,178.99,178.99,600.33,2021,12,29
2021-12-29 02:20:00+00:00,178.99,179.19,178.99,179.17,444.95,2021,12,29
2021-12-29 02:21:00+00:00,179.17,179.2,179.01,179.01,325.87,2021,12,29
2021-12-29 02:22:00+00:00,179.01,179.12,178.87,179.11,447.86,2021,12,29
2021-12-29 02:23:00+00:00,179.11,179.12,178.88,178.88,340.67,2021,12,29
2021-12-29 02:24:00+00:00,178.87,179.4,178.78,179.35,1374.15,2021,12,29
2021-12-29 02:25:00+00:00,179.35,179.46,179.18,179.21,403.19,2021,12,29
2021-12-29 02:26:00+00:00,179.21,179.38,179.17,179.29,175.27,2021,12,29
2021-12-29 02:27:00+00:00,179.29,179.46,179.23,179.24,390.68,2021,12,29
2021-12-29 02:28:00+00:00,179.24,179.4,179.22,179.22,277.88,2021,12,29
2021-12-29 02:29:00+00:00,179.23,179.37,179.13,179.31,362.73,2021,12,29
2021-12-29 02:30:00+00:00,179.31,179.39,179.17,179.19,2462.6,2021,12,29
2021-12-29 02:31:00+00:00,179.19,179.28,179.16,179.16,143.2,2021,12,29
2021-12-29 02:32:00+00:00,179.16,179.29,179.1,179.29,849.65,2021,12,29
2021-12-29 02:33:00+00:00,179.29,179.41,179.23,179.31,499.7,2021,12,29
2021-12-29 02:34:00+00:00,179.31,179.49,179.3,179.46,230.02,2021,12,29
2021-12-29 02:35:00+00:00,179.46,179.46,179.32,179.43,261.84,2021,12,29
2021-12-29 02:36:00+00:00,179.43,179.64,179.35,179.4,507.5,2021,12,29
2021-12-29 02:37:00+00:00,179.39,179.46,179.2,179.22,301.5,2021,12,29
2021-12-29 02:38:00+00:00,179.19,179.19,178.91,178.95,1837.3,2021,12,29
2021-12-29 02:39:00+00:00,178.96,179.07,178.88,178.89,445.78,2021,12,29
2021-12-29 02:40:00+00:00,178.89,178.95,178.75,178.77,575.0,2021,12,29
2021-12-29 02:41:00+00:00,178.77,179.27,178.77,179.19,270.65,2021,12,29
2021-12-29 02:42:00+00:00,179.22,179.34,179.12,179.16,265.99,2021,12,29
2021-12-29 02:43:00+00:00,179.15,179.15,178.96,178.96,204.52,2021,12,29
2021-12-29 02:44:00+00:00,178.97,178.97,178.83,178.83,306.87,2021,12,29
2021-12-29 02:45:00+00:00,178.83,179.11,178.83,179.1,434.02,2021,12,29
2021-12-29 02:46:00+00:00,179.1,179.26,178.97,179.2,457.28,2021,12,29
2021-12-29 02:47:00+00:00,179.2,179.2,178.88,178.92,427.26,2021,12,29
2021-12-29 02:48:00+00:00,178.92,179.18,178.91,179.0,276.87,2021,12,29
2021-12-29 02:49:00+00:00,179.02,179.13,178.87,178.89,415.93,2021,12,29
2021-12-29 02:50:00+00:00,178.89,179.04,178.84,179.03,447.29,2021,12,29
2021-12-29 02:51:00+00:00,179.05,179.07,178.96,179.04,506.84,2021,12,29
2021-12-29 02:52:00+00:00,179.01,179.04,178.92,179.01,261.89,2021,12,29
2021-12-29 02:53:00+00:00,179.03,179.46,178.99,179.31,1206.59,2021,12,29
2021-12-29 02:54:00+00:00,179.31,179.57,179.31,179.47,295.11,2021,12,29
2021-12-29 02:55:00+00:00,179.47,179.47,179.28,179.31,808.79,2021,12,29
2021-12-29 02:56:00+00:00,179.32,179.44,179.27,179.43,1118.63,2021,12,29
2021-12-29 02:57:00+00:00,179.42,179.43,179.04,179.04,590.9,2021,12,29
2021-12-29 02:58:00+00:00,179.11,179.29,179.1,179.22,737.52,2021,12,29
2021-12-29 02:59:00+00:00,179.21,179.37,179.19,179.3,184.83,2021,12,29
2021-12-29 03:00:00+00:00,179.28,179.56,179.25,179.25,1206.3,2021,12,29
2021-12-29 03:01:00+00:00,179.29,179.39,179.25,179.35,350.37,2021,12,29
2021-12-29 03:02:00+00:00,179.35,179.63,179.35,179.59,693.11,2021,12,29
2021-12-29 03:03:00+00:00,179.61,179.79,179.6,179.62,780.06,2021,12,29
2021-12-29 03:04:00+00:00,179.63,179.81,179.54,179.8,358.09,2021,12,29
2021-12-29 03:05:00+00:00,179.8,179.94,179.75,179.85,827.82,2021,12,29
2021-12-29 03:06:00+00:00,179.85,180.09,179.83,180.08,562.79,2021,12,29
2021-12-29 03:07:00+00:00,180.07,180.16,179.96,180.15,591.57,2021,12,29
2021-12-29 03:08:00+00:00,180.15,180.24,180.14,180.2,483.32,2021,12,29
2021-12-29 03:09:00+00:00,180.19,180.32,180.17,180.29,313.61,2021,12,29
2021-12-29 03:10:00+00:00,180.3,180.41,180.27,180.34,878.84,2021,12,29
2021-12-29 03:11:00+00:00,180.35,180.55,180.3,180.52,814.2,2021,12,29
2021-12-29 03:12:00+00:00,180.52,180.59,180.4,180.44,1483.8,2021,12,29
2021-12-29 03:13:00+00:00,180.43,180.58,180.29,180.57,725.89,2021,12,29
2021-12-29 03:14:00+00:00,180.57,180.59,180.3,180.35,618.99,2021,12,29
2021-12-29 03:15:00+00:00,180.33,180.36,180.05,180.1,838.61,2021,12,29
2021-12-29 03:16:00+00:00,180.09,180.14,179.95,180.06,810.73,2021,12,29
2021-12-29 03:17:00+00:00,180.07,180.07,179.78,179.99,478.93,2021,12,29
2021-12-29 03:18:00+00:00,180.0,180.09,179.95,179.99,441.74,2021,12,29
2021-12-29 03:19:00+00:00,179.98,180.22,179.98,180.19,1143.83,2021,12,29
2021-12-29 03:20:00+00:00,180.19,180.2,179.89,179.89,556.67,2021,12,29
2021-12-29 03:21:00+00:00,179.91,180.62,179.9,180.48,2886.18,2021,12,29
2021-12-29 03:22:00+00:00,180.47,180.49,180.3,180.32,497.62,2021,12,29
2021-12-29 03:23:00+00:00,180.3,180.38,180.16,180.27,280.46,2021,12,29
2021-12-29 03:24:00+00:00,180.26,180.33,180.19,180.27,391.5,2021,12,29
2021-12-29 03:25:00+00:00,180.28,180.36,180.06,180.1,440.45,2021,12,29
2021-12-29 03:26:00+00:00,180.1,180.15,179.94,179.97,415.76,2021,12,29
2021-12-29 03:27:00+00:00,179.98,180.13,179.98,180.1,221.2,2021,12,29
2021-12-29 03:28:00+00:00,180.1,180.11,179.76,179.79,653.53,2021,12,29
2021-12-29 03:29:00+00:00,179.76,179.76,179.49,179.55,934.74,2021,12,29
2021-12-29 03:30:00+00:00,179.56,179.56,179.24,179.46,791.34,2021,12,29
2021-12-29 03:31:00+00:00,179.46,179.61,179.39,179.41,427.24,2021,12,29
2021-12-29 03:32:00+00:00,179.44,179.52,179.31,179.33,1795.62,2021,12,29
2021-12-29 03:33:00+00:00,179.32,179.32,179.12,179.19,280.73,2021,12,29
2021-12-29 03:34:00+00:00,179.2,179.37,179.17,179.37,229.66,2021,12,29
2021-12-29 03:35:00+00:00,179.29,179.55,179.26,179.34,206.21,2021,12,29
2021-12-29 03:36:00+00:00,179.34,179.48,179.34,179.4,196.44,2021,12,29
2021-12-29 03:37:00+00:00,179.4,179.87,179.38,179.69,1735.47,2021,12,29
2021-12-29 03:38:00+00:00,179.67,179.68,179.41,179.46,178.68,2021,12,29
2021-12-29 03:39:00+00:00,179.51,179.58,179.35,179.4,386.46,2021,12,29
2021-12-29 03:40:00+00:00,179.4,179.47,179.35,179.42,251.37,2021,12,29
2021-12-29 03:41:00+00:00,179.44,179.45,179.29,179.37,337.04,2021,12,29
2021-12-29 03:42:00+00:00,179.38,179.46,179.34,179.45,240.4,2021,12,29
2021-12-29 03:43:00+00:00,179.45,179.53,179.41,179.45,363.58,2021,12,29
2021-12-29 03:44:00+00:00,179.41,179.46,179.36,179.36,167.19,2021,12,29
2021-12-29 03:45:00+00:00,179.36,179.66,179.33,179.59,276.39,2021,12,29
2021-12-29 03:46:00+00:00,179.6,179.7,179.48,179.69,163.42,2021,12,29
2021-12-29 03:47:00+00:00,179.69,179.69,179.57,179.65,199.23,2021,12,29
2021-12-29 03:48:00+00:00,179.63,179.7,179.51,179.56,291.65,2021,12,29
2021-12-29 03:49:00+00:00,179.56,179.57,179.44,179.44,214.75,2021,12,29
2021-12-29 03:50:00+00:00,179.43,179.45,179.31,179.45,585.83,2021,12,29
2021-12-29 03:51:00+00:00,179.45,179.6,179.43,179.59,271.23,2021,12,29
2021-12-29 03:52:00+00:00,179.59,179.75,179.57,179.73,101.54,2021,12,29
2021-12-29 03:53:00+00:00,179.74,179.84,179.72,179.79,169.73,2021,12,29
2021-12-29 03:54:00+00:00,179.77,179.81,179.63,179.66,410.16,2021,12,29
2021-12-29 03:55:00+00:00,179.64,179.64,179.4,179.45,259.19,2021,12,29
2021-12-29 03:56:00+00:00,179.44,179.47,179.4,179.44,148.14,2021,12,29
2021-12-29 03:57:00+00:00,179.45,179.58,179.36,179.4,394.83,2021,12,29
2021-12-29 03:58:00+00:00,179.38,179.67,179.38,179.64,439.69,2021,12,29
2021-12-29 03:59:00+00:00,179.63,179.65,179.56,179.63,210.12,2021,12,29
2021-12-29 04:00:00+00:00,179.63,179.84,179.62,179.75,416.17,2021,12,29
2021-12-29 04:01:00+00:00,179.74,179.99,179.72,179.99,325.73,2021,12,29
2021-12-29 04:02:00+00:00,179.98,179.98,179.72,179.82,853.32,2021,12,29
2021-12-29 04:03:00+00:00,179.8,180.02,179.75,179.78,1030.15,2021,12,29
2021-12-29 04:04:00+00:00,179.78,179.91,179.74,179.74,191.2,2021,12,29
2021-12-29 04:05:00+00:00,179.74,179.79,179.72,179.78,106.06,2021,12,29
2021-12-29 04:06:00+00:00,179.77,179.78,179.55,179.65,588.58,2021,12,29
2021-12-29 04:07:00+00:00,179.64,179.66,179.51,179.58,307.55,2021,12,29
2021-12-29 04:08:00+00:00,179.57,179.73,179.43,179.71,318.54,2021,12,29
2021-12-29 04:09:00+00:00,179.73,179.96,179.72,179.96,304.26,2021,12,29
2021-12-29 04:10:00+00:00,179.96,179.96,179.82,179.83,553.01,2021,12,29
2021-12-29 04:11:00+00:00,179.84,179.95,179.71,179.73,581.02,2021,12,29
2021-12-29 04:12:00+00:00,179.73,179.75,179.55,179.63,296.28,2021,12,29
2021-12-29 04:13:00+00:00,179.62,179.69,179.46,179.47,1161.76,2021,12,29
2021-12-29 04:14:00+00:00,179.47,179.55,179.38,179.38,433.33,2021,12,29
2021-12-29 04:15:00+00:00,179.38,179.48,179.35,179.37,681.21,2021,12,29
2021-12-29 04:16:00+00:00,179.38,179.38,179.03,179.11,1275.09,2021,12,29
2021-12-29 04:17:00+00:00,179.12,179.15,178.93,178.93,1118.79,2021,12,29
2021-12-29 04:18:00+00:00,178.94,179.15,178.92,179.04,1039.02,2021,12,29
2021-12-29 04:19:00+00:00,179.04,179.06,178.99,179.03,151.94,2021,12,29
2021-12-29 04:20:00+00:00,179.02,179.15,179.02,179.15,761.54,2021,12,29
2021-12-29 04:21:00+00:00,179.15,179.28,179.15,179.23,110.65,2021,12,29
2021-12-29 04:22:00+00:00,179.22,179.22,178.93,178.93,549.49,2021,12,29
2021-12-29 04:23:00+00:00,178.93,179.03,178.88,178.9,282.53,2021,12,29
2021-12-29 04:24:00+00:00,178.89,178.93,178.83,178.85,405.65,2021,12,29
2021-12-29 04:25:00+00:00,178.85,178.85,178.56,178.57,683.6,2021,12,29
2021-12-29 04:26:00+00:00,178.56,178.59,178.39,178.4,800.81,2021,12,29
2021-12-29 04:27:00+00:00,178.39,178.41,178.11,178.16,503.92,2021,12,29
2021-12-29 04:28:00+00:00,178.2,178.26,177.94,178.05,1807.24,2021,12,29
2021-12-29 04:29:00+00:00,178.03,178.22,177.95,178.18,203.08,2021,12,29
2021-12-29 04:30:00+00:00,178.12,178.23,178.09,178.2,251.32,2021,12,29
2021-12-29 04:31:00+00:00,178.19,178.38,178.17,178.27,341.04,2021,12,29
2021-12-29 04:32:00+00:00,178.28,178.33,178.1,178.1,351.6,2021,12,29
2021-12-29 04:33:00+00:00,178.09,178.09,177.78,177.9,683.89,2021,12,29
2021-12-29 04:34:00+00:00,177.92,178.31,177.92,178.15,834.86,2021,12,29
2021-12-29 04:35:00+00:00,178.17,178.28,178.05,178.25,1107.91,2021,12,29
2021-12-29 04:36:00+00:00,178.25,178.49,178.25,178.49,466.42,2021,12,29
2021-12-29 04:37:00+00:00,178.5,178.74,178.5,178.56,525.35,2021,12,29
2021-12-29 04:38:00+00:00,178.56,178.65,178.54,178.62,328.31,2021,12,29
2021-12-29 04:39:00+00:00,178.62,178.62,178.39,178.39,253.0,2021,12,29
2021-12-29 04:40:00+00:00,178.39,178.48,178.35,178.47,328.47,2021,12,29
2021-12-29 04:41:00+00:00,178.49,178.85,178.49,178.67,683.78,2021,12,29
2021-12-29 04:42:00+00:00,178.67,178.74,178.59,178.61,250.91,2021,12,29
2021-12-29 04:43:00+00:00,178.62,178.86,178.62,178.81,654.36,2021,12,29
2021-12-29 04:44:00+00:00,178.81,178.89,178.8,178.85,321.64,2021,12,29
2021-12-29 04:45:00+00:00,178.85,178.9,178.46,178.47,358.41,2021,12,29
2021-12-29 04:46:00+00:00,178.47,178.55,178.37,178.49,702.01,2021,12,29
2021-12-29 04:47:00+00:00,178.48,178.49,178.37,178.44,147.8,2021,12,29
2021-12-29 04:48:00+00:00,178.41,178.42,178.12,178.18,1164.68,2021,12,29
2021-12-29 04:49:00+00:00,178.17,178.27,178.05,178.25,949.6,2021,12,29
2021-12-29 04:50:00+00:00,178.23,178.34,178.2,178.29,295.69,2021,12,29
2021-12-29 04:51:00+00:00,178.29,178.49,178.29,178.41,295.54,2021,12,29
2021-12-29 04:52:00+00:00,178.4,178.42,177.88,177.97,9826.13,2021,12,29
2021-12-29 04:53:00+00:00,177.95,177.98,176.89,177.0,32128.5,2021,12,29
2021-12-29 04:54:00+00:00,177.0,177.0,176.83,176.98,5484.52,2021,12,29
2021-12-29 04:55:00+00:00,176.97,177.0,176.73,176.9,1549.97,2021,12,29
2021-12-29 04:56:00+00:00,176.9,177.0,176.88,176.96,1521.75,2021,12,29
2021-12-29 04:57:00+00:00,176.97,177.3,176.97,177.27,1626.5,2021,12,29
2021-12-29 04:58:00+00:00,177.26,177.3,177.1,177.14,870.43,2021,12,29
2021-12-29 04:59:00+00:00,177.11,177.13,176.87,176.95,807.45,2021,12,29
2021-12-29 05:00:00+00:00,176.95,177.25,176.91,176.95,1658.37,2021,12,29
2021-12-29 05:01:00+00:00,176.93,177.05,176.77,176.79,1431.45,2021,12,29
2021-12-29 05:02:00+00:00,176.78,176.89,176.69,176.82,689.8,2021,12,29
2021-12-29 05:03:00+00:00,176.82,177.07,176.74,177.04,601.83,2021,12,29
2021-12-29 05:04:00+00:00,177.03,177.08,176.82,176.87,605.97,2021,12,29
2021-12-29 05:05:00+00:00,176.86,177.35,176.86,177.22,639.84,2021,12,29
2021-12-29 05:06:00+00:00,177.21,177.24,177.05,177.18,305.86,2021,12,29
2021-12-29 05:07:00+00:00,177.2,177.25,176.97,177.17,524.17,2021,12,29
2021-12-29 05:08:00+00:00,177.15,177.47,177.15,177.41,806.3,2021,12,29
2021-12-29 05:09:00+00:00,177.41,177.53,177.36,177.53,812.83,2021,12,29
2021-12-29 05:10:00+00:00,177.54,177.94,177.54,177.8,1019.19,2021,12,29
2021-12-29 05:11:00+00:00,177.8,177.96,177.66,177.78,763.27,2021,12,29
2021-12-29 05:12:00+00:00,177.76,177.82,177.61,177.72,334.02,2021,12,29
2021-12-29 05:13:00+00:00,177.72,177.72,177.45,177.46,483.73,2021,12,29
2021-12-29 05:14:00+00:00,177.45,177.58,177.39,177.42,300.05,2021,12,29
2021-12-29 05:15:00+00:00,177.41,177.58,177.33,177.46,742.32,2021,12,29
2021-12-29 05:16:00+00:00,177.46,177.71,177.43,177.64,372.31,2021,12,29
2021-12-29 05:17:00+00:00,177.65,177.83,177.65,177.81,204.89,2021,12,29
2021-12-29 05:18:00+00:00,177.81,177.88,177.56,177.63,556.04,2021,12,29
2021-12-29 05:19:00+00:00,177.63,177.63,177.44,177.51,495.71,2021,12,29
2021-12-29 05:20:00+00:00,177.51,177.54,177.43,177.46,489.21,2021,12,29
2021-12-29 05:21:00+00:00,177.47,177.6,177.44,177.54,286.45,2021,12,29
2021-12-29 05:22:00+00:00,177.54,177.57,177.29,177.34,899.74,2021,12,29
2021-12-29 05:23:00+00:00,177.32,177.36,177.15,177.33,762.38,2021,12,29
2021-12-29 05:24:00+00:00,177.32,177.32,177.12,177.13,708.27,2021,12,29
2021-12-29 05:25:00+00:00,177.14,177.24,176.94,177.06,873.69,2021,12,29
2021-12-29 05:26:00+00:00,177.04,177.04,176.76,176.91,1153.3,2021,12,29
2021-12-29 05:27:00+00:00,176.9,176.9,176.61,176.62,637.63,2021,12,29
2021-12-29 05:28:00+00:00,176.64,176.87,176.46,176.87,961.36,2021,12,29
2021-12-29 05:29:00+00:00,176.87,176.87,176.57,176.62,247.83,2021,12,29
2021-12-29 05:30:00+00:00,176.63,176.87,176.58,176.86,1381.58,2021,12,29
2021-12-29 05:31:00+00:00,176.87,176.87,176.66,176.66,321.14,2021,12,29
2021-12-29 05:32:00+00:00,176.67,176.72,176.48,176.57,1139.29,2021,12,29
2021-12-29 05:33:00+00:00,176.56,176.63,176.34,176.63,762.81,2021,12,29
2021-12-29 05:34:00+00:00,176.63,176.99,176.38,176.98,2710.04,2021,12,29
2021-12-29 05:35:00+00:00,176.99,177.06,176.72,177.03,723.34,2021,12,29
2021-12-29 05:36:00+00:00,177.03,177.03,176.71,176.83,611.29,2021,12,29
2021-12-29 05:37:00+00:00,176.83,176.83,176.6,176.61,311.25,2021,12,29
2021-12-29 05:38:00+00:00,176.57,176.8,176.43,176.79,416.09,2021,12,29
2021-12-29 05:39:00+00:00,176.79,176.8,176.5,176.53,302.91,2021,12,29
2021-12-29 05:40:00+00:00,176.55,176.59,176.42,176.52,617.27,2021,12,29
2021-12-29 05:41:00+00:00,176.49,176.49,175.32,176.16,16144.26,2021,12,29
2021-12-29 05:42:00+00:00,176.18,176.39,175.87,176.06,1598.42,2021,12,29
2021-12-29 05:43:00+00:00,176.05,176.06,175.51,175.74,1104.14,2021,12,29
2021-12-29 05:44:00+00:00,175.77,175.89,175.7,175.74,710.95,2021,12,29
2021-12-29 05:45:00+00:00,175.81,176.14,175.72,176.1,942.48,2021,12,29
2021-12-29 05:46:00+00:00,176.08,176.08,175.84,176.04,527.87,2021,12,29
2021-12-29 05:47:00+00:00,176.04,176.31,176.0,176.28,1842.64,2021,12,29
2021-12-29 05:48:00+00:00,176.29,176.39,176.24,176.32,760.84,2021,12,29
2021-12-29 05:49:00+00:00,176.32,176.34,176.09,176.14,605.07,2021,12,29
2021-12-29 05:50:00+00:00,176.15,176.29,176.12,176.2,358.85,2021,12,29
2021-12-29 05:51:00+00:00,176.2,176.56,176.07,176.54,2237.43,2021,12,29
2021-12-29 05:52:00+00:00,176.54,176.56,176.31,176.41,415.56,2021,12,29
2021-12-29 05:53:00+00:00,176.43,176.48,176.39,176.47,258.69,2021,12,29
2021-12-29 05:54:00+00:00,176.48,176.87,176.47,176.71,881.07,2021,12,29
2021-12-29 05:55:00+00:00,176.71,176.73,176.55,176.7,375.2,2021,12,29
2021-12-29 05:56:00+00:00,176.68,176.75,176.62,176.62,163.21,2021,12,29
2021-12-29 05:57:00+00:00,176.62,176.71,176.61,176.67,313.65,2021,12,29
2021-12-29 05:58:00+00:00,176.67,176.67,176.44,176.57,1104.15,2021,12,29
2021-12-29 05:59:00+00:00,176.57,176.57,176.23,176.49,427.56,2021,12,29
2021-12-29 06:00:00+00:00,176.49,176.61,176.49,176.53,351.49,2021,12,29
2021-12-29 06:01:00+00:00,176.53,176.84,176.46,176.8,454.61,2021,12,29
2021-12-29 06:02:00+00:00,176.81,176.87,176.62,176.66,426.31,2021,12,29
2021-12-29 06:03:00+00:00,176.65,176.82,176.55,176.55,658.58,2021,12,29
2021-12-29 06:04:00+00:00,176.55,176.93,176.5,176.92,768.77,2021,12,29
2021-12-29 06:05:00+00:00,176.92,177.1,176.79,177.08,490.61,2021,12,29
2021-12-29 06:06:00+00:00,177.07,177.29,177.06,177.26,933.77,2021,12,29
2021-12-29 06:07:00+00:00,177.26,177.33,177.13,177.16,442.46,2021,12,29
2021-12-29 06:08:00+00:00,177.17,177.2,176.9,176.92,502.36,2021,12,29
2021-12-29 06:09:00+00:00,176.91,177.0,176.88,176.91,248.47,2021,12,29
2021-12-29 06:10:00+00:00,176.91,177.04,176.84,177.01,429.42,2021,12,29
2021-12-29 06:11:00+00:00,177.01,177.05,176.9,177.02,262.69,2021,12,29
2021-12-29 06:12:00+00:00,177.05,177.08,176.87,176.91,413.83,2021,12,29
2021-12-29 06:13:00+00:00,176.91,177.15,176.89,177.15,401.2,2021,12,29
2021-12-29 06:14:00+00:00,177.11,177.19,177.0,177.13,553.16,2021,12,29
2021-12-29 06:15:00+00:00,177.1,177.36,177.04,177.33,916.75,2021,12,29
2021-12-29 06:16:00+00:00,177.35,177.57,177.28,177.53,740.34,2021,12,29
2021-12-29 06:17:00+00:00,177.53,177.61,177.46,177.59,831.73,2021,12,29
2021-12-29 06:18:00+00:00,177.58,177.74,177.53,177.67,983.49,2021,12,29
2021-12-29 06:19:00+00:00,177.64,177.66,177.43,177.5,536.76,2021,12,29
2021-12-29 06:20:00+00:00,177.48,177.66,177.41,177.58,722.33,2021,12,29
2021-12-29 06:21:00+00:00,177.6,177.64,177.34,177.37,926.46,2021,12,29
2021-12-29 06:22:00+00:00,177.36,177.36,176.95,176.99,2276.19,2021,12,29
2021-12-29 06:23:00+00:00,177.0,177.46,177.0,177.29,2789.81,2021,12,29
2021-12-29 06:24:00+00:00,177.28,177.42,177.14,177.19,494.67,2021,12,29
2021-12-29 06:25:00+00:00,177.21,177.35,177.16,177.35,291.16,2021,12,29
2021-12-29 06:26:00+00:00,177.34,177.35,177.24,177.31,419.2,2021,12,29
2021-12-29 06:27:00+00:00,177.3,177.47,177.28,177.44,306.62,2021,12,29
2021-12-29 06:28:00+00:00,177.44,177.51,177.38,177.45,390.58,2021,12,29
2021-12-29 06:29:00+00:00,177.46,177.47,177.11,177.13,970.89,2021,12,29
2021-12-29 06:30:00+00:00,177.14,177.17,176.96,176.96,406.19,2021,12,29
2021-12-29 06:31:00+00:00,176.95,177.07,176.84,177.02,312.72,2021,12,29
2021-12-29 06:32:00+00:00,177.05,177.19,177.01,177.19,597.72,2021,12,29
2021-12-29 06:33:00+00:00,177.17,177.27,177.09,177.26,390.62,2021,12,29
2021-12-29 06:34:00+00:00,177.29,177.39,177.29,177.34,328.36,2021,12,29
2021-12-29 06:35:00+00:00,177.32,177.45,177.25,177.34,216.75,2021,12,29
2021-12-29 06:36:00+00:00,177.33,177.4,177.32,177.4,299.21,2021,12,29
2021-12-29 06:37:00+00:00,177.38,177.55,177.36,177.55,254.06,2021,12,29
2021-12-29 06:38:00+00:00,177.54,177.56,177.3,177.38,651.91,2021,12,29
2021-12-29 06:39:00+00:00,177.38,177.39,177.16,177.19,461.43,2021,12,29
2021-12-29 06:40:00+00:00,177.19,177.19,176.75,176.75,1121.02,2021,12,29
2021-12-29 06:41:00+00:00,176.77,177.0,176.75,176.77,1364.1,2021,12,29
2021-12-29 06:42:00+00:00,176.75,176.86,176.71,176.75,691.13,2021,12,29
2021-12-29 06:43:00+00:00,176.75,176.92,176.66,176.81,1090.06,2021,12,29
2021-12-29 06:44:00+00:00,176.83,177.0,176.76,176.76,868.27,2021,12,29
2021-12-29 06:45:00+00:00,176.76,176.8,176.63,176.64,473.77,2021,12,29
2021-12-29 06:46:00+00:00,176.62,176.62,176.2,176.21,1496.66,2021,12,29
2021-12-29 06:47:00+00:00,176.23,176.26,176.01,176.12,1521.35,2021,12,29
2021-12-29 06:48:00+00:00,176.11,176.11,175.81,175.93,1350.68,2021,12,29
2021-12-29 06:49:00+00:00,175.92,176.21,175.76,176.2,1709.78,2021,12,29
2021-12-29 06:50:00+00:00,176.19,176.5,175.98,175.99,1930.36,2021,12,29
2021-12-29 06:51:00+00:00,175.99,175.99,175.77,175.8,233.73,2021,12,29
2021-12-29 06:52:00+00:00,175.79,175.97,175.71,175.96,539.79,2021,12,29
2021-12-29 06:53:00+00:00,175.94,176.0,175.9,176.0,448.98,2021,12,29
2021-12-29 06:54:00+00:00,175.99,176.13,175.94,175.96,932.42,2021,12,29
2021-12-29 06:55:00+00:00,176.0,176.33,176.0,176.33,589.85,2021,12,29
2021-12-29 06:56:00+00:00,176.34,176.39,176.25,176.3,205.64,2021,12,29
2021-12-29 06:57:00+00:00,176.3,176.4,176.21,176.36,407.33,2021,12,29
2021-12-29 06:58:00+00:00,176.36,176.54,176.35,176.51,350.79,2021,12,29
2021-12-29 06:59:00+00:00,176.47,176.64,176.34,176.64,273.86,2021,12,29
2021-12-29 07:00:00+00:00,176.64,176.71,176.55,176.55,436.65,2021,12,29
2021-12-29 07:01:00+00:00,176.55,176.93,176.54,176.89,310.21,2021,12,29
2021-12-29 07:02:00+00:00,176.86,176.98,176.71,176.82,943.15,2021,12,29
2021-12-29 07:03:00+00:00,176.82,176.83,176.73,176.75,127.89,2021,12,29
2021-12-29 07:04:00+00:00,176.74,177.13,176.74,177.09,242.15,2021,12,29
2021-12-29 07:05:00+00:00,177.11,177.12,176.96,177.12,398.03,2021,12,29
2021-12-29 07:06:00+00:00,177.1,177.17,176.98,177.05,299.69,2021,12,29
2021-12-29 07:07:00+00:00,177.05,177.19,176.76,176.76,574.34,2021,12,29
2021-12-29 07:08:00+00:00,176.76,176.91,176.75,176.87,379.42,2021,12,29
2021-12-29 07:09:00+00:00,176.87,176.87,176.62,176.65,275.86,2021,12,29
2021-12-29 07:10:00+00:00,176.63,176.69,176.3,176.5,1564.65,2021,12,29
2021-12-29 07:11:00+00:00,176.48,176.51,176.14,176.18,309.61,2021,12,29
2021-12-29 07:12:00+00:00,176.19,176.5,176.19,176.37,914.29,2021,12,29
2021-12-29 07:13:00+00:00,176.4,176.44,176.29,176.3,290.04,2021,12,29
2021-12-29 07:14:00+00:00,176.3,176.46,176.02,176.03,777.02,2021,12,29
2021-12-29 07:15:00+00:00,176.06,176.29,176.02,176.29,505.49,2021,12,29
2021-12-29 07:16:00+00:00,176.23,176.43,176.19,176.4,949.48,2021,12,29
2021-12-29 07:17:00+00:00,176.38,176.54,176.35,176.5,427.48,2021,12,29
2021-12-29 07:18:00+00:00,176.49,176.58,176.16,176.24,716.22,2021,12,29
2021-12-29 07:19:00+00:00,176.17,176.25,176.16,176.25,408.17,2021,12,29
2021-12-29 07:20:00+00:00,176.26,176.36,176.07,176.11,649.22,2021,12,29
2021-12-29 07:21:00+00:00,176.11,176.13,175.98,176.11,357.78,2021,12,29
2021-12-29 07:22:00+00:00,176.07,176.09,175.85,176.01,272.3,2021,12,29
2021-12-29 07:23:00+00:00,176.01,176.01,175.84,175.86,243.69,2021,12,29
2021-12-29 07:24:00+00:00,175.86,176.06,175.84,175.94,340.28,2021,12,29
2021-12-29 07:25:00+00:00,175.94,176.11,175.94,176.0,161.15,2021,12,29
2021-12-29 07:26:00+00:00,176.02,176.37,176.02,176.32,282.11,2021,12,29
2021-12-29 07:27:00+00:00,176.34,176.39,176.23,176.39,470.73,2021,12,29
2021-12-29 07:28:00+00:00,176.42,176.54,176.35,176.43,292.11,2021,12,29
2021-12-29 07:29:00+00:00,176.41,176.46,176.21,176.26,465.48,2021,12,29
2021-12-29 07:30:00+00:00,176.26,176.54,176.26,176.43,481.0,2021,12,29
2021-12-29 07:31:00+00:00,176.46,176.67,176.41,176.64,1146.28,2021,12,29
2021-12-29 07:32:00+00:00,176.62,176.69,176.59,176.67,309.39,2021,12,29
2021-12-29 07:33:00+00:00,176.64,176.78,176.53,176.64,314.24,2021,12,29
2021-12-29 07:34:00+00:00,176.67,177.14,176.67,177.13,2405.39,2021,12,29
2021-12-29 07:35:00+00:00,177.13,177.14,176.83,176.9,401.44,2021,12,29
2021-12-29 07:36:00+00:00,176.86,177.07,176.83,177.04,562.93,2021,12,29
2021-12-29 07:37:00+00:00,177.04,177.09,176.88,177.04,258.44,2021,12,29
2021-12-29 07:38:00+00:00,177.05,177.14,176.88,176.99,204.83,2021,12,29
2021-12-29 07:39:00+00:00,176.94,177.1,176.85,176.99,332.88,2021,12,29
2021-12-29 07:40:00+00:00,176.98,177.16,176.97,177.01,462.07,2021,12,29
2021-12-29 07:41:00+00:00,177.01,177.13,176.93,177.05,311.08,2021,12,29
2021-12-29 07:42:00+00:00,177.02,177.03,176.77,176.8,166.83,2021,12,29
2021-12-29 07:43:00+00:00,176.78,176.91,176.69,176.73,297.47,2021,12,29
2021-12-29 07:44:00+00:00,176.72,176.77,176.46,176.48,404.51,2021,12,29
2021-12-29 07:45:00+00:00,176.49,176.59,176.4,176.47,275.41,2021,12,29
2021-12-29 07:46:00+00:00,176.47,176.65,176.46,176.58,751.55,2021,12,29
2021-12-29 07:47:00+00:00,176.56,176.73,176.26,176.27,552.48,2021,12,29
2021-12-29 07:48:00+00:00,176.27,176.27,176.15,176.22,437.06,2021,12,29
2021-12-29 07:49:00+00:00,176.23,176.23,175.94,176.13,1101.28,2021,12,29
2021-12-29 07:50:00+00:00,176.12,176.13,175.87,175.95,2096.59,2021,12,29
2021-12-29 07:51:00+00:00,175.96,175.99,175.76,175.85,606.32,2021,12,29
2021-12-29 07:52:00+00:00,175.89,176.15,175.77,176.15,703.25,2021,12,29
2021-12-29 07:53:00+00:00,176.09,176.15,175.9,176.15,350.42,2021,12,29
2021-12-29 07:54:00+00:00,176.14,176.39,176.12,176.19,744.17,2021,12,29
2021-12-29 07:55:00+00:00,176.17,176.33,176.06,176.18,729.09,2021,12,29
2021-12-29 07:56:00+00:00,176.23,176.37,176.17,176.35,286.54,2021,12,29
2021-12-29 07:57:00+00:00,176.35,176.36,176.15,176.23,354.01,2021,12,29
2021-12-29 07:58:00+00:00,176.23,176.39,176.18,176.21,493.14,2021,12,29
2021-12-29 07:59:00+00:00,176.19,176.46,176.13,176.46,737.82,2021,12,29
2021-12-29 08:00:00+00:00,176.46,176.7,176.17,176.57,2139.48,2021,12,29
2021-12-29 08:01:00+00:00,176.6,176.72,176.52,176.64,550.1,2021,12,29
2021-12-29 08:02:00+00:00,176.65,176.95,176.59,176.93,448.72,2021,12,29
2021-12-29 08:03:00+00:00,176.94,176.96,176.74,176.86,268.07,2021,12,29
2021-12-29 08:04:00+00:00,176.86,177.03,176.85,176.98,361.48,2021,12,29
2021-12-29 08:05:00+00:00,176.98,177.14,176.87,177.09,734.21,2021,12,29
2021-12-29 08:06:00+00:00,177.08,177.15,176.92,176.92,1106.28,2021,12,29
2021-12-29 08:07:00+00:00,176.92,177.26,176.89,177.19,640.5,2021,12,29
2021-12-29 08:08:00+00:00,177.22,177.25,177.05,177.09,284.96,2021,12,29
2021-12-29 08:09:00+00:00,177.08,177.16,176.86,176.86,686.7,2021,12,29
2021-12-29 08:10:00+00:00,176.86,176.98,176.85,176.88,434.87,2021,12,29
2021-12-29 08:11:00+00:00,176.88,176.95,176.84,176.95,279.97,2021,12,29
2021-12-29 08:12:00+00:00,176.95,177.27,176.94,177.23,594.54,2021,12,29
2021-12-29 08:13:00+00:00,177.24,177.38,177.24,177.34,240.55,2021,12,29
2021-12-29 08:14:00+00:00,177.34,177.39,176.86,177.03,2345.59,2021,12,29
2021-12-29 08:15:00+00:00,176.98,177.2,176.97,176.98,697.12,2021,12,29
2021-12-29 08:16:00+00:00,176.97,176.99,176.77,176.87,476.5,2021,12,29
2021-12-29 08:17:00+00:00,176.87,177.14,176.84,177.05,352.68,2021,12,29
2021-12-29 08:18:00+00:00,177.05,177.2,177.0,177.05,470.77,2021,12,29
2021-12-29 08:19:00+00:00,177.04,177.1,176.95,176.98,310.04,2021,12,29
2021-12-29 08:20:00+00:00,176.99,177.01,176.86,177.0,657.19,2021,12,29
2021-12-29 08:21:00+00:00,177.0,177.0,176.62,176.68,747.3,2021,12,29
2021-12-29 08:22:00+00:00,176.64,176.82,176.64,176.73,462.54,2021,12,29
2021-12-29 08:23:00+00:00,176.75,176.82,176.64,176.68,431.75,2021,12,29
2021-12-29 08:24:00+00:00,176.69,176.74,176.64,176.66,303.95,2021,12,29
2021-12-29 08:25:00+00:00,176.66,176.66,176.58,176.64,646.22,2021,12,29
2021-12-29 08:26:00+00:00,176.65,176.65,176.48,176.52,773.09,2021,12,29
2021-12-29 08:27:00+00:00,176.5,176.79,176.39,176.79,423.45,2021,12,29
2021-12-29 08:28:00+00:00,176.79,176.89,176.61,176.65,407.03,2021,12,29
2021-12-29 08:29:00+00:00,176.63,176.7,176.41,176.64,270.77,2021,12,29
2021-12-29 08:30:00+00:00,176.65,176.78,176.55,176.66,319.33,2021,12,29
2021-12-29 08:31:00+00:00,176.62,176.77,176.56,176.77,295.73,2021,12,29
2021-12-29 08:32:00+00:00,176.76,177.11,176.75,177.09,533.94,2021,12,29
2021-12-29 08:33:00+00:00,177.08,177.12,176.98,177.03,404.76,2021,12,29
2021-12-29 08:34:00+00:00,177.05,177.2,177.03,177.03,391.36,2021,12,29
2021-12-29 08:35:00+00:00,177.09,177.24,177.08,177.24,292.52,2021,12,29
2021-12-29 08:36:00+00:00,177.24,177.51,177.15,177.38,4464.57,2021,12,29
2021-12-29 08:37:00+00:00,177.37,177.38,177.19,177.19,345.23,2021,12,29
2021-12-29 08:38:00+00:00,177.18,177.23,176.98,177.13,699.76,2021,12,29
2021-12-29 08:39:00+00:00,177.14,177.14,176.99,177.06,355.67,2021,12,29
2021-12-29 08:40:00+00:00,177.05,177.19,177.04,177.08,281.93,2021,12,29
2021-12-29 08:41:00+00:00,177.08,177.38,176.98,177.27,1178.12,2021,12,29
2021-12-29 08:42:00+00:00,177.27,177.38,177.21,177.35,323.38,2021,12,29
2021-12-29 08:43:00+00:00,177.38,177.78,177.38,177.77,1175.42,2021,12,29
2021-12-29 08:44:00+00:00,177.77,177.83,177.66,177.82,598.7,2021,12,29
2021-12-29 08:45:00+00:00,177.83,177.88,177.74,177.85,587.66,2021,12,29
2021-12-29 08:46:00+00:00,177.86,177.87,177.68,177.73,721.01,2021,12,29
2021-12-29 08:47:00+00:00,177.73,177.82,177.71,177.73,839.88,2021,12,29
2021-12-29 08:48:00+00:00,177.75,177.82,177.71,177.74,377.29,2021,12,29
2021-12-29 08:49:00+00:00,177.7,177.7,177.47,177.62,392.62,2021,12,29
2021-12-29 08:50:00+00:00,177.61,177.64,177.46,177.51,928.88,2021,12,29
2021-12-29 08:51:00+00:00,177.51,177.77,177.51,177.63,1325.9,2021,12,29
2021-12-29 08:52:00+00:00,177.62,177.65,177.55,177.58,654.67,2021,12,29
2021-12-29 08:53:00+00:00,177.59,177.69,177.44,177.48,658.12,2021,12,29
2021-12-29 08:54:00+00:00,177.46,177.47,177.41,177.43,240.61,2021,12,29
2021-12-29 08:55:00+00:00,177.43,177.73,177.4,177.51,930.28,2021,12,29
2021-12-29 08:56:00+00:00,177.5,177.67,177.48,177.6,451.29,2021,12,29
2021-12-29 08:57:00+00:00,177.56,177.61,177.31,177.41,682.36,2021,12,29
2021-12-29 08:58:00+00:00,177.41,177.42,177.12,177.15,726.29,2021,12,29
2021-12-29 08:59:00+00:00,177.13,177.26,177.08,177.21,733.22,2021,12,29
2021-12-29 09:00:00+00:00,177.22,177.27,177.05,177.12,956.98,2021,12,29
2021-12-29 09:01:00+00:00,177.1,177.37,177.06,177.35,892.62,2021,12,29
2021-12-29 09:02:00+00:00,177.34,177.57,177.27,177.54,677.68,2021,12,29
2021-12-29 09:03:00+00:00,177.57,177.6,177.3,177.38,659.71,2021,12,29
2021-12-29 09:04:00+00:00,177.37,177.43,177.26,177.39,268.23,2021,12,29
2021-12-29 09:05:00+00:00,177.39,177.4,176.96,177.05,2089.25,2021,12,29
2021-12-29 09:06:00+00:00,177.05,177.15,176.99,177.03,512.7,2021,12,29
2021-12-29 09:07:00+00:00,177.03,177.22,177.02,177.12,315.72,2021,12,29
2021-12-29 09:08:00+00:00,177.1,177.16,177.09,177.11,271.84,2021,12,29
2021-12-29 09:09:00+00:00,177.11,177.25,177.07,177.09,321.74,2021,12,29
2021-12-29 09:10:00+00:00,177.1,177.13,176.93,176.98,359.62,2021,12,29
2021-12-29 09:11:00+00:00,176.97,177.34,176.97,177.3,760.07,2021,12,29
2021-12-29 09:12:00+00:00,177.3,177.34,177.09,177.19,588.59,2021,12,29
2021-12-29 09:13:00+00:00,177.18,177.3,177.13,177.19,499.75,2021,12,29
2021-12-29 09:14:00+00:00,177.23,177.37,176.76,176.86,1387.7,2021,12,29
2021-12-29 09:15:00+00:00,176.87,177.06,176.81,176.87,472.4,2021,12,29
2021-12-29 09:16:00+00:00,176.84,176.84,176.25,176.25,3229.05,2021,12,29
2021-12-29 09:17:00+00:00,176.27,176.48,175.81,175.95,3521.87,2021,12,29
2021-12-29 09:18:00+00:00,176.0,176.0,175.25,175.52,4050.99,2021,12,29
2021-12-29 09:19:00+00:00,175.54,175.58,175.0,175.43,8423.29,2021,12,29
2021-12-29 09:20:00+00:00,175.44,175.7,175.27,175.28,2012.44,2021,12,29
2021-12-29 09:21:00+00:00,175.28,175.66,175.28,175.64,1135.24,2021,12,29
2021-12-29 09:22:00+00:00,175.63,175.75,175.41,175.66,982.87,2021,12,29
2021-12-29 09:23:00+00:00,175.71,175.82,175.66,175.75,729.53,2021,12,29
2021-12-29 09:24:00+00:00,175.75,175.81,175.37,175.45,749.43,2021,12,29
2021-12-29 09:25:00+00:00,175.46,175.7,175.4,175.55,823.7,2021,12,29
2021-12-29 09:26:00+00:00,175.56,175.58,175.4,175.48,580.24,2021,12,29
2021-12-29 09:27:00+00:00,175.49,175.49,175.25,175.33,1025.39,2021,12,29
2021-12-29 09:28:00+00:00,175.34,175.49,175.34,175.38,477.92,2021,12,29
2021-12-29 09:29:00+00:00,175.38,175.67,175.38,175.65,874.13,2021,12,29
2021-12-29 09:30:00+00:00,175.65,175.78,175.34,175.78,1021.03,2021,12,29
2021-12-29 09:31:00+00:00,175.78,176.27,175.78,176.26,1257.81,2021,12,29
2021-12-29 09:32:00+00:00,176.27,176.58,176.2,176.3,1355.46,2021,12,29
2021-12-29 09:33:00+00:00,176.3,176.52,176.28,176.5,410.08,2021,12,29
2021-12-29 09:34:00+00:00,176.5,176.5,176.12,176.26,898.9,2021,12,29
2021-12-29 09:35:00+00:00,176.17,176.34,176.16,176.34,610.19,2021,12,29
2021-12-29 09:36:00+00:00,176.33,176.33,176.16,176.32,583.65,2021,12,29
2021-12-29 09:37:00+00:00,176.31,176.75,176.31,176.43,986.82,2021,12,29
2021-12-29 09:38:00+00:00,176.42,176.64,176.38,176.6,379.55,2021,12,29
2021-12-29 09:39:00+00:00,176.6,176.67,176.46,176.63,528.16,2021,12,29
2021-12-29 09:40:00+00:00,176.64,176.79,176.48,176.68,740.24,2021,12,29
2021-12-29 09:41:00+00:00,176.68,176.68,176.51,176.59,1140.03,2021,12,29
2021-12-29 09:42:00+00:00,176.58,176.69,176.51,176.52,594.77,2021,12,29
2021-12-29 09:43:00+00:00,176.52,176.52,176.19,176.36,801.46,2021,12,29
2021-12-29 09:44:00+00:00,176.38,176.69,176.38,176.53,591.55,2021,12,29
2021-12-29 09:45:00+00:00,176.54,176.65,176.43,176.57,617.89,2021,12,29
2021-12-29 09:46:00+00:00,176.6,176.77,176.6,176.73,776.39,2021,12,29
2021-12-29 09:47:00+00:00,176.74,177.18,176.74,177.14,1222.32,2021,12,29
2021-12-29 09:48:00+00:00,177.13,177.19,176.96,177.0,1444.8,2021,12,29
2021-12-29 09:49:00+00:00,177.0,177.11,176.9,177.09,628.0,2021,12,29
2021-12-29 09:50:00+00:00,177.09,177.36,177.04,177.24,1352.76,2021,12,29
2021-12-29 09:51:00+00:00,177.3,177.52,177.3,177.4,809.46,2021,12,29
2021-12-29 09:52:00+00:00,177.38,177.59,177.22,177.59,1200.78,2021,12,29
2021-12-29 09:53:00+00:00,177.6,177.61,177.39,177.53,810.34,2021,12,29
2021-12-29 09:54:00+00:00,177.52,177.85,177.42,177.83,1151.02,2021,12,29
2021-12-29 09:55:00+00:00,177.82,177.9,177.52,177.85,1203.57,2021,12,29
2021-12-29 09:56:00+00:00,177.84,177.93,177.65,177.74,803.53,2021,12,29
2021-12-29 09:57:00+00:00,177.74,177.83,177.53,177.58,1154.57,2021,12,29
2021-12-29 09:58:00+00:00,177.55,177.71,177.5,177.63,767.53,2021,12,29
2021-12-29 09:59:00+00:00,177.61,177.61,177.4,177.45,583.78,2021,12,29
2021-12-29 10:00:00+00:00,177.44,177.64,177.14,177.24,1159.39,2021,12,29
2021-12-29 10:01:00+00:00,177.23,177.25,177.05,177.2,492.34,2021,12,29
2021-12-29 10:02:00+00:00,177.21,177.31,177.09,177.09,248.72,2021,12,29
2021-12-29 10:03:00+00:00,177.09,177.24,177.07,177.17,713.59,2021,12,29
2021-12-29 10:04:00+00:00,177.15,177.15,176.9,177.0,786.95,2021,12,29
2021-12-29 10:05:00+00:00,177.0,177.06,176.96,176.96,283.71,2021,12,29
2021-12-29 10:06:00+00:00,177.0,177.14,176.96,176.96,381.47,2021,12,29
2021-12-29 10:07:00+00:00,176.96,177.34,176.96,177.25,849.49,2021,12,29
2021-12-29 10:08:00+00:00,177.25,177.37,177.16,177.17,488.28,2021,12,29
2021-12-29 10:09:00+00:00,177.19,177.38,177.18,177.38,313.03,2021,12,29
2021-12-29 10:10:00+00:00,177.39,177.45,177.14,177.14,421.31,2021,12,29
2021-12-29 10:11:00+00:00,177.15,177.29,177.05,177.28,640.13,2021,12,29
2021-12-29 10:12:00+00:00,177.28,177.66,177.28,177.62,521.14,2021,12,29
2021-12-29 10:13:00+00:00,177.6,177.65,177.48,177.62,321.62,2021,12,29
2021-12-29 10:14:00+00:00,177.6,177.77,177.57,177.57,331.97,2021,12,29
2021-12-29 10:15:00+00:00,177.58,177.68,177.38,177.44,492.38,2021,12,29
2021-12-29 10:16:00+00:00,177.44,177.45,177.36,177.38,232.72,2021,12,29
2021-12-29 10:17:00+00:00,177.39,177.39,177.11,177.16,470.92,2021,12,29
2021-12-29 10:18:00+00:00,177.19,177.3,177.09,177.18,271.55,2021,12,29
2021-12-29 10:19:00+00:00,177.15,177.18,177.0,177.08,713.24,2021,12,29
2021-12-29 10:20:00+00:00,177.08,177.3,177.07,177.18,1770.8,2021,12,29
2021-12-29 10:21:00+00:00,177.15,177.31,177.15,177.28,2433.58,2021,12,29
2021-12-29 10:22:00+00:00,177.29,177.51,177.2,177.47,1160.72,2021,12,29
2021-12-29 10:23:00+00:00,177.47,177.49,177.32,177.37,591.05,2021,12,29
2021-12-29 10:24:00+00:00,177.33,177.42,177.22,177.29,305.97,2021,12,29
2021-12-29 10:25:00+00:00,177.32,177.49,177.31,177.42,208.49,2021,12,29
2021-12-29 10:26:00+00:00,177.4,177.54,177.24,177.25,452.78,2021,12,29
2021-12-29 10:27:00+00:00,177.26,177.4,177.22,177.3,469.43,2021,12,29
2021-12-29 10:28:00+00:00,177.3,177.3,177.1,177.19,402.17,2021,12,29
2021-12-29 10:29:00+00:00,177.19,177.26,177.1,177.22,301.09,2021,12,29
2021-12-29 10:30:00+00:00,177.18,177.69,177.13,177.68,627.73,2021,12,29
2021-12-29 10:31:00+00:00,177.68,177.83,177.62,177.67,664.44,2021,12,29
2021-12-29 10:32:00+00:00,177.68,177.94,177.67,177.87,750.33,2021,12,29
2021-12-29 10:33:00+00:00,177.89,177.9,177.68,177.78,519.3,2021,12,29
2021-12-29 10:34:00+00:00,177.8,177.84,177.45,177.53,462.57,2021,12,29
2021-12-29 10:35:00+00:00,177.52,177.52,177.29,177.46,374.86,2021,12,29
2021-12-29 10:36:00+00:00,177.45,177.51,177.37,177.37,212.11,2021,12,29
2021-12-29 10:37:00+00:00,177.38,177.4,177.22,177.39,274.47,2021,12,29
2021-12-29 10:38:00+00:00,177.38,177.4,177.27,177.28,303.82,2021,12,29
2021-12-29 10:39:00+00:00,177.31,177.4,177.14,177.2,301.3,2021,12,29
2021-12-29 10:40:00+00:00,177.2,177.31,177.15,177.2,392.89,2021,12,29
2021-12-29 10:41:00+00:00,177.21,177.27,177.09,177.15,514.27,2021,12,29
2021-12-29 10:42:00+00:00,177.15,177.19,177.06,177.19,226.85,2021,12,29
2021-12-29 10:43:00+00:00,177.18,177.18,176.88,177.02,797.94,2021,12,29
2021-12-29 10:44:00+00:00,176.99,177.01,176.57,176.74,1077.55,2021,12,29
2021-12-29 10:45:00+00:00,176.76,177.39,176.73,177.29,3446.18,2021,12,29
2021-12-29 10:46:00+00:00,177.28,177.57,177.24,177.56,449.5,2021,12,29
2021-12-29 10:47:00+00:00,177.52,177.61,177.47,177.55,549.33,2021,12,29
2021-12-29 10:48:00+00:00,177.55,177.62,177.26,177.29,737.84,2021,12,29
2021-12-29 10:49:00+00:00,177.29,177.36,177.2,177.23,346.41,2021,12,29
2021-12-29 10:50:00+00:00,177.22,177.23,176.87,176.91,948.95,2021,12,29
2021-12-29 10:51:00+00:00,176.9,176.94,176.8,176.93,399.11,2021,12,29
2021-12-29 10:52:00+00:00,176.93,176.98,176.7,176.75,527.03,2021,12,29
2021-12-29 10:53:00+00:00,176.77,176.77,176.62,176.73,437.87,2021,12,29
2021-12-29 10:54:00+00:00,176.67,176.78,176.65,176.73,354.74,2021,12,29
2021-12-29 10:55:00+00:00,176.73,176.75,176.51,176.63,542.02,2021,12,29
2021-12-29 10:56:00+00:00,176.6,176.61,176.49,176.55,443.7,2021,12,29
2021-12-29 10:57:00+00:00,176.56,176.94,176.55,176.9,557.13,2021,12,29
2021-12-29 10:58:00+00:00,176.92,177.06,176.88,176.97,386.18,2021,12,29
2021-12-29 10:59:00+00:00,176.99,177.15,176.97,176.98,264.18,2021,12,29
2021-12-29 11:00:00+00:00,176.98,177.34,176.93,177.26,664.35,2021,12,29
2021-12-29 11:01:00+00:00,177.27,177.45,177.24,177.28,561.44,2021,12,29
2021-12-29 11:02:00+00:00,177.25,177.38,177.16,177.31,483.8,2021,12,29
2021-12-29 11:03:00+00:00,177.31,177.42,177.29,177.36,284.84,2021,12,29
2021-12-29 11:04:00+00:00,177.34,177.36,177.22,177.26,206.0,2021,12,29
2021-12-29 11:05:00+00:00,177.25,177.48,177.23,177.47,480.38,2021,12,29
2021-12-29 11:06:00+00:00,177.48,177.5,177.21,177.24,379.02,2021,12,29
2021-12-29 11:07:00+00:00,177.23,177.28,177.15,177.18,386.78,2021,12,29
2021-12-29 11:08:00+00:00,177.19,177.25,176.91,176.92,425.22,2021,12,29
2021-12-29 11:09:00+00:00,176.91,177.02,176.79,176.82,327.82,2021,12,29
2021-12-29 11:10:00+00:00,176.81,176.92,176.74,176.83,355.49,2021,12,29
2021-12-29 11:11:00+00:00,176.87,177.01,176.75,176.86,574.88,2021,12,29
2021-12-29 11:12:00+00:00,176.84,176.87,176.58,176.6,950.6,2021,12,29
2021-12-29 11:13:00+00:00,176.61,176.82,176.6,176.79,546.11,2021,12,29
2021-12-29 11:14:00+00:00,176.77,177.0,176.73,176.97,630.55,2021,12,29
2021-12-29 11:15:00+00:00,176.97,176.97,176.75,176.88,439.33,2021,12,29
2021-12-29 11:16:00+00:00,176.88,177.01,176.86,176.9,476.18,2021,12,29
2021-12-29 11:17:00+00:00,176.89,176.89,176.6,176.63,468.58,2021,12,29
2021-12-29 11:18:00+00:00,176.63,176.67,176.44,176.54,502.21,2021,12,29
2021-12-29 11:19:00+00:00,176.55,176.57,176.36,176.36,228.19,2021,12,29
2021-12-29 11:20:00+00:00,176.37,176.37,176.11,176.24,845.04,2021,12,29
2021-12-29 11:21:00+00:00,176.24,176.33,175.9,176.02,3263.8,2021,12,29
2021-12-29 11:22:00+00:00,176.0,176.44,175.96,176.4,724.46,2021,12,29
2021-12-29 11:23:00+00:00,176.4,176.54,176.4,176.51,359.2,2021,12,29
2021-12-29 11:24:00+00:00,176.51,176.52,176.4,176.4,513.49,2021,12,29
2021-12-29 11:25:00+00:00,176.41,176.41,176.01,176.28,882.29,2021,12,29
2021-12-29 11:26:00+00:00,176.3,176.49,176.27,176.44,467.67,2021,12,29
2021-12-29 11:27:00+00:00,176.44,176.44,176.26,176.26,233.62,2021,12,29
2021-12-29 11:28:00+00:00,176.24,176.24,176.11,176.16,356.54,2021,12,29
2021-12-29 11:29:00+00:00,176.15,176.32,176.15,176.28,561.22,2021,12,29
2021-12-29 11:30:00+00:00,176.28,176.65,176.27,176.6,635.94,2021,12,29
2021-12-29 11:31:00+00:00,176.6,176.62,176.37,176.41,418.35,2021,12,29
2021-12-29 11:32:00+00:00,176.44,176.68,176.44,176.47,807.77,2021,12,29
2021-12-29 11:33:00+00:00,176.46,176.57,176.4,176.4,437.14,2021,12,29
2021-12-29 11:34:00+00:00,176.39,176.54,176.28,176.47,487.68,2021,12,29
2021-12-29 11:35:00+00:00,176.48,176.57,176.46,176.5,335.36,2021,12,29
2021-12-29 11:36:00+00:00,176.51,176.71,176.51,176.67,561.92,2021,12,29
2021-12-29 11:37:00+00:00,176.66,176.71,176.56,176.56,358.76,2021,12,29
2021-12-29 11:38:00+00:00,176.61,176.73,176.01,176.05,5529.31,2021,12,29
2021-12-29 11:39:00+00:00,176.07,176.2,175.95,175.95,1132.99,2021,12,29
2021-12-29 11:40:00+00:00,175.97,175.97,175.24,175.66,9538.68,2021,12,29
2021-12-29 11:41:00+00:00,175.67,175.71,175.12,175.3,2153.16,2021,12,29
2021-12-29 11:42:00+00:00,175.3,175.56,175.19,175.41,1042.65,2021,12,29
2021-12-29 11:43:00+00:00,175.41,175.62,175.33,175.62,1327.3,2021,12,29
2021-12-29 11:44:00+00:00,175.62,175.69,175.49,175.57,420.86,2021,12,29
2021-12-29 11:45:00+00:00,175.57,175.83,175.53,175.8,708.69,2021,12,29
2021-12-29 11:46:00+00:00,175.8,175.85,175.55,175.55,674.41,2021,12,29
2021-12-29 11:47:00+00:00,175.63,175.63,175.41,175.49,694.35,2021,12,29
2021-12-29 11:48:00+00:00,175.49,175.68,175.0,175.17,5305.89,2021,12,29
2021-12-29 11:49:00+00:00,175.17,175.19,174.41,174.86,11522.18,2021,12,29
2021-12-29 11:50:00+00:00,174.86,174.99,174.53,174.77,944.77,2021,12,29
2021-12-29 11:51:00+00:00,174.77,175.26,174.77,174.97,2505.03,2021,12,29
2021-12-29 11:52:00+00:00,174.97,175.18,174.89,175.08,1323.99,2021,12,29
2021-12-29 11:53:00+00:00,175.05,175.25,174.91,175.11,776.62,2021,12,29
2021-12-29 11:54:00+00:00,175.09,175.21,175.03,175.16,431.95,2021,12,29
2021-12-29 11:55:00+00:00,175.14,175.34,175.13,175.3,464.72,2021,12,29
2021-12-29 11:56:00+00:00,175.31,175.45,175.11,175.45,675.75,2021,12,29
2021-12-29 11:57:00+00:00,175.46,175.79,175.43,175.64,742.12,2021,12,29
2021-12-29 11:58:00+00:00,175.64,175.74,175.42,175.45,1108.95,2021,12,29
2021-12-29 11:59:00+00:00,175.45,175.71,175.42,175.55,1023.61,2021,12,29
2021-12-29 12:00:00+00:00,175.53,175.6,175.23,175.6,427.28,2021,12,29
2021-12-29 12:01:00+00:00,175.59,175.91,175.57,175.82,971.68,2021,12,29
2021-12-29 12:02:00+00:00,175.81,175.84,175.39,175.43,778.39,2021,12,29
2021-12-29 12:03:00+00:00,175.43,175.49,175.29,175.47,712.39,2021,12,29
2021-12-29 12:04:00+00:00,175.46,175.64,175.3,175.3,844.51,2021,12,29
2021-12-29 12:05:00+00:00,175.31,175.62,175.31,175.47,747.99,2021,12,29
2021-12-29 12:06:00+00:00,175.44,175.44,174.96,175.15,655.51,2021,12,29
2021-12-29 12:07:00+00:00,175.12,175.12,174.63,174.74,1396.55,2021,12,29
2021-12-29 12:08:00+00:00,174.67,174.72,172.95,173.27,11551.65,2021,12,29
2021-12-29 12:09:00+00:00,173.28,174.34,173.14,173.98,5727.83,2021,12,29
2021-12-29 12:10:00+00:00,173.98,174.35,173.7,174.31,3953.87,2021,12,29
2021-12-29 12:11:00+00:00,174.31,174.45,173.93,174.08,2540.7,2021,12,29
2021-12-29 12:12:00+00:00,174.08,174.1,172.83,173.46,5776.24,2021,12,29
2021-12-29 12:13:00+00:00,173.45,174.06,173.44,173.89,2528.88,2021,12,29
2021-12-29 12:14:00+00:00,173.87,173.9,173.47,173.61,1813.02,2021,12,29
2021-12-29 12:15:00+00:00,173.64,173.96,173.34,173.59,2046.33,2021,12,29
2021-12-29 12:16:00+00:00,173.61,173.87,173.22,173.24,1479.82,2021,12,29
2021-12-29 12:17:00+00:00,173.22,173.31,172.56,172.68,2636.42,2021,12,29
2021-12-29 12:18:00+00:00,172.67,173.86,172.55,173.49,6267.61,2021,12,29
2021-12-29 12:19:00+00:00,173.49,173.82,173.24,173.26,2860.38,2021,12,29
2021-12-29 12:20:00+00:00,173.27,173.84,173.27,173.34,1873.81,2021,12,29
2021-12-29 12:21:00+00:00,173.34,173.65,173.24,173.38,1606.94,2021,12,29
2021-12-29 12:22:00+00:00,173.43,173.7,173.07,173.5,3130.05,2021,12,29
2021-12-29 12:23:00+00:00,173.48,173.84,173.44,173.67,1495.18,2021,12,29
2021-12-29 12:24:00+00:00,173.67,173.71,173.37,173.6,1832.93,2021,12,29
2021-12-29 12:25:00+00:00,173.6,173.79,173.05,173.07,1032.95,2021,12,29
2021-12-29 12:26:00+00:00,173.09,173.17,172.67,172.86,1810.35,2021,12,29
2021-12-29 12:27:00+00:00,172.86,173.23,172.85,172.96,2238.66,2021,12,29
2021-12-29 12:28:00+00:00,172.96,173.01,172.32,172.58,2463.66,2021,12,29
2021-12-29 12:29:00+00:00,172.6,173.08,172.18,173.0,2857.81,2021,12,29
2021-12-29 12:30:00+00:00,173.0,173.14,172.42,172.59,2170.19,2021,12,29
2021-12-29 12:31:00+00:00,172.6,172.79,172.33,172.5,2469.47,2021,12,29
2021-12-29 12:32:00+00:00,172.49,172.83,172.37,172.83,2524.28,2021,12,29
2021-12-29 12:33:00+00:00,172.82,172.89,172.43,172.58,1372.85,2021,12,29
2021-12-29 12:34:00+00:00,172.58,172.95,172.56,172.89,1819.21,2021,12,29
2021-12-29 12:35:00+00:00,172.88,172.94,172.27,172.44,4977.85,2021,12,29
2021-12-29 12:36:00+00:00,172.44,172.69,172.38,172.61,1579.16,2021,12,29
2021-12-29 12:37:00+00:00,172.62,172.81,172.54,172.69,1994.86,2021,12,29
2021-12-29 12:38:00+00:00,172.7,172.74,172.44,172.44,1317.01,2021,12,29
2021-12-29 12:39:00+00:00,172.42,172.73,172.37,172.56,1632.58,2021,12,29
2021-12-29 12:40:00+00:00,172.57,172.57,172.14,172.23,3478.25,2021,12,29
2021-12-29 12:41:00+00:00,172.24,172.31,172.0,172.29,3153.48,2021,12,29
2021-12-29 12:42:00+00:00,172.27,172.33,172.02,172.08,1383.62,2021,12,29
2021-12-29 12:43:00+00:00,172.07,172.39,172.0,172.3,1445.79,2021,12,29
2021-12-29 12:44:00+00:00,172.32,172.83,172.23,172.51,2229.43,2021,12,29
2021-12-29 12:45:00+00:00,172.56,172.96,172.56,172.88,839.41,2021,12,29
2021-12-29 12:46:00+00:00,172.87,173.15,172.79,172.96,1857.12,2021,12,29
2021-12-29 12:47:00+00:00,172.97,173.12,172.83,173.12,1229.85,2021,12,29
2021-12-29 12:48:00+00:00,173.11,173.29,172.91,172.99,1367.69,2021,12,29
2021-12-29 12:49:00+00:00,172.99,173.02,172.62,172.67,1721.35,2021,12,29
2021-12-29 12:50:00+00:00,172.63,172.77,172.31,172.34,973.44,2021,12,29
2021-12-29 12:51:00+00:00,172.35,172.6,172.3,172.4,2966.43,2021,12,29
2021-12-29 12:52:00+00:00,172.4,172.48,172.25,172.29,764.83,2021,12,29
2021-12-29 12:53:00+00:00,172.26,172.3,172.08,172.25,543.8,2021,12,29
2021-12-29 12:54:00+00:00,172.24,172.33,172.0,172.06,3762.92,2021,12,29
2021-12-29 12:55:00+00:00,172.05,172.11,171.7,171.99,11020.1,2021,12,29
2021-12-29 12:56:00+00:00,171.98,172.24,171.88,172.13,2032.87,2021,12,29
2021-12-29 12:57:00+00:00,172.11,172.58,172.08,172.56,1063.44,2021,12,29
2021-12-29 12:58:00+00:00,172.55,172.64,172.07,172.08,1173.59,2021,12,29
2021-12-29 12:59:00+00:00,172.08,172.12,171.78,171.8,1074.41,2021,12,29
2021-12-29 13:00:00+00:00,171.79,172.03,171.72,172.03,1448.24,2021,12,29
2021-12-29 13:01:00+00:00,172.02,172.28,172.01,172.19,1332.93,2021,12,29
2021-12-29 13:02:00+00:00,172.17,172.42,171.83,172.03,2410.9,2021,12,29
2021-12-29 13:03:00+00:00,172.04,172.15,171.95,172.15,930.06,2021,12,29
2021-12-29 13:04:00+00:00,172.15,172.43,172.13,172.43,691.66,2021,12,29
2021-12-29 13:05:00+00:00,172.43,172.87,172.43,172.84,1179.44,2021,12,29
2021-12-29 13:06:00+00:00,172.85,172.91,172.66,172.78,887.58,2021,12,29
2021-12-29 13:07:00+00:00,172.76,172.76,172.28,172.42,1037.01,2021,12,29
2021-12-29 13:08:00+00:00,172.39,172.48,172.04,172.04,1106.76,2021,12,29
2021-12-29 13:09:00+00:00,172.05,172.29,172.01,172.22,1159.93,2021,12,29
2021-12-29 13:10:00+00:00,172.21,172.34,172.1,172.18,900.27,2021,12,29
2021-12-29 13:11:00+00:00,172.18,172.24,171.93,172.03,1040.54,2021,12,29
2021-12-29 13:12:00+00:00,172.03,172.2,171.94,172.02,1203.79,2021,12,29
2021-12-29 13:13:00+00:00,172.01,172.06,171.73,171.91,1208.58,2021,12,29
2021-12-29 13:14:00+00:00,171.9,172.15,171.87,171.97,998.99,2021,12,29
2021-12-29 13:15:00+00:00,171.97,172.07,171.9,172.0,815.3,2021,12,29
2021-12-29 13:16:00+00:00,172.0,172.29,171.97,172.19,1402.34,2021,12,29
2021-12-29 13:17:00+00:00,172.18,172.24,171.84,171.85,478.52,2021,12,29
2021-12-29 13:18:00+00:00,171.83,171.9,171.73,171.9,1384.6,2021,12,29
2021-12-29 13:19:00+00:00,171.9,171.95,171.5,171.59,2658.39,2021,12,29
2021-12-29 13:20:00+00:00,171.62,171.76,171.16,171.43,3131.58,2021,12,29
2021-12-29 13:21:00+00:00,171.42,171.57,171.24,171.5,1698.39,2021,12,29
2021-12-29 13:22:00+00:00,171.58,171.86,171.27,171.78,2032.17,2021,12,29
2021-12-29 13:23:00+00:00,171.77,171.79,171.29,171.45,1864.93,2021,12,29
2021-12-29 13:24:00+00:00,171.47,171.78,171.34,171.43,1984.56,2021,12,29
2021-12-29 13:25:00+00:00,171.44,171.64,171.18,171.25,1496.45,2021,12,29
2021-12-29 13:26:00+00:00,171.29,171.35,171.07,171.24,5026.57,2021,12,29
2021-12-29 13:27:00+00:00,171.24,171.31,171.04,171.09,1266.59,2021,12,29
2021-12-29 13:28:00+00:00,171.09,171.22,171.0,171.13,9271.15,2021,12,29
2021-12-29 13:29:00+00:00,171.16,171.24,171.0,171.14,8812.66,2021,12,29
2021-12-29 13:30:00+00:00,171.12,171.29,171.0,171.28,1703.93,2021,12,29
2021-12-29 13:31:00+00:00,171.3,171.48,171.11,171.46,2376.83,2021,12,29
2021-12-29 13:32:00+00:00,171.43,171.66,171.38,171.45,1671.91,2021,12,29
2021-12-29 13:33:00+00:00,171.47,171.5,171.05,171.12,1400.88,2021,12,29
2021-12-29 13:34:00+00:00,171.11,171.19,171.0,171.06,2175.1,2021,12,29
2021-12-29 13:35:00+00:00,171.08,171.18,171.0,171.0,2745.09,2021,12,29
2021-12-29 13:36:00+00:00,171.0,171.3,170.71,171.26,14721.48,2021,12,29
2021-12-29 13:37:00+00:00,171.29,171.52,170.9,171.04,1230.77,2021,12,29
2021-12-29 13:38:00+00:00,171.09,171.23,170.93,171.1,1607.83,2021,12,29
2021-12-29 13:39:00+00:00,171.15,171.5,171.03,171.5,2460.29,2021,12,29
2021-12-29 13:40:00+00:00,171.5,171.88,171.49,171.85,1423.45,2021,12,29
2021-12-29 13:41:00+00:00,171.85,172.14,171.69,172.11,1076.51,2021,12,29
2021-12-29 13:42:00+00:00,172.1,172.15,171.9,171.92,1399.24,2021,12,29
2021-12-29 13:43:00+00:00,171.93,172.2,171.9,172.2,1588.15,2021,12,29
2021-12-29 13:44:00+00:00,172.17,172.2,171.91,172.05,1664.14,2021,12,29
2021-12-29 13:45:00+00:00,172.02,172.33,171.97,172.29,1478.73,2021,12,29
2021-12-29 13:46:00+00:00,172.3,172.38,172.23,172.33,659.55,2021,12,29
2021-12-29 13:47:00+00:00,172.34,172.37,171.9,172.27,3710.06,2021,12,29
2021-12-29 13:48:00+00:00,172.26,172.51,172.21,172.33,845.53,2021,12,29
2021-12-29 13:49:00+00:00,172.36,172.8,172.35,172.68,2380.89,2021,12,29
2021-12-29 13:50:00+00:00,172.67,172.98,172.64,172.97,1534.08,2021,12,29
2021-12-29 13:51:00+00:00,172.97,173.42,172.82,173.26,2808.88,2021,12,29
2021-12-29 13:52:00+00:00,173.25,173.66,172.9,173.65,2105.56,2021,12,29
2021-12-29 13:53:00+00:00,173.66,173.73,173.44,173.7,1738.83,2021,12,29
2021-12-29 13:54:00+00:00,173.72,174.0,173.59,173.72,1618.37,2021,12,29
2021-12-29 13:55:00+00:00,173.72,173.84,173.33,173.83,1417.45,2021,12,29
2021-12-29 13:56:00+00:00,173.8,174.2,173.8,174.15,1996.72,2021,12,29
2021-12-29 13:57:00+00:00,174.14,174.2,173.81,173.84,1244.11,2021,12,29
2021-12-29 13:58:00+00:00,173.88,173.9,173.51,173.83,1645.48,2021,12,29
2021-12-29 13:59:00+00:00,173.83,173.86,173.5,173.82,1160.4,2021,12,29
2021-12-29 14:00:00+00:00,173.82,174.09,173.73,173.83,1916.75,2021,12,29
2021-12-29 14:01:00+00:00,173.81,174.7,173.81,174.6,2994.04,2021,12,29
2021-12-29 14:02:00+00:00,174.59,174.63,174.18,174.48,2644.91,2021,12,29
2021-12-29 14:03:00+00:00,174.47,174.57,174.11,174.39,1834.63,2021,12,29
2021-12-29 14:04:00+00:00,174.38,174.55,174.17,174.44,2859.26,2021,12,29
2021-12-29 14:05:00+00:00,174.44,174.75,174.41,174.72,1292.67,2021,12,29
2021-12-29 14:06:00+00:00,174.63,174.67,174.31,174.57,2276.29,2021,12,29
2021-12-29 14:07:00+00:00,174.56,174.62,174.38,174.39,1075.11,2021,12,29
2021-12-29 14:08:00+00:00,174.38,174.78,174.34,174.72,1505.43,2021,12,29
2021-12-29 14:09:00+00:00,174.75,174.75,174.28,174.52,1866.72,2021,12,29
2021-12-29 14:10:00+00:00,174.47,174.47,174.12,174.42,700.48,2021,12,29
2021-12-29 14:11:00+00:00,174.42,174.59,174.42,174.5,1299.82,2021,12,29
2021-12-29 14:12:00+00:00,174.53,174.55,173.82,173.99,2426.64,2021,12,29
2021-12-29 14:13:00+00:00,173.99,174.48,173.86,174.41,1428.24,2021,12,29
2021-12-29 14:14:00+00:00,174.44,174.53,173.98,173.98,1050.67,2021,12,29
2021-12-29 14:15:00+00:00,174.04,174.27,173.75,173.81,1254.38,2021,12,29
2021-12-29 14:16:00+00:00,173.81,174.02,173.78,173.81,608.62,2021,12,29
2021-12-29 14:17:00+00:00,173.82,173.89,173.17,173.36,2401.69,2021,12,29
2021-12-29 14:18:00+00:00,173.36,173.49,173.11,173.3,1072.48,2021,12,29
2021-12-29 14:19:00+00:00,173.28,173.41,173.04,173.06,478.4,2021,12,29
2021-12-29 14:20:00+00:00,173.07,173.15,172.94,172.97,713.6,2021,12,29
2021-12-29 14:21:00+00:00,172.98,173.22,172.96,173.06,672.87,2021,12,29
2021-12-29 14:22:00+00:00,173.06,173.39,172.99,173.39,1352.95,2021,12,29
2021-12-29 14:23:00+00:00,173.41,173.59,173.18,173.21,924.12,2021,12,29
2021-12-29 14:24:00+00:00,173.21,173.54,173.2,173.49,419.84,2021,12,29
2021-12-29 14:25:00+00:00,173.48,173.64,173.44,173.63,376.74,2021,12,29
2021-12-29 14:26:00+00:00,173.64,173.82,173.63,173.74,505.75,2021,12,29
2021-12-29 14:27:00+00:00,173.73,173.75,173.49,173.7,550.02,2021,12,29
2021-12-29 14:28:00+00:00,173.68,173.77,173.49,173.64,1038.88,2021,12,29
2021-12-29 14:29:00+00:00,173.63,173.68,173.37,173.41,755.29,2021,12,29
2021-12-29 14:30:00+00:00,173.41,173.93,173.41,173.75,911.44,2021,12,29
2021-12-29 14:31:00+00:00,173.74,174.12,173.62,173.62,1745.52,2021,12,29
2021-12-29 14:32:00+00:00,173.6,173.88,173.51,173.88,840.94,2021,12,29
2021-12-29 14:33:00+00:00,173.88,174.37,173.88,174.3,1129.57,2021,12,29
2021-12-29 14:34:00+00:00,174.28,175.23,174.2,174.76,5018.35,2021,12,29
2021-12-29 14:35:00+00:00,174.76,175.3,174.54,174.7,3218.86,2021,12,29
2021-12-29 14:36:00+00:00,174.71,174.72,174.41,174.61,1162.81,2021,12,29
2021-12-29 14:37:00+00:00,174.57,174.61,174.16,174.32,1058.06,2021,12,29
2021-12-29 14:38:00+00:00,174.3,174.78,174.26,174.5,2608.36,2021,12,29
2021-12-29 14:39:00+00:00,174.47,174.66,174.2,174.6,1545.34,2021,12,29
2021-12-29 14:40:00+00:00,174.53,175.01,174.53,174.78,1166.2,2021,12,29
2021-12-29 14:41:00+00:00,174.79,175.08,174.6,174.7,2364.49,2021,12,29
2021-12-29 14:42:00+00:00,174.69,174.99,174.69,174.9,830.29,2021,12,29
2021-12-29 14:43:00+00:00,174.86,174.97,174.6,174.69,1569.48,2021,12,29
2021-12-29 14:44:00+00:00,174.68,174.75,174.24,174.34,2472.17,2021,12,29
2021-12-29 14:45:00+00:00,174.34,174.53,174.18,174.29,1147.18,2021,12,29
2021-12-29 14:46:00+00:00,174.26,174.3,174.02,174.04,847.4,2021,12,29
2021-12-29 14:47:00+00:00,174.04,174.24,174.03,174.12,613.27,2021,12,29
2021-12-29 14:48:00+00:00,174.11,174.18,173.93,173.99,1333.26,2021,12,29
2021-12-29 14:49:00+00:00,173.94,175.25,173.84,175.0,4666.57,2021,12,29
2021-12-29 14:50:00+00:00,174.97,175.2,174.74,175.16,2290.49,2021,12,29
2021-12-29 14:51:00+00:00,175.17,175.49,175.15,175.43,939.32,2021,12,29
2021-12-29 14:52:00+00:00,175.45,175.5,175.09,175.13,483.91,2021,12,29
2021-12-29 14:53:00+00:00,175.14,175.37,175.14,175.16,622.57,2021,12,29
2021-12-29 14:54:00+00:00,175.16,175.85,175.14,175.66,3407.54,2021,12,29
2021-12-29 14:55:00+00:00,175.66,175.9,175.47,175.51,1926.98,2021,12,29
2021-12-29 14:56:00+00:00,175.5,175.61,175.26,175.5,1418.55,2021,12,29
2021-12-29 14:57:00+00:00,175.5,175.63,175.29,175.3,1249.74,2021,12,29
2021-12-29 14:58:00+00:00,175.3,175.57,175.15,175.54,694.41,2021,12,29
2021-12-29 14:59:00+00:00,175.55,175.55,174.83,174.99,1508.97,2021,12,29
2021-12-29 15:00:00+00:00,174.99,175.1,174.67,174.87,1419.2,2021,12,29
2021-12-29 15:01:00+00:00,174.88,175.13,174.76,174.97,1267.15,2021,12,29
2021-12-29 15:02:00+00:00,174.97,175.17,174.96,175.12,315.41,2021,12,29
2021-12-29 15:03:00+00:00,175.11,175.11,174.75,174.95,785.23,2021,12,29
2021-12-29 15:04:00+00:00,174.96,175.34,174.85,175.14,1340.48,2021,12,29
2021-12-29 15:05:00+00:00,175.15,175.26,174.74,175.03,2676.21,2021,12,29
2021-12-29 15:06:00+00:00,175.02,175.5,175.0,175.14,1931.83,2021,12,29
2021-12-29 15:07:00+00:00,175.1,175.49,175.1,175.37,714.16,2021,12,29
2021-12-29 15:08:00+00:00,175.38,175.57,175.38,175.51,741.54,2021,12,29
2021-12-29 15:09:00+00:00,175.5,175.87,175.42,175.76,1696.17,2021,12,29
2021-12-29 15:10:00+00:00,175.73,176.17,175.73,176.06,2221.19,2021,12,29
2021-12-29 15:11:00+00:00,176.06,176.06,175.53,175.62,2040.08,2021,12,29
2021-12-29 15:12:00+00:00,175.61,175.8,175.14,175.32,1698.88,2021,12,29
2021-12-29 15:13:00+00:00,175.32,175.77,175.24,175.39,1152.1,2021,12,29
2021-12-29 15:14:00+00:00,175.41,175.56,175.38,175.46,769.99,2021,12,29
2021-12-29 15:15:00+00:00,175.45,175.48,175.01,175.05,1934.56,2021,12,29
2021-12-29 15:16:00+00:00,175.04,175.09,174.46,174.51,2630.47,2021,12,29
2021-12-29 15:17:00+00:00,174.5,175.0,174.43,174.95,2899.37,2021,12,29
2021-12-29 15:18:00+00:00,174.96,175.04,174.72,174.83,809.44,2021,12,29
2021-12-29 15:19:00+00:00,174.82,174.94,174.66,174.7,519.27,2021,12,29
2021-12-29 15:20:00+00:00,174.7,175.79,174.66,175.7,3416.74,2021,12,29
2021-12-29 15:21:00+00:00,175.71,175.85,175.51,175.51,1325.24,2021,12,29
2021-12-29 15:22:00+00:00,175.51,175.67,175.49,175.5,768.83,2021,12,29
2021-12-29 15:23:00+00:00,175.54,175.64,175.49,175.57,318.94,2021,12,29
2021-12-29 15:24:00+00:00,175.57,176.08,175.57,175.68,1633.85,2021,12,29
2021-12-29 15:25:00+00:00,175.68,175.82,175.57,175.72,622.0,2021,12,29
2021-12-29 15:26:00+00:00,175.72,175.72,175.52,175.63,585.89,2021,12,29
2021-12-29 15:27:00+00:00,175.62,175.79,175.29,175.32,1682.24,2021,12,29
2021-12-29 15:28:00+00:00,175.35,175.41,175.09,175.24,666.53,2021,12,29
2021-12-29 15:29:00+00:00,175.23,175.26,174.99,175.13,758.69,2021,12,29
2021-12-29 15:30:00+00:00,175.13,175.13,174.8,174.88,769.09,2021,12,29
2021-12-29 15:31:00+00:00,174.89,175.27,174.89,175.27,867.06,2021,12,29
2021-12-29 15:32:00+00:00,175.26,175.46,175.19,175.33,447.5,2021,12,29
2021-12-29 15:33:00+00:00,175.33,175.51,175.22,175.39,629.11,2021,12,29
2021-12-29 15:34:00+00:00,175.38,175.61,175.34,175.58,726.3,2021,12,29
2021-12-29 15:35:00+00:00,175.58,175.66,175.42,175.64,871.75,2021,12,29
2021-12-29 15:36:00+00:00,175.64,175.64,175.38,175.38,572.95,2021,12,29
2021-12-29 15:37:00+00:00,175.37,175.58,175.27,175.38,886.18,2021,12,29
2021-12-29 15:38:00+00:00,175.37,175.46,175.08,175.13,737.46,2021,12,29
2021-12-29 15:39:00+00:00,175.13,175.16,174.97,175.06,1103.06,2021,12,29
2021-12-29 15:40:00+00:00,175.04,175.14,174.78,175.0,1455.73,2021,12,29
2021-12-29 15:41:00+00:00,175.0,175.13,174.88,175.12,620.33,2021,12,29
2021-12-29 15:42:00+00:00,175.11,175.34,175.07,175.19,471.63,2021,12,29
2021-12-29 15:43:00+00:00,175.22,175.57,175.22,175.37,611.97,2021,12,29
2021-12-29 15:44:00+00:00,175.38,175.6,175.24,175.5,681.75,2021,12,29
2021-12-29 15:45:00+00:00,175.52,175.82,175.51,175.82,529.69,2021,12,29
2021-12-29 15:46:00+00:00,175.81,175.99,175.66,175.87,1051.55,2021,12,29
2021-12-29 15:47:00+00:00,175.87,176.0,175.74,175.82,721.31,2021,12,29
2021-12-29 15:48:00+00:00,175.82,175.89,175.73,175.84,632.83,2021,12,29
2021-12-29 15:49:00+00:00,175.84,175.97,175.84,175.88,447.94,2021,12,29
2021-12-29 15:50:00+00:00,175.89,176.3,175.75,176.28,883.73,2021,12,29
2021-12-29 15:51:00+00:00,176.31,176.31,176.11,176.17,794.64,2021,12,29
2021-12-29 15:52:00+00:00,176.16,176.45,176.16,176.35,1419.71,2021,12,29
2021-12-29 15:53:00+00:00,176.41,176.5,176.18,176.31,1064.44,2021,12,29
2021-12-29 15:54:00+00:00,176.27,176.3,176.0,176.28,1436.95,2021,12,29
2021-12-29 15:55:00+00:00,176.28,176.5,176.2,176.49,1131.47,2021,12,29
2021-12-29 15:56:00+00:00,176.48,176.51,176.37,176.5,721.36,2021,12,29
2021-12-29 15:57:00+00:00,176.5,176.63,176.39,176.43,1640.86,2021,12,29
2021-12-29 15:58:00+00:00,176.43,176.7,176.38,176.53,1245.64,2021,12,29
2021-12-29 15:59:00+00:00,176.52,176.63,176.29,176.41,1235.12,2021,12,29
2021-12-29 16:00:00+00:00,176.42,176.58,176.42,176.5,434.42,2021,12,29
2021-12-29 16:01:00+00:00,176.49,176.54,175.89,175.91,1343.87,2021,12,29
2021-12-29 16:02:00+00:00,175.96,176.24,175.78,175.84,826.86,2021,12,29
2021-12-29 16:03:00+00:00,175.86,176.08,175.85,175.9,657.83,2021,12,29
2021-12-29 16:04:00+00:00,175.92,176.68,175.92,176.62,2307.67,2021,12,29
2021-12-29 16:05:00+00:00,176.61,176.83,176.49,176.73,1107.35,2021,12,29
2021-12-29 16:06:00+00:00,176.71,176.71,176.14,176.3,1038.63,2021,12,29
2021-12-29 16:07:00+00:00,176.3,176.59,176.03,176.07,1240.49,2021,12,29
2021-12-29 16:08:00+00:00,176.14,176.29,176.07,176.16,581.43,2021,12,29
2021-12-29 16:09:00+00:00,176.16,176.28,175.93,176.1,890.95,2021,12,29
2021-12-29 16:10:00+00:00,176.13,176.16,175.89,175.95,290.86,2021,12,29
2021-12-29 16:11:00+00:00,175.95,176.12,175.7,175.79,683.5,2021,12,29
2021-12-29 16:12:00+00:00,175.77,175.77,175.56,175.69,1155.4,2021,12,29
2021-12-29 16:13:00+00:00,175.69,175.69,175.4,175.58,1157.26,2021,12,29
2021-12-29 16:14:00+00:00,175.57,175.74,175.5,175.65,486.66,2021,12,29
2021-12-29 16:15:00+00:00,175.65,175.86,175.47,175.65,808.72,2021,12,29
2021-12-29 16:16:00+00:00,175.62,175.69,175.58,175.69,353.97,2021,12,29
2021-12-29 16:17:00+00:00,175.69,175.84,175.68,175.71,444.05,2021,12,29
2021-12-29 16:18:00+00:00,175.71,175.9,175.64,175.64,989.97,2021,12,29
2021-12-29 16:19:00+00:00,175.62,175.98,175.62,175.97,649.58,2021,12,29
2021-12-29 16:20:00+00:00,175.95,176.1,175.66,175.72,774.65,2021,12,29
2021-12-29 16:21:00+00:00,175.72,175.79,175.39,175.44,823.94,2021,12,29
2021-12-29 16:22:00+00:00,175.45,175.7,175.41,175.61,548.91,2021,12,29
2021-12-29 16:23:00+00:00,175.64,175.64,175.44,175.57,615.63,2021,12,29
2021-12-29 16:24:00+00:00,175.56,175.75,175.52,175.6,539.95,2021,12,29
2021-12-29 16:25:00+00:00,175.64,175.74,175.55,175.59,528.02,2021,12,29
2021-12-29 16:26:00+00:00,175.65,175.78,175.59,175.65,899.43,2021,12,29
2021-12-29 16:27:00+00:00,175.71,175.73,175.36,175.46,1673.64,2021,12,29
2021-12-29 16:28:00+00:00,175.48,175.54,175.21,175.38,1654.99,2021,12,29
2021-12-29 16:29:00+00:00,175.32,175.32,174.9,175.02,2187.07,2021,12,29
2021-12-29 16:30:00+00:00,175.04,175.11,174.65,174.76,2436.02,2021,12,29
2021-12-29 16:31:00+00:00,174.76,175.15,174.6,174.66,2245.68,2021,12,29
2021-12-29 16:32:00+00:00,174.66,174.88,174.64,174.82,1043.37,2021,12,29
2021-12-29 16:33:00+00:00,174.8,174.97,174.79,174.97,513.73,2021,12,29
2021-12-29 16:34:00+00:00,174.94,175.03,174.84,175.03,560.24,2021,12,29
2021-12-29 16:35:00+00:00,175.03,175.27,174.98,174.98,485.08,2021,12,29
2021-12-29 16:36:00+00:00,174.96,175.05,174.54,174.68,819.14,2021,12,29
2021-12-29 16:37:00+00:00,174.68,174.91,174.6,174.79,561.95,2021,12,29
2021-12-29 16:38:00+00:00,174.8,174.96,174.71,174.78,491.72,2021,12,29
2021-12-29 16:39:00+00:00,174.78,174.78,174.03,174.1,2051.99,2021,12,29
2021-12-29 16:40:00+00:00,174.12,174.25,173.91,173.92,1324.24,2021,12,29
2021-12-29 16:41:00+00:00,173.97,174.22,173.92,174.12,472.69,2021,12,29
2021-12-29 16:42:00+00:00,174.13,174.18,173.9,174.04,1132.58,2021,12,29
2021-12-29 16:43:00+00:00,174.09,174.48,174.05,174.35,498.78,2021,12,29
2021-12-29 16:44:00+00:00,174.3,174.5,174.19,174.24,392.1,2021,12,29
2021-12-29 16:45:00+00:00,174.28,174.55,174.28,174.39,504.89,2021,12,29
2021-12-29 16:46:00+00:00,174.49,174.6,174.46,174.55,253.94,2021,12,29
2021-12-29 16:47:00+00:00,174.5,174.58,174.27,174.42,481.2,2021,12,29
2021-12-29 16:48:00+00:00,174.41,174.5,174.23,174.23,637.58,2021,12,29
2021-12-29 16:49:00+00:00,174.26,174.5,174.26,174.3,345.34,2021,12,29
2021-12-29 16:50:00+00:00,174.31,174.48,174.31,174.34,670.53,2021,12,29
2021-12-29 16:51:00+00:00,174.36,174.83,174.36,174.77,1198.13,2021,12,29
2021-12-29 16:52:00+00:00,174.76,174.94,174.69,174.82,420.85,2021,12,29
2021-12-29 16:53:00+00:00,174.82,174.9,174.8,174.9,238.78,2021,12,29
2021-12-29 16:54:00+00:00,174.9,175.02,174.81,174.89,376.13,2021,12,29
2021-12-29 16:55:00+00:00,174.91,175.1,174.91,175.07,178.54,2021,12,29
2021-12-29 16:56:00+00:00,175.07,175.2,174.92,174.98,398.53,2021,12,29
2021-12-29 16:57:00+00:00,174.99,175.11,174.93,175.06,784.51,2021,12,29
2021-12-29 16:58:00+00:00,175.07,175.2,175.04,175.05,147.3,2021,12,29
2021-12-29 16:59:00+00:00,175.05,175.13,174.93,175.08,343.07,2021,12,29
2021-12-29 17:00:00+00:00,175.06,175.07,174.24,174.24,1948.35,2021,12,29
2021-12-29 17:01:00+00:00,174.26,174.8,174.13,174.75,862.37,2021,12,29
2021-12-29 17:02:00+00:00,174.76,174.85,174.51,174.51,228.33,2021,12,29
2021-12-29 17:03:00+00:00,174.51,174.51,174.3,174.36,389.13,2021,12,29
2021-12-29 17:04:00+00:00,174.37,174.57,174.33,174.49,281.32,2021,12,29
2021-12-29 17:05:00+00:00,174.52,174.6,174.46,174.57,254.36,2021,12,29
2021-12-29 17:06:00+00:00,174.57,174.57,174.24,174.32,354.21,2021,12,29
2021-12-29 17:07:00+00:00,174.34,174.49,174.23,174.32,521.0,2021,12,29
2021-12-29 17:08:00+00:00,174.34,175.17,174.31,175.01,3873.36,2021,12,29
2021-12-29 17:09:00+00:00,175.0,175.15,174.79,175.05,1313.04,2021,12,29
2021-12-29 17:10:00+00:00,175.07,175.09,174.96,175.05,167.86,2021,12,29
2021-12-29 17:11:00+00:00,175.05,175.06,174.59,174.77,1626.24,2021,12,29
2021-12-29 17:12:00+00:00,174.77,174.87,174.69,174.77,551.31,2021,12,29
2021-12-29 17:13:00+00:00,174.75,175.02,174.51,174.51,1023.02,2021,12,29
2021-12-29 17:14:00+00:00,174.53,174.61,174.41,174.5,385.52,2021,12,29
2021-12-29 17:15:00+00:00,174.5,174.74,174.42,174.59,425.93,2021,12,29
2021-12-29 17:16:00+00:00,174.62,174.65,174.42,174.43,458.65,2021,12,29
2021-12-29 17:17:00+00:00,174.44,174.46,174.14,174.23,1416.02,2021,12,29
2021-12-29 17:18:00+00:00,174.22,174.35,174.17,174.35,470.55,2021,12,29
2021-12-29 17:19:00+00:00,174.35,174.52,174.3,174.35,790.39,2021,12,29
2021-12-29 17:20:00+00:00,174.32,174.44,174.21,174.3,238.25,2021,12,29
2021-12-29 17:21:00+00:00,174.29,174.69,173.88,174.57,4521.19,2021,12,29
2021-12-29 17:22:00+00:00,174.56,174.61,174.11,174.58,1175.21,2021,12,29
2021-12-29 17:23:00+00:00,174.6,174.67,174.44,174.45,525.2,2021,12,29
2021-12-29 17:24:00+00:00,174.46,174.7,174.46,174.69,370.35,2021,12,29
2021-12-29 17:25:00+00:00,174.68,174.7,174.5,174.53,204.96,2021,12,29
2021-12-29 17:26:00+00:00,174.54,174.73,174.44,174.58,458.47,2021,12,29
2021-12-29 17:27:00+00:00,174.55,174.75,174.5,174.5,366.88,2021,12,29
2021-12-29 17:28:00+00:00,174.49,174.55,174.39,174.45,317.45,2021,12,29
2021-12-29 17:29:00+00:00,174.45,174.61,174.34,174.35,188.75,2021,12,29
2021-12-29 17:30:00+00:00,174.35,174.47,174.24,174.35,289.3,2021,12,29
2021-12-29 17:31:00+00:00,174.37,174.42,174.04,174.09,359.29,2021,12,29
2021-12-29 17:32:00+00:00,174.12,174.19,173.65,174.0,1412.99,2021,12,29
2021-12-29 17:33:00+00:00,174.02,174.13,173.94,173.96,356.42,2021,12,29
2021-12-29 17:34:00+00:00,173.99,173.99,173.6,173.85,665.74,2021,12,29
2021-12-29 17:35:00+00:00,173.85,174.06,173.85,174.02,582.71,2021,12,29
2021-12-29 17:36:00+00:00,173.99,174.17,173.96,174.06,347.11,2021,12,29
2021-12-29 17:37:00+00:00,174.06,174.24,173.88,173.93,2042.43,2021,12,29
2021-12-29 17:38:00+00:00,173.95,174.24,173.88,174.18,551.5,2021,12,29
2021-12-29 17:39:00+00:00,174.18,174.21,173.98,174.02,548.04,2021,12,29
2021-12-29 17:40:00+00:00,174.03,174.12,173.88,174.01,617.53,2021,12,29
2021-12-29 17:41:00+00:00,174.02,174.19,173.88,174.19,698.95,2021,12,29
2021-12-29 17:42:00+00:00,174.18,174.27,174.14,174.27,306.9,2021,12,29
2021-12-29 17:43:00+00:00,174.27,174.33,174.18,174.18,214.91,2021,12,29
2021-12-29 17:44:00+00:00,174.18,174.55,174.18,174.5,585.21,2021,12,29
2021-12-29 17:45:00+00:00,174.51,174.52,174.32,174.39,474.72,2021,12,29
2021-12-29 17:46:00+00:00,174.38,174.48,174.37,174.4,284.2,2021,12,29
2021-12-29 17:47:00+00:00,174.4,174.61,174.4,174.5,406.1,2021,12,29
2021-12-29 17:48:00+00:00,174.53,174.6,174.25,174.33,779.69,2021,12,29
2021-12-29 17:49:00+00:00,174.34,174.43,174.27,174.31,359.21,2021,12,29
2021-12-29 17:50:00+00:00,174.35,174.35,174.0,174.08,461.03,2021,12,29
2021-12-29 17:51:00+00:00,174.09,174.12,173.92,173.98,742.36,2021,12,29
2021-12-29 17:52:00+00:00,173.98,174.15,173.82,174.11,1740.61,2021,12,29
2021-12-29 17:53:00+00:00,174.07,174.19,174.04,174.15,968.72,2021,12,29
2021-12-29 17:54:00+00:00,174.2,174.44,174.13,174.36,553.68,2021,12,29
2021-12-29 17:55:00+00:00,174.37,174.63,174.36,174.57,426.0,2021,12,29
2021-12-29 17:56:00+00:00,174.59,174.6,174.36,174.5,413.72,2021,12,29
2021-12-29 17:57:00+00:00,174.51,174.6,174.44,174.57,310.66,2021,12,29
2021-12-29 17:58:00+00:00,174.6,174.62,174.45,174.51,236.83,2021,12,29
2021-12-29 17:59:00+00:00,174.51,174.51,174.29,174.46,668.47,2021,12,29
2021-12-29 18:00:00+00:00,174.45,174.67,174.34,174.66,1749.72,2021,12,29
2021-12-29 18:01:00+00:00,174.66,175.08,174.66,175.08,1748.42,2021,12,29
2021-12-29 18:02:00+00:00,175.07,175.3,175.07,175.18,920.59,2021,12,29
2021-12-29 18:03:00+00:00,175.18,175.18,174.94,175.03,443.05,2021,12,29
2021-12-29 18:04:00+00:00,175.05,175.12,174.95,174.95,631.58,2021,12,29
2021-12-29 18:05:00+00:00,174.96,175.1,174.78,175.1,405.15,2021,12,29
2021-12-29 18:06:00+00:00,175.09,175.17,174.91,175.17,544.33,2021,12,29
2021-12-29 18:07:00+00:00,175.15,175.15,174.88,174.9,411.07,2021,12,29
2021-12-29 18:08:00+00:00,174.89,175.09,174.89,175.03,430.51,2021,12,29
2021-12-29 18:09:00+00:00,175.07,175.37,175.06,175.3,447.71,2021,12,29
2021-12-29 18:10:00+00:00,175.31,175.34,175.06,175.13,493.22,2021,12,29
2021-12-29 18:11:00+00:00,175.13,175.15,175.03,175.1,275.87,2021,12,29
2021-12-29 18:12:00+00:00,175.1,175.11,174.92,174.94,715.41,2021,12,29
2021-12-29 18:13:00+00:00,174.93,175.12,174.8,174.84,956.65,2021,12,29
2021-12-29 18:14:00+00:00,174.79,174.86,174.76,174.81,328.79,2021,12,29
2021-12-29 18:15:00+00:00,174.83,175.16,174.83,175.09,538.85,2021,12,29
2021-12-29 18:16:00+00:00,175.09,176.41,175.09,176.33,3873.64,2021,12,29
2021-12-29 18:17:00+00:00,176.34,176.67,175.94,176.48,5533.81,2021,12,29
2021-12-29 18:18:00+00:00,176.48,176.66,176.42,176.45,1337.35,2021,12,29
2021-12-29 18:19:00+00:00,176.41,176.42,176.13,176.26,798.83,2021,12,29
2021-12-29 18:20:00+00:00,176.29,176.3,176.07,176.18,421.35,2021,12,29
2021-12-29 18:21:00+00:00,176.13,176.35,175.97,176.17,1999.28,2021,12,29
2021-12-29 18:22:00+00:00,176.2,176.42,176.19,176.22,552.55,2021,12,29
2021-12-29 18:23:00+00:00,176.21,176.33,175.98,176.29,726.3,2021,12,29
2021-12-29 18:24:00+00:00,176.31,176.59,176.31,176.56,1022.93,2021,12,29
2021-12-29 18:25:00+00:00,176.54,177.37,176.52,177.3,2668.63,2021,12,29
2021-12-29 18:26:00+00:00,177.3,177.37,177.17,177.28,966.38,2021,12,29
2021-12-29 18:27:00+00:00,177.28,177.48,177.12,177.34,1165.6,2021,12,29
2021-12-29 18:28:00+00:00,177.34,177.34,176.94,177.1,1104.84,2021,12,29
2021-12-29 18:29:00+00:00,177.1,177.16,177.0,177.0,402.1,2021,12,29
2021-12-29 18:30:00+00:00,177.01,177.12,176.66,176.84,549.17,2021,12,29
2021-12-29 18:31:00+00:00,176.83,177.28,176.83,177.1,707.03,2021,12,29
2021-12-29 18:32:00+00:00,177.1,177.1,176.74,176.98,738.44,2021,12,29
2021-12-29 18:33:00+00:00,176.98,176.99,176.8,176.95,419.12,2021,12,29
2021-12-29 18:34:00+00:00,176.97,177.13,176.95,177.07,689.65,2021,12,29
2021-12-29 18:35:00+00:00,177.09,177.42,177.09,177.29,879.31,2021,12,29
2021-12-29 18:36:00+00:00,177.29,177.49,177.24,177.34,781.01,2021,12,29
2021-12-29 18:37:00+00:00,177.35,177.45,177.06,177.07,476.61,2021,12,29
2021-12-29 18:38:00+00:00,177.08,177.39,176.94,177.06,957.68,2021,12,29
2021-12-29 18:39:00+00:00,177.01,177.2,176.66,177.2,2479.26,2021,12,29
2021-12-29 18:40:00+00:00,177.2,177.38,177.01,177.06,871.68,2021,12,29
2021-12-29 18:41:00+00:00,177.05,177.11,176.86,177.04,423.45,2021,12,29
2021-12-29 18:42:00+00:00,176.99,177.01,176.77,176.88,459.58,2021,12,29
2021-12-29 18:43:00+00:00,176.87,176.9,176.6,176.65,727.98,2021,12,29
2021-12-29 18:44:00+00:00,176.63,176.63,176.27,176.47,1433.24,2021,12,29
2021-12-29 18:45:00+00:00,176.46,176.62,176.37,176.53,493.7,2021,12,29
2021-12-29 18:46:00+00:00,176.53,176.55,176.0,176.0,1279.16,2021,12,29
2021-12-29 18:47:00+00:00,176.0,176.06,175.74,175.94,1976.34,2021,12,29
2021-12-29 18:48:00+00:00,175.96,175.96,175.68,175.72,363.44,2021,12,29
2021-12-29 18:49:00+00:00,175.73,176.13,175.69,176.02,1665.34,2021,12,29
2021-12-29 18:50:00+00:00,176.01,176.14,175.77,175.79,629.77,2021,12,29
2021-12-29 18:51:00+00:00,175.78,176.0,175.67,175.99,700.89,2021,12,29
2021-12-29 18:52:00+00:00,176.0,176.09,175.77,175.84,647.45,2021,12,29
2021-12-29 18:53:00+00:00,175.83,176.1,175.77,175.93,1678.33,2021,12,29
2021-12-29 18:54:00+00:00,175.93,176.27,175.89,175.94,2200.26,2021,12,29
2021-12-29 18:55:00+00:00,175.94,176.36,175.94,176.32,1085.56,2021,12,29
2021-12-29 18:56:00+00:00,176.3,176.45,176.17,176.32,1242.69,2021,12,29
2021-12-29 18:57:00+00:00,176.33,176.5,176.11,176.31,1639.29,2021,12,29
2021-12-29 18:58:00+00:00,176.31,176.5,176.29,176.3,535.8,2021,12,29
2021-12-29 18:59:00+00:00,176.3,176.59,176.23,176.41,617.55,2021,12,29
2021-12-29 19:00:00+00:00,176.43,176.62,176.43,176.56,333.42,2021,12,29
2021-12-29 19:01:00+00:00,176.56,176.61,176.0,176.01,1620.8,2021,12,29
2021-12-29 19:02:00+00:00,176.01,176.35,176.01,176.08,578.32,2021,12,29
2021-12-29 19:03:00+00:00,176.1,176.2,175.75,175.75,419.28,2021,12,29
2021-12-29 19:04:00+00:00,175.75,176.04,175.73,175.84,508.74,2021,12,29
2021-12-29 19:05:00+00:00,175.88,176.16,175.88,176.02,712.44,2021,12,29
2021-12-29 19:06:00+00:00,176.02,176.13,175.9,176.01,375.77,2021,12,29
2021-12-29 19:07:00+00:00,176.0,176.2,175.96,175.99,427.11,2021,12,29
2021-12-29 19:08:00+00:00,175.99,175.99,175.44,175.51,1823.59,2021,12,29
2021-12-29 19:09:00+00:00,175.49,175.52,175.16,175.37,1479.13,2021,12,29
2021-12-29 19:10:00+00:00,175.36,175.76,175.31,175.66,1780.09,2021,12,29
2021-12-29 19:11:00+00:00,175.65,175.66,175.38,175.51,336.16,2021,12,29
2021-12-29 19:12:00+00:00,175.53,176.08,175.53,175.94,597.68,2021,12,29
2021-12-29 19:13:00+00:00,175.93,175.97,175.3,175.5,1850.38,2021,12,29
2021-12-29 19:14:00+00:00,175.51,175.61,175.46,175.51,445.47,2021,12,29
2021-12-29 19:15:00+00:00,175.48,175.62,175.3,175.33,677.51,2021,12,29
2021-12-29 19:16:00+00:00,175.29,175.42,175.14,175.42,712.79,2021,12,29
2021-12-29 19:17:00+00:00,175.41,175.46,175.27,175.36,422.37,2021,12,29
2021-12-29 19:18:00+00:00,175.33,175.33,175.1,175.13,572.62,2021,12,29
2021-12-29 19:19:00+00:00,175.12,175.3,175.12,175.25,717.1,2021,12,29
2021-12-29 19:20:00+00:00,175.25,175.41,175.13,175.33,514.12,2021,12,29
2021-12-29 19:21:00+00:00,175.34,175.39,175.26,175.36,492.07,2021,12,29
2021-12-29 19:22:00+00:00,175.37,175.5,175.31,175.38,240.36,2021,12,29
2021-12-29 19:23:00+00:00,175.41,175.47,175.26,175.4,348.72,2021,12,29
2021-12-29 19:24:00+00:00,175.41,175.41,175.16,175.36,753.54,2021,12,29
2021-12-29 19:25:00+00:00,175.37,175.46,175.0,175.06,1223.99,2021,12,29
2021-12-29 19:26:00+00:00,175.05,175.15,174.99,175.08,951.11,2021,12,29
2021-12-29 19:27:00+00:00,175.12,175.3,175.11,175.3,403.95,2021,12,29
2021-12-29 19:28:00+00:00,175.31,175.56,175.27,175.34,1077.76,2021,12,29
2021-12-29 19:29:00+00:00,175.35,175.56,175.35,175.48,740.12,2021,12,29
2021-12-29 19:30:00+00:00,175.5,175.67,175.08,175.28,2644.97,2021,12,29
2021-12-29 19:31:00+00:00,175.29,175.41,174.73,174.85,1002.79,2021,12,29
2021-12-29 19:32:00+00:00,174.84,175.01,174.65,175.0,1842.44,2021,12,29
2021-12-29 19:33:00+00:00,175.04,175.12,174.59,174.64,749.89,2021,12,29
2021-12-29 19:34:00+00:00,174.64,174.74,174.51,174.59,1074.4,2021,12,29
2021-12-29 19:35:00+00:00,174.59,174.71,174.54,174.66,3213.35,2021,12,29
2021-12-29 19:36:00+00:00,174.68,174.7,174.15,174.22,1661.21,2021,12,29
2021-12-29 19:37:00+00:00,174.24,174.49,174.18,174.34,945.77,2021,12,29
2021-12-29 19:38:00+00:00,174.35,174.37,173.7,173.85,3050.41,2021,12,29
2021-12-29 19:39:00+00:00,173.85,174.01,173.68,173.83,1047.96,2021,12,29
2021-12-29 19:40:00+00:00,173.81,173.81,173.5,173.75,2334.32,2021,12,29
2021-12-29 19:41:00+00:00,173.72,174.03,173.63,173.98,714.8,2021,12,29
2021-12-29 19:42:00+00:00,173.97,174.02,173.8,173.82,1215.76,2021,12,29
2021-12-29 19:43:00+00:00,173.82,174.25,173.82,174.14,955.57,2021,12,29
2021-12-29 19:44:00+00:00,174.14,174.22,173.97,174.09,949.46,2021,12,29
2021-12-29 19:45:00+00:00,174.04,174.41,174.04,174.25,600.94,2021,12,29
2021-12-29 19:46:00+00:00,174.23,174.25,173.83,173.84,575.64,2021,12,29
2021-12-29 19:47:00+00:00,173.84,173.96,173.52,173.75,1003.59,2021,12,29
2021-12-29 19:48:00+00:00,173.74,173.97,173.63,173.94,422.9,2021,12,29
2021-12-29 19:49:00+00:00,173.95,174.06,173.77,173.95,631.51,2021,12,29
2021-12-29 19:50:00+00:00,173.97,174.63,173.97,174.35,1913.2,2021,12,29
2021-12-29 19:51:00+00:00,174.34,174.47,174.32,174.39,380.86,2021,12,29
2021-12-29 19:52:00+00:00,174.38,174.49,174.2,174.47,534.72,2021,12,29
2021-12-29 19:53:00+00:00,174.49,174.49,174.31,174.4,360.52,2021,12,29
2021-12-29 19:54:00+00:00,174.4,174.52,174.31,174.31,388.39,2021,12,29
2021-12-29 19:55:00+00:00,174.32,174.32,174.04,174.04,575.62,2021,12,29
2021-12-29 19:56:00+00:00,174.06,174.29,173.89,174.02,1437.17,2021,12,29
2021-12-29 19:57:00+00:00,174.0,174.0,173.75,173.8,611.67,2021,12,29
2021-12-29 19:58:00+00:00,173.8,173.93,173.72,173.83,864.35,2021,12,29
2021-12-29 19:59:00+00:00,173.81,174.7,173.71,174.57,2722.29,2021,12,29
2021-12-29 20:00:00+00:00,174.56,174.65,174.22,174.22,1078.22,2021,12,29
2021-12-29 20:01:00+00:00,174.2,174.33,174.1,174.17,545.76,2021,12,29
2021-12-29 20:02:00+00:00,174.17,174.39,174.14,174.28,927.41,2021,12,29
2021-12-29 20:03:00+00:00,174.27,174.41,174.22,174.26,605.73,2021,12,29
2021-12-29 20:04:00+00:00,174.27,174.64,174.15,174.56,1972.48,2021,12,29
2021-12-29 20:05:00+00:00,174.57,174.93,174.57,174.79,1128.78,2021,12,29
2021-12-29 20:06:00+00:00,174.8,175.03,174.66,175.01,733.98,2021,12,29
2021-12-29 20:07:00+00:00,175.0,175.23,174.93,175.14,764.13,2021,12,29
2021-12-29 20:08:00+00:00,175.14,175.25,174.88,175.15,1049.67,2021,12,29
2021-12-29 20:09:00+00:00,175.1,175.11,174.77,174.83,726.72,2021,12,29
2021-12-29 20:10:00+00:00,174.84,174.95,174.44,174.93,569.1,2021,12,29
2021-12-29 20:11:00+00:00,174.93,174.99,174.71,174.78,669.82,2021,12,29
2021-12-29 20:12:00+00:00,174.78,174.83,174.57,174.66,997.81,2021,12,29
2021-12-29 20:13:00+00:00,174.69,174.75,174.36,174.4,983.7,2021,12,29
2021-12-29 20:14:00+00:00,174.38,174.45,174.18,174.23,932.0,2021,12,29
2021-12-29 20:15:00+00:00,174.23,174.63,174.23,174.51,680.03,2021,12,29
2021-12-29 20:16:00+00:00,174.51,174.6,174.35,174.47,659.81,2021,12,29
2021-12-29 20:17:00+00:00,174.45,174.67,174.44,174.61,386.0,2021,12,29
2021-12-29 20:18:00+00:00,174.64,174.76,174.22,174.24,1051.4,2021,12,29
2021-12-29 20:19:00+00:00,174.21,174.39,174.12,174.31,793.41,2021,12,29
2021-12-29 20:20:00+00:00,174.31,174.4,174.17,174.32,336.63,2021,12,29
2021-12-29 20:21:00+00:00,174.31,174.39,174.05,174.14,679.47,2021,12,29
2021-12-29 20:22:00+00:00,174.16,174.37,174.15,174.29,531.36,2021,12,29
2021-12-29 20:23:00+00:00,174.27,174.46,174.24,174.43,415.6,2021,12,29
2021-12-29 20:24:00+00:00,174.43,174.55,174.27,174.5,408.23,2021,12,29
2021-12-29 20:25:00+00:00,174.54,174.87,174.46,174.66,902.32,2021,12,29
2021-12-29 20:26:00+00:00,174.68,175.0,174.68,174.93,654.54,2021,12,29
2021-12-29 20:27:00+00:00,174.95,175.03,174.84,174.95,408.18,2021,12,29
2021-12-29 20:28:00+00:00,174.92,175.12,174.71,175.03,893.25,2021,12,29
2021-12-29 20:29:00+00:00,175.05,175.63,175.01,175.61,2384.4,2021,12,29
2021-12-29 20:30:00+00:00,175.61,175.81,175.56,175.77,909.04,2021,12,29
2021-12-29 20:31:00+00:00,175.78,175.82,175.64,175.67,748.83,2021,12,29
2021-12-29 20:32:00+00:00,175.69,176.52,175.69,176.39,2528.29,2021,12,29
2021-12-29 20:33:00+00:00,176.39,176.39,176.09,176.12,999.28,2021,12,29
2021-12-29 20:34:00+00:00,176.19,176.48,176.12,176.34,1248.61,2021,12,29
2021-12-29 20:35:00+00:00,176.38,176.83,176.3,176.41,3308.64,2021,12,29
2021-12-29 20:36:00+00:00,176.41,176.67,176.39,176.57,892.09,2021,12,29
2021-12-29 20:37:00+00:00,176.55,176.69,176.39,176.46,1713.67,2021,12,29
2021-12-29 20:38:00+00:00,176.53,176.54,176.11,176.23,1047.96,2021,12,29
2021-12-29 20:39:00+00:00,176.23,176.23,175.91,175.99,962.88,2021,12,29
2021-12-29 20:40:00+00:00,175.99,176.21,175.84,176.14,691.9,2021,12,29
2021-12-29 20:41:00+00:00,176.09,176.25,176.06,176.13,689.46,2021,12,29
2021-12-29 20:42:00+00:00,176.16,176.24,175.65,175.7,703.38,2021,12,29
2021-12-29 20:43:00+00:00,175.73,176.08,175.73,175.87,654.8,2021,12,29
2021-12-29 20:44:00+00:00,175.85,175.85,175.51,175.61,646.22,2021,12,29
2021-12-29 20:45:00+00:00,175.56,175.85,175.54,175.73,645.2,2021,12,29
2021-12-29 20:46:00+00:00,175.73,175.73,175.61,175.64,499.33,2021,12,29
2021-12-29 20:47:00+00:00,175.63,175.69,175.58,175.6,339.63,2021,12,29
2021-12-29 20:48:00+00:00,175.59,175.97,175.59,175.95,393.09,2021,12,29
2021-12-29 20:49:00+00:00,175.92,176.08,175.73,176.04,708.61,2021,12,29
2021-12-29 20:50:00+00:00,176.01,176.2,175.64,175.77,374.0,2021,12,29
2021-12-29 20:51:00+00:00,175.73,176.24,175.47,176.05,4775.95,2021,12,29
2021-12-29 20:52:00+00:00,176.04,176.04,175.38,175.42,1401.71,2021,12,29
2021-12-29 20:53:00+00:00,175.42,176.24,175.42,175.96,4767.78,2021,12,29
2021-12-29 20:54:00+00:00,175.95,176.07,175.79,175.92,829.1,2021,12,29
2021-12-29 20:55:00+00:00,175.92,175.94,175.81,175.87,580.3,2021,12,29
2021-12-29 20:56:00+00:00,175.85,175.89,175.46,175.53,894.4,2021,12,29
2021-12-29 20:57:00+00:00,175.51,175.51,175.2,175.26,1244.52,2021,12,29
2021-12-29 20:58:00+00:00,175.26,175.72,175.26,175.34,1901.44,2021,12,29
2021-12-29 20:59:00+00:00,175.3,175.3,175.03,175.11,875.33,2021,12,29
2021-12-29 21:00:00+00:00,175.14,175.22,174.99,175.02,701.37,2021,12,29
2021-12-29 21:01:00+00:00,175.02,175.11,174.71,174.74,859.24,2021,12,29
2021-12-29 21:02:00+00:00,174.75,174.75,173.97,174.0,4949.72,2021,12,29
2021-12-29 21:03:00+00:00,174.03,174.15,173.91,174.04,981.38,2021,12,29
2021-12-29 21:04:00+00:00,174.06,174.12,173.88,174.04,907.63,2021,12,29
2021-12-29 21:05:00+00:00,174.04,174.08,173.76,174.05,1119.48,2021,12,29
2021-12-29 21:06:00+00:00,174.06,174.41,174.06,174.13,830.26,2021,12,29
2021-12-29 21:07:00+00:00,174.09,174.42,174.0,174.27,939.75,2021,12,29
2021-12-29 21:08:00+00:00,174.24,174.48,174.22,174.38,645.47,2021,12,29
2021-12-29 21:09:00+00:00,174.36,174.4,173.96,174.03,1136.23,2021,12,29
2021-12-29 21:10:00+00:00,174.02,174.18,173.85,173.9,1828.41,2021,12,29
2021-12-29 21:11:00+00:00,173.89,173.9,173.59,173.74,1215.72,2021,12,29
2021-12-29 21:12:00+00:00,173.7,173.81,173.39,173.6,1123.69,2021,12,29
2021-12-29 21:13:00+00:00,173.61,173.85,173.44,173.52,905.55,2021,12,29
2021-12-29 21:14:00+00:00,173.51,173.78,173.5,173.68,1571.59,2021,12,29
2021-12-29 21:15:00+00:00,173.69,174.16,173.58,174.14,1072.9,2021,12,29
2021-12-29 21:16:00+00:00,174.12,174.2,173.64,173.67,946.07,2021,12,29
2021-12-29 21:17:00+00:00,173.64,173.92,173.63,173.8,387.85,2021,12,29
2021-12-29 21:18:00+00:00,173.8,174.0,173.77,173.86,1305.08,2021,12,29
2021-12-29 21:19:00+00:00,173.81,173.81,173.44,173.49,871.63,2021,12,29
2021-12-29 21:20:00+00:00,173.48,173.88,173.46,173.61,933.3,2021,12,29
2021-12-29 21:21:00+00:00,173.63,173.85,173.63,173.77,843.95,2021,12,29
2021-12-29 21:22:00+00:00,173.77,174.18,173.66,174.18,573.77,2021,12,29
2021-12-29 21:23:00+00:00,174.19,174.24,174.03,174.24,471.3,2021,12,29
2021-12-29 21:24:00+00:00,174.24,174.24,174.02,174.08,595.44,2021,12,29
2021-12-29 21:25:00+00:00,174.06,174.32,174.03,174.26,499.28,2021,12,29
2021-12-29 21:26:00+00:00,174.26,174.26,173.87,173.93,2319.43,2021,12,29
2021-12-29 21:27:00+00:00,173.94,174.05,173.87,173.96,382.54,2021,12,29
2021-12-29 21:28:00+00:00,173.93,174.4,173.92,174.33,661.18,2021,12,29
2021-12-29 21:29:00+00:00,174.36,174.36,174.1,174.26,460.84,2021,12,29
2021-12-29 21:30:00+00:00,174.25,174.48,174.21,174.47,273.94,2021,12,29
2021-12-29 21:31:00+00:00,174.47,174.7,174.43,174.54,589.24,2021,12,29
2021-12-29 21:32:00+00:00,174.55,174.62,174.48,174.5,436.46,2021,12,29
2021-12-29 21:33:00+00:00,174.47,174.53,174.39,174.42,627.8,2021,12,29
2021-12-29 21:34:00+00:00,174.43,174.57,174.39,174.42,673.27,2021,12,29
2021-12-29 21:35:00+00:00,174.43,174.5,174.01,174.05,534.22,2021,12,29
2021-12-29 21:36:00+00:00,174.05,174.05,173.54,173.58,2237.22,2021,12,29
2021-12-29 21:37:00+00:00,173.54,173.71,173.43,173.71,961.01,2021,12,29
2021-12-29 21:38:00+00:00,173.69,173.69,173.42,173.43,724.37,2021,12,29
2021-12-29 21:39:00+00:00,173.43,173.58,173.36,173.49,746.5,2021,12,29
2021-12-29 21:40:00+00:00,173.48,173.53,173.34,173.39,774.28,2021,12,29
2021-12-29 21:41:00+00:00,173.38,173.42,173.11,173.38,705.77,2021,12,29
2021-12-29 21:42:00+00:00,173.39,173.63,173.22,173.43,672.91,2021,12,29
2021-12-29 21:43:00+00:00,173.42,173.64,173.41,173.5,316.9,2021,12,29
2021-12-29 21:44:00+00:00,173.51,173.83,173.51,173.64,667.5,2021,12,29
2021-12-29 21:45:00+00:00,173.66,173.86,173.2,173.28,714.18,2021,12,29
2021-12-29 21:46:00+00:00,173.28,173.5,173.1,173.3,2090.75,2021,12,29
2021-12-29 21:47:00+00:00,173.29,173.51,173.06,173.11,1025.68,2021,12,29
2021-12-29 21:48:00+00:00,173.11,173.19,173.02,173.05,715.91,2021,12,29
2021-12-29 21:49:00+00:00,173.06,173.08,172.82,172.93,1301.09,2021,12,29
2021-12-29 21:50:00+00:00,172.94,173.18,172.93,173.04,670.68,2021,12,29
2021-12-29 21:51:00+00:00,173.09,173.37,173.04,173.35,360.19,2021,12,29
2021-12-29 21:52:00+00:00,173.39,173.47,173.36,173.41,178.25,2021,12,29
2021-12-29 21:53:00+00:00,173.42,173.54,173.25,173.54,616.89,2021,12,29
2021-12-29 21:54:00+00:00,173.54,173.56,173.34,173.39,888.81,2021,12,29
2021-12-29 21:55:00+00:00,173.39,173.43,173.22,173.43,340.29,2021,12,29
2021-12-29 21:56:00+00:00,173.43,173.51,173.28,173.28,219.79,2021,12,29
2021-12-29 21:57:00+00:00,173.29,173.66,173.27,173.58,206.86,2021,12,29
2021-12-29 21:58:00+00:00,173.58,173.58,173.19,173.3,478.0,2021,12,29
2021-12-29 21:59:00+00:00,173.3,173.59,173.3,173.58,513.21,2021,12,29
2021-12-29 22:00:00+00:00,173.56,173.56,173.27,173.33,639.77,2021,12,29
2021-12-29 22:01:00+00:00,173.35,173.67,173.33,173.48,578.32,2021,12,29
2021-12-29 22:02:00+00:00,173.48,173.53,173.45,173.51,226.88,2021,12,29
2021-12-29 22:03:00+00:00,173.5,173.52,173.2,173.24,532.21,2021,12,29
2021-12-29 22:04:00+00:00,173.23,173.4,173.18,173.31,419.44,2021,12,29
2021-12-29 22:05:00+00:00,173.33,173.35,173.23,173.24,391.11,2021,12,29
2021-12-29 22:06:00+00:00,173.27,173.51,173.27,173.5,545.14,2021,12,29
2021-12-29 22:07:00+00:00,173.47,173.47,173.27,173.41,404.39,2021,12,29
2021-12-29 22:08:00+00:00,173.45,173.67,173.43,173.66,228.42,2021,12,29
2021-12-29 22:09:00+00:00,173.64,173.68,173.46,173.5,367.82,2021,12,29
2021-12-29 22:10:00+00:00,173.51,173.67,173.5,173.66,288.36,2021,12,29
2021-12-29 22:11:00+00:00,173.65,173.91,173.33,173.52,2026.93,2021,12,29
2021-12-29 22:12:00+00:00,173.53,174.01,173.37,173.92,2241.66,2021,12,29
2021-12-29 22:13:00+00:00,173.97,173.98,173.62,173.63,976.26,2021,12,29
2021-12-29 22:14:00+00:00,173.62,173.85,173.57,173.81,270.05,2021,12,29
2021-12-29 22:15:00+00:00,173.81,173.88,173.78,173.86,415.28,2021,12,29
2021-12-29 22:16:00+00:00,173.87,174.13,173.86,173.91,531.32,2021,12,29
2021-12-29 22:17:00+00:00,173.91,174.46,173.88,174.42,1001.24,2021,12,29
2021-12-29 22:18:00+00:00,174.43,174.43,174.21,174.35,554.81,2021,12,29
2021-12-29 22:19:00+00:00,174.37,174.38,174.07,174.08,632.62,2021,12,29
2021-12-29 22:20:00+00:00,174.06,174.15,174.02,174.12,439.84,2021,12,29
2021-12-29 22:21:00+00:00,174.11,174.37,174.05,174.21,331.28,2021,12,29
2021-12-29 22:22:00+00:00,174.18,174.4,174.12,174.34,191.2,2021,12,29
2021-12-29 22:23:00+00:00,174.36,174.46,174.25,174.33,311.42,2021,12,29
2021-12-29 22:24:00+00:00,174.35,174.67,174.34,174.64,308.78,2021,12,29
2021-12-29 22:25:00+00:00,174.6,174.75,174.6,174.66,649.98,2021,12,29
2021-12-29 22:26:00+00:00,174.62,174.65,174.57,174.65,125.08,2021,12,29
2021-12-29 22:27:00+00:00,174.64,174.69,174.52,174.55,218.6,2021,12,29
2021-12-29 22:28:00+00:00,174.57,174.66,174.35,174.39,612.78,2021,12,29
2021-12-29 22:29:00+00:00,174.4,174.53,174.4,174.46,312.21,2021,12,29
2021-12-29 22:30:00+00:00,174.46,174.58,174.45,174.46,319.58,2021,12,29
2021-12-29 22:31:00+00:00,174.48,174.48,174.4,174.4,169.83,2021,12,29
2021-12-29 22:32:00+00:00,174.44,174.48,174.39,174.44,158.76,2021,12,29
2021-12-29 22:33:00+00:00,174.4,174.55,174.4,174.55,149.91,2021,12,29
2021-12-29 22:34:00+00:00,174.53,174.6,174.53,174.6,205.38,2021,12,29
2021-12-29 22:35:00+00:00,174.59,174.81,174.59,174.75,449.45,2021,12,29
2021-12-29 22:36:00+00:00,174.75,174.84,174.67,174.67,361.04,2021,12,29
2021-12-29 22:37:00+00:00,174.67,174.71,174.41,174.61,434.22,2021,12,29
2021-12-29 22:38:00+00:00,174.61,174.95,174.56,174.93,331.92,2021,12,29
2021-12-29 22:39:00+00:00,174.91,174.98,174.87,174.91,411.31,2021,12,29
2021-12-29 22:40:00+00:00,174.9,174.99,174.89,174.97,169.51,2021,12,29
2021-12-29 22:41:00+00:00,174.98,175.1,174.92,175.09,981.9,2021,12,29
2021-12-29 22:42:00+00:00,175.1,175.11,175.04,175.07,150.1,2021,12,29
2021-12-29 22:43:00+00:00,175.08,175.08,174.36,174.43,1571.65,2021,12,29
2021-12-29 22:44:00+00:00,174.43,174.6,174.43,174.57,295.78,2021,12,29
2021-12-29 22:45:00+00:00,174.57,174.58,174.19,174.25,897.11,2021,12,29
2021-12-29 22:46:00+00:00,174.21,174.38,174.15,174.15,717.57,2021,12,29
2021-12-29 22:47:00+00:00,174.15,174.51,174.15,174.45,1324.56,2021,12,29
2021-12-29 22:48:00+00:00,174.44,174.6,174.26,174.58,1279.98,2021,12,29
2021-12-29 22:49:00+00:00,174.58,174.58,174.49,174.5,80.6,2021,12,29
2021-12-29 22:50:00+00:00,174.49,174.52,174.4,174.44,556.47,2021,12,29
2021-12-29 22:51:00+00:00,174.44,174.44,174.19,174.22,289.15,2021,12,29
2021-12-29 22:52:00+00:00,174.19,174.23,174.07,174.15,118.08,2021,12,29
2021-12-29 22:53:00+00:00,174.14,174.15,174.08,174.1,34.03,2021,12,29
2021-12-29 22:54:00+00:00,174.1,174.1,173.74,173.77,563.62,2021,12,29
2021-12-29 22:55:00+00:00,173.77,173.96,173.71,173.91,511.22,2021,12,29
2021-12-29 22:56:00+00:00,173.92,174.62,173.85,174.47,2019.39,2021,12,29
2021-12-29 22:57:00+00:00,174.45,174.56,174.42,174.53,175.69,2021,12,29
2021-12-29 22:58:00+00:00,174.51,174.51,174.44,174.44,106.32,2021,12,29
2021-12-29 22:59:00+00:00,174.44,174.7,174.44,174.58,821.03,2021,12,29
2021-12-29 23:00:00+00:00,174.58,174.61,174.29,174.32,1529.67,2021,12,29
2021-12-29 23:01:00+00:00,174.37,174.45,174.25,174.25,115.15,2021,12,29
2021-12-29 23:02:00+00:00,174.24,174.24,173.9,174.02,273.97,2021,12,29
2021-12-29 23:03:00+00:00,174.04,174.04,173.76,173.77,166.63,2021,12,29
2021-12-29 23:04:00+00:00,173.77,173.84,173.14,173.21,2670.6,2021,12,29
2021-12-29 23:05:00+00:00,173.22,173.48,173.06,173.22,948.22,2021,12,29
2021-12-29 23:06:00+00:00,173.22,173.59,173.22,173.36,421.03,2021,12,29
2021-12-29 23:07:00+00:00,173.35,173.64,173.34,173.63,404.32,2021,12,29
2021-12-29 23:08:00+00:00,173.59,174.04,173.41,174.0,4689.61,2021,12,29
2021-12-29 23:09:00+00:00,174.0,174.23,173.99,174.17,507.92,2021,12,29
2021-12-29 23:10:00+00:00,174.11,174.11,173.67,173.7,461.98,2021,12,29
2021-12-29 23:11:00+00:00,173.67,173.68,173.31,173.33,1071.32,2021,12,29
2021-12-29 23:12:00+00:00,173.33,173.6,173.33,173.42,516.75,2021,12,29
2021-12-29 23:13:00+00:00,173.41,173.44,173.22,173.22,248.45,2021,12,29
2021-12-29 23:14:00+00:00,173.21,173.31,173.14,173.22,822.79,2021,12,29
2021-12-29 23:15:00+00:00,173.22,173.36,172.98,173.0,705.24,2021,12,29
2021-12-29 23:16:00+00:00,172.97,173.1,172.85,172.97,996.12,2021,12,29
2021-12-29 23:17:00+00:00,172.98,172.98,172.8,172.93,1283.16,2021,12,29
2021-12-29 23:18:00+00:00,172.96,173.06,172.83,172.91,404.28,2021,12,29
2021-12-29 23:19:00+00:00,172.98,173.02,172.81,172.88,516.49,2021,12,29
2021-12-29 23:20:00+00:00,172.89,172.96,171.0,171.3,13056.06,2021,12,29
2021-12-29 23:21:00+00:00,171.3,171.6,170.05,171.03,14620.29,2021,12,29
2021-12-29 23:22:00+00:00,171.02,172.02,170.76,170.92,9239.81,2021,12,29
2021-12-29 23:23:00+00:00,170.84,171.86,170.51,170.95,5929.34,2021,12,29
2021-12-29 23:24:00+00:00,170.88,171.17,170.41,170.95,4616.19,2021,12,29
2021-12-29 23:25:00+00:00,171.01,171.86,171.01,171.58,2924.75,2021,12,29
2021-12-29 23:26:00+00:00,171.55,171.81,171.05,171.38,1987.39,2021,12,29
2021-12-29 23:27:00+00:00,171.31,171.59,171.04,171.28,1601.68,2021,12,29
2021-12-29 23:28:00+00:00,171.26,171.51,170.68,171.05,3669.62,2021,12,29
2021-12-29 23:29:00+00:00,171.11,171.42,170.88,171.09,2129.97,2021,12,29
2021-12-29 23:30:00+00:00,171.13,171.55,170.93,171.07,2092.71,2021,12,29
2021-12-29 23:31:00+00:00,171.06,171.1,170.57,170.69,2607.72,2021,12,29
2021-12-29 23:32:00+00:00,170.69,170.86,170.27,170.82,2288.56,2021,12,29
2021-12-29 23:33:00+00:00,170.82,171.31,170.8,171.05,1477.84,2021,12,29
2021-12-29 23:34:00+00:00,171.06,171.88,170.99,171.82,3114.78,2021,12,29
2021-12-29 23:35:00+00:00,171.77,171.8,171.41,171.57,1684.5,2021,12,29
2021-12-29 23:36:00+00:00,171.57,171.65,171.19,171.28,1516.66,2021,12,29
2021-12-29 23:37:00+00:00,171.27,171.28,170.71,171.08,3081.87,2021,12,29
2021-12-29 23:38:00+00:00,171.1,171.38,171.01,171.06,1205.83,2021,12,29
2021-12-29 23:39:00+00:00,171.05,171.2,170.52,171.13,4560.16,2021,12,29
2021-12-29 23:40:00+00:00,171.13,171.45,171.0,171.14,1172.7,2021,12,29
2021-12-29 23:41:00+00:00,171.08,171.19,170.84,171.09,1795.88,2021,12,29
2021-12-29 23:42:00+00:00,171.06,171.23,170.91,170.94,1094.22,2021,12,29
2021-12-29 23:43:00+00:00,170.94,170.94,170.5,170.92,1429.77,2021,12,29
2021-12-29 23:44:00+00:00,170.92,170.92,170.54,170.79,1299.07,2021,12,29
2021-12-29 23:45:00+00:00,170.8,170.86,170.28,170.36,2406.13,2021,12,29
2021-12-29 23:46:00+00:00,170.44,170.67,170.01,170.56,3181.34,2021,12,29
2021-12-29 23:47:00+00:00,170.56,170.79,170.46,170.69,895.85,2021,12,29
2021-12-29 23:48:00+00:00,170.67,170.98,170.44,170.47,1250.51,2021,12,29
2021-12-29 23:49:00+00:00,170.47,170.91,170.33,170.82,1633.96,2021,12,29
2021-12-29 23:50:00+00:00,170.88,171.35,170.73,171.18,2270.25,2021,12,29
2021-12-29 23:51:00+00:00,171.15,171.21,170.64,170.68,1227.48,2021,12,29
2021-12-29 23:52:00+00:00,170.69,171.06,170.63,170.66,1000.47,2021,12,29
2021-12-29 23:53:00+00:00,170.66,170.8,170.5,170.63,1353.47,2021,12,29
2021-12-29 23:54:00+00:00,170.61,171.04,170.51,170.51,2416.11,2021,12,29
2021-12-29 23:55:00+00:00,170.52,170.86,170.52,170.76,863.92,2021,12,29
2021-12-29 23:56:00+00:00,170.73,171.01,170.64,170.92,900.97,2021,12,29
2021-12-29 23:57:00+00:00,170.91,171.07,170.7,170.77,1056.45,2021,12,29
2021-12-29 23:58:00+00:00,170.82,170.9,170.54,170.59,1080.23,2021,12,29
2021-12-29 23:59:00+00:00,170.6,170.81,170.36,170.63,3019.66,2021,12,29
2021-12-30 00:00:00+00:00,170.65,171.0,170.49,170.95,1679.78,2021,12,30
2021-12-30 00:01:00+00:00,170.94,171.18,170.86,171.13,1120.6,2021,12,30
2021-12-30 00:02:00+00:00,171.14,171.23,170.47,170.63,1804.51,2021,12,30
2021-12-30 00:03:00+00:00,170.68,170.74,170.4,170.63,1356.5,2021,12,30
2021-12-30 00:04:00+00:00,170.63,170.87,170.42,170.85,917.87,2021,12,30
2021-12-30 00:05:00+00:00,170.89,170.93,170.65,170.7,787.2,2021,12,30
2021-12-30 00:06:00+00:00,170.7,170.71,170.19,170.3,1442.89,2021,12,30
2021-12-30 00:07:00+00:00,170.3,170.77,170.2,170.5,1144.55,2021,12,30
2021-12-30 00:08:00+00:00,170.45,170.45,170.2,170.27,623.31,2021,12,30
2021-12-30 00:09:00+00:00,170.29,170.32,170.09,170.1,1326.08,2021,12,30
2021-12-30 00:10:00+00:00,170.15,170.29,170.0,170.18,4085.53,2021,12,30
2021-12-30 00:11:00+00:00,170.18,170.36,169.55,169.58,9184.52,2021,12,30
2021-12-30 00:12:00+00:00,169.57,169.6,169.04,169.47,5186.45,2021,12,30
2021-12-30 00:13:00+00:00,169.48,170.04,169.43,169.7,1721.55,2021,12,30
2021-12-30 00:14:00+00:00,169.72,170.29,169.7,170.08,1475.67,2021,12,30
2021-12-30 00:15:00+00:00,170.08,170.19,169.42,169.88,6609.49,2021,12,30
2021-12-30 00:16:00+00:00,169.85,169.85,169.02,169.13,3143.97,2021,12,30
2021-12-30 00:17:00+00:00,169.09,169.23,168.55,168.68,6237.49,2021,12,30
2021-12-30 00:18:00+00:00,168.69,168.74,168.17,168.34,6503.33,2021,12,30
2021-12-30 00:19:00+00:00,168.36,169.32,168.21,168.94,4827.48,2021,12,30
2021-12-30 00:20:00+00:00,168.94,169.14,168.33,168.8,3441.66,2021,12,30
2021-12-30 00:21:00+00:00,168.8,168.82,168.36,168.71,1484.52,2021,12,30
2021-12-30 00:22:00+00:00,168.73,169.5,168.56,169.27,2154.24,2021,12,30
2021-12-30 00:23:00+00:00,169.26,169.45,169.13,169.43,937.77,2021,12,30
2021-12-30 00:24:00+00:00,169.45,171.65,169.38,170.94,9251.03,2021,12,30
2021-12-30 00:25:00+00:00,170.94,171.66,170.54,170.68,6510.95,2021,12,30
2021-12-30 00:26:00+00:00,170.71,171.13,170.35,170.94,2874.66,2021,12,30
2021-12-30 00:27:00+00:00,171.01,171.45,170.73,170.8,1564.44,2021,12,30
2021-12-30 00:28:00+00:00,170.83,171.31,170.64,171.17,2671.24,2021,12,30
2021-12-30 00:29:00+00:00,171.14,171.25,170.83,171.15,964.13,2021,12,30
2021-12-30 00:30:00+00:00,171.09,171.6,171.06,171.6,1015.86,2021,12,30
2021-12-30 00:31:00+00:00,171.61,171.96,171.6,171.67,1506.37,2021,12,30
2021-12-30 00:32:00+00:00,171.67,171.98,171.46,171.82,2083.21,2021,12,30
2021-12-30 00:33:00+00:00,171.81,172.02,171.6,171.65,1624.05,2021,12,30
2021-12-30 00:34:00+00:00,171.65,171.96,171.14,171.14,1382.67,2021,12,30
2021-12-30 00:35:00+00:00,171.16,171.53,171.03,171.45,940.99,2021,12,30
2021-12-30 00:36:00+00:00,171.41,171.65,171.23,171.32,1153.1,2021,12,30
2021-12-30 00:37:00+00:00,171.33,171.46,171.09,171.44,1469.24,2021,12,30
2021-12-30 00:38:00+00:00,171.49,171.65,171.16,171.45,2919.45,2021,12,30
2021-12-30 00:39:00+00:00,171.45,171.74,171.44,171.74,1505.13,2021,12,30
2021-12-30 00:40:00+00:00,171.72,171.72,171.36,171.44,1471.5,2021,12,30
2021-12-30 00:41:00+00:00,171.46,171.88,171.37,171.57,3086.41,2021,12,30
2021-12-30 00:42:00+00:00,171.53,171.53,171.04,171.31,1130.89,2021,12,30
2021-12-30 00:43:00+00:00,171.3,171.45,171.17,171.17,748.9,2021,12,30
2021-12-30 00:44:00+00:00,171.24,171.25,170.75,170.85,1072.58,2021,12,30
2021-12-30 00:45:00+00:00,170.86,171.08,170.71,170.9,1128.6,2021,12,30
2021-12-30 00:46:00+00:00,170.9,171.47,170.78,171.37,1672.23,2021,12,30
2021-12-30 00:47:00+00:00,171.35,171.52,171.27,171.52,593.78,2021,12,30
2021-12-30 00:48:00+00:00,171.53,171.66,171.2,171.2,517.38,2021,12,30
2021-12-30 00:49:00+00:00,171.19,171.29,170.87,171.09,736.96,2021,12,30
2021-12-30 00:50:00+00:00,171.06,171.31,170.93,171.2,543.23,2021,12,30
2021-12-30 00:51:00+00:00,171.26,171.27,171.01,171.07,613.66,2021,12,30
2021-12-30 00:52:00+00:00,171.08,171.39,171.03,171.33,534.4,2021,12,30
2021-12-30 00:53:00+00:00,171.32,171.32,170.8,170.89,652.15,2021,12,30
2021-12-30 00:54:00+00:00,170.89,171.44,170.7,171.12,3212.42,2021,12,30
2021-12-30 00:55:00+00:00,171.12,171.12,170.74,170.86,2068.62,2021,12,30
2021-12-30 00:56:00+00:00,170.84,171.62,170.77,171.38,2432.33,2021,12,30
2021-12-30 00:57:00+00:00,171.41,171.51,171.22,171.47,542.82,2021,12,30
2021-12-30 00:58:00+00:00,171.48,171.84,171.33,171.7,1210.01,2021,12,30
2021-12-30 00:59:00+00:00,171.72,171.87,171.61,171.87,746.66,2021,12,30
2021-12-30 01:00:00+00:00,171.85,171.99,171.23,171.34,695.18,2021,12,30
2021-12-30 01:01:00+00:00,171.35,171.35,170.87,171.04,2616.11,2021,12,30
2021-12-30 01:02:00+00:00,171.11,171.19,170.81,170.97,1211.56,2021,12,30
2021-12-30 01:03:00+00:00,170.96,171.06,170.76,170.9,459.27,2021,12,30
2021-12-30 01:04:00+00:00,170.89,171.23,170.89,171.13,405.93,2021,12,30
2021-12-30 01:05:00+00:00,171.12,171.35,170.86,170.9,1746.78,2021,12,30
2021-12-30 01:06:00+00:00,170.91,171.23,170.87,171.13,610.8,2021,12,30
2021-12-30 01:07:00+00:00,171.13,171.13,170.88,170.99,822.16,2021,12,30
2021-12-30 01:08:00+00:00,170.97,171.18,170.91,171.02,725.8,2021,12,30
2021-12-30 01:09:00+00:00,170.96,171.66,170.96,171.54,3543.74,2021,12,30
2021-12-30 01:10:00+00:00,171.49,171.62,171.38,171.61,1057.46,2021,12,30
2021-12-30 01:11:00+00:00,171.6,171.6,170.94,171.38,2592.89,2021,12,30
2021-12-30 01:12:00+00:00,171.39,171.8,171.28,171.67,1195.81,2021,12,30
2021-12-30 01:13:00+00:00,171.67,171.69,171.5,171.67,508.64,2021,12,30
2021-12-30 01:14:00+00:00,171.66,171.98,171.61,171.92,836.84,2021,12,30
2021-12-30 01:15:00+00:00,171.88,172.32,171.88,172.09,2929.91,2021,12,30
2021-12-30 01:16:00+00:00,172.09,172.09,171.74,171.89,622.5,2021,12,30
2021-12-30 01:17:00+00:00,171.86,171.86,171.61,171.62,424.18,2021,12,30
2021-12-30 01:18:00+00:00,171.64,171.78,171.44,171.65,607.49,2021,12,30
2021-12-30 01:19:00+00:00,171.64,171.77,171.57,171.6,287.34,2021,12,30
2021-12-30 01:20:00+00:00,171.59,171.67,171.46,171.5,656.16,2021,12,30
2021-12-30 01:21:00+00:00,171.48,171.63,171.34,171.57,687.1,2021,12,30
2021-12-30 01:22:00+00:00,171.57,171.57,171.22,171.26,667.35,2021,12,30
2021-12-30 01:23:00+00:00,171.3,171.51,171.17,171.48,556.42,2021,12,30
2021-12-30 01:24:00+00:00,171.44,171.66,171.39,171.52,673.64,2021,12,30
2021-12-30 01:25:00+00:00,171.5,171.84,171.44,171.44,408.92,2021,12,30
2021-12-30 01:26:00+00:00,171.44,171.49,171.33,171.41,343.2,2021,12,30
2021-12-30 01:27:00+00:00,171.41,171.41,171.06,171.08,419.49,2021,12,30
2021-12-30 01:28:00+00:00,171.11,171.46,171.07,171.4,674.59,2021,12,30
2021-12-30 01:29:00+00:00,171.4,171.4,171.02,171.2,455.2,2021,12,30
2021-12-30 01:30:00+00:00,171.21,171.27,171.12,171.18,369.39,2021,12,30
2021-12-30 01:31:00+00:00,171.16,171.16,170.51,170.61,2644.54,2021,12,30
2021-12-30 01:32:00+00:00,170.61,170.89,170.55,170.88,1031.84,2021,12,30
2021-12-30 01:33:00+00:00,170.88,171.0,170.54,170.56,800.85,2021,12,30
2021-12-30 01:34:00+00:00,170.53,170.75,170.51,170.67,392.81,2021,12,30
2021-12-30 01:35:00+00:00,170.67,170.75,170.58,170.67,534.63,2021,12,30
2021-12-30 01:36:00+00:00,170.67,170.76,170.63,170.71,182.44,2021,12,30
2021-12-30 01:37:00+00:00,170.7,170.96,170.7,170.89,666.98,2021,12,30
2021-12-30 01:38:00+00:00,170.92,171.03,170.92,171.01,318.08,2021,12,30
2021-12-30 01:39:00+00:00,171.01,171.01,170.73,170.75,1286.99,2021,12,30
2021-12-30 01:40:00+00:00,170.81,170.94,170.71,170.94,677.42,2021,12,30
2021-12-30 01:41:00+00:00,170.96,171.08,170.9,171.03,434.64,2021,12,30
2021-12-30 01:42:00+00:00,171.03,171.08,170.9,171.02,462.27,2021,12,30
2021-12-30 01:43:00+00:00,171.04,171.33,171.01,171.27,2067.68,2021,12,30
2021-12-30 01:44:00+00:00,171.29,171.5,171.14,171.47,1173.02,2021,12,30
2021-12-30 01:45:00+00:00,171.41,171.48,171.05,171.08,613.82,2021,12,30
2021-12-30 01:46:00+00:00,171.09,171.3,171.05,171.15,608.34,2021,12,30
2021-12-30 01:47:00+00:00,171.11,171.19,170.7,170.96,1628.41,2021,12,30
2021-12-30 01:48:00+00:00,170.91,171.23,170.84,171.22,460.31,2021,12,30
2021-12-30 01:49:00+00:00,171.24,171.52,171.24,171.47,559.9,2021,12,30
2021-12-30 01:50:00+00:00,171.47,171.53,171.27,171.33,283.53,2021,12,30
2021-12-30 01:51:00+00:00,171.34,171.48,171.26,171.44,488.81,2021,12,30
2021-12-30 01:52:00+00:00,171.44,171.51,171.28,171.34,685.24,2021,12,30
2021-12-30 01:53:00+00:00,171.36,171.7,171.31,171.68,1273.27,2021,12,30
2021-12-30 01:54:00+00:00,171.69,171.92,171.57,171.61,1933.71,2021,12,30
2021-12-30 01:55:00+00:00,171.6,171.66,171.47,171.62,435.0,2021,12,30
2021-12-30 01:56:00+00:00,171.64,171.78,171.38,171.45,506.71,2021,12,30
2021-12-30 01:57:00+00:00,171.44,171.51,171.31,171.36,1235.37,2021,12,30
2021-12-30 01:58:00+00:00,171.38,171.56,171.28,171.28,922.36,2021,12,30
2021-12-30 01:59:00+00:00,171.3,171.44,171.28,171.32,350.69,2021,12,30
2021-12-30 02:00:00+00:00,171.3,171.56,171.23,171.42,772.68,2021,12,30
2021-12-30 02:01:00+00:00,171.41,171.57,171.33,171.38,420.42,2021,12,30
2021-12-30 02:02:00+00:00,171.32,171.46,171.19,171.26,808.38,2021,12,30
2021-12-30 02:03:00+00:00,171.26,171.3,170.92,171.0,1625.33,2021,12,30
2021-12-30 02:04:00+00:00,171.03,171.05,170.64,170.65,865.82,2021,12,30
2021-12-30 02:05:00+00:00,170.65,170.81,170.41,170.54,863.57,2021,12,30
2021-12-30 02:06:00+00:00,170.51,170.64,170.21,170.33,958.17,2021,12,30
2021-12-30 02:07:00+00:00,170.33,170.38,170.06,170.22,1312.26,2021,12,30
2021-12-30 02:08:00+00:00,170.23,170.42,170.08,170.42,704.05,2021,12,30
2021-12-30 02:09:00+00:00,170.42,170.64,170.3,170.47,2784.52,2021,12,30
2021-12-30 02:10:00+00:00,170.49,170.49,170.06,170.1,569.5,2021,12,30
2021-12-30 02:11:00+00:00,170.12,170.4,170.05,170.27,718.43,2021,12,30
2021-12-30 02:12:00+00:00,170.24,170.42,170.14,170.14,1141.2,2021,12,30
2021-12-30 02:13:00+00:00,170.15,170.17,169.69,169.87,1462.44,2021,12,30
2021-12-30 02:14:00+00:00,169.87,170.03,169.75,169.83,1713.96,2021,12,30
2021-12-30 02:15:00+00:00,169.83,170.65,169.75,170.26,1856.49,2021,12,30
2021-12-30 02:16:00+00:00,170.29,170.56,170.29,170.48,419.5,2021,12,30
2021-12-30 02:17:00+00:00,170.48,170.57,170.21,170.22,989.9,2021,12,30
2021-12-30 02:18:00+00:00,170.24,170.45,170.24,170.37,446.75,2021,12,30
2021-12-30 02:19:00+00:00,170.37,170.56,170.15,170.18,442.66,2021,12,30
2021-12-30 02:20:00+00:00,170.16,170.31,169.95,170.1,1199.56,2021,12,30
2021-12-30 02:21:00+00:00,170.1,170.45,170.1,170.33,840.62,2021,12,30
2021-12-30 02:22:00+00:00,170.36,170.84,170.36,170.8,673.88,2021,12,30
2021-12-30 02:23:00+00:00,170.8,170.81,170.07,170.32,4082.52,2021,12,30
2021-12-30 02:24:00+00:00,170.35,170.69,170.35,170.57,709.23,2021,12,30
2021-12-30 02:25:00+00:00,170.57,170.8,170.53,170.71,499.6,2021,12,30
2021-12-30 02:26:00+00:00,170.73,170.8,170.59,170.64,474.15,2021,12,30
2021-12-30 02:27:00+00:00,170.63,170.86,170.63,170.86,644.42,2021,12,30
2021-12-30 02:28:00+00:00,170.86,170.91,170.68,170.74,838.77,2021,12,30
2021-12-30 02:29:00+00:00,170.74,170.88,170.68,170.77,654.62,2021,12,30
2021-12-30 02:30:00+00:00,170.75,170.75,170.44,170.49,497.48,2021,12,30
2021-12-30 02:31:00+00:00,170.49,170.56,170.34,170.42,1660.29,2021,12,30
2021-12-30 02:32:00+00:00,170.41,170.73,170.3,170.71,1415.93,2021,12,30
2021-12-30 02:33:00+00:00,170.7,170.95,170.65,170.94,434.45,2021,12,30
2021-12-30 02:34:00+00:00,170.95,171.18,170.87,171.12,1833.21,2021,12,30
2021-12-30 02:35:00+00:00,171.12,171.23,171.06,171.15,559.98,2021,12,30
2021-12-30 02:36:00+00:00,171.15,171.16,170.98,170.99,400.17,2021,12,30
2021-12-30 02:37:00+00:00,170.99,171.01,170.79,170.96,445.8,2021,12,30
2021-12-30 02:38:00+00:00,170.96,171.05,170.8,170.83,501.78,2021,12,30
2021-12-30 02:39:00+00:00,170.84,170.98,170.64,170.98,650.92,2021,12,30
2021-12-30 02:40:00+00:00,170.96,171.03,170.68,170.87,1914.55,2021,12,30
2021-12-30 02:41:00+00:00,170.89,171.02,170.82,170.99,364.6,2021,12,30
2021-12-30 02:42:00+00:00,170.98,170.99,170.65,170.69,1592.67,2021,12,30
2021-12-30 02:43:00+00:00,170.69,171.07,170.67,171.04,2244.43,2021,12,30
2021-12-30 02:44:00+00:00,171.03,171.08,170.91,171.06,519.01,2021,12,30
2021-12-30 02:45:00+00:00,171.03,171.06,170.77,171.0,692.99,2021,12,30
2021-12-30 02:46:00+00:00,171.03,171.15,170.85,170.86,565.36,2021,12,30
2021-12-30 02:47:00+00:00,170.84,170.84,170.38,170.46,1188.46,2021,12,30
2021-12-30 02:48:00+00:00,170.46,170.54,170.41,170.47,861.75,2021,12,30
2021-12-30 02:49:00+00:00,170.5,170.61,170.42,170.44,568.29,2021,12,30
2021-12-30 02:50:00+00:00,170.43,170.63,170.43,170.62,246.89,2021,12,30
2021-12-30 02:51:00+00:00,170.58,170.58,170.43,170.49,411.11,2021,12,30
2021-12-30 02:52:00+00:00,170.53,170.55,170.49,170.54,155.46,2021,12,30
2021-12-30 02:53:00+00:00,170.54,170.66,170.52,170.61,451.22,2021,12,30
2021-12-30 02:54:00+00:00,170.61,170.63,170.4,170.59,429.39,2021,12,30
2021-12-30 02:55:00+00:00,170.6,170.73,170.52,170.61,462.25,2021,12,30
2021-12-30 02:56:00+00:00,170.6,170.62,170.02,170.05,2060.76,2021,12,30
2021-12-30 02:57:00+00:00,170.07,170.41,170.07,170.34,568.35,2021,12,30
2021-12-30 02:58:00+00:00,170.33,170.49,170.28,170.44,569.39,2021,12,30
2021-12-30 02:59:00+00:00,170.43,170.79,170.38,170.76,2525.42,2021,12,30
2021-12-30 03:00:00+00:00,170.78,170.81,170.53,170.59,1158.42,2021,12,30
2021-12-30 03:01:00+00:00,170.59,170.7,170.52,170.58,425.6,2021,12,30
2021-12-30 03:02:00+00:00,170.57,170.99,170.57,170.87,826.02,2021,12,30
2021-12-30 03:03:00+00:00,170.85,170.98,170.77,170.85,734.17,2021,12,30
2021-12-30 03:04:00+00:00,170.84,171.09,170.75,171.0,2355.36,2021,12,30
2021-12-30 03:05:00+00:00,171.01,171.11,170.9,171.11,518.71,2021,12,30
2021-12-30 03:06:00+00:00,171.11,171.18,171.02,171.16,583.31,2021,12,30
2021-12-30 03:07:00+00:00,171.16,171.18,170.91,171.04,556.56,2021,12,30
2021-12-30 03:08:00+00:00,171.03,171.28,170.99,171.27,721.24,2021,12,30
2021-12-30 03:09:00+00:00,171.27,171.35,171.2,171.21,339.21,2021,12,30
2021-12-30 03:10:00+00:00,171.22,171.34,171.21,171.22,422.64,2021,12,30
2021-12-30 03:11:00+00:00,171.21,171.28,170.9,171.09,1590.01,2021,12,30
2021-12-30 03:12:00+00:00,171.06,171.11,170.79,170.89,841.28,2021,12,30
2021-12-30 03:13:00+00:00,170.88,170.88,170.56,170.65,1440.78,2021,12,30
2021-12-30 03:14:00+00:00,170.67,170.68,170.42,170.57,831.15,2021,12,30
2021-12-30 03:15:00+00:00,170.55,170.62,170.32,170.41,463.07,2021,12,30
2021-12-30 03:16:00+00:00,170.44,170.55,170.23,170.26,880.22,2021,12,30
2021-12-30 03:17:00+00:00,170.29,170.31,170.15,170.2,355.27,2021,12,30
2021-12-30 03:18:00+00:00,170.21,170.28,169.93,170.0,1005.5,2021,12,30
2021-12-30 03:19:00+00:00,170.0,170.04,169.79,170.02,1112.49,2021,12,30
2021-12-30 03:20:00+00:00,170.02,170.13,169.88,169.88,1492.81,2021,12,30
2021-12-30 03:21:00+00:00,169.87,170.0,169.47,169.48,2371.25,2021,12,30
2021-12-30 03:22:00+00:00,169.49,169.59,169.26,169.54,1414.72,2021,12,30
2021-12-30 03:23:00+00:00,169.56,169.57,169.35,169.37,718.45,2021,12,30
2021-12-30 03:24:00+00:00,169.36,169.46,169.28,169.42,1467.69,2021,12,30
2021-12-30 03:25:00+00:00,169.41,169.59,169.22,169.22,722.25,2021,12,30
2021-12-30 03:26:00+00:00,169.21,169.26,169.0,169.07,1042.75,2021,12,30
2021-12-30 03:27:00+00:00,169.04,169.04,168.75,168.94,1880.13,2021,12,30
2021-12-30 03:28:00+00:00,168.9,169.02,168.56,168.64,1062.38,2021,12,30
2021-12-30 03:29:00+00:00,168.63,169.01,168.5,169.01,2122.27,2021,12,30
2021-12-30 03:30:00+00:00,169.02,169.08,168.87,168.93,763.24,2021,12,30
2021-12-30 03:31:00+00:00,168.88,169.25,168.76,169.19,1234.43,2021,12,30
2021-12-30 03:32:00+00:00,169.2,169.49,169.2,169.33,1154.56,2021,12,30
2021-12-30 03:33:00+00:00,169.35,169.45,169.16,169.31,493.15,2021,12,30
2021-12-30 03:34:00+00:00,169.32,169.68,169.32,169.61,1718.89,2021,12,30
2021-12-30 03:35:00+00:00,169.61,169.62,169.31,169.39,1097.26,2021,12,30
2021-12-30 03:36:00+00:00,169.4,170.06,169.38,170.06,2393.77,2021,12,30
2021-12-30 03:37:00+00:00,170.06,170.1,169.61,169.82,744.82,2021,12,30
2021-12-30 03:38:00+00:00,169.76,169.84,169.59,169.75,797.55,2021,12,30
2021-12-30 03:39:00+00:00,169.76,170.25,169.74,170.25,669.73,2021,12,30
2021-12-30 03:40:00+00:00,170.24,170.24,170.0,170.15,422.72,2021,12,30
2021-12-30 03:41:00+00:00,170.15,170.62,170.15,170.57,1924.18,2021,12,30
2021-12-30 03:42:00+00:00,170.55,170.55,170.06,170.13,1776.59,2021,12,30
2021-12-30 03:43:00+00:00,170.11,170.68,170.08,170.54,1559.21,2021,12,30
2021-12-30 03:44:00+00:00,170.54,170.7,170.51,170.7,555.25,2021,12,30
2021-12-30 03:45:00+00:00,170.7,170.77,170.54,170.6,799.82,2021,12,30
2021-12-30 03:46:00+00:00,170.59,170.79,170.48,170.79,539.22,2021,12,30
2021-12-30 03:47:00+00:00,170.79,170.9,170.58,170.75,387.21,2021,12,30
2021-12-30 03:48:00+00:00,170.76,171.0,170.71,170.97,399.77,2021,12,30
2021-12-30 03:49:00+00:00,170.92,170.99,170.71,170.71,593.7,2021,12,30
2021-12-30 03:50:00+00:00,170.8,170.89,170.54,170.71,939.76,2021,12,30
2021-12-30 03:51:00+00:00,170.68,170.79,170.54,170.66,831.72,2021,12,30
2021-12-30 03:52:00+00:00,170.61,170.61,170.27,170.35,744.48,2021,12,30
2021-12-30 03:53:00+00:00,170.37,170.46,170.27,170.31,421.1,2021,12,30
2021-12-30 03:54:00+00:00,170.32,170.44,170.18,170.31,265.43,2021,12,30
2021-12-30 03:55:00+00:00,170.33,170.34,170.01,170.2,1561.62,2021,12,30
2021-12-30 03:56:00+00:00,170.18,170.62,170.18,170.49,2262.08,2021,12,30
2021-12-30 03:57:00+00:00,170.53,170.72,170.3,170.38,662.73,2021,12,30
2021-12-30 03:58:00+00:00,170.36,170.58,170.29,170.57,355.55,2021,12,30
2021-12-30 03:59:00+00:00,170.53,170.53,169.96,170.21,892.5,2021,12,30
2021-12-30 04:00:00+00:00,170.18,170.26,170.03,170.13,777.42,2021,12,30
2021-12-30 04:01:00+00:00,170.15,170.19,170.01,170.15,240.18,2021,12,30
2021-12-30 04:02:00+00:00,170.14,170.17,170.0,170.0,391.14,2021,12,30
2021-12-30 04:03:00+00:00,170.01,170.42,170.01,170.36,1053.51,2021,12,30
2021-12-30 04:04:00+00:00,170.4,170.54,170.31,170.51,303.48,2021,12,30
2021-12-30 04:05:00+00:00,170.5,170.5,170.1,170.38,676.93,2021,12,30
2021-12-30 04:06:00+00:00,170.35,170.51,170.33,170.47,436.55,2021,12,30
2021-12-30 04:07:00+00:00,170.43,170.52,170.33,170.39,458.46,2021,12,30
2021-12-30 04:08:00+00:00,170.39,170.54,170.36,170.51,343.46,2021,12,30
2021-12-30 04:09:00+00:00,170.49,170.55,170.42,170.45,468.54,2021,12,30
2021-12-30 04:10:00+00:00,170.47,170.57,170.31,170.5,720.28,2021,12,30
2021-12-30 04:11:00+00:00,170.5,170.57,170.08,170.33,1398.28,2021,12,30
2021-12-30 04:12:00+00:00,170.38,170.59,170.34,170.59,906.58,2021,12,30
2021-12-30 04:13:00+00:00,170.59,171.03,170.57,171.02,1197.94,2021,12,30
2021-12-30 04:14:00+00:00,170.98,171.03,170.79,170.85,550.76,2021,12,30
2021-12-30 04:15:00+00:00,170.85,171.2,170.73,171.08,862.51,2021,12,30
2021-12-30 04:16:00+00:00,171.12,171.19,170.83,170.93,1152.59,2021,12,30
2021-12-30 04:17:00+00:00,170.92,171.2,170.77,171.2,529.97,2021,12,30
2021-12-30 04:18:00+00:00,171.15,171.29,171.01,171.18,1295.31,2021,12,30
2021-12-30 04:19:00+00:00,171.2,171.45,171.04,171.42,1137.63,2021,12,30
2021-12-30 04:20:00+00:00,171.43,171.53,171.32,171.46,769.25,2021,12,30
2021-12-30 04:21:00+00:00,171.45,171.5,171.24,171.29,555.39,2021,12,30
2021-12-30 04:22:00+00:00,171.29,171.45,171.23,171.31,461.42,2021,12,30
2021-12-30 04:23:00+00:00,171.35,171.35,171.04,171.08,687.13,2021,12,30
2021-12-30 04:24:00+00:00,171.09,171.09,170.76,170.78,701.91,2021,12,30
2021-12-30 04:25:00+00:00,170.81,171.14,170.81,171.0,471.39,2021,12,30
2021-12-30 04:26:00+00:00,170.95,171.13,170.88,171.06,261.99,2021,12,30
2021-12-30 04:27:00+00:00,171.06,171.24,170.96,171.07,436.9,2021,12,30
2021-12-30 04:28:00+00:00,171.07,171.07,170.84,170.89,382.24,2021,12,30
2021-12-30 04:29:00+00:00,170.85,171.14,170.85,171.03,685.1,2021,12,30
2021-12-30 04:30:00+00:00,171.02,171.19,170.86,171.15,922.84,2021,12,30
2021-12-30 04:31:00+00:00,171.15,171.17,170.7,170.95,1923.57,2021,12,30
2021-12-30 04:32:00+00:00,170.94,171.09,170.89,170.93,449.52,2021,12,30
2021-12-30 04:33:00+00:00,170.96,171.03,170.89,171.01,331.82,2021,12,30
2021-12-30 04:34:00+00:00,171.02,171.11,171.02,171.04,276.11,2021,12,30
2021-12-30 04:35:00+00:00,171.04,171.14,170.96,171.01,269.93,2021,12,30
2021-12-30 04:36:00+00:00,170.96,170.96,170.75,170.81,352.05,2021,12,30
2021-12-30 04:37:00+00:00,170.82,170.94,170.77,170.91,405.69,2021,12,30
2021-12-30 04:38:00+00:00,170.9,170.9,170.74,170.75,218.65,2021,12,30
2021-12-30 04:39:00+00:00,170.75,170.83,170.62,170.73,391.1,2021,12,30
2021-12-30 04:40:00+00:00,170.73,171.04,170.73,170.95,675.27,2021,12,30
2021-12-30 04:41:00+00:00,170.97,171.07,170.93,170.98,172.59,2021,12,30
2021-12-30 04:42:00+00:00,170.98,171.23,170.97,171.15,273.54,2021,12,30
2021-12-30 04:43:00+00:00,171.16,171.17,171.03,171.05,113.83,2021,12,30
2021-12-30 04:44:00+00:00,171.07,171.15,170.98,170.99,208.11,2021,12,30
2021-12-30 04:45:00+00:00,170.99,171.0,170.82,170.83,492.29,2021,12,30
2021-12-30 04:46:00+00:00,170.92,171.01,170.73,170.82,226.31,2021,12,30
2021-12-30 04:47:00+00:00,170.78,170.95,170.7,170.85,237.96,2021,12,30
2021-12-30 04:48:00+00:00,170.86,171.0,170.7,170.84,363.92,2021,12,30
2021-12-30 04:49:00+00:00,170.84,170.95,170.82,170.86,174.48,2021,12,30
2021-12-30 04:50:00+00:00,170.87,170.97,170.81,170.91,176.06,2021,12,30
2021-12-30 04:51:00+00:00,170.93,171.02,170.84,170.96,169.71,2021,12,30
2021-12-30 04:52:00+00:00,170.96,171.11,170.93,170.98,1050.25,2021,12,30
2021-12-30 04:53:00+00:00,170.97,170.97,170.7,170.81,295.28,2021,12,30
2021-12-30 04:54:00+00:00,170.8,170.8,170.71,170.76,1394.23,2021,12,30
2021-12-30 04:55:00+00:00,170.76,170.81,170.72,170.77,193.63,2021,12,30
2021-12-30 04:56:00+00:00,170.78,170.78,170.55,170.68,216.94,2021,12,30
2021-12-30 04:57:00+00:00,170.67,170.74,170.57,170.73,188.63,2021,12,30
2021-12-30 04:58:00+00:00,170.74,170.77,170.62,170.66,221.51,2021,12,30
2021-12-30 04:59:00+00:00,170.65,170.72,170.57,170.58,270.49,2021,12,30
2021-12-30 05:00:00+00:00,170.58,170.63,170.2,170.22,845.55,2021,12,30
2021-12-30 05:01:00+00:00,170.21,170.51,170.21,170.45,794.94,2021,12,30
2021-12-30 05:02:00+00:00,170.46,170.51,170.28,170.46,384.24,2021,12,30
2021-12-30 05:03:00+00:00,170.45,170.49,170.37,170.49,359.44,2021,12,30
2021-12-30 05:04:00+00:00,170.48,170.77,170.48,170.55,662.33,2021,12,30
2021-12-30 05:05:00+00:00,170.55,170.56,170.25,170.41,579.18,2021,12,30
2021-12-30 05:06:00+00:00,170.43,170.47,170.2,170.23,416.92,2021,12,30
2021-12-30 05:07:00+00:00,170.26,170.34,170.22,170.22,234.65,2021,12,30
2021-12-30 05:08:00+00:00,170.21,170.27,170.12,170.17,314.85,2021,12,30
2021-12-30 05:09:00+00:00,170.22,170.23,170.03,170.07,687.73,2021,12,30
2021-12-30 05:10:00+00:00,170.05,170.1,169.95,169.96,838.93,2021,12,30
2021-12-30 05:11:00+00:00,169.98,170.04,169.87,169.87,273.06,2021,12,30
2021-12-30 05:12:00+00:00,169.88,169.95,169.8,169.82,378.76,2021,12,30
2021-12-30 05:13:00+00:00,169.84,170.13,169.78,170.09,708.57,2021,12,30
2021-12-30 05:14:00+00:00,170.09,170.16,170.04,170.16,517.26,2021,12,30
2021-12-30 05:15:00+00:00,170.15,170.25,169.9,169.98,1169.75,2021,12,30
2021-12-30 05:16:00+00:00,169.98,170.47,169.98,170.36,872.46,2021,12,30
2021-12-30 05:17:00+00:00,170.38,170.54,170.34,170.54,213.45,2021,12,30
2021-12-30 05:18:00+00:00,170.55,170.61,170.42,170.44,281.55,2021,12,30
2021-12-30 05:19:00+00:00,170.46,170.67,170.43,170.66,420.8,2021,12,30
2021-12-30 05:20:00+00:00,170.67,170.71,170.53,170.63,332.17,2021,12,30
2021-12-30 05:21:00+00:00,170.63,170.68,170.48,170.62,713.99,2021,12,30
2021-12-30 05:22:00+00:00,170.63,170.72,170.53,170.61,314.67,2021,12,30
2021-12-30 05:23:00+00:00,170.6,170.73,170.6,170.69,138.69,2021,12,30
2021-12-30 05:24:00+00:00,170.68,170.71,170.55,170.62,472.77,2021,12,30
2021-12-30 05:25:00+00:00,170.63,171.12,170.63,170.96,1591.91,2021,12,30
2021-12-30 05:26:00+00:00,170.98,171.0,170.63,170.63,810.12,2021,12,30
2021-12-30 05:27:00+00:00,170.61,170.68,170.43,170.57,715.92,2021,12,30
2021-12-30 05:28:00+00:00,170.59,170.62,170.31,170.38,367.16,2021,12,30
2021-12-30 05:29:00+00:00,170.38,170.57,170.32,170.35,473.13,2021,12,30
2021-12-30 05:30:00+00:00,170.35,170.39,169.96,170.06,1031.38,2021,12,30
2021-12-30 05:31:00+00:00,170.05,170.23,169.94,169.98,649.1,2021,12,30
2021-12-30 05:32:00+00:00,169.99,170.19,169.99,170.07,321.81,2021,12,30
2021-12-30 05:33:00+00:00,170.06,170.14,169.92,169.94,596.99,2021,12,30
2021-12-30 05:34:00+00:00,169.95,170.14,169.94,170.05,444.61,2021,12,30
2021-12-30 05:35:00+00:00,170.03,170.13,169.87,169.88,386.06,2021,12,30
2021-12-30 05:36:00+00:00,169.87,170.0,169.82,170.0,409.46,2021,12,30
2021-12-30 05:37:00+00:00,170.01,170.12,170.0,170.12,150.87,2021,12,30
2021-12-30 05:38:00+00:00,170.12,170.16,169.92,169.92,459.66,2021,12,30
2021-12-30 05:39:00+00:00,169.92,170.18,169.92,170.06,311.47,2021,12,30
2021-12-30 05:40:00+00:00,170.07,170.07,169.87,169.97,475.41,2021,12,30
2021-12-30 05:41:00+00:00,169.97,170.31,169.95,170.31,497.9,2021,12,30
2021-12-30 05:42:00+00:00,170.34,170.35,170.2,170.32,316.97,2021,12,30
2021-12-30 05:43:00+00:00,170.31,170.44,170.25,170.44,149.97,2021,12,30
2021-12-30 05:44:00+00:00,170.43,170.65,170.4,170.5,396.74,2021,12,30
2021-12-30 05:45:00+00:00,170.52,170.7,170.52,170.65,213.35,2021,12,30
2021-12-30 05:46:00+00:00,170.65,170.82,170.55,170.8,486.82,2021,12,30
2021-12-30 05:47:00+00:00,170.78,170.85,170.7,170.85,307.69,2021,12,30
2021-12-30 05:48:00+00:00,170.86,170.94,170.76,170.86,577.9,2021,12,30
2021-12-30 05:49:00+00:00,170.84,170.84,170.59,170.68,328.99,2021,12,30
2021-12-30 05:50:00+00:00,170.7,170.84,170.42,170.46,538.98,2021,12,30
2021-12-30 05:51:00+00:00,170.48,170.68,170.48,170.65,357.45,2021,12,30
2021-12-30 05:52:00+00:00,170.62,170.76,170.49,170.76,331.02,2021,12,30
2021-12-30 05:53:00+00:00,170.74,170.88,170.67,170.87,248.43,2021,12,30
2021-12-30 05:54:00+00:00,170.89,170.91,170.72,170.76,163.21,2021,12,30
2021-12-30 05:55:00+00:00,170.78,170.98,170.78,170.91,401.65,2021,12,30
2021-12-30 05:56:00+00:00,170.92,171.06,170.91,171.04,266.94,2021,12,30
2021-12-30 05:57:00+00:00,171.02,171.02,170.88,170.99,260.22,2021,12,30
2021-12-30 05:58:00+00:00,170.99,171.1,170.93,171.08,246.8,2021,12,30
2021-12-30 05:59:00+00:00,171.1,171.27,171.1,171.21,628.81,2021,12,30
2021-12-30 06:00:00+00:00,171.18,171.28,171.11,171.16,1327.94,2021,12,30
2021-12-30 06:01:00+00:00,171.16,171.16,170.98,171.07,357.37,2021,12,30
2021-12-30 06:02:00+00:00,171.07,171.13,170.99,171.1,266.79,2021,12,30
2021-12-30 06:03:00+00:00,171.1,171.16,170.91,171.09,428.0,2021,12,30
2021-12-30 06:04:00+00:00,171.08,171.13,170.95,171.1,270.64,2021,12,30
2021-12-30 06:05:00+00:00,171.11,171.21,171.05,171.13,952.82,2021,12,30
2021-12-30 06:06:00+00:00,171.1,171.18,170.91,170.94,649.33,2021,12,30
2021-12-30 06:07:00+00:00,170.92,170.94,170.74,170.84,319.32,2021,12,30
2021-12-30 06:08:00+00:00,170.84,170.84,170.69,170.75,432.03,2021,12,30
2021-12-30 06:09:00+00:00,170.75,170.93,170.75,170.88,389.87,2021,12,30
2021-12-30 06:10:00+00:00,170.88,170.98,170.74,170.92,548.87,2021,12,30
2021-12-30 06:11:00+00:00,170.92,170.98,170.77,170.77,638.31,2021,12,30
2021-12-30 06:12:00+00:00,170.8,170.94,170.45,170.56,3049.42,2021,12,30
2021-12-30 06:13:00+00:00,170.56,170.61,170.5,170.5,397.47,2021,12,30
2021-12-30 06:14:00+00:00,170.51,170.62,170.48,170.55,305.28,2021,12,30
2021-12-30 06:15:00+00:00,170.55,170.61,170.51,170.51,279.6,2021,12,30
2021-12-30 06:16:00+00:00,170.52,170.57,170.47,170.5,403.91,2021,12,30
2021-12-30 06:17:00+00:00,170.49,170.56,170.46,170.46,304.1,2021,12,30
2021-12-30 06:18:00+00:00,170.5,170.61,170.48,170.61,244.73,2021,12,30
2021-12-30 06:19:00+00:00,170.65,170.66,170.39,170.47,399.96,2021,12,30
2021-12-30 06:20:00+00:00,170.48,170.51,170.33,170.43,282.76,2021,12,30
2021-12-30 06:21:00+00:00,170.42,170.51,170.39,170.39,322.58,2021,12,30
2021-12-30 06:22:00+00:00,170.39,170.54,170.39,170.5,263.19,2021,12,30
2021-12-30 06:23:00+00:00,170.51,170.51,170.34,170.4,196.81,2021,12,30
2021-12-30 06:24:00+00:00,170.39,170.51,170.37,170.42,489.96,2021,12,30
2021-12-30 06:25:00+00:00,170.41,170.67,170.41,170.59,165.0,2021,12,30
2021-12-30 06:26:00+00:00,170.61,170.64,170.4,170.44,443.0,2021,12,30
2021-12-30 06:27:00+00:00,170.45,170.52,170.29,170.29,221.57,2021,12,30
2021-12-30 06:28:00+00:00,170.28,170.47,170.23,170.41,314.49,2021,12,30
2021-12-30 06:29:00+00:00,170.41,170.6,170.41,170.54,301.67,2021,12,30
2021-12-30 06:30:00+00:00,170.54,170.64,170.51,170.6,354.29,2021,12,30
2021-12-30 06:31:00+00:00,170.61,170.79,170.61,170.79,204.93,2021,12,30
2021-12-30 06:32:00+00:00,170.79,170.99,170.79,170.95,408.41,2021,12,30
2021-12-30 06:33:00+00:00,170.97,171.04,170.74,170.9,569.89,2021,12,30
2021-12-30 06:34:00+00:00,170.93,171.14,170.92,171.07,228.47,2021,12,30
2021-12-30 06:35:00+00:00,171.06,171.25,171.02,171.17,313.12,2021,12,30
2021-12-30 06:36:00+00:00,171.18,171.2,171.03,171.12,213.67,2021,12,30
2021-12-30 06:37:00+00:00,171.11,171.2,171.01,171.16,308.16,2021,12,30
2021-12-30 06:38:00+00:00,171.16,171.46,171.16,171.44,753.24,2021,12,30
2021-12-30 06:39:00+00:00,171.44,171.69,171.42,171.66,1093.37,2021,12,30
2021-12-30 06:40:00+00:00,171.64,171.9,171.57,171.87,559.82,2021,12,30
2021-12-30 06:41:00+00:00,171.9,172.23,171.84,172.16,2044.34,2021,12,30
2021-12-30 06:42:00+00:00,172.16,172.19,172.03,172.14,403.89,2021,12,30
2021-12-30 06:43:00+00:00,172.12,172.2,172.0,172.2,881.15,2021,12,30
2021-12-30 06:44:00+00:00,172.2,172.26,172.07,172.11,473.93,2021,12,30
2021-12-30 06:45:00+00:00,172.14,172.15,171.93,172.07,1130.17,2021,12,30
2021-12-30 06:46:00+00:00,172.06,172.25,172.06,172.19,279.4,2021,12,30
2021-12-30 06:47:00+00:00,172.22,172.31,172.19,172.24,464.55,2021,12,30
2021-12-30 06:48:00+00:00,172.27,172.46,172.17,172.44,1074.13,2021,12,30
2021-12-30 06:49:00+00:00,172.44,172.74,172.43,172.62,1588.28,2021,12,30
2021-12-30 06:50:00+00:00,172.63,172.64,172.37,172.42,1385.79,2021,12,30
2021-12-30 06:51:00+00:00,172.41,172.49,172.24,172.4,484.33,2021,12,30
2021-12-30 06:52:00+00:00,172.4,172.43,172.15,172.23,558.46,2021,12,30
2021-12-30 06:53:00+00:00,172.23,172.3,172.13,172.15,381.78,2021,12,30
2021-12-30 06:54:00+00:00,172.12,172.29,172.1,172.28,666.83,2021,12,30
2021-12-30 06:55:00+00:00,172.27,172.53,172.16,172.43,719.34,2021,12,30
2021-12-30 06:56:00+00:00,172.44,172.71,172.44,172.58,511.29,2021,12,30
2021-12-30 06:57:00+00:00,172.62,172.79,172.58,172.69,668.62,2021,12,30
2021-12-30 06:58:00+00:00,172.68,172.77,172.66,172.7,261.61,2021,12,30
2021-12-30 06:59:00+00:00,172.72,172.79,172.62,172.62,464.34,2021,12,30
2021-12-30 07:00:00+00:00,172.63,172.68,172.48,172.5,3044.09,2021,12,30
2021-12-30 07:01:00+00:00,172.51,172.64,172.36,172.49,1235.24,2021,12,30
2021-12-30 07:02:00+00:00,172.5,172.63,172.44,172.63,316.28,2021,12,30
2021-12-30 07:03:00+00:00,172.61,173.1,172.61,173.0,1056.97,2021,12,30
2021-12-30 07:04:00+00:00,173.01,174.23,172.99,174.09,8544.4,2021,12,30
2021-12-30 07:05:00+00:00,174.09,174.19,173.4,173.62,3739.77,2021,12,30
2021-12-30 07:06:00+00:00,173.58,173.94,173.56,173.84,649.93,2021,12,30
2021-12-30 07:07:00+00:00,173.8,173.81,173.41,173.5,723.89,2021,12,30
2021-12-30 07:08:00+00:00,173.5,173.69,173.33,173.41,1190.44,2021,12,30
2021-12-30 07:09:00+00:00,173.41,173.44,173.17,173.33,1183.27,2021,12,30
2021-12-30 07:10:00+00:00,173.3,173.38,173.15,173.28,712.48,2021,12,30
2021-12-30 07:11:00+00:00,173.29,173.65,173.06,173.57,714.33,2021,12,30
2021-12-30 07:12:00+00:00,173.55,173.55,173.23,173.33,616.82,2021,12,30
2021-12-30 07:13:00+00:00,173.33,173.46,173.3,173.4,538.33,2021,12,30
2021-12-30 07:14:00+00:00,173.42,173.78,173.36,173.77,672.16,2021,12,30
2021-12-30 07:15:00+00:00,173.71,173.73,173.34,173.37,487.43,2021,12,30
2021-12-30 07:16:00+00:00,173.39,173.52,173.32,173.43,975.21,2021,12,30
2021-12-30 07:17:00+00:00,173.43,173.49,173.2,173.41,969.79,2021,12,30
2021-12-30 07:18:00+00:00,173.4,173.47,173.07,173.23,654.3,2021,12,30
2021-12-30 07:19:00+00:00,173.18,173.23,173.02,173.12,311.73,2021,12,30
2021-12-30 07:20:00+00:00,173.12,173.21,172.9,172.95,1254.47,2021,12,30
2021-12-30 07:21:00+00:00,172.97,173.3,172.92,173.27,809.09,2021,12,30
2021-12-30 07:22:00+00:00,173.25,173.55,173.16,173.35,1048.06,2021,12,30
2021-12-30 07:23:00+00:00,173.34,173.56,173.32,173.42,388.18,2021,12,30
2021-12-30 07:24:00+00:00,173.44,173.53,173.35,173.35,368.36,2021,12,30
2021-12-30 07:25:00+00:00,173.35,173.94,173.28,173.71,1241.67,2021,12,30
2021-12-30 07:26:00+00:00,173.71,173.99,173.69,173.99,325.13,2021,12,30
2021-12-30 07:27:00+00:00,174.0,174.0,173.66,173.77,639.04,2021,12,30
2021-12-30 07:28:00+00:00,173.77,173.89,173.6,173.6,448.83,2021,12,30
2021-12-30 07:29:00+00:00,173.6,173.78,173.43,173.51,539.66,2021,12,30
2021-12-30 07:30:00+00:00,173.52,173.78,173.5,173.71,451.08,2021,12,30
2021-12-30 07:31:00+00:00,173.74,173.96,173.68,173.9,788.69,2021,12,30
2021-12-30 07:32:00+00:00,173.9,174.35,173.85,174.26,1161.19,2021,12,30
2021-12-30 07:33:00+00:00,174.26,174.85,174.22,174.54,4452.89,2021,12,30
2021-12-30 07:34:00+00:00,174.55,174.66,174.43,174.43,379.19,2021,12,30
2021-12-30 07:35:00+00:00,174.44,174.48,174.3,174.32,761.76,2021,12,30
2021-12-30 07:36:00+00:00,174.32,174.52,174.32,174.32,261.97,2021,12,30
2021-12-30 07:37:00+00:00,174.33,174.36,174.09,174.11,1282.57,2021,12,30
2021-12-30 07:38:00+00:00,174.12,174.23,174.09,174.13,238.88,2021,12,30
2021-12-30 07:39:00+00:00,174.16,174.26,174.06,174.2,635.05,2021,12,30
2021-12-30 07:40:00+00:00,174.17,174.34,173.92,174.29,884.67,2021,12,30
2021-12-30 07:41:00+00:00,174.27,174.32,173.95,174.18,716.9,2021,12,30
2021-12-30 07:42:00+00:00,174.18,174.23,173.95,173.95,981.68,2021,12,30
2021-12-30 07:43:00+00:00,173.98,174.1,173.84,173.91,1051.29,2021,12,30
2021-12-30 07:44:00+00:00,173.93,174.19,173.82,173.96,1456.35,2021,12,30
2021-12-30 07:45:00+00:00,173.95,174.18,173.88,173.9,1037.42,2021,12,30
2021-12-30 07:46:00+00:00,173.94,174.08,173.81,174.04,1150.35,2021,12,30
2021-12-30 07:47:00+00:00,173.97,174.17,173.81,173.93,1876.29,2021,12,30
2021-12-30 07:48:00+00:00,173.99,174.11,173.89,173.98,1211.71,2021,12,30
2021-12-30 07:49:00+00:00,174.0,174.0,173.87,173.88,722.61,2021,12,30
2021-12-30 07:50:00+00:00,173.94,173.99,173.59,173.68,1862.6,2021,12,30
2021-12-30 07:51:00+00:00,173.68,173.71,173.47,173.58,1249.9,2021,12,30
2021-12-30 07:52:00+00:00,173.57,173.72,173.47,173.68,1325.05,2021,12,30
2021-12-30 07:53:00+00:00,173.67,173.67,173.45,173.49,1475.62,2021,12,30
2021-12-30 07:54:00+00:00,173.49,173.58,173.38,173.4,1379.62,2021,12,30
2021-12-30 07:55:00+00:00,173.42,173.77,173.39,173.65,1351.03,2021,12,30
2021-12-30 07:56:00+00:00,173.66,174.1,173.57,174.09,1236.76,2021,12,30
2021-12-30 07:57:00+00:00,174.04,174.09,173.8,173.94,466.98,2021,12,30
2021-12-30 07:58:00+00:00,173.97,174.05,173.71,173.76,417.99,2021,12,30
2021-12-30 07:59:00+00:00,173.8,173.98,173.7,173.7,312.48,2021,12,30
2021-12-30 08:00:00+00:00,173.71,174.26,173.71,174.12,824.26,2021,12,30
2021-12-30 08:01:00+00:00,174.12,174.12,173.75,173.98,847.97,2021,12,30
2021-12-30 08:02:00+00:00,173.95,174.07,173.7,173.95,1145.98,2021,12,30
2021-12-30 08:03:00+00:00,174.02,174.63,173.97,174.5,2670.05,2021,12,30
2021-12-30 08:04:00+00:00,174.47,174.6,174.44,174.44,501.41,2021,12,30
2021-12-30 08:05:00+00:00,174.5,174.55,174.26,174.33,764.77,2021,12,30
2021-12-30 08:06:00+00:00,174.33,174.4,174.12,174.18,645.87,2021,12,30
2021-12-30 08:07:00+00:00,174.16,174.27,174.04,174.18,478.12,2021,12,30
2021-12-30 08:08:00+00:00,174.18,174.36,174.13,174.19,1271.68,2021,12,30
2021-12-30 08:09:00+00:00,174.2,174.28,174.04,174.15,294.24,2021,12,30
2021-12-30 08:10:00+00:00,174.15,174.36,174.12,174.22,309.6,2021,12,30
2021-12-30 08:11:00+00:00,174.23,174.31,174.12,174.18,288.06,2021,12,30
2021-12-30 08:12:00+00:00,174.13,174.3,174.11,174.22,209.64,2021,12,30
2021-12-30 08:13:00+00:00,174.23,174.26,173.93,174.08,665.96,2021,12,30
2021-12-30 08:14:00+00:00,174.09,174.15,174.04,174.07,197.86,2021,12,30
2021-12-30 08:15:00+00:00,174.05,174.05,173.67,173.78,658.21,2021,12,30
2021-12-30 08:16:00+00:00,173.76,173.87,173.74,173.87,327.89,2021,12,30
2021-12-30 08:17:00+00:00,173.86,173.93,173.57,173.57,378.68,2021,12,30
2021-12-30 08:18:00+00:00,173.6,173.65,173.4,173.47,459.17,2021,12,30
2021-12-30 08:19:00+00:00,173.45,173.68,173.45,173.55,654.17,2021,12,30
2021-12-30 08:20:00+00:00,173.58,173.81,173.52,173.7,457.46,2021,12,30
2021-12-30 08:21:00+00:00,173.69,173.82,173.67,173.77,193.18,2021,12,30
2021-12-30 08:22:00+00:00,173.76,173.76,173.48,173.57,721.89,2021,12,30
2021-12-30 08:23:00+00:00,173.56,173.59,173.46,173.5,362.4,2021,12,30
2021-12-30 08:24:00+00:00,173.46,173.51,173.19,173.23,934.33,2021,12,30
2021-12-30 08:25:00+00:00,173.24,173.45,173.21,173.38,470.16,2021,12,30
2021-12-30 08:26:00+00:00,173.39,173.5,173.18,173.4,1499.25,2021,12,30
2021-12-30 08:27:00+00:00,173.38,173.68,173.33,173.61,661.88,2021,12,30
2021-12-30 08:28:00+00:00,173.62,173.62,173.44,173.49,370.57,2021,12,30
2021-12-30 08:29:00+00:00,173.48,173.64,173.45,173.64,181.84,2021,12,30
2021-12-30 08:30:00+00:00,173.59,173.59,173.41,173.52,233.69,2021,12,30
2021-12-30 08:31:00+00:00,173.52,173.56,173.18,173.19,418.26,2021,12,30
2021-12-30 08:32:00+00:00,173.21,173.38,173.12,173.27,582.54,2021,12,30
2021-12-30 08:33:00+00:00,173.25,173.27,173.05,173.11,886.46,2021,12,30
2021-12-30 08:34:00+00:00,173.1,173.25,173.06,173.15,447.5,2021,12,30
2021-12-30 08:35:00+00:00,173.16,173.17,173.06,173.14,709.48,2021,12,30
2021-12-30 08:36:00+00:00,173.14,173.18,173.11,173.17,187.16,2021,12,30
2021-12-30 08:37:00+00:00,173.16,173.26,173.05,173.14,479.91,2021,12,30
2021-12-30 08:38:00+00:00,173.12,173.17,172.97,173.06,585.49,2021,12,30
2021-12-30 08:39:00+00:00,173.04,173.08,172.71,172.77,1186.48,2021,12,30
2021-12-30 08:40:00+00:00,172.77,173.04,172.77,172.93,335.04,2021,12,30
2021-12-30 08:41:00+00:00,172.96,173.08,172.88,172.94,387.01,2021,12,30
2021-12-30 08:42:00+00:00,172.99,173.21,172.99,173.19,530.59,2021,12,30
2021-12-30 08:43:00+00:00,173.18,173.18,173.03,173.06,130.27,2021,12,30
2021-12-30 08:44:00+00:00,173.07,173.14,172.94,172.95,476.59,2021,12,30
2021-12-30 08:45:00+00:00,172.91,173.24,172.91,173.18,574.63,2021,12,30
2021-12-30 08:46:00+00:00,173.18,173.21,173.0,173.04,443.26,2021,12,30
2021-12-30 08:47:00+00:00,173.04,173.06,172.82,173.02,730.2,2021,12,30
2021-12-30 08:48:00+00:00,173.02,173.04,172.7,172.88,316.92,2021,12,30
2021-12-30 08:49:00+00:00,172.89,172.95,172.77,172.84,233.21,2021,12,30
2021-12-30 08:50:00+00:00,172.85,172.91,172.8,172.88,309.61,2021,12,30
2021-12-30 08:51:00+00:00,172.84,172.99,172.84,172.88,204.31,2021,12,30
2021-12-30 08:52:00+00:00,172.9,173.05,172.87,172.95,424.71,2021,12,30
2021-12-30 08:53:00+00:00,172.95,173.11,172.95,173.01,162.83,2021,12,30
2021-12-30 08:54:00+00:00,173.0,173.06,172.95,172.96,127.86,2021,12,30
2021-12-30 08:55:00+00:00,172.95,172.95,172.69,172.84,357.0,2021,12,30
2021-12-30 08:56:00+00:00,172.85,172.88,172.66,172.71,299.56,2021,12,30
2021-12-30 08:57:00+00:00,172.71,172.8,172.57,172.57,594.5,2021,12,30
2021-12-30 08:58:00+00:00,172.57,172.64,172.42,172.49,819.21,2021,12,30
2021-12-30 08:59:00+00:00,172.48,172.62,172.46,172.52,242.83,2021,12,30
2021-12-30 09:00:00+00:00,172.48,172.91,172.48,172.86,560.99,2021,12,30
2021-12-30 09:01:00+00:00,172.86,172.87,172.66,172.71,311.49,2021,12,30
2021-12-30 09:02:00+00:00,172.7,172.89,172.65,172.89,281.77,2021,12,30
2021-12-30 09:03:00+00:00,172.89,172.91,172.79,172.87,279.06,2021,12,30
2021-12-30 09:04:00+00:00,172.86,173.05,172.8,173.04,370.15,2021,12,30
2021-12-30 09:05:00+00:00,173.02,173.07,172.82,173.01,687.34,2021,12,30
2021-12-30 09:06:00+00:00,173.01,173.14,172.92,173.0,339.54,2021,12,30
2021-12-30 09:07:00+00:00,173.01,173.04,172.9,172.99,314.65,2021,12,30
2021-12-30 09:08:00+00:00,172.96,173.08,172.91,172.91,138.77,2021,12,30
2021-12-30 09:09:00+00:00,172.92,173.12,172.76,173.05,398.71,2021,12,30
2021-12-30 09:10:00+00:00,173.04,173.07,172.98,173.02,187.45,2021,12,30
2021-12-30 09:11:00+00:00,173.02,173.02,172.98,172.98,46.52,2021,12,30
2021-12-30 09:12:00+00:00,172.99,173.05,172.92,173.03,417.62,2021,12,30
2021-12-30 09:13:00+00:00,173.01,173.1,173.01,173.03,175.51,2021,12,30
2021-12-30 09:14:00+00:00,173.02,173.15,173.02,173.12,198.36,2021,12,30
2021-12-30 09:15:00+00:00,173.1,173.16,173.02,173.03,194.48,2021,12,30
2021-12-30 09:16:00+00:00,173.07,173.16,173.04,173.16,228.93,2021,12,30
2021-12-30 09:17:00+00:00,173.14,173.14,173.04,173.09,67.52,2021,12,30
2021-12-30 09:18:00+00:00,173.09,173.09,172.57,172.58,2952.39,2021,12,30
2021-12-30 09:19:00+00:00,172.6,172.69,172.53,172.66,830.93,2021,12,30
2021-12-30 09:20:00+00:00,172.65,172.78,172.6,172.72,290.03,2021,12,30
2021-12-30 09:21:00+00:00,172.74,172.82,172.65,172.77,381.05,2021,12,30
2021-12-30 09:22:00+00:00,172.78,172.82,172.7,172.74,192.81,2021,12,30
2021-12-30 09:23:00+00:00,172.75,172.88,172.73,172.81,369.88,2021,12,30
2021-12-30 09:24:00+00:00,172.82,172.82,172.66,172.74,205.44,2021,12,30
2021-12-30 09:25:00+00:00,172.73,172.76,172.69,172.75,147.12,2021,12,30
2021-12-30 09:26:00+00:00,172.76,172.91,172.76,172.89,565.6,2021,12,30
2021-12-30 09:27:00+00:00,172.88,172.93,172.79,172.83,329.91,2021,12,30
2021-12-30 09:28:00+00:00,172.83,172.89,172.83,172.86,83.07,2021,12,30
2021-12-30 09:29:00+00:00,172.85,172.86,172.82,172.85,87.88,2021,12,30
2021-12-30 09:30:00+00:00,172.86,172.96,172.83,172.91,211.73,2021,12,30
2021-12-30 09:31:00+00:00,172.92,173.0,172.88,172.9,245.52,2021,12,30
2021-12-30 09:32:00+00:00,172.9,172.94,172.88,172.88,55.9,2021,12,30
2021-12-30 09:33:00+00:00,172.89,172.95,172.88,172.92,164.24,2021,12,30
2021-12-30 09:34:00+00:00,172.91,172.93,172.71,172.81,574.7,2021,12,30
2021-12-30 09:35:00+00:00,172.8,172.81,172.67,172.69,204.02,2021,12,30
2021-12-30 09:36:00+00:00,172.7,172.75,172.61,172.69,439.5,2021,12,30
2021-12-30 09:37:00+00:00,172.69,172.75,172.61,172.73,252.66,2021,12,30
2021-12-30 09:38:00+00:00,172.73,172.78,172.7,172.71,184.14,2021,12,30
2021-12-30 09:39:00+00:00,172.72,172.91,172.67,172.76,252.73,2021,12,30
2021-12-30 09:40:00+00:00,172.76,172.76,172.61,172.66,160.56,2021,12,30
2021-12-30 09:41:00+00:00,172.66,172.69,172.65,172.67,44.31,2021,12,30
2021-12-30 09:42:00+00:00,172.68,172.98,172.68,172.98,270.98,2021,12,30
2021-12-30 09:43:00+00:00,172.98,172.99,172.8,172.82,648.04,2021,12,30
2021-12-30 09:44:00+00:00,172.82,172.99,172.81,172.95,138.17,2021,12,30
2021-12-30 09:45:00+00:00,172.96,173.39,172.83,173.32,3872.6,2021,12,30
2021-12-30 09:46:00+00:00,173.32,173.51,173.24,173.51,289.9,2021,12,30
2021-12-30 09:47:00+00:00,173.51,173.61,173.4,173.44,317.86,2021,12,30
2021-12-30 09:48:00+00:00,173.43,173.44,173.35,173.39,273.78,2021,12,30
2021-12-30 09:49:00+00:00,173.4,173.4,173.25,173.29,315.57,2021,12,30
2021-12-30 09:50:00+00:00,173.29,173.33,172.74,172.76,1075.24,2021,12,30
2021-12-30 09:51:00+00:00,172.77,172.86,172.45,172.56,819.64,2021,12,30
2021-12-30 09:52:00+00:00,172.57,172.81,172.49,172.55,1005.38,2021,12,30
2021-12-30 09:53:00+00:00,172.56,172.79,172.52,172.67,792.84,2021,12,30
2021-12-30 09:54:00+00:00,172.67,172.72,172.53,172.53,381.97,2021,12,30
2021-12-30 09:55:00+00:00,172.56,172.56,172.1,172.3,1370.58,2021,12,30
2021-12-30 09:56:00+00:00,172.3,172.38,172.26,172.32,340.27,2021,12,30
2021-12-30 09:57:00+00:00,172.32,172.34,172.12,172.16,612.03,2021,12,30
2021-12-30 09:58:00+00:00,172.15,172.29,172.04,172.22,1356.23,2021,12,30
2021-12-30 09:59:00+00:00,172.22,172.3,172.2,172.26,231.61,2021,12,30
2021-12-30 10:00:00+00:00,172.27,172.36,172.19,172.25,437.46,2021,12,30
2021-12-30 10:01:00+00:00,172.25,172.27,171.84,172.18,1333.54,2021,12,30
2021-12-30 10:02:00+00:00,172.14,172.41,172.14,172.39,542.98,2021,12,30
2021-12-30 10:03:00+00:00,172.38,172.47,172.31,172.39,240.68,2021,12,30
2021-12-30 10:04:00+00:00,172.38,172.43,172.23,172.37,624.48,2021,12,30
2021-12-30 10:05:00+00:00,172.36,172.37,172.1,172.15,359.93,2021,12,30
2021-12-30 10:06:00+00:00,172.15,172.74,172.15,172.64,681.76,2021,12,30
2021-12-30 10:07:00+00:00,172.67,172.72,172.59,172.6,222.22,2021,12,30
2021-12-30 10:08:00+00:00,172.6,172.73,172.59,172.64,187.08,2021,12,30
2021-12-30 10:09:00+00:00,172.66,172.69,172.53,172.61,182.71,2021,12,30
2021-12-30 10:10:00+00:00,172.61,172.71,172.59,172.67,217.34,2021,12,30
2021-12-30 10:11:00+00:00,172.67,172.72,172.55,172.7,512.67,2021,12,30
2021-12-30 10:12:00+00:00,172.71,172.71,172.5,172.66,468.71,2021,12,30
2021-12-30 10:13:00+00:00,172.66,172.73,172.51,172.54,300.72,2021,12,30
2021-12-30 10:14:00+00:00,172.58,172.87,172.54,172.77,269.78,2021,12,30
2021-12-30 10:15:00+00:00,172.8,172.91,172.79,172.91,261.32,2021,12,30
2021-12-30 10:16:00+00:00,172.9,172.92,172.64,172.64,483.55,2021,12,30
2021-12-30 10:17:00+00:00,172.66,172.8,172.66,172.72,255.79,2021,12,30
2021-12-30 10:18:00+00:00,172.76,172.78,172.5,172.53,269.65,2021,12,30
2021-12-30 10:19:00+00:00,172.54,172.54,172.36,172.44,352.58,2021,12,30
2021-12-30 10:20:00+00:00,172.46,172.7,172.46,172.54,273.07,2021,12,30
2021-12-30 10:21:00+00:00,172.58,172.68,172.47,172.47,296.8,2021,12,30
2021-12-30 10:22:00+00:00,172.47,172.61,172.45,172.59,243.2,2021,12,30
2021-12-30 10:23:00+00:00,172.59,172.7,172.53,172.61,550.52,2021,12,30
2021-12-30 10:24:00+00:00,172.61,172.67,172.26,172.37,736.42,2021,12,30
2021-12-30 10:25:00+00:00,172.35,172.48,172.33,172.36,655.88,2021,12,30
2021-12-30 10:26:00+00:00,172.35,172.48,172.28,172.46,458.72,2021,12,30
2021-12-30 10:27:00+00:00,172.47,172.51,172.32,172.42,242.49,2021,12,30
2021-12-30 10:28:00+00:00,172.42,172.55,172.41,172.44,188.47,2021,12,30
2021-12-30 10:29:00+00:00,172.44,172.61,172.42,172.56,365.79,2021,12,30
2021-12-30 10:30:00+00:00,172.56,172.61,172.54,172.55,347.73,2021,12,30
2021-12-30 10:31:00+00:00,172.56,172.59,172.42,172.42,328.62,2021,12,30
2021-12-30 10:32:00+00:00,172.42,172.46,172.38,172.42,163.16,2021,12,30
2021-12-30 10:33:00+00:00,172.43,172.55,172.39,172.51,416.04,2021,12,30
2021-12-30 10:34:00+00:00,172.5,172.51,172.2,172.2,575.85,2021,12,30
2021-12-30 10:35:00+00:00,172.2,172.29,171.96,172.08,468.02,2021,12,30
2021-12-30 10:36:00+00:00,172.08,172.11,171.94,171.99,561.25,2021,12,30
2021-12-30 10:37:00+00:00,172.02,172.07,171.98,172.07,351.2,2021,12,30
2021-12-30 10:38:00+00:00,172.06,172.27,172.03,172.19,469.68,2021,12,30
2021-12-30 10:39:00+00:00,172.2,172.29,172.07,172.26,430.78,2021,12,30
2021-12-30 10:40:00+00:00,172.27,172.39,172.18,172.35,650.76,2021,12,30
2021-12-30 10:41:00+00:00,172.36,172.4,172.22,172.22,326.42,2021,12,30
2021-12-30 10:42:00+00:00,172.22,172.31,172.17,172.26,259.56,2021,12,30
2021-12-30 10:43:00+00:00,172.27,172.42,172.11,172.11,740.09,2021,12,30
2021-12-30 10:44:00+00:00,172.11,172.35,172.11,172.3,435.9,2021,12,30
2021-12-30 10:45:00+00:00,172.31,172.32,172.01,172.01,873.26,2021,12,30
2021-12-30 10:46:00+00:00,172.02,172.26,172.01,172.25,629.59,2021,12,30
2021-12-30 10:47:00+00:00,172.22,172.29,172.18,172.24,307.09,2021,12,30
2021-12-30 10:48:00+00:00,172.24,172.32,172.2,172.31,400.74,2021,12,30
2021-12-30 10:49:00+00:00,172.32,172.54,172.29,172.54,266.79,2021,12,30
2021-12-30 10:50:00+00:00,172.53,172.57,172.43,172.5,1026.46,2021,12,30
2021-12-30 10:51:00+00:00,172.5,172.59,172.45,172.56,844.78,2021,12,30
2021-12-30 10:52:00+00:00,172.57,172.76,172.57,172.66,845.59,2021,12,30
2021-12-30 10:53:00+00:00,172.66,172.77,172.66,172.74,216.44,2021,12,30
2021-12-30 10:54:00+00:00,172.72,172.88,172.66,172.79,765.36,2021,12,30
2021-12-30 10:55:00+00:00,172.77,172.93,172.69,172.92,306.37,2021,12,30
2021-12-30 10:56:00+00:00,172.94,173.11,172.91,172.91,758.48,2021,12,30
2021-12-30 10:57:00+00:00,172.9,172.94,172.87,172.93,180.46,2021,12,30
2021-12-30 10:58:00+00:00,172.92,173.3,172.84,173.16,2287.36,2021,12,30
2021-12-30 10:59:00+00:00,173.16,173.2,173.01,173.03,408.32,2021,12,30
2021-12-30 11:00:00+00:00,173.03,173.26,173.0,173.16,426.16,2021,12,30
2021-12-30 11:01:00+00:00,173.17,173.17,173.02,173.1,323.77,2021,12,30
2021-12-30 11:02:00+00:00,173.1,173.56,173.1,173.5,1268.95,2021,12,30
2021-12-30 11:03:00+00:00,173.48,173.59,173.3,173.55,871.82,2021,12,30
2021-12-30 11:04:00+00:00,173.53,173.7,173.4,173.43,1935.78,2021,12,30
2021-12-30 11:05:00+00:00,173.46,173.81,173.46,173.52,1066.61,2021,12,30
2021-12-30 11:06:00+00:00,173.52,173.73,173.51,173.56,539.47,2021,12,30
2021-12-30 11:07:00+00:00,173.57,173.7,173.34,173.41,835.08,2021,12,30
2021-12-30 11:08:00+00:00,173.42,173.44,173.02,173.11,682.28,2021,12,30
2021-12-30 11:09:00+00:00,173.1,173.12,172.95,173.09,755.72,2021,12,30
2021-12-30 11:10:00+00:00,173.09,173.09,172.92,173.05,300.2,2021,12,30
2021-12-30 11:11:00+00:00,173.03,173.04,172.71,172.71,1032.64,2021,12,30
2021-12-30 11:12:00+00:00,172.71,172.75,172.53,172.57,950.22,2021,12,30
2021-12-30 11:13:00+00:00,172.56,172.76,172.56,172.66,394.3,2021,12,30
2021-12-30 11:14:00+00:00,172.66,172.79,172.59,172.6,491.85,2021,12,30
2021-12-30 11:15:00+00:00,172.58,172.58,172.25,172.53,814.78,2021,12,30
2021-12-30 11:16:00+00:00,172.54,172.71,172.5,172.68,458.59,2021,12,30
2021-12-30 11:17:00+00:00,172.68,172.71,172.51,172.69,289.28,2021,12,30
2021-12-30 11:18:00+00:00,172.68,172.88,172.68,172.79,523.98,2021,12,30
2021-12-30 11:19:00+00:00,172.8,172.87,172.64,172.76,174.5,2021,12,30
2021-12-30 11:20:00+00:00,172.74,172.76,172.63,172.65,244.95,2021,12,30
2021-12-30 11:21:00+00:00,172.64,172.85,172.62,172.82,196.59,2021,12,30
2021-12-30 11:22:00+00:00,172.82,173.01,172.69,172.94,440.13,2021,12,30
2021-12-30 11:23:00+00:00,172.93,172.99,172.86,172.9,605.07,2021,12,30
2021-12-30 11:24:00+00:00,172.9,173.15,172.9,172.97,731.62,2021,12,30
2021-12-30 11:25:00+00:00,172.98,173.35,172.98,173.26,1654.3,2021,12,30
2021-12-30 11:26:00+00:00,173.26,173.34,173.02,173.2,561.87,2021,12,30
2021-12-30 11:27:00+00:00,173.19,173.36,173.18,173.34,255.74,2021,12,30
2021-12-30 11:28:00+00:00,173.32,173.41,173.22,173.4,380.21,2021,12,30
2021-12-30 11:29:00+00:00,173.4,173.4,173.28,173.36,396.05,2021,12,30
2021-12-30 11:30:00+00:00,173.38,173.38,173.2,173.34,483.71,2021,12,30
2021-12-30 11:31:00+00:00,173.33,173.44,173.33,173.39,609.74,2021,12,30
2021-12-30 11:32:00+00:00,173.4,173.65,173.33,173.61,381.06,2021,12,30
2021-12-30 11:33:00+00:00,173.6,173.92,173.49,173.92,1317.78,2021,12,30
2021-12-30 11:34:00+00:00,173.92,173.94,173.61,173.65,419.75,2021,12,30
2021-12-30 11:35:00+00:00,173.64,173.73,173.62,173.73,388.28,2021,12,30
2021-12-30 11:36:00+00:00,173.72,174.22,173.7,174.12,1050.02,2021,12,30
2021-12-30 11:37:00+00:00,174.12,174.24,173.99,174.09,1208.59,2021,12,30
2021-12-30 11:38:00+00:00,174.09,174.12,173.83,173.98,696.33,2021,12,30
2021-12-30 11:39:00+00:00,173.97,173.97,173.78,173.92,605.89,2021,12,30
2021-12-30 11:40:00+00:00,173.93,174.1,173.84,174.01,777.58,2021,12,30
2021-12-30 11:41:00+00:00,174.05,174.13,173.96,174.13,695.71,2021,12,30
2021-12-30 11:42:00+00:00,174.17,174.94,174.17,174.84,3424.51,2021,12,30
2021-12-30 11:43:00+00:00,174.83,174.95,174.63,174.69,1925.24,2021,12,30
2021-12-30 11:44:00+00:00,174.69,175.09,174.66,174.95,2316.77,2021,12,30
2021-12-30 11:45:00+00:00,174.91,175.06,174.66,174.89,1587.31,2021,12,30
2021-12-30 11:46:00+00:00,174.9,174.97,174.72,174.78,738.45,2021,12,30
2021-12-30 11:47:00+00:00,174.75,175.02,174.62,174.94,788.43,2021,12,30
2021-12-30 11:48:00+00:00,174.94,175.2,174.72,175.08,2288.53,2021,12,30
2021-12-30 11:49:00+00:00,175.06,175.17,174.44,175.12,3081.64,2021,12,30
2021-12-30 11:50:00+00:00,175.12,175.24,174.82,174.86,2177.91,2021,12,30
2021-12-30 11:51:00+00:00,174.86,174.88,174.44,174.72,895.75,2021,12,30
2021-12-30 11:52:00+00:00,174.71,174.79,174.48,174.6,963.13,2021,12,30
2021-12-30 11:53:00+00:00,174.59,174.69,174.44,174.56,490.42,2021,12,30
2021-12-30 11:54:00+00:00,174.56,175.22,174.55,174.71,2388.91,2021,12,30
2021-12-30 11:55:00+00:00,174.71,174.84,174.62,174.69,587.23,2021,12,30
2021-12-30 11:56:00+00:00,174.69,174.74,174.59,174.61,380.83,2021,12,30
2021-12-30 11:57:00+00:00,174.66,174.82,174.47,174.58,619.94,2021,12,30
2021-12-30 11:58:00+00:00,174.6,174.85,174.55,174.81,794.8,2021,12,30
2021-12-30 11:59:00+00:00,174.79,174.83,174.63,174.7,568.76,2021,12,30
2021-12-30 12:00:00+00:00,174.7,174.87,174.39,174.4,485.69,2021,12,30
2021-12-30 12:01:00+00:00,174.43,174.49,174.2,174.35,684.0,2021,12,30
2021-12-30 12:02:00+00:00,174.44,174.64,174.31,174.57,709.68,2021,12,30
2021-12-30 12:03:00+00:00,174.57,174.57,174.44,174.49,462.33,2021,12,30
2021-12-30 12:04:00+00:00,174.5,174.65,174.48,174.63,571.84,2021,12,30
2021-12-30 12:05:00+00:00,174.58,174.62,174.31,174.58,869.1,2021,12,30
2021-12-30 12:06:00+00:00,174.58,174.62,174.37,174.5,383.87,2021,12,30
2021-12-30 12:07:00+00:00,174.5,174.51,174.3,174.4,428.29,2021,12,30
2021-12-30 12:08:00+00:00,174.38,174.45,174.2,174.34,434.74,2021,12,30
2021-12-30 12:09:00+00:00,174.3,174.74,174.3,174.54,2775.51,2021,12,30
2021-12-30 12:10:00+00:00,174.54,174.8,174.52,174.72,554.72,2021,12,30
2021-12-30 12:11:00+00:00,174.72,174.72,174.42,174.46,338.1,2021,12,30
2021-12-30 12:12:00+00:00,174.47,174.62,174.47,174.58,364.93,2021,12,30
2021-12-30 12:13:00+00:00,174.57,174.74,174.53,174.71,210.09,2021,12,30
2021-12-30 12:14:00+00:00,174.72,174.84,174.54,174.55,585.29,2021,12,30
2021-12-30 12:15:00+00:00,174.55,174.86,174.54,174.79,630.73,2021,12,30
2021-12-30 12:16:00+00:00,174.78,174.83,174.69,174.75,434.85,2021,12,30
2021-12-30 12:17:00+00:00,174.73,174.88,174.73,174.88,651.26,2021,12,30
2021-12-30 12:18:00+00:00,174.87,175.51,174.82,175.51,2306.37,2021,12,30
2021-12-30 12:19:00+00:00,175.44,175.54,175.01,175.19,1437.83,2021,12,30
2021-12-30 12:20:00+00:00,175.1,175.2,174.74,174.82,1019.24,2021,12,30
2021-12-30 12:21:00+00:00,174.79,175.12,174.73,175.12,865.9,2021,12,30
2021-12-30 12:22:00+00:00,175.14,175.15,174.78,174.9,977.89,2021,12,30
2021-12-30 12:23:00+00:00,174.92,175.38,174.92,175.34,769.67,2021,12,30
2021-12-30 12:24:00+00:00,175.37,175.41,175.13,175.22,841.0,2021,12,30
2021-12-30 12:25:00+00:00,175.23,175.53,175.22,175.35,647.9,2021,12,30
2021-12-30 12:26:00+00:00,175.36,175.53,175.15,175.53,942.74,2021,12,30
2021-12-30 12:27:00+00:00,175.53,175.66,175.3,175.53,1272.65,2021,12,30
2021-12-30 12:28:00+00:00,175.44,175.49,175.21,175.31,1084.35,2021,12,30
2021-12-30 12:29:00+00:00,175.32,175.74,175.28,175.65,2116.79,2021,12,30
2021-12-30 12:30:00+00:00,175.67,175.67,175.23,175.48,637.35,2021,12,30
2021-12-30 12:31:00+00:00,175.48,175.54,175.25,175.25,680.45,2021,12,30
2021-12-30 12:32:00+00:00,175.29,175.4,175.21,175.39,426.62,2021,12,30
2021-12-30 12:33:00+00:00,175.4,175.41,175.31,175.4,200.83,2021,12,30
2021-12-30 12:34:00+00:00,175.4,175.56,175.34,175.56,680.41,2021,12,30
2021-12-30 12:35:00+00:00,175.51,175.69,175.2,175.31,1127.2,2021,12,30
2021-12-30 12:36:00+00:00,175.35,175.4,174.88,175.13,1135.12,2021,12,30
2021-12-30 12:37:00+00:00,175.13,175.21,174.98,175.17,564.57,2021,12,30
2021-12-30 12:38:00+00:00,175.18,175.29,175.0,175.19,771.84,2021,12,30
2021-12-30 12:39:00+00:00,175.2,175.36,175.18,175.32,475.94,2021,12,30
2021-12-30 12:40:00+00:00,175.3,175.44,175.23,175.26,953.19,2021,12,30
2021-12-30 12:41:00+00:00,175.28,175.59,175.28,175.42,852.96,2021,12,30
2021-12-30 12:42:00+00:00,175.45,175.65,175.36,175.55,488.58,2021,12,30
2021-12-30 12:43:00+00:00,175.56,175.65,175.38,175.4,474.0,2021,12,30
2021-12-30 12:44:00+00:00,175.4,175.52,175.31,175.52,380.27,2021,12,30
2021-12-30 12:45:00+00:00,175.52,175.52,175.14,175.21,493.33,2021,12,30
2021-12-30 12:46:00+00:00,175.2,175.33,175.13,175.17,674.0,2021,12,30
2021-12-30 12:47:00+00:00,175.18,175.18,175.03,175.07,685.7,2021,12,30
2021-12-30 12:48:00+00:00,175.07,175.27,175.06,175.12,588.44,2021,12,30
2021-12-30 12:49:00+00:00,175.12,175.39,175.1,175.39,521.34,2021,12,30
2021-12-30 12:50:00+00:00,175.37,175.6,175.3,175.59,634.72,2021,12,30
2021-12-30 12:51:00+00:00,175.56,175.72,175.45,175.56,603.13,2021,12,30
2021-12-30 12:52:00+00:00,175.56,175.62,175.49,175.54,266.5,2021,12,30
2021-12-30 12:53:00+00:00,175.54,175.55,175.41,175.53,662.56,2021,12,30
2021-12-30 12:54:00+00:00,175.53,175.57,175.45,175.56,427.72,2021,12,30
2021-12-30 12:55:00+00:00,175.56,175.56,175.19,175.33,751.98,2021,12,30
2021-12-30 12:56:00+00:00,175.32,175.34,175.09,175.19,710.73,2021,12,30
2021-12-30 12:57:00+00:00,175.24,175.27,175.18,175.22,180.11,2021,12,30
2021-12-30 12:58:00+00:00,175.22,175.28,175.0,175.11,1313.65,2021,12,30
2021-12-30 12:59:00+00:00,175.12,175.13,175.0,175.01,357.48,2021,12,30
2021-12-30 13:00:00+00:00,175.0,175.23,175.0,175.09,1039.04,2021,12,30
2021-12-30 13:01:00+00:00,175.1,175.23,175.07,175.22,486.07,2021,12,30
2021-12-30 13:02:00+00:00,175.22,175.25,175.17,175.24,383.75,2021,12,30
2021-12-30 13:03:00+00:00,175.25,175.25,174.87,174.94,678.7,2021,12,30
2021-12-30 13:04:00+00:00,174.94,175.14,174.93,175.12,295.78,2021,12,30
2021-12-30 13:05:00+00:00,175.09,175.26,175.07,175.22,745.51,2021,12,30
2021-12-30 13:06:00+00:00,175.22,175.32,175.17,175.17,273.06,2021,12,30
2021-12-30 13:07:00+00:00,175.16,175.22,175.12,175.18,260.01,2021,12,30
2021-12-30 13:08:00+00:00,175.18,175.24,175.03,175.05,620.62,2021,12,30
2021-12-30 13:09:00+00:00,175.07,175.19,175.06,175.18,125.67,2021,12,30
2021-12-30 13:10:00+00:00,175.18,175.29,175.08,175.26,408.74,2021,12,30
2021-12-30 13:11:00+00:00,175.25,175.35,175.25,175.31,245.62,2021,12,30
2021-12-30 13:12:00+00:00,175.31,175.5,175.19,175.23,652.14,2021,12,30
2021-12-30 13:13:00+00:00,175.25,175.43,175.07,175.1,1118.99,2021,12,30
2021-12-30 13:14:00+00:00,175.11,175.13,174.88,174.91,1550.22,2021,12,30
2021-12-30 13:15:00+00:00,174.88,174.88,174.74,174.8,356.51,2021,12,30
2021-12-30 13:16:00+00:00,174.8,174.83,174.62,174.67,390.77,2021,12,30
2021-12-30 13:17:00+00:00,174.68,175.03,174.68,174.99,454.78,2021,12,30
2021-12-30 13:18:00+00:00,175.0,175.06,174.79,174.83,369.72,2021,12,30
2021-12-30 13:19:00+00:00,174.81,174.88,174.73,174.8,243.37,2021,12,30
2021-12-30 13:20:00+00:00,174.79,174.81,174.62,174.7,316.78,2021,12,30
2021-12-30 13:21:00+00:00,174.68,174.92,174.65,174.86,338.87,2021,12,30
2021-12-30 13:22:00+00:00,174.88,174.91,174.66,174.77,938.29,2021,12,30
2021-12-30 13:23:00+00:00,174.73,174.77,174.61,174.69,241.19,2021,12,30
2021-12-30 13:24:00+00:00,174.71,174.85,174.64,174.7,925.67,2021,12,30
2021-12-30 13:25:00+00:00,174.7,174.84,174.68,174.71,252.48,2021,12,30
2021-12-30 13:26:00+00:00,174.72,174.89,174.71,174.82,328.59,2021,12,30
2021-12-30 13:27:00+00:00,174.82,174.96,174.8,174.88,427.4,2021,12,30
2021-12-30 13:28:00+00:00,174.9,175.04,174.89,174.93,746.17,2021,12,30
2021-12-30 13:29:00+00:00,174.92,175.0,174.78,174.8,648.25,2021,12,30
2021-12-30 13:30:00+00:00,174.8,174.91,174.77,174.86,409.51,2021,12,30
2021-12-30 13:31:00+00:00,174.87,174.87,174.71,174.84,327.32,2021,12,30
2021-12-30 13:32:00+00:00,174.84,174.94,174.82,174.86,211.57,2021,12,30
2021-12-30 13:33:00+00:00,174.86,174.94,174.82,174.86,492.1,2021,12,30
2021-12-30 13:34:00+00:00,174.86,175.38,174.77,175.24,2919.77,2021,12,30
2021-12-30 13:35:00+00:00,175.24,175.43,175.24,175.33,1042.7,2021,12,30
2021-12-30 13:36:00+00:00,175.32,175.41,175.07,175.18,1857.06,2021,12,30
2021-12-30 13:37:00+00:00,175.19,175.35,175.06,175.12,1030.7,2021,12,30
2021-12-30 13:38:00+00:00,175.11,175.23,175.05,175.08,755.84,2021,12,30
2021-12-30 13:39:00+00:00,175.08,175.24,175.0,175.21,1647.22,2021,12,30
2021-12-30 13:40:00+00:00,175.2,175.23,175.03,175.09,371.85,2021,12,30
2021-12-30 13:41:00+00:00,175.07,175.28,175.07,175.26,311.01,2021,12,30
2021-12-30 13:42:00+00:00,175.26,175.43,175.26,175.37,684.75,2021,12,30
2021-12-30 13:43:00+00:00,175.37,175.45,175.34,175.36,475.02,2021,12,30
2021-12-30 13:44:00+00:00,175.42,175.42,174.61,174.61,2270.17,2021,12,30
2021-12-30 13:45:00+00:00,174.64,174.72,174.4,174.52,1359.6,2021,12,30
2021-12-30 13:46:00+00:00,174.52,174.64,174.29,174.46,630.68,2021,12,30
2021-12-30 13:47:00+00:00,174.47,174.62,174.4,174.53,781.92,2021,12,30
2021-12-30 13:48:00+00:00,174.54,174.56,174.36,174.36,478.65,2021,12,30
2021-12-30 13:49:00+00:00,174.35,174.75,174.33,174.62,557.8,2021,12,30
2021-12-30 13:50:00+00:00,174.63,174.71,174.55,174.6,406.65,2021,12,30
2021-12-30 13:51:00+00:00,174.56,174.56,174.34,174.39,476.65,2021,12,30
2021-12-30 13:52:00+00:00,174.39,174.43,174.27,174.34,304.43,2021,12,30
2021-12-30 13:53:00+00:00,174.35,174.69,174.34,174.44,687.45,2021,12,30
2021-12-30 13:54:00+00:00,174.46,174.61,174.41,174.59,508.52,2021,12,30
2021-12-30 13:55:00+00:00,174.58,174.62,174.45,174.48,892.02,2021,12,30
2021-12-30 13:56:00+00:00,174.46,174.54,174.41,174.48,233.23,2021,12,30
2021-12-30 13:57:00+00:00,174.49,174.59,174.46,174.48,567.87,2021,12,30
2021-12-30 13:58:00+00:00,174.51,174.52,174.43,174.48,226.48,2021,12,30
2021-12-30 13:59:00+00:00,174.49,174.5,174.36,174.36,321.94,2021,12,30
2021-12-30 14:00:00+00:00,174.39,174.41,173.72,173.96,4392.54,2021,12,30
2021-12-30 14:01:00+00:00,173.94,174.09,173.81,173.99,1146.83,2021,12,30
2021-12-30 14:02:00+00:00,173.99,174.18,173.85,174.16,1218.4,2021,12,30
2021-12-30 14:03:00+00:00,174.11,174.27,173.89,174.17,954.77,2021,12,30
2021-12-30 14:04:00+00:00,174.2,174.26,174.06,174.12,382.65,2021,12,30
2021-12-30 14:05:00+00:00,174.13,174.33,174.13,174.14,516.71,2021,12,30
2021-12-30 14:06:00+00:00,174.13,174.26,174.03,174.06,513.54,2021,12,30
2021-12-30 14:07:00+00:00,174.05,174.24,174.0,174.19,606.57,2021,12,30
2021-12-30 14:08:00+00:00,174.19,174.29,174.19,174.23,273.04,2021,12,30
2021-12-30 14:09:00+00:00,174.24,174.28,174.12,174.22,652.08,2021,12,30
2021-12-30 14:10:00+00:00,174.24,174.33,174.23,174.32,195.27,2021,12,30
2021-12-30 14:11:00+00:00,174.32,174.32,173.91,173.96,460.43,2021,12,30
2021-12-30 14:12:00+00:00,173.98,174.06,173.89,174.02,329.68,2021,12,30
2021-12-30 14:13:00+00:00,174.06,174.2,174.02,174.03,669.47,2021,12,30
2021-12-30 14:14:00+00:00,174.06,174.17,173.93,174.01,236.38,2021,12,30
2021-12-30 14:15:00+00:00,174.03,174.04,173.71,173.97,766.25,2021,12,30
2021-12-30 14:16:00+00:00,173.98,173.98,173.81,173.81,133.49,2021,12,30
2021-12-30 14:17:00+00:00,173.78,173.9,173.6,173.65,764.98,2021,12,30
2021-12-30 14:18:00+00:00,173.64,173.76,173.49,173.49,463.01,2021,12,30
2021-12-30 14:19:00+00:00,173.48,173.55,173.37,173.45,543.6,2021,12,30
2021-12-30 14:20:00+00:00,173.41,173.57,173.37,173.55,785.67,2021,12,30
2021-12-30 14:21:00+00:00,173.57,173.74,173.52,173.68,419.98,2021,12,30
2021-12-30 14:22:00+00:00,173.62,173.79,173.57,173.68,1160.2,2021,12,30
2021-12-30 14:23:00+00:00,173.68,173.75,173.6,173.75,474.96,2021,12,30
2021-12-30 14:24:00+00:00,173.76,173.76,173.57,173.64,503.45,2021,12,30
2021-12-30 14:25:00+00:00,173.64,173.72,173.5,173.59,318.22,2021,12,30
2021-12-30 14:26:00+00:00,173.6,173.6,173.18,173.31,593.71,2021,12,30
2021-12-30 14:27:00+00:00,173.31,173.48,173.2,173.45,384.75,2021,12,30
2021-12-30 14:28:00+00:00,173.49,173.49,173.32,173.48,553.78,2021,12,30
2021-12-30 14:29:00+00:00,173.49,173.6,173.36,173.46,1735.42,2021,12,30
2021-12-30 14:30:00+00:00,173.43,173.52,173.3,173.44,592.29,2021,12,30
2021-12-30 14:31:00+00:00,173.46,173.72,173.46,173.65,859.47,2021,12,30
2021-12-30 14:32:00+00:00,173.64,173.94,173.64,173.94,1210.09,2021,12,30
2021-12-30 14:33:00+00:00,173.97,174.22,173.85,174.17,843.93,2021,12,30
2021-12-30 14:34:00+00:00,174.16,174.33,174.15,174.3,275.16,2021,12,30
2021-12-30 14:35:00+00:00,174.29,174.31,173.91,173.98,718.95,2021,12,30
2021-12-30 14:36:00+00:00,174.01,174.29,173.98,174.26,217.83,2021,12,30
2021-12-30 14:37:00+00:00,174.25,174.3,174.08,174.22,627.19,2021,12,30
2021-12-30 14:38:00+00:00,174.24,174.55,174.23,174.42,2318.39,2021,12,30
2021-12-30 14:39:00+00:00,174.36,174.4,174.19,174.26,394.69,2021,12,30
2021-12-30 14:40:00+00:00,174.26,174.26,173.84,174.03,397.16,2021,12,30
2021-12-30 14:41:00+00:00,174.05,174.19,173.96,174.07,379.41,2021,12,30
2021-12-30 14:42:00+00:00,174.07,174.09,173.34,173.5,2061.98,2021,12,30
2021-12-30 14:43:00+00:00,173.47,173.75,173.47,173.63,833.43,2021,12,30
2021-12-30 14:44:00+00:00,173.71,173.77,173.47,173.58,445.76,2021,12,30
2021-12-30 14:45:00+00:00,173.55,174.0,173.54,173.65,476.81,2021,12,30
2021-12-30 14:46:00+00:00,173.68,173.82,173.4,173.63,1829.6,2021,12,30
2021-12-30 14:47:00+00:00,173.63,174.01,173.61,173.78,1011.44,2021,12,30
2021-12-30 14:48:00+00:00,173.75,173.89,173.72,173.86,129.47,2021,12,30
2021-12-30 14:49:00+00:00,173.86,173.86,173.53,173.59,195.9,2021,12,30
2021-12-30 14:50:00+00:00,173.58,173.64,173.4,173.44,145.56,2021,12,30
2021-12-30 14:51:00+00:00,173.44,173.63,173.4,173.55,1126.35,2021,12,30
2021-12-30 14:52:00+00:00,173.53,173.65,173.52,173.53,187.17,2021,12,30
2021-12-30 14:53:00+00:00,173.57,173.79,173.54,173.65,408.31,2021,12,30
2021-12-30 14:54:00+00:00,173.65,173.85,173.65,173.78,322.45,2021,12,30
2021-12-30 14:55:00+00:00,173.82,173.87,173.62,173.79,1291.53,2021,12,30
2021-12-30 14:56:00+00:00,173.81,173.97,173.8,173.96,253.03,2021,12,30
2021-12-30 14:57:00+00:00,173.95,174.56,173.84,174.41,3662.54,2021,12,30
2021-12-30 14:58:00+00:00,174.41,174.56,174.36,174.4,759.87,2021,12,30
2021-12-30 14:59:00+00:00,174.41,174.42,174.29,174.33,141.68,2021,12,30
2021-12-30 15:00:00+00:00,174.31,174.42,174.23,174.42,472.68,2021,12,30
2021-12-30 15:01:00+00:00,174.42,174.42,174.08,174.22,865.63,2021,12,30
2021-12-30 15:02:00+00:00,174.22,174.26,174.1,174.12,122.79,2021,12,30
2021-12-30 15:03:00+00:00,174.15,174.3,174.1,174.19,303.41,2021,12,30
2021-12-30 15:04:00+00:00,174.2,174.27,173.86,173.99,450.12,2021,12,30
2021-12-30 15:05:00+00:00,173.94,174.21,173.87,174.05,299.34,2021,12,30
2021-12-30 15:06:00+00:00,174.08,174.38,173.95,174.28,1069.93,2021,12,30
2021-12-30 15:07:00+00:00,174.36,174.67,174.36,174.59,617.77,2021,12,30
2021-12-30 15:08:00+00:00,174.56,175.0,174.56,174.91,3984.9,2021,12,30
2021-12-30 15:09:00+00:00,174.93,175.0,174.74,174.89,534.15,2021,12,30
2021-12-30 15:10:00+00:00,174.92,174.93,174.68,174.68,612.65,2021,12,30
2021-12-30 15:11:00+00:00,174.66,174.84,174.6,174.71,318.77,2021,12,30
2021-12-30 15:12:00+00:00,174.69,174.82,174.68,174.73,474.47,2021,12,30
2021-12-30 15:13:00+00:00,174.76,174.78,174.61,174.62,237.13,2021,12,30
2021-12-30 15:14:00+00:00,174.62,174.76,174.62,174.76,644.27,2021,12,30
2021-12-30 15:15:00+00:00,174.72,174.85,174.6,174.72,235.48,2021,12,30
2021-12-30 15:16:00+00:00,174.7,175.12,174.69,175.04,519.45,2021,12,30
2021-12-30 15:17:00+00:00,175.05,175.07,175.0,175.04,120.47,2021,12,30
2021-12-30 15:18:00+00:00,175.02,175.17,174.85,175.06,573.56,2021,12,30
2021-12-30 15:19:00+00:00,175.1,175.27,175.07,175.27,1181.08,2021,12,30
2021-12-30 15:20:00+00:00,175.27,175.27,175.19,175.21,267.23,2021,12,30
2021-12-30 15:21:00+00:00,175.2,175.2,175.0,175.17,190.66,2021,12,30
2021-12-30 15:22:00+00:00,175.14,175.19,175.01,175.06,679.23,2021,12,30
2021-12-30 15:23:00+00:00,175.06,175.14,174.95,174.95,384.9,2021,12,30
2021-12-30 15:24:00+00:00,174.96,174.99,174.55,174.72,534.12,2021,12,30
2021-12-30 15:25:00+00:00,174.75,174.78,174.6,174.68,92.28,2021,12,30
2021-12-30 15:26:00+00:00,174.67,174.89,174.52,174.73,1995.66,2021,12,30
2021-12-30 15:27:00+00:00,174.76,174.79,174.43,174.55,564.78,2021,12,30
2021-12-30 15:28:00+00:00,174.57,174.64,174.45,174.46,187.53,2021,12,30
2021-12-30 15:29:00+00:00,174.45,174.87,174.39,174.86,2018.14,2021,12,30
2021-12-30 15:30:00+00:00,174.82,174.85,174.35,174.37,885.28,2021,12,30
2021-12-30 15:31:00+00:00,174.37,174.52,174.36,174.37,320.18,2021,12,30
2021-12-30 15:32:00+00:00,174.38,174.41,174.25,174.35,351.42,2021,12,30
2021-12-30 15:33:00+00:00,174.38,174.39,174.27,174.35,138.09,2021,12,30
2021-12-30 15:34:00+00:00,174.33,174.45,174.13,174.32,640.3,2021,12,30
2021-12-30 15:35:00+00:00,174.33,174.33,174.0,174.08,3623.28,2021,12,30
2021-12-30 15:36:00+00:00,174.09,174.09,173.96,174.09,886.95,2021,12,30
2021-12-30 15:37:00+00:00,174.09,174.12,174.0,174.04,196.34,2021,12,30
2021-12-30 15:38:00+00:00,174.06,174.09,173.96,174.04,390.88,2021,12,30
2021-12-30 15:39:00+00:00,174.03,174.2,174.02,174.12,457.1,2021,12,30
2021-12-30 15:40:00+00:00,174.12,174.39,173.98,174.34,698.51,2021,12,30
2021-12-30 15:41:00+00:00,174.33,174.39,174.14,174.28,358.84,2021,12,30
2021-12-30 15:42:00+00:00,174.3,174.41,174.2,174.23,213.55,2021,12,30
2021-12-30 15:43:00+00:00,174.21,174.22,174.06,174.21,299.54,2021,12,30
2021-12-30 15:44:00+00:00,174.22,174.26,174.08,174.14,192.85,2021,12,30
2021-12-30 15:45:00+00:00,174.15,174.29,174.09,174.27,543.12,2021,12,30
2021-12-30 15:46:00+00:00,174.27,174.27,173.99,174.01,458.25,2021,12,30
2021-12-30 15:47:00+00:00,174.0,174.28,173.95,174.15,551.62,2021,12,30
2021-12-30 15:48:00+00:00,174.23,174.23,174.02,174.14,791.98,2021,12,30
2021-12-30 15:49:00+00:00,174.16,174.77,174.11,174.76,3537.54,2021,12,30
2021-12-30 15:50:00+00:00,174.76,175.13,174.76,174.94,3633.97,2021,12,30
2021-12-30 15:51:00+00:00,174.92,174.92,174.76,174.84,237.52,2021,12,30
2021-12-30 15:52:00+00:00,174.82,174.93,174.62,174.93,586.86,2021,12,30
2021-12-30 15:53:00+00:00,174.93,174.93,174.52,174.57,836.98,2021,12,30
2021-12-30 15:54:00+00:00,174.55,174.62,174.45,174.53,461.58,2021,12,30
2021-12-30 15:55:00+00:00,174.53,174.53,174.05,174.2,865.06,2021,12,30
2021-12-30 15:56:00+00:00,174.2,174.24,174.0,174.11,444.43,2021,12,30
2021-12-30 15:57:00+00:00,174.1,174.22,174.0,174.08,733.96,2021,12,30
2021-12-30 15:58:00+00:00,174.07,174.08,173.94,173.98,161.91,2021,12,30
2021-12-30 15:59:00+00:00,173.94,173.94,173.67,173.86,1355.23,2021,12,30
2021-12-30 16:00:00+00:00,173.86,174.22,173.86,173.95,857.63,2021,12,30
2021-12-30 16:01:00+00:00,173.97,174.02,173.71,173.89,570.92,2021,12,30
2021-12-30 16:02:00+00:00,173.9,174.02,173.56,173.57,457.13,2021,12,30
2021-12-30 16:03:00+00:00,173.61,173.88,173.54,173.86,148.59,2021,12,30
2021-12-30 16:04:00+00:00,173.89,173.89,173.65,173.84,329.27,2021,12,30
2021-12-30 16:05:00+00:00,173.84,173.97,173.84,173.91,357.61,2021,12,30
2021-12-30 16:06:00+00:00,173.89,173.96,173.75,173.75,240.21,2021,12,30
2021-12-30 16:07:00+00:00,173.74,173.98,173.57,173.85,512.79,2021,12,30
2021-12-30 16:08:00+00:00,173.91,174.07,173.81,173.84,426.42,2021,12,30
2021-12-30 16:09:00+00:00,173.81,173.94,173.75,173.9,238.09,2021,12,30
2021-12-30 16:10:00+00:00,173.88,173.96,173.83,173.9,186.63,2021,12,30
2021-12-30 16:11:00+00:00,173.87,173.96,173.68,173.73,288.84,2021,12,30
2021-12-30 16:12:00+00:00,173.73,173.93,173.71,173.87,215.8,2021,12,30
2021-12-30 16:13:00+00:00,173.9,174.06,173.86,174.0,435.25,2021,12,30
2021-12-30 16:14:00+00:00,174.01,174.16,173.99,174.13,1386.84,2021,12,30
2021-12-30 16:15:00+00:00,174.1,174.12,173.95,174.0,251.62,2021,12,30
2021-12-30 16:16:00+00:00,173.98,174.22,173.95,174.14,257.58,2021,12,30
2021-12-30 16:17:00+00:00,174.14,174.21,174.05,174.17,350.36,2021,12,30
2021-12-30 16:18:00+00:00,174.14,174.21,174.07,174.1,275.42,2021,12,30
2021-12-30 16:19:00+00:00,174.12,174.47,174.08,174.39,460.28,2021,12,30
2021-12-30 16:20:00+00:00,174.39,174.59,174.33,174.49,559.19,2021,12,30
2021-12-30 16:21:00+00:00,174.54,174.54,174.4,174.42,178.52,2021,12,30
2021-12-30 16:22:00+00:00,174.42,174.5,174.34,174.34,340.36,2021,12,30
2021-12-30 16:23:00+00:00,174.32,174.47,174.3,174.4,301.49,2021,12,30
2021-12-30 16:24:00+00:00,174.42,174.42,174.28,174.37,167.18,2021,12,30
2021-12-30 16:25:00+00:00,174.38,174.43,174.15,174.26,493.96,2021,12,30
2021-12-30 16:26:00+00:00,174.21,174.32,174.2,174.24,228.78,2021,12,30
2021-12-30 16:27:00+00:00,174.26,174.4,174.18,174.38,209.86,2021,12,30
2021-12-30 16:28:00+00:00,174.41,174.43,174.34,174.37,108.89,2021,12,30
2021-12-30 16:29:00+00:00,174.36,174.5,174.24,174.45,902.41,2021,12,30
2021-12-30 16:30:00+00:00,174.48,174.86,174.46,174.73,885.36,2021,12,30
2021-12-30 16:31:00+00:00,174.71,174.84,174.62,174.66,162.22,2021,12,30
2021-12-30 16:32:00+00:00,174.63,174.87,174.58,174.6,337.0,2021,12,30
2021-12-30 16:33:00+00:00,174.6,174.81,174.58,174.81,290.4,2021,12,30
2021-12-30 16:34:00+00:00,174.78,174.83,174.66,174.7,141.59,2021,12,30
2021-12-30 16:35:00+00:00,174.72,174.76,174.6,174.65,128.34,2021,12,30
2021-12-30 16:36:00+00:00,174.66,174.8,174.29,174.33,2147.25,2021,12,30
2021-12-30 16:37:00+00:00,174.33,174.75,174.3,174.59,2142.39,2021,12,30
2021-12-30 16:38:00+00:00,174.6,174.67,174.36,174.62,923.77,2021,12,30
2021-12-30 16:39:00+00:00,174.57,174.81,174.51,174.81,280.15,2021,12,30
2021-12-30 16:40:00+00:00,174.79,174.97,174.78,174.87,470.81,2021,12,30
2021-12-30 16:41:00+00:00,174.84,174.9,174.77,174.83,179.94,2021,12,30
2021-12-30 16:42:00+00:00,174.84,174.86,174.64,174.7,375.82,2021,12,30
2021-12-30 16:43:00+00:00,174.68,174.73,174.56,174.61,661.69,2021,12,30
2021-12-30 16:44:00+00:00,174.6,174.7,174.56,174.69,326.94,2021,12,30
2021-12-30 16:45:00+00:00,174.68,174.83,174.59,174.8,697.74,2021,12,30
2021-12-30 16:46:00+00:00,174.8,174.82,174.52,174.71,163.57,2021,12,30
2021-12-30 16:47:00+00:00,174.67,175.34,174.67,174.92,3270.8,2021,12,30
2021-12-30 16:48:00+00:00,174.95,175.11,174.93,175.09,254.53,2021,12,30
2021-12-30 16:49:00+00:00,175.05,175.47,174.89,175.27,1132.48,2021,12,30
2021-12-30 16:50:00+00:00,175.36,175.53,175.29,175.32,576.62,2021,12,30
2021-12-30 16:51:00+00:00,175.28,175.36,175.06,175.12,801.48,2021,12,30
2021-12-30 16:52:00+00:00,175.13,175.33,175.13,175.26,341.45,2021,12,30
2021-12-30 16:53:00+00:00,175.23,175.42,175.02,175.42,644.08,2021,12,30
2021-12-30 16:54:00+00:00,175.38,175.49,175.25,175.42,927.66,2021,12,30
2021-12-30 16:55:00+00:00,175.42,175.52,175.36,175.52,196.12,2021,12,30
2021-12-30 16:56:00+00:00,175.52,175.6,175.44,175.46,413.74,2021,12,30
2021-12-30 16:57:00+00:00,175.46,175.52,175.37,175.41,459.22,2021,12,30
2021-12-30 16:58:00+00:00,175.41,175.55,175.0,175.06,1491.07,2021,12,30
2021-12-30 16:59:00+00:00,175.06,175.32,175.02,175.2,370.35,2021,12,30
2021-12-30 17:00:00+00:00,175.21,175.32,175.01,175.15,1487.11,2021,12,30
2021-12-30 17:01:00+00:00,175.15,175.22,174.81,174.83,687.94,2021,12,30
2021-12-30 17:02:00+00:00,174.85,174.87,174.66,174.79,736.76,2021,12,30
2021-12-30 17:03:00+00:00,174.83,174.88,174.74,174.79,626.54,2021,12,30
2021-12-30 17:04:00+00:00,174.83,174.84,174.69,174.79,627.32,2021,12,30
2021-12-30 17:05:00+00:00,174.79,174.8,174.5,174.52,960.56,2021,12,30
2021-12-30 17:06:00+00:00,174.52,175.04,174.51,174.91,629.12,2021,12,30
2021-12-30 17:07:00+00:00,174.93,175.02,174.83,174.95,479.67,2021,12,30
2021-12-30 17:08:00+00:00,174.95,175.02,174.88,174.96,257.79,2021,12,30
2021-12-30 17:09:00+00:00,174.95,174.99,174.84,174.86,197.57,2021,12,30
2021-12-30 17:10:00+00:00,174.84,174.95,174.8,174.8,154.96,2021,12,30
2021-12-30 17:11:00+00:00,174.81,174.82,174.75,174.78,183.21,2021,12,30
2021-12-30 17:12:00+00:00,174.78,174.83,174.68,174.69,570.55,2021,12,30
2021-12-30 17:13:00+00:00,174.69,174.82,174.61,174.81,304.26,2021,12,30
2021-12-30 17:14:00+00:00,174.77,175.03,174.75,175.03,169.61,2021,12,30
2021-12-30 17:15:00+00:00,175.03,175.03,174.84,174.91,143.8,2021,12,30
2021-12-30 17:16:00+00:00,174.9,174.99,174.81,174.92,221.82,2021,12,30
2021-12-30 17:17:00+00:00,174.91,174.96,174.84,174.94,97.17,2021,12,30
2021-12-30 17:18:00+00:00,174.91,174.91,174.72,174.79,199.16,2021,12,30
2021-12-30 17:19:00+00:00,174.8,174.93,174.78,174.84,145.83,2021,12,30
2021-12-30 17:20:00+00:00,174.86,174.92,174.78,174.92,86.75,2021,12,30
2021-12-30 17:21:00+00:00,174.93,175.19,174.91,175.05,436.79,2021,12,30
2021-12-30 17:22:00+00:00,175.01,175.28,175.01,175.21,495.74,2021,12,30
2021-12-30 17:23:00+00:00,175.21,175.21,175.04,175.08,208.25,2021,12,30
2021-12-30 17:24:00+00:00,175.12,175.28,175.04,175.2,283.82,2021,12,30
2021-12-30 17:25:00+00:00,175.2,175.32,175.06,175.32,521.24,2021,12,30
2021-12-30 17:26:00+00:00,175.33,175.44,175.17,175.39,689.3,2021,12,30
2021-12-30 17:27:00+00:00,175.38,175.63,175.29,175.39,861.06,2021,12,30
2021-12-30 17:28:00+00:00,175.34,175.38,175.23,175.33,426.22,2021,12,30
2021-12-30 17:29:00+00:00,175.31,175.32,175.11,175.21,309.78,2021,12,30
2021-12-30 17:30:00+00:00,175.21,175.29,175.13,175.14,442.98,2021,12,30
2021-12-30 17:31:00+00:00,175.13,175.19,174.93,174.95,763.99,2021,12,30
2021-12-30 17:32:00+00:00,174.96,175.02,174.91,174.96,327.91,2021,12,30
2021-12-30 17:33:00+00:00,174.94,175.0,174.67,174.72,1363.42,2021,12,30
2021-12-30 17:34:00+00:00,174.72,174.76,174.58,174.69,660.83,2021,12,30
2021-12-30 17:35:00+00:00,174.64,174.78,174.58,174.76,468.06,2021,12,30
2021-12-30 17:36:00+00:00,174.74,174.78,174.6,174.6,382.54,2021,12,30
2021-12-30 17:37:00+00:00,174.62,174.65,174.54,174.59,448.46,2021,12,30
2021-12-30 17:38:00+00:00,174.61,174.64,174.45,174.54,844.98,2021,12,30
2021-12-30 17:39:00+00:00,174.55,174.58,174.44,174.44,304.45,2021,12,30
2021-12-30 17:40:00+00:00,174.43,174.43,174.27,174.39,442.9,2021,12,30
2021-12-30 17:41:00+00:00,174.4,174.7,174.37,174.54,673.1,2021,12,30
2021-12-30 17:42:00+00:00,174.56,174.67,174.51,174.63,354.24,2021,12,30
2021-12-30 17:43:00+00:00,174.65,174.68,174.45,174.5,425.11,2021,12,30
2021-12-30 17:44:00+00:00,174.48,174.55,174.39,174.54,514.49,2021,12,30
2021-12-30 17:45:00+00:00,174.56,174.66,174.4,174.57,406.02,2021,12,30
2021-12-30 17:46:00+00:00,174.58,174.73,174.56,174.73,368.08,2021,12,30
2021-12-30 17:47:00+00:00,174.72,174.73,174.59,174.63,323.5,2021,12,30
2021-12-30 17:48:00+00:00,174.62,174.75,174.62,174.73,252.36,2021,12,30
2021-12-30 17:49:00+00:00,174.72,174.85,174.7,174.74,364.37,2021,12,30
2021-12-30 17:50:00+00:00,174.75,175.0,174.72,174.86,913.75,2021,12,30
2021-12-30 17:51:00+00:00,174.87,175.0,174.8,174.89,490.88,2021,12,30
2021-12-30 17:52:00+00:00,174.88,175.0,174.81,174.92,776.27,2021,12,30
2021-12-30 17:53:00+00:00,174.94,175.02,174.89,174.92,404.79,2021,12,30
2021-12-30 17:54:00+00:00,174.91,174.91,174.63,174.72,356.61,2021,12,30
2021-12-30 17:55:00+00:00,174.75,174.8,174.66,174.67,227.76,2021,12,30
2021-12-30 17:56:00+00:00,174.68,174.74,174.6,174.63,298.8,2021,12,30
2021-12-30 17:57:00+00:00,174.63,174.65,174.58,174.65,308.08,2021,12,30
2021-12-30 17:58:00+00:00,174.67,174.75,174.57,174.6,226.02,2021,12,30
2021-12-30 17:59:00+00:00,174.57,174.77,174.57,174.67,435.48,2021,12,30
2021-12-30 18:00:00+00:00,174.67,174.67,174.36,174.42,668.69,2021,12,30
2021-12-30 18:01:00+00:00,174.42,174.52,174.39,174.46,174.37,2021,12,30
2021-12-30 18:02:00+00:00,174.47,174.53,174.41,174.45,263.09,2021,12,30
2021-12-30 18:03:00+00:00,174.45,174.46,174.25,174.3,219.1,2021,12,30
2021-12-30 18:04:00+00:00,174.3,174.3,174.09,174.19,380.6,2021,12,30
2021-12-30 18:05:00+00:00,174.22,174.39,174.14,174.33,426.81,2021,12,30
2021-12-30 18:06:00+00:00,174.39,174.42,174.27,174.27,191.67,2021,12,30
2021-12-30 18:07:00+00:00,174.24,174.26,174.16,174.17,61.99,2021,12,30
2021-12-30 18:08:00+00:00,174.18,174.2,173.94,174.01,833.06,2021,12,30
2021-12-30 18:09:00+00:00,174.0,174.13,173.89,174.12,489.16,2021,12,30
2021-12-30 18:10:00+00:00,174.1,174.17,174.06,174.14,128.08,2021,12,30
2021-12-30 18:11:00+00:00,174.14,174.15,174.01,174.06,192.25,2021,12,30
2021-12-30 18:12:00+00:00,174.07,174.16,174.0,174.06,137.05,2021,12,30
2021-12-30 18:13:00+00:00,174.07,174.18,173.78,173.85,1382.89,2021,12,30
2021-12-30 18:14:00+00:00,173.85,174.05,173.82,173.96,522.97,2021,12,30
2021-12-30 18:15:00+00:00,173.95,173.95,173.8,173.93,227.7,2021,12,30
2021-12-30 18:16:00+00:00,173.94,174.1,173.94,174.04,662.35,2021,12,30
2021-12-30 18:17:00+00:00,174.0,174.1,173.98,174.06,271.45,2021,12,30
2021-12-30 18:18:00+00:00,174.06,174.11,174.01,174.04,176.39,2021,12,30
2021-12-30 18:19:00+00:00,174.03,174.08,173.93,173.95,476.28,2021,12,30
2021-12-30 18:20:00+00:00,173.95,173.98,173.66,173.78,662.37,2021,12,30
2021-12-30 18:21:00+00:00,173.76,173.95,173.76,173.95,795.78,2021,12,30
2021-12-30 18:22:00+00:00,173.96,174.18,173.96,174.17,220.22,2021,12,30
2021-12-30 18:23:00+00:00,174.11,174.17,174.06,174.1,84.07,2021,12,30
2021-12-30 18:24:00+00:00,174.1,174.26,174.07,174.26,447.56,2021,12,30
2021-12-30 18:25:00+00:00,174.25,174.29,174.15,174.2,187.6,2021,12,30
2021-12-30 18:26:00+00:00,174.19,174.35,174.18,174.29,91.75,2021,12,30
2021-12-30 18:27:00+00:00,174.28,174.37,174.19,174.26,200.64,2021,12,30
2021-12-30 18:28:00+00:00,174.23,174.34,174.22,174.23,172.0,2021,12,30
2021-12-30 18:29:00+00:00,174.23,174.39,174.17,174.39,150.46,2021,12,30
2021-12-30 18:30:00+00:00,174.38,174.85,174.23,174.85,3452.06,2021,12,30
2021-12-30 18:31:00+00:00,174.85,174.86,174.49,174.55,497.84,2021,12,30
2021-12-30 18:32:00+00:00,174.55,174.6,174.5,174.6,86.43,2021,12,30
2021-12-30 18:33:00+00:00,174.59,174.67,174.53,174.64,126.98,2021,12,30
2021-12-30 18:34:00+00:00,174.64,174.67,174.4,174.46,159.84,2021,12,30
2021-12-30 18:35:00+00:00,174.47,174.62,174.38,174.41,601.11,2021,12,30
2021-12-30 18:36:00+00:00,174.4,174.63,174.29,174.51,479.04,2021,12,30
2021-12-30 18:37:00+00:00,174.5,174.52,174.26,174.32,237.23,2021,12,30
2021-12-30 18:38:00+00:00,174.3,174.34,174.22,174.26,301.51,2021,12,30
2021-12-30 18:39:00+00:00,174.25,174.25,174.14,174.22,120.06,2021,12,30
2021-12-30 18:40:00+00:00,174.22,174.38,174.15,174.23,124.43,2021,12,30
2021-12-30 18:41:00+00:00,174.23,174.34,174.12,174.12,164.82,2021,12,30
2021-12-30 18:42:00+00:00,174.16,174.27,174.12,174.2,74.09,2021,12,30
2021-12-30 18:43:00+00:00,174.18,174.18,174.0,174.17,529.59,2021,12,30
2021-12-30 18:44:00+00:00,174.15,174.3,174.1,174.18,266.59,2021,12,30
2021-12-30 18:45:00+00:00,174.19,174.3,174.05,174.05,348.74,2021,12,30
2021-12-30 18:46:00+00:00,174.08,174.08,173.9,173.93,163.72,2021,12,30
2021-12-30 18:47:00+00:00,173.94,174.04,173.88,174.0,274.55,2021,12,30
2021-12-30 18:48:00+00:00,173.98,174.15,173.87,174.12,291.59,2021,12,30
2021-12-30 18:49:00+00:00,174.1,174.16,173.95,174.13,216.15,2021,12,30
2021-12-30 18:50:00+00:00,174.12,174.26,174.1,174.1,252.63,2021,12,30
2021-12-30 18:51:00+00:00,174.17,174.19,174.08,174.17,143.71,2021,12,30
2021-12-30 18:52:00+00:00,174.17,174.41,174.13,174.36,436.62,2021,12,30
2021-12-30 18:53:00+00:00,174.31,174.81,174.3,174.61,854.26,2021,12,30
2021-12-30 18:54:00+00:00,174.61,174.78,174.54,174.64,245.99,2021,12,30
2021-12-30 18:55:00+00:00,174.64,174.86,174.64,174.81,321.5,2021,12,30
2021-12-30 18:56:00+00:00,174.82,174.86,174.66,174.78,182.15,2021,12,30
2021-12-30 18:57:00+00:00,174.78,174.92,174.78,174.92,292.69,2021,12,30
2021-12-30 18:58:00+00:00,174.89,175.01,174.86,174.94,727.32,2021,12,30
2021-12-30 18:59:00+00:00,174.96,175.0,174.76,174.84,881.71,2021,12,30
2021-12-30 19:00:00+00:00,174.87,174.95,174.7,174.71,398.07,2021,12,30
2021-12-30 19:01:00+00:00,174.7,174.71,174.62,174.7,592.19,2021,12,30
2021-12-30 19:02:00+00:00,174.72,174.84,174.61,174.83,556.24,2021,12,30
2021-12-30 19:03:00+00:00,174.75,174.81,174.7,174.78,233.7,2021,12,30
2021-12-30 19:04:00+00:00,174.78,174.87,174.73,174.79,225.63,2021,12,30
2021-12-30 19:05:00+00:00,174.79,174.85,174.67,174.71,268.47,2021,12,30
2021-12-30 19:06:00+00:00,174.75,174.79,174.66,174.73,436.43,2021,12,30
2021-12-30 19:07:00+00:00,174.69,174.73,174.57,174.68,261.88,2021,12,30
2021-12-30 19:08:00+00:00,174.68,174.92,174.66,174.8,454.52,2021,12,30
2021-12-30 19:09:00+00:00,174.8,174.82,174.74,174.76,162.65,2021,12,30
2021-12-30 19:10:00+00:00,174.76,174.77,174.61,174.61,326.41,2021,12,30
2021-12-30 19:11:00+00:00,174.66,174.89,174.59,174.63,422.62,2021,12,30
2021-12-30 19:12:00+00:00,174.62,174.74,174.45,174.49,629.61,2021,12,30
2021-12-30 19:13:00+00:00,174.49,174.59,174.45,174.53,152.55,2021,12,30
2021-12-30 19:14:00+00:00,174.5,174.74,174.47,174.7,815.01,2021,12,30
2021-12-30 19:15:00+00:00,174.72,174.72,174.27,174.63,1247.43,2021,12,30
2021-12-30 19:16:00+00:00,174.64,174.7,174.47,174.62,884.62,2021,12,30
2021-12-30 19:17:00+00:00,174.64,174.66,174.51,174.6,323.49,2021,12,30
2021-12-30 19:18:00+00:00,174.58,174.61,174.44,174.48,119.56,2021,12,30
2021-12-30 19:19:00+00:00,174.49,174.68,174.45,174.56,367.64,2021,12,30
2021-12-30 19:20:00+00:00,174.51,174.62,174.45,174.52,337.83,2021,12,30
2021-12-30 19:21:00+00:00,174.53,174.64,174.46,174.49,181.4,2021,12,30
2021-12-30 19:22:00+00:00,174.49,174.5,174.41,174.42,178.7,2021,12,30
2021-12-30 19:23:00+00:00,174.4,174.43,174.26,174.27,318.89,2021,12,30
2021-12-30 19:24:00+00:00,174.26,174.35,174.17,174.34,398.32,2021,12,30
2021-12-30 19:25:00+00:00,174.29,174.35,174.21,174.35,373.16,2021,12,30
2021-12-30 19:26:00+00:00,174.35,174.35,174.22,174.3,159.27,2021,12,30
2021-12-30 19:27:00+00:00,174.3,174.5,174.19,174.49,338.21,2021,12,30
2021-12-30 19:28:00+00:00,174.49,174.49,174.3,174.32,286.06,2021,12,30
2021-12-30 19:29:00+00:00,174.33,174.46,174.2,174.45,719.59,2021,12,30
2021-12-30 19:30:00+00:00,174.43,174.57,174.35,174.48,189.09,2021,12,30
2021-12-30 19:31:00+00:00,174.47,174.66,174.44,174.66,445.32,2021,12,30
2021-12-30 19:32:00+00:00,174.59,174.71,174.54,174.59,149.41,2021,12,30
2021-12-30 19:33:00+00:00,174.61,174.7,174.55,174.61,242.06,2021,12,30
2021-12-30 19:34:00+00:00,174.61,174.7,174.54,174.66,434.13,2021,12,30
2021-12-30 19:35:00+00:00,174.64,174.7,174.57,174.66,95.33,2021,12,30
2021-12-30 19:36:00+00:00,174.65,174.76,174.57,174.62,313.28,2021,12,30
2021-12-30 19:37:00+00:00,174.63,174.75,174.62,174.67,143.82,2021,12,30
2021-12-30 19:38:00+00:00,174.66,174.77,174.63,174.7,192.18,2021,12,30
2021-12-30 19:39:00+00:00,174.7,174.83,174.69,174.82,454.11,2021,12,30
2021-12-30 19:40:00+00:00,174.82,174.97,174.8,174.96,210.58,2021,12,30
2021-12-30 19:41:00+00:00,174.96,175.36,174.95,175.16,746.95,2021,12,30
2021-12-30 19:42:00+00:00,175.16,175.28,175.06,175.23,376.62,2021,12,30
2021-12-30 19:43:00+00:00,175.25,175.26,175.01,175.05,346.93,2021,12,30
2021-12-30 19:44:00+00:00,175.07,175.14,175.06,175.11,215.08,2021,12,30
2021-12-30 19:45:00+00:00,175.11,175.14,174.97,175.03,230.07,2021,12,30
2021-12-30 19:46:00+00:00,175.05,175.05,174.94,174.98,137.48,2021,12,30
2021-12-30 19:47:00+00:00,174.97,175.04,174.91,174.97,354.1,2021,12,30
2021-12-30 19:48:00+00:00,174.98,175.03,174.94,174.96,360.0,2021,12,30
2021-12-30 19:49:00+00:00,174.95,175.06,174.94,174.99,329.58,2021,12,30
2021-12-30 19:50:00+00:00,174.99,175.18,174.93,175.16,212.89,2021,12,30
2021-12-30 19:51:00+00:00,175.16,175.21,175.08,175.17,719.09,2021,12,30
2021-12-30 19:52:00+00:00,175.17,175.18,174.95,174.99,249.27,2021,12,30
2021-12-30 19:53:00+00:00,174.98,174.98,174.74,174.88,738.46,2021,12,30
2021-12-30 19:54:00+00:00,174.84,174.84,174.45,174.59,1435.18,2021,12,30
2021-12-30 19:55:00+00:00,174.56,174.59,174.47,174.49,465.76,2021,12,30
2021-12-30 19:56:00+00:00,174.47,174.49,174.27,174.42,552.14,2021,12,30
2021-12-30 19:57:00+00:00,174.4,174.47,174.3,174.32,174.81,2021,12,30
2021-12-30 19:58:00+00:00,174.31,174.5,174.25,174.34,237.8,2021,12,30
2021-12-30 19:59:00+00:00,174.36,174.56,174.29,174.33,788.47,2021,12,30
2021-12-30 20:00:00+00:00,174.32,174.33,174.13,174.28,488.4,2021,12,30
2021-12-30 20:01:00+00:00,174.29,174.52,174.26,174.41,685.36,2021,12,30
2021-12-30 20:02:00+00:00,174.45,174.5,174.1,174.15,345.25,2021,12,30
2021-12-30 20:03:00+00:00,174.14,174.2,174.02,174.12,551.4,2021,12,30
2021-12-30 20:04:00+00:00,174.16,174.17,173.95,173.97,903.7,2021,12,30
2021-12-30 20:05:00+00:00,173.97,174.1,173.9,173.92,3085.7,2021,12,30
2021-12-30 20:06:00+00:00,173.97,174.03,173.73,173.76,857.73,2021,12,30
2021-12-30 20:07:00+00:00,173.76,173.92,173.76,173.85,260.05,2021,12,30
2021-12-30 20:08:00+00:00,173.88,173.98,173.8,173.98,251.31,2021,12,30
2021-12-30 20:09:00+00:00,173.95,173.95,173.75,173.8,356.21,2021,12,30
2021-12-30 20:10:00+00:00,173.83,173.97,173.8,173.95,553.9,2021,12,30
2021-12-30 20:11:00+00:00,173.95,173.97,173.82,173.85,213.42,2021,12,30
2021-12-30 20:12:00+00:00,173.86,174.0,173.84,173.95,336.41,2021,12,30
2021-12-30 20:13:00+00:00,173.96,173.96,173.75,173.77,495.2,2021,12,30
2021-12-30 20:14:00+00:00,173.78,173.78,173.66,173.73,409.97,2021,12,30
2021-12-30 20:15:00+00:00,173.71,173.87,173.69,173.77,392.72,2021,12,30
2021-12-30 20:16:00+00:00,173.81,174.07,173.78,173.99,483.55,2021,12,30
2021-12-30 20:17:00+00:00,173.99,174.04,173.87,173.98,299.93,2021,12,30
2021-12-30 20:18:00+00:00,173.98,174.08,173.95,174.03,246.73,2021,12,30
2021-12-30 20:19:00+00:00,174.02,174.26,174.02,174.13,477.42,2021,12,30
2021-12-30 20:20:00+00:00,174.12,174.37,174.12,174.3,263.27,2021,12,30
2021-12-30 20:21:00+00:00,174.31,174.95,174.24,174.86,2765.04,2021,12,30
2021-12-30 20:22:00+00:00,174.9,174.96,174.76,174.76,215.27,2021,12,30
2021-12-30 20:23:00+00:00,174.75,174.8,174.65,174.78,136.4,2021,12,30
2021-12-30 20:24:00+00:00,174.71,174.73,174.53,174.66,234.81,2021,12,30
2021-12-30 20:25:00+00:00,174.66,174.69,174.54,174.64,104.05,2021,12,30
2021-12-30 20:26:00+00:00,174.63,174.86,174.61,174.82,197.39,2021,12,30
2021-12-30 20:27:00+00:00,174.8,174.83,174.71,174.76,277.83,2021,12,30
2021-12-30 20:28:00+00:00,174.75,174.75,174.35,174.49,318.89,2021,12,30
2021-12-30 20:29:00+00:00,174.49,174.49,174.42,174.42,119.02,2021,12,30
2021-12-30 20:30:00+00:00,174.39,174.69,174.34,174.68,496.02,2021,12,30
2021-12-30 20:31:00+00:00,174.66,174.68,174.51,174.61,138.94,2021,12,30
2021-12-30 20:32:00+00:00,174.6,174.67,174.53,174.61,255.32,2021,12,30
2021-12-30 20:33:00+00:00,174.61,174.68,174.46,174.51,177.92,2021,12,30
2021-12-30 20:34:00+00:00,174.56,174.56,174.26,174.31,466.86,2021,12,30
2021-12-30 20:35:00+00:00,174.3,174.34,174.12,174.14,288.73,2021,12,30
2021-12-30 20:36:00+00:00,174.19,174.34,174.11,174.32,181.75,2021,12,30
2021-12-30 20:37:00+00:00,174.33,174.33,174.16,174.21,317.24,2021,12,30
2021-12-30 20:38:00+00:00,174.24,174.25,173.98,174.07,406.47,2021,12,30
2021-12-30 20:39:00+00:00,174.08,174.1,173.88,173.95,274.34,2021,12,30
2021-12-30 20:40:00+00:00,173.91,174.01,173.84,173.91,300.82,2021,12,30
2021-12-30 20:41:00+00:00,173.89,173.89,173.73,173.75,544.96,2021,12,30
2021-12-30 20:42:00+00:00,173.73,173.76,173.38,173.42,770.15,2021,12,30
2021-12-30 20:43:00+00:00,173.42,173.69,173.41,173.6,604.74,2021,12,30
2021-12-30 20:44:00+00:00,173.6,173.68,173.47,173.65,289.22,2021,12,30
2021-12-30 20:45:00+00:00,173.66,173.71,173.37,173.37,392.57,2021,12,30
2021-12-30 20:46:00+00:00,173.39,173.49,173.37,173.49,348.45,2021,12,30
2021-12-30 20:47:00+00:00,173.5,173.5,173.38,173.45,241.69,2021,12,30
2021-12-30 20:48:00+00:00,173.46,173.46,172.58,172.68,4333.61,2021,12,30
2021-12-30 20:49:00+00:00,172.66,172.88,172.65,172.76,731.79,2021,12,30
2021-12-30 20:50:00+00:00,172.75,172.9,172.36,172.9,1878.4,2021,12,30
2021-12-30 20:51:00+00:00,172.92,172.99,172.57,172.65,936.66,2021,12,30
2021-12-30 20:52:00+00:00,172.66,172.97,172.56,172.93,1042.36,2021,12,30
2021-12-30 20:53:00+00:00,172.93,173.12,172.86,172.92,396.41,2021,12,30
2021-12-30 20:54:00+00:00,172.98,173.1,172.78,172.88,524.88,2021,12,30
2021-12-30 20:55:00+00:00,172.88,173.0,172.76,172.96,536.3,2021,12,30
2021-12-30 20:56:00+00:00,172.98,173.01,172.79,172.81,372.58,2021,12,30
2021-12-30 20:57:00+00:00,172.81,172.89,172.58,172.69,1027.98,2021,12,30
2021-12-30 20:58:00+00:00,172.72,172.92,172.63,172.91,615.37,2021,12,30
2021-12-30 20:59:00+00:00,172.88,173.37,172.74,173.19,881.89,2021,12,30
2021-12-30 21:00:00+00:00,173.25,173.44,173.09,173.44,383.36,2021,12,30
2021-12-30 21:01:00+00:00,173.39,173.52,173.17,173.23,440.74,2021,12,30
2021-12-30 21:02:00+00:00,173.21,173.23,172.83,172.83,2823.0,2021,12,30
2021-12-30 21:03:00+00:00,172.82,172.83,172.47,172.6,681.6,2021,12,30
2021-12-30 21:04:00+00:00,172.62,172.65,172.1,172.16,3158.44,2021,12,30
2021-12-30 21:05:00+00:00,172.16,172.26,171.84,172.26,2346.14,2021,12,30
2021-12-30 21:06:00+00:00,172.26,172.49,172.19,172.31,510.35,2021,12,30
2021-12-30 21:07:00+00:00,172.31,172.5,172.31,172.41,385.23,2021,12,30
2021-12-30 21:08:00+00:00,172.42,172.77,172.42,172.69,446.36,2021,12,30
2021-12-30 21:09:00+00:00,172.68,172.75,172.55,172.6,155.5,2021,12,30
2021-12-30 21:10:00+00:00,172.6,172.87,172.41,172.55,358.31,2021,12,30
2021-12-30 21:11:00+00:00,172.54,172.65,172.45,172.51,357.47,2021,12,30
2021-12-30 21:12:00+00:00,172.49,172.66,172.43,172.53,291.78,2021,12,30
2021-12-30 21:13:00+00:00,172.53,172.85,172.53,172.79,300.57,2021,12,30
2021-12-30 21:14:00+00:00,172.79,172.92,172.64,172.69,351.63,2021,12,30
2021-12-30 21:15:00+00:00,172.7,172.83,172.55,172.61,318.46,2021,12,30
2021-12-30 21:16:00+00:00,172.62,172.76,172.51,172.63,198.0,2021,12,30
2021-12-30 21:17:00+00:00,172.67,173.24,172.67,173.13,1620.27,2021,12,30
2021-12-30 21:18:00+00:00,173.12,173.13,173.01,173.04,276.15,2021,12,30
2021-12-30 21:19:00+00:00,173.04,173.2,172.98,173.16,385.74,2021,12,30
2021-12-30 21:20:00+00:00,173.17,173.24,173.08,173.17,194.71,2021,12,30
2021-12-30 21:21:00+00:00,173.15,173.19,173.09,173.1,309.27,2021,12,30
2021-12-30 21:22:00+00:00,173.12,173.12,172.9,173.08,263.84,2021,12,30
2021-12-30 21:23:00+00:00,173.08,173.09,172.8,172.99,1041.71,2021,12,30
2021-12-30 21:24:00+00:00,172.99,173.04,172.94,173.0,84.67,2021,12,30
2021-12-30 21:25:00+00:00,172.97,173.15,172.86,173.15,682.04,2021,12,30
2021-12-30 21:26:00+00:00,173.14,173.29,173.14,173.28,250.78,2021,12,30
2021-12-30 21:27:00+00:00,173.26,173.33,173.21,173.23,77.3,2021,12,30
2021-12-30 21:28:00+00:00,173.18,173.24,173.1,173.19,239.11,2021,12,30
2021-12-30 21:29:00+00:00,173.23,173.25,173.06,173.09,433.77,2021,12,30
2021-12-30 21:30:00+00:00,173.08,173.27,173.03,173.18,230.77,2021,12,30
2021-12-30 21:31:00+00:00,173.19,173.26,173.01,173.17,393.36,2021,12,30
2021-12-30 21:32:00+00:00,173.17,173.19,172.99,173.01,133.15,2021,12,30
2021-12-30 21:33:00+00:00,173.04,173.14,173.01,173.1,180.85,2021,12,30
2021-12-30 21:34:00+00:00,173.08,173.23,173.0,173.08,204.68,2021,12,30
2021-12-30 21:35:00+00:00,173.08,173.3,173.08,173.22,115.6,2021,12,30
2021-12-30 21:36:00+00:00,173.25,173.39,173.23,173.36,395.89,2021,12,30
2021-12-30 21:37:00+00:00,173.37,173.39,173.14,173.15,295.91,2021,12,30
2021-12-30 21:38:00+00:00,173.18,173.35,173.1,173.34,214.85,2021,12,30
2021-12-30 21:39:00+00:00,173.32,173.37,173.21,173.35,679.59,2021,12,30
2021-12-30 21:40:00+00:00,173.35,173.39,173.18,173.18,594.66,2021,12,30
2021-12-30 21:41:00+00:00,173.18,173.32,173.17,173.27,263.01,2021,12,30
2021-12-30 21:42:00+00:00,173.27,173.39,173.19,173.34,234.59,2021,12,30
2021-12-30 21:43:00+00:00,173.34,173.34,173.23,173.25,356.22,2021,12,30
2021-12-30 21:44:00+00:00,173.25,173.36,173.21,173.25,393.14,2021,12,30
2021-12-30 21:45:00+00:00,173.24,173.29,173.1,173.29,189.33,2021,12,30
2021-12-30 21:46:00+00:00,173.25,173.31,173.17,173.18,329.78,2021,12,30
2021-12-30 21:47:00+00:00,173.16,173.27,173.12,173.15,314.61,2021,12,30
2021-12-30 21:48:00+00:00,173.14,173.29,173.13,173.23,334.88,2021,12,30
2021-12-30 21:49:00+00:00,173.25,173.3,172.94,172.99,692.18,2021,12,30
2021-12-30 21:50:00+00:00,172.98,173.09,172.85,172.85,790.64,2021,12,30
2021-12-30 21:51:00+00:00,172.84,172.92,172.67,172.91,681.27,2021,12,30
2021-12-30 21:52:00+00:00,172.9,173.11,172.84,173.04,644.08,2021,12,30
2021-12-30 21:53:00+00:00,173.03,173.06,172.96,173.06,155.27,2021,12,30
2021-12-30 21:54:00+00:00,173.06,173.17,172.97,173.1,225.43,2021,12,30
2021-12-30 21:55:00+00:00,173.09,173.13,172.94,172.94,211.1,2021,12,30
2021-12-30 21:56:00+00:00,172.94,173.05,172.87,173.03,172.26,2021,12,30
2021-12-30 21:57:00+00:00,173.09,173.18,172.97,173.04,306.54,2021,12,30
2021-12-30 21:58:00+00:00,173.03,173.17,172.85,173.1,501.25,2021,12,30
2021-12-30 21:59:00+00:00,173.09,173.22,172.98,173.2,750.72,2021,12,30
2021-12-30 22:00:00+00:00,173.17,173.18,172.93,173.03,659.55,2021,12,30
2021-12-30 22:01:00+00:00,173.04,173.27,172.97,173.2,459.55,2021,12,30
2021-12-30 22:02:00+00:00,173.2,173.32,173.12,173.28,421.81,2021,12,30
2021-12-30 22:03:00+00:00,173.3,173.43,173.2,173.22,544.07,2021,12,30
2021-12-30 22:04:00+00:00,173.22,173.38,173.17,173.25,820.84,2021,12,30
2021-12-30 22:05:00+00:00,173.24,173.34,173.2,173.32,289.89,2021,12,30
2021-12-30 22:06:00+00:00,173.34,173.42,173.3,173.33,670.98,2021,12,30
2021-12-30 22:07:00+00:00,173.34,173.35,173.05,173.06,424.25,2021,12,30
2021-12-30 22:08:00+00:00,173.06,173.15,172.95,173.01,256.93,2021,12,30
2021-12-30 22:09:00+00:00,173.04,173.04,172.83,172.93,373.94,2021,12,30
2021-12-30 22:10:00+00:00,172.95,173.13,172.85,172.9,387.23,2021,12,30
2021-12-30 22:11:00+00:00,172.9,173.08,172.87,173.04,357.85,2021,12,30
2021-12-30 22:12:00+00:00,173.04,173.06,172.97,173.0,69.29,2021,12,30
2021-12-30 22:13:00+00:00,172.98,173.23,172.94,173.23,177.93,2021,12,30
2021-12-30 22:14:00+00:00,173.19,173.2,173.16,173.16,30.77,2021,12,30
2021-12-30 22:15:00+00:00,173.2,173.32,173.16,173.29,227.38,2021,12,30
2021-12-30 22:16:00+00:00,173.29,173.3,173.18,173.2,227.71,2021,12,30
2021-12-30 22:17:00+00:00,173.21,173.43,173.16,173.21,395.62,2021,12,30
2021-12-30 22:18:00+00:00,173.21,173.21,172.59,172.6,368.88,2021,12,30
2021-12-30 22:19:00+00:00,172.59,172.85,172.58,172.79,148.98,2021,12,30
2021-12-30 22:20:00+00:00,172.79,173.0,172.77,172.98,209.85,2021,12,30
2021-12-30 22:21:00+00:00,172.95,172.95,172.8,172.81,189.18,2021,12,30
2021-12-30 22:22:00+00:00,172.81,172.81,172.51,172.56,433.73,2021,12,30
2021-12-30 22:23:00+00:00,172.52,172.81,172.48,172.61,1075.52,2021,12,30
2021-12-30 22:24:00+00:00,172.61,172.68,172.42,172.63,289.98,2021,12,30
2021-12-30 22:25:00+00:00,172.63,172.68,172.53,172.58,965.74,2021,12,30
2021-12-30 22:26:00+00:00,172.58,172.58,172.5,172.55,269.23,2021,12,30
2021-12-30 22:27:00+00:00,172.54,172.68,172.53,172.64,345.96,2021,12,30
2021-12-30 22:28:00+00:00,172.68,172.77,172.63,172.68,460.19,2021,12,30
2021-12-30 22:29:00+00:00,172.68,172.7,172.65,172.67,38.59,2021,12,30
2021-12-30 22:30:00+00:00,172.67,172.69,172.66,172.69,75.69,2021,12,30
2021-12-30 22:31:00+00:00,172.69,172.92,172.58,172.91,1690.04,2021,12,30
2021-12-30 22:32:00+00:00,172.91,172.94,172.89,172.92,90.12,2021,12,30
2021-12-30 22:33:00+00:00,172.92,172.94,172.88,172.9,259.82,2021,12,30
2021-12-30 22:34:00+00:00,172.9,172.92,172.71,172.71,505.67,2021,12,30
2021-12-30 22:35:00+00:00,172.68,172.7,172.45,172.51,410.27,2021,12,30
2021-12-30 22:36:00+00:00,172.5,172.53,172.38,172.38,166.45,2021,12,30
2021-12-30 22:37:00+00:00,172.38,172.4,172.34,172.36,117.55,2021,12,30
2021-12-30 22:38:00+00:00,172.35,172.35,172.07,172.07,422.76,2021,12,30
2021-12-30 22:39:00+00:00,172.09,172.09,171.03,171.3,6473.54,2021,12,30
2021-12-30 22:40:00+00:00,171.29,171.3,171.0,171.2,1478.82,2021,12,30
2021-12-30 22:41:00+00:00,171.27,171.32,171.11,171.26,768.89,2021,12,30
2021-12-30 22:42:00+00:00,171.24,171.26,171.0,171.09,944.34,2021,12,30
2021-12-30 22:43:00+00:00,171.08,171.32,171.06,171.29,426.21,2021,12,30
2021-12-30 22:44:00+00:00,171.31,171.45,171.08,171.27,766.4,2021,12,30
2021-12-30 22:45:00+00:00,171.26,171.72,171.25,171.71,829.03,2021,12,30
2021-12-30 22:46:00+00:00,171.69,171.78,171.43,171.74,860.5,2021,12,30
2021-12-30 22:47:00+00:00,171.73,171.74,171.39,171.43,706.92,2021,12,30
2021-12-30 22:48:00+00:00,171.42,171.51,171.33,171.45,334.63,2021,12,30
2021-12-30 22:49:00+00:00,171.46,171.52,171.4,171.51,349.24,2021,12,30
2021-12-30 22:50:00+00:00,171.52,171.55,171.39,171.43,406.53,2021,12,30
2021-12-30 22:51:00+00:00,171.42,171.46,171.36,171.39,249.87,2021,12,30
2021-12-30 22:52:00+00:00,171.39,171.52,171.36,171.42,319.87,2021,12,30
2021-12-30 22:53:00+00:00,171.43,171.44,171.23,171.27,281.68,2021,12,30
2021-12-30 22:54:00+00:00,171.26,171.26,171.11,171.15,251.81,2021,12,30
2021-12-30 22:55:00+00:00,171.2,171.26,171.14,171.23,220.67,2021,12,30
2021-12-30 22:56:00+00:00,171.23,171.29,171.14,171.21,328.22,2021,12,30
2021-12-30 22:57:00+00:00,171.21,171.37,171.01,171.36,897.06,2021,12,30
2021-12-30 22:58:00+00:00,171.36,171.5,171.33,171.49,345.69,2021,12,30
2021-12-30 22:59:00+00:00,171.49,171.71,171.47,171.68,518.7,2021,12,30
2021-12-30 23:00:00+00:00,171.69,171.92,171.69,171.85,826.95,2021,12,30
2021-12-30 23:01:00+00:00,171.88,172.03,171.69,171.75,311.69,2021,12,30
2021-12-30 23:02:00+00:00,171.76,171.8,171.62,171.72,276.21,2021,12,30
2021-12-30 23:03:00+00:00,171.7,171.77,171.51,171.53,256.71,2021,12,30
2021-12-30 23:04:00+00:00,171.52,171.59,171.22,171.31,264.52,2021,12,30
2021-12-30 23:05:00+00:00,171.32,171.55,171.29,171.5,730.5,2021,12,30
2021-12-30 23:06:00+00:00,171.52,171.58,171.39,171.5,226.75,2021,12,30
2021-12-30 23:07:00+00:00,171.52,171.87,171.32,171.73,579.19,2021,12,30
2021-12-30 23:08:00+00:00,171.73,171.98,171.71,171.84,512.81,2021,12,30
2021-12-30 23:09:00+00:00,171.84,171.9,171.3,171.58,930.36,2021,12,30
2021-12-30 23:10:00+00:00,171.57,171.71,171.5,171.59,138.87,2021,12,30
2021-12-30 23:11:00+00:00,171.58,171.69,171.4,171.52,546.36,2021,12,30
2021-12-30 23:12:00+00:00,171.54,171.65,171.47,171.6,267.23,2021,12,30
2021-12-30 23:13:00+00:00,171.6,171.9,171.52,171.9,291.31,2021,12,30
2021-12-30 23:14:00+00:00,171.94,172.04,171.84,171.96,530.12,2021,12,30
2021-12-30 23:15:00+00:00,172.02,172.1,171.8,172.09,305.44,2021,12,30
2021-12-30 23:16:00+00:00,172.09,172.35,172.09,172.23,574.88,2021,12,30
2021-12-30 23:17:00+00:00,172.2,172.39,172.2,172.28,397.51,2021,12,30
2021-12-30 23:18:00+00:00,172.27,172.28,172.0,172.08,310.06,2021,12,30
2021-12-30 23:19:00+00:00,172.1,172.29,172.08,172.22,168.45,2021,12,30
2021-12-30 23:20:00+00:00,172.24,172.33,172.08,172.26,298.1,2021,12,30
2021-12-30 23:21:00+00:00,172.25,172.37,172.2,172.25,244.84,2021,12,30
2021-12-30 23:22:00+00:00,172.3,172.36,172.22,172.23,165.37,2021,12,30
2021-12-30 23:23:00+00:00,172.23,172.26,171.99,172.13,619.16,2021,12,30
2021-12-30 23:24:00+00:00,172.11,172.24,172.0,172.24,738.02,2021,12,30
2021-12-30 23:25:00+00:00,172.24,172.39,172.13,172.29,487.21,2021,12,30
2021-12-30 23:26:00+00:00,172.29,172.35,172.24,172.24,466.77,2021,12,30
2021-12-30 23:27:00+00:00,172.22,172.25,172.06,172.11,575.44,2021,12,30
2021-12-30 23:28:00+00:00,172.12,172.22,171.93,172.18,1231.07,2021,12,30
2021-12-30 23:29:00+00:00,172.17,172.22,172.07,172.19,357.8,2021,12,30
2021-12-30 23:30:00+00:00,172.15,172.26,172.14,172.19,165.24,2021,12,30
2021-12-30 23:31:00+00:00,172.23,172.3,172.23,172.26,257.8,2021,12,30
2021-12-30 23:32:00+00:00,172.26,172.26,172.02,172.16,321.71,2021,12,30
2021-12-30 23:33:00+00:00,172.21,172.27,172.14,172.17,188.33,2021,12,30
2021-12-30 23:34:00+00:00,172.14,172.23,172.01,172.1,871.72,2021,12,30
2021-12-30 23:35:00+00:00,172.09,172.09,171.7,171.86,901.68,2021,12,30
2021-12-30 23:36:00+00:00,171.86,171.87,171.7,171.86,868.34,2021,12,30
2021-12-30 23:37:00+00:00,171.87,171.87,171.63,171.72,301.08,2021,12,30
2021-12-30 23:38:00+00:00,171.71,171.78,171.61,171.71,270.05,2021,12,30
2021-12-30 23:39:00+00:00,171.72,171.84,171.72,171.76,92.79,2021,12,30
2021-12-30 23:40:00+00:00,171.74,171.74,171.6,171.73,444.86,2021,12,30
2021-12-30 23:41:00+00:00,171.71,171.75,171.54,171.61,197.48,2021,12,30
2021-12-30 23:42:00+00:00,171.62,171.8,171.54,171.8,455.61,2021,12,30
2021-12-30 23:43:00+00:00,171.79,171.97,171.69,171.94,431.82,2021,12,30
2021-12-30 23:44:00+00:00,171.95,172.3,171.95,172.16,513.62,2021,12,30
2021-12-30 23:45:00+00:00,172.19,172.26,172.07,172.1,187.22,2021,12,30
2021-12-30 23:46:00+00:00,172.08,172.29,172.05,172.11,280.28,2021,12,30
2021-12-30 23:47:00+00:00,172.12,172.2,172.01,172.17,118.14,2021,12,30
2021-12-30 23:48:00+00:00,172.21,172.36,172.2,172.29,186.51,2021,12,30
2021-12-30 23:49:00+00:00,172.29,172.36,172.14,172.23,113.6,2021,12,30
2021-12-30 23:50:00+00:00,172.23,172.43,172.21,172.43,193.55,2021,12,30
2021-12-30 23:51:00+00:00,172.44,172.54,172.39,172.52,76.8,2021,12,30
2021-12-30 23:52:00+00:00,172.52,172.64,172.49,172.6,1828.2,2021,12,30
2021-12-30 23:53:00+00:00,172.62,172.62,172.38,172.6,396.95,2021,12,30
2021-12-30 23:54:00+00:00,172.58,172.64,172.43,172.48,153.02,2021,12,30
2021-12-30 23:55:00+00:00,172.51,172.57,172.33,172.45,337.09,2021,12,30
2021-12-30 23:56:00+00:00,172.44,172.63,172.39,172.5,286.69,2021,12,30
2021-12-30 23:57:00+00:00,172.55,172.65,172.52,172.59,113.84,2021,12,30
2021-12-30 23:58:00+00:00,172.59,172.63,172.51,172.55,82.05,2021,12,30
2021-12-30 23:59:00+00:00,172.56,172.59,172.5,172.52,134.47,2021,12,30
2021-12-31 00:00:00+00:00,172.53,172.54,172.26,172.28,354.4,2021,12,31
2021-12-31 00:01:00+00:00,172.32,172.71,172.31,172.71,1115.0,2021,12,31
2021-12-31 00:02:00+00:00,172.7,173.12,172.65,173.0,1099.65,2021,12,31
2021-12-31 00:03:00+00:00,173.0,173.09,172.78,172.82,565.65,2021,12,31
2021-12-31 00:04:00+00:00,172.82,173.11,172.81,173.01,651.62,2021,12,31
2021-12-31 00:05:00+00:00,173.02,173.02,172.69,172.9,497.64,2021,12,31
2021-12-31 00:06:00+00:00,172.9,172.91,172.51,172.65,1275.66,2021,12,31
2021-12-31 00:07:00+00:00,172.64,172.77,172.5,172.59,153.51,2021,12,31
2021-12-31 00:08:00+00:00,172.58,173.5,172.55,173.19,1566.81,2021,12,31
2021-12-31 00:09:00+00:00,173.22,173.35,173.07,173.23,747.85,2021,12,31
2021-12-31 00:10:00+00:00,173.22,173.47,173.1,173.39,685.0,2021,12,31
2021-12-31 00:11:00+00:00,173.39,173.46,173.13,173.18,547.28,2021,12,31
2021-12-31 00:12:00+00:00,173.21,173.3,173.17,173.3,747.61,2021,12,31
2021-12-31 00:13:00+00:00,173.25,173.35,173.06,173.34,1008.1,2021,12,31
2021-12-31 00:14:00+00:00,173.35,173.53,173.05,173.16,1083.2,2021,12,31
2021-12-31 00:15:00+00:00,173.15,173.66,173.11,173.4,1347.7,2021,12,31
2021-12-31 00:16:00+00:00,173.41,173.75,173.27,173.72,2352.08,2021,12,31
2021-12-31 00:17:00+00:00,173.73,173.78,173.47,173.47,881.1,2021,12,31
2021-12-31 00:18:00+00:00,173.5,173.6,173.42,173.45,471.08,2021,12,31
2021-12-31 00:19:00+00:00,173.45,173.7,173.45,173.49,306.2,2021,12,31
2021-12-31 00:20:00+00:00,173.49,173.52,173.05,173.13,986.44,2021,12,31
2021-12-31 00:21:00+00:00,173.14,173.15,172.94,172.95,683.68,2021,12,31
2021-12-31 00:22:00+00:00,172.94,172.94,172.61,172.74,570.88,2021,12,31
2021-12-31 00:23:00+00:00,172.73,172.9,172.69,172.83,343.76,2021,12,31
2021-12-31 00:24:00+00:00,172.83,172.94,172.61,172.64,643.23,2021,12,31
2021-12-31 00:25:00+00:00,172.64,172.72,172.57,172.64,405.68,2021,12,31
2021-12-31 00:26:00+00:00,172.65,172.69,172.54,172.65,523.03,2021,12,31
2021-12-31 00:27:00+00:00,172.65,172.96,172.6,172.67,336.81,2021,12,31
2021-12-31 00:28:00+00:00,172.63,172.68,172.52,172.62,393.06,2021,12,31
2021-12-31 00:29:00+00:00,172.64,172.76,172.53,172.68,361.46,2021,12,31
2021-12-31 00:30:00+00:00,172.66,172.69,172.48,172.65,1134.57,2021,12,31
2021-12-31 00:31:00+00:00,172.65,172.82,172.58,172.63,433.84,2021,12,31
2021-12-31 00:32:00+00:00,172.61,172.78,172.6,172.78,233.6,2021,12,31
2021-12-31 00:33:00+00:00,172.77,172.77,172.54,172.61,330.24,2021,12,31
2021-12-31 00:34:00+00:00,172.61,172.61,172.2,172.24,481.53,2021,12,31
2021-12-31 00:35:00+00:00,172.3,172.32,172.17,172.2,370.04,2021,12,31
2021-12-31 00:36:00+00:00,172.21,172.27,172.0,172.24,647.83,2021,12,31
2021-12-31 00:37:00+00:00,172.22,172.41,172.17,172.35,771.57,2021,12,31
2021-12-31 00:38:00+00:00,172.34,172.44,172.0,172.01,393.37,2021,12,31
2021-12-31 00:39:00+00:00,172.01,172.28,171.88,171.92,1224.85,2021,12,31
2021-12-31 00:40:00+00:00,171.91,172.2,171.91,172.17,575.55,2021,12,31
2021-12-31 00:41:00+00:00,172.17,172.34,172.09,172.2,297.65,2021,12,31
2021-12-31 00:42:00+00:00,172.19,172.19,171.91,172.01,405.31,2021,12,31
2021-12-31 00:43:00+00:00,172.0,172.05,171.9,171.96,302.02,2021,12,31
2021-12-31 00:44:00+00:00,171.99,172.23,171.99,172.06,661.54,2021,12,31
2021-12-31 00:45:00+00:00,172.06,172.23,172.0,172.1,400.05,2021,12,31
2021-12-31 00:46:00+00:00,172.09,172.23,172.08,172.18,139.9,2021,12,31
2021-12-31 00:47:00+00:00,172.22,172.3,172.19,172.27,159.04,2021,12,31
2021-12-31 00:48:00+00:00,172.3,172.54,172.3,172.54,494.67,2021,12,31
2021-12-31 00:49:00+00:00,172.55,172.77,172.55,172.7,260.57,2021,12,31
2021-12-31 00:50:00+00:00,172.73,172.87,172.58,172.79,176.39,2021,12,31
2021-12-31 00:51:00+00:00,172.78,172.89,172.74,172.82,157.59,2021,12,31
2021-12-31 00:52:00+00:00,172.82,172.87,172.72,172.79,287.42,2021,12,31
2021-12-31 00:53:00+00:00,172.78,173.15,172.75,173.1,556.35,2021,12,31
2021-12-31 00:54:00+00:00,173.11,173.18,173.01,173.16,314.77,2021,12,31
2021-12-31 00:55:00+00:00,173.17,173.17,172.85,173.04,440.4,2021,12,31
2021-12-31 00:56:00+00:00,173.04,173.19,172.95,173.02,166.67,2021,12,31
2021-12-31 00:57:00+00:00,173.06,173.06,172.87,172.98,246.69,2021,12,31
2021-12-31 00:58:00+00:00,172.92,172.93,172.66,172.72,341.88,2021,12,31
2021-12-31 00:59:00+00:00,172.76,172.76,172.6,172.65,265.32,2021,12,31
2021-12-31 01:00:00+00:00,172.65,172.89,172.58,172.85,367.27,2021,12,31
2021-12-31 01:01:00+00:00,172.85,172.85,172.46,172.46,449.22,2021,12,31
2021-12-31 01:02:00+00:00,172.46,172.51,172.39,172.5,364.37,2021,12,31
2021-12-31 01:03:00+00:00,172.56,172.58,172.47,172.54,80.37,2021,12,31
2021-12-31 01:04:00+00:00,172.54,172.56,172.33,172.35,154.19,2021,12,31
2021-12-31 01:05:00+00:00,172.36,172.45,172.35,172.39,143.86,2021,12,31
2021-12-31 01:06:00+00:00,172.38,172.38,172.13,172.2,239.65,2021,12,31
2021-12-31 01:07:00+00:00,172.16,172.2,171.89,171.98,870.09,2021,12,31
2021-12-31 01:08:00+00:00,171.98,172.06,171.68,171.8,1390.39,2021,12,31
2021-12-31 01:09:00+00:00,171.84,171.84,171.6,171.6,469.9,2021,12,31
2021-12-31 01:10:00+00:00,171.6,171.6,171.31,171.31,532.78,2021,12,31
2021-12-31 01:11:00+00:00,171.31,171.44,171.2,171.44,697.29,2021,12,31
2021-12-31 01:12:00+00:00,171.42,171.99,171.09,171.76,5274.76,2021,12,31
2021-12-31 01:13:00+00:00,171.76,171.76,171.51,171.61,541.25,2021,12,31
2021-12-31 01:14:00+00:00,171.59,171.87,171.57,171.87,318.34,2021,12,31
2021-12-31 01:15:00+00:00,171.81,171.98,171.7,171.9,345.66,2021,12,31
2021-12-31 01:16:00+00:00,171.92,172.08,171.84,171.85,348.19,2021,12,31
2021-12-31 01:17:00+00:00,171.87,172.06,171.82,172.03,191.23,2021,12,31
2021-12-31 01:18:00+00:00,172.02,172.1,171.96,172.06,205.74,2021,12,31
2021-12-31 01:19:00+00:00,172.1,172.25,172.08,172.25,228.49,2021,12,31
2021-12-31 01:20:00+00:00,172.24,172.24,172.07,172.22,164.23,2021,12,31
2021-12-31 01:21:00+00:00,172.22,172.48,172.22,172.39,390.52,2021,12,31
2021-12-31 01:22:00+00:00,172.38,172.49,172.09,172.49,1738.21,2021,12,31
2021-12-31 01:23:00+00:00,172.5,172.57,172.39,172.49,711.67,2021,12,31
2021-12-31 01:24:00+00:00,172.49,172.79,172.47,172.79,563.1,2021,12,31
2021-12-31 01:25:00+00:00,172.79,172.89,172.65,172.72,876.79,2021,12,31
2021-12-31 01:26:00+00:00,172.69,172.78,172.64,172.77,468.63,2021,12,31
2021-12-31 01:27:00+00:00,172.76,172.78,172.52,172.63,338.57,2021,12,31
2021-12-31 01:28:00+00:00,172.63,172.65,172.25,172.33,1087.64,2021,12,31
2021-12-31 01:29:00+00:00,172.36,172.5,172.27,172.38,346.67,2021,12,31
2021-12-31 01:30:00+00:00,172.36,172.36,172.02,172.28,436.78,2021,12,31
2021-12-31 01:31:00+00:00,172.25,172.49,172.15,172.47,346.63,2021,12,31
2021-12-31 01:32:00+00:00,172.42,173.26,172.41,173.09,586.24,2021,12,31
2021-12-31 01:33:00+00:00,173.08,173.18,172.9,173.16,338.19,2021,12,31
2021-12-31 01:34:00+00:00,173.11,173.14,172.95,172.98,187.25,2021,12,31
2021-12-31 01:35:00+00:00,173.0,173.18,172.9,172.91,613.59,2021,12,31
2021-12-31 01:36:00+00:00,172.91,173.02,172.86,172.86,420.66,2021,12,31
2021-12-31 01:37:00+00:00,172.84,172.94,172.64,172.71,470.0,2021,12,31
2021-12-31 01:38:00+00:00,172.71,173.05,172.59,172.98,2306.37,2021,12,31
2021-12-31 01:39:00+00:00,172.98,172.98,172.64,172.84,722.36,2021,12,31
2021-12-31 01:40:00+00:00,172.84,172.89,172.7,172.82,226.16,2021,12,31
2021-12-31 01:41:00+00:00,172.83,172.88,172.69,172.73,352.09,2021,12,31
2021-12-31 01:42:00+00:00,172.73,172.92,172.64,172.83,369.59,2021,12,31
2021-12-31 01:43:00+00:00,172.8,172.81,172.67,172.67,101.95,2021,12,31
2021-12-31 01:44:00+00:00,172.68,172.85,172.68,172.84,112.69,2021,12,31
2021-12-31 01:45:00+00:00,172.83,172.83,172.57,172.62,213.75,2021,12,31
2021-12-31 01:46:00+00:00,172.6,172.62,172.45,172.46,212.52,2021,12,31
2021-12-31 01:47:00+00:00,172.5,172.59,172.42,172.51,155.66,2021,12,31
2021-12-31 01:48:00+00:00,172.53,172.55,172.4,172.49,167.73,2021,12,31
2021-12-31 01:49:00+00:00,172.52,172.53,172.24,172.33,579.16,2021,12,31
2021-12-31 01:50:00+00:00,172.31,172.46,172.29,172.35,228.59,2021,12,31
2021-12-31 01:51:00+00:00,172.36,172.76,172.35,172.76,603.32,2021,12,31
2021-12-31 01:52:00+00:00,172.76,172.97,172.69,172.91,434.88,2021,12,31
2021-12-31 01:53:00+00:00,172.9,173.04,172.87,172.98,314.7,2021,12,31
2021-12-31 01:54:00+00:00,172.98,173.12,172.82,173.09,346.51,2021,12,31
2021-12-31 01:55:00+00:00,173.12,173.28,173.11,173.19,347.86,2021,12,31
2021-12-31 01:56:00+00:00,173.2,173.26,173.01,173.14,389.45,2021,12,31
2021-12-31 01:57:00+00:00,173.13,173.13,172.94,173.1,246.52,2021,12,31
2021-12-31 01:58:00+00:00,173.11,173.16,172.97,173.15,326.85,2021,12,31
2021-12-31 01:59:00+00:00,173.16,173.16,172.99,173.03,356.36,2021,12,31
2021-12-31 02:00:00+00:00,173.04,173.06,172.59,172.69,524.69,2021,12,31
2021-12-31 02:01:00+00:00,172.68,172.68,172.53,172.53,474.52,2021,12,31
2021-12-31 02:02:00+00:00,172.52,172.83,172.5,172.72,375.75,2021,12,31
2021-12-31 02:03:00+00:00,172.71,172.74,172.32,172.32,886.91,2021,12,31
2021-12-31 02:04:00+00:00,172.32,172.32,172.07,172.24,492.02,2021,12,31
2021-12-31 02:05:00+00:00,172.24,172.32,172.12,172.13,838.09,2021,12,31
2021-12-31 02:06:00+00:00,172.19,172.27,172.09,172.2,600.41,2021,12,31
2021-12-31 02:07:00+00:00,172.2,172.5,172.16,172.27,622.7,2021,12,31
2021-12-31 02:08:00+00:00,172.26,172.49,172.2,172.31,862.03,2021,12,31
2021-12-31 02:09:00+00:00,172.3,172.42,172.26,172.31,524.2,2021,12,31
2021-12-31 02:10:00+00:00,172.31,172.66,172.22,172.43,1002.97,2021,12,31
2021-12-31 02:11:00+00:00,172.44,172.45,172.27,172.32,285.89,2021,12,31
2021-12-31 02:12:00+00:00,172.33,172.54,172.24,172.24,404.81,2021,12,31
2021-12-31 02:13:00+00:00,172.25,172.28,172.12,172.17,233.96,2021,12,31
2021-12-31 02:14:00+00:00,172.13,172.21,172.05,172.12,348.29,2021,12,31
2021-12-31 02:15:00+00:00,172.11,172.21,171.78,171.82,2565.91,2021,12,31
2021-12-31 02:16:00+00:00,171.79,171.89,171.79,171.82,619.74,2021,12,31
2021-12-31 02:17:00+00:00,171.88,172.12,171.81,172.07,1030.7,2021,12,31
2021-12-31 02:18:00+00:00,172.07,172.12,171.78,171.85,511.07,2021,12,31
2021-12-31 02:19:00+00:00,171.88,171.96,171.78,171.78,217.17,2021,12,31
2021-12-31 02:20:00+00:00,171.82,171.83,171.64,171.65,430.81,2021,12,31
2021-12-31 02:21:00+00:00,171.65,171.65,171.41,171.5,820.85,2021,12,31
2021-12-31 02:22:00+00:00,171.5,171.58,171.34,171.46,806.08,2021,12,31
2021-12-31 02:23:00+00:00,171.47,171.51,171.32,171.4,479.29,2021,12,31
2021-12-31 02:24:00+00:00,171.38,171.51,171.38,171.48,346.14,2021,12,31
2021-12-31 02:25:00+00:00,171.45,171.5,171.24,171.28,455.86,2021,12,31
2021-12-31 02:26:00+00:00,171.28,171.48,171.24,171.24,454.05,2021,12,31
2021-12-31 02:27:00+00:00,171.24,171.48,171.12,171.42,1065.57,2021,12,31
2021-12-31 02:28:00+00:00,171.46,171.56,171.42,171.44,523.6,2021,12,31
2021-12-31 02:29:00+00:00,171.43,171.47,171.29,171.29,320.9,2021,12,31
2021-12-31 02:30:00+00:00,171.28,171.29,171.1,171.11,480.01,2021,12,31
2021-12-31 02:31:00+00:00,171.16,171.38,170.99,171.33,1894.74,2021,12,31
2021-12-31 02:32:00+00:00,171.36,171.36,171.03,171.03,204.28,2021,12,31
2021-12-31 02:33:00+00:00,171.06,171.13,171.0,171.0,651.3,2021,12,31
2021-12-31 02:34:00+00:00,171.0,171.11,170.93,170.98,737.18,2021,12,31
2021-12-31 02:35:00+00:00,170.98,171.27,170.85,171.22,1129.8,2021,12,31
2021-12-31 02:36:00+00:00,171.22,171.66,171.1,171.52,5909.62,2021,12,31
2021-12-31 02:37:00+00:00,171.51,171.53,171.32,171.4,361.86,2021,12,31
2021-12-31 02:38:00+00:00,171.36,171.37,171.12,171.18,276.16,2021,12,31
2021-12-31 02:39:00+00:00,171.17,171.25,171.01,171.01,379.02,2021,12,31
2021-12-31 02:40:00+00:00,171.06,171.12,171.03,171.06,441.09,2021,12,31
2021-12-31 02:41:00+00:00,171.06,171.08,170.95,170.99,442.19,2021,12,31
2021-12-31 02:42:00+00:00,170.99,171.2,170.99,171.19,295.99,2021,12,31
2021-12-31 02:43:00+00:00,171.2,171.21,170.85,170.85,655.75,2021,12,31
2021-12-31 02:44:00+00:00,170.85,171.0,170.84,170.92,471.34,2021,12,31
2021-12-31 02:45:00+00:00,170.89,170.93,170.86,170.87,114.69,2021,12,31
2021-12-31 02:46:00+00:00,170.88,170.97,170.85,170.87,347.34,2021,12,31
2021-12-31 02:47:00+00:00,170.85,170.97,170.84,170.88,215.82,2021,12,31
2021-12-31 02:48:00+00:00,170.88,171.04,170.87,170.95,301.34,2021,12,31
2021-12-31 02:49:00+00:00,170.98,171.22,170.97,171.22,1289.95,2021,12,31
2021-12-31 02:50:00+00:00,171.22,171.35,171.11,171.31,544.38,2021,12,31
2021-12-31 02:51:00+00:00,171.32,171.4,171.23,171.34,403.52,2021,12,31
2021-12-31 02:52:00+00:00,171.34,171.43,171.26,171.29,221.48,2021,12,31
2021-12-31 02:53:00+00:00,171.29,171.39,171.2,171.3,188.06,2021,12,31
2021-12-31 02:54:00+00:00,171.32,171.47,171.25,171.47,378.85,2021,12,31
2021-12-31 02:55:00+00:00,171.45,171.54,171.43,171.44,299.31,2021,12,31
2021-12-31 02:56:00+00:00,171.45,171.51,171.38,171.44,184.5,2021,12,31
2021-12-31 02:57:00+00:00,171.45,171.47,171.3,171.42,176.52,2021,12,31
2021-12-31 02:58:00+00:00,171.4,171.4,171.2,171.36,180.69,2021,12,31
2021-12-31 02:59:00+00:00,171.35,171.35,171.23,171.29,597.36,2021,12,31
2021-12-31 03:00:00+00:00,171.27,171.37,171.06,171.1,1280.06,2021,12,31
2021-12-31 03:01:00+00:00,171.09,171.24,171.03,171.24,660.76,2021,12,31
2021-12-31 03:02:00+00:00,171.2,171.24,170.88,171.22,1701.07,2021,12,31
2021-12-31 03:03:00+00:00,171.24,171.3,171.15,171.21,405.94,2021,12,31
2021-12-31 03:04:00+00:00,171.26,171.29,171.21,171.21,126.08,2021,12,31
2021-12-31 03:05:00+00:00,171.21,171.32,171.18,171.25,449.38,2021,12,31
2021-12-31 03:06:00+00:00,171.25,171.39,171.18,171.31,251.92,2021,12,31
2021-12-31 03:07:00+00:00,171.32,171.34,171.21,171.28,294.96,2021,12,31
2021-12-31 03:08:00+00:00,171.3,171.43,171.29,171.4,152.44,2021,12,31
2021-12-31 03:09:00+00:00,171.39,171.39,171.17,171.23,373.05,2021,12,31
2021-12-31 03:10:00+00:00,171.23,171.23,170.81,170.99,987.08,2021,12,31
2021-12-31 03:11:00+00:00,170.99,171.26,170.99,171.2,833.18,2021,12,31
2021-12-31 03:12:00+00:00,171.2,171.26,171.05,171.18,599.49,2021,12,31
2021-12-31 03:13:00+00:00,171.13,171.13,171.04,171.05,148.22,2021,12,31
2021-12-31 03:14:00+00:00,171.05,171.09,170.94,170.99,152.2,2021,12,31
2021-12-31 03:15:00+00:00,170.99,171.08,170.91,170.91,637.89,2021,12,31
2021-12-31 03:16:00+00:00,170.93,171.1,170.89,171.1,321.61,2021,12,31
2021-12-31 03:17:00+00:00,171.06,171.08,170.87,171.0,717.69,2021,12,31
2021-12-31 03:18:00+00:00,171.0,171.12,170.99,171.12,382.87,2021,12,31
2021-12-31 03:19:00+00:00,171.11,171.3,171.09,171.26,408.07,2021,12,31
2021-12-31 03:20:00+00:00,171.26,171.44,171.22,171.44,357.12,2021,12,31
2021-12-31 03:21:00+00:00,171.47,171.62,171.39,171.6,757.0,2021,12,31
2021-12-31 03:22:00+00:00,171.59,171.62,171.5,171.62,328.71,2021,12,31
2021-12-31 03:23:00+00:00,171.6,171.78,171.58,171.76,288.77,2021,12,31
2021-12-31 03:24:00+00:00,171.76,171.76,171.62,171.68,395.56,2021,12,31
2021-12-31 03:25:00+00:00,171.68,171.7,171.62,171.67,340.54,2021,12,31
2021-12-31 03:26:00+00:00,171.66,171.83,171.58,171.78,523.37,2021,12,31
2021-12-31 03:27:00+00:00,171.78,171.86,171.73,171.78,267.49,2021,12,31
2021-12-31 03:28:00+00:00,171.78,171.95,171.78,171.89,892.97,2021,12,31
2021-12-31 03:29:00+00:00,171.86,171.97,171.85,171.89,465.69,2021,12,31
2021-12-31 03:30:00+00:00,171.84,171.84,171.7,171.72,279.34,2021,12,31
2021-12-31 03:31:00+00:00,171.71,171.77,171.6,171.71,799.79,2021,12,31
2021-12-31 03:32:00+00:00,171.71,171.9,171.71,171.81,527.26,2021,12,31
2021-12-31 03:33:00+00:00,171.81,171.99,171.79,171.93,486.84,2021,12,31
2021-12-31 03:34:00+00:00,171.92,171.98,171.8,171.9,700.75,2021,12,31
2021-12-31 03:35:00+00:00,171.94,171.94,171.82,171.86,383.18,2021,12,31
2021-12-31 03:36:00+00:00,171.88,171.89,171.8,171.87,288.23,2021,12,31
2021-12-31 03:37:00+00:00,171.87,172.06,171.87,172.01,355.17,2021,12,31
2021-12-31 03:38:00+00:00,172.0,172.02,171.91,171.92,430.52,2021,12,31
2021-12-31 03:39:00+00:00,171.92,171.99,171.87,171.95,354.02,2021,12,31
2021-12-31 03:40:00+00:00,171.95,172.07,171.91,172.02,169.75,2021,12,31
2021-12-31 03:41:00+00:00,172.05,172.22,171.96,172.13,564.71,2021,12,31
2021-12-31 03:42:00+00:00,172.17,172.28,172.08,172.27,523.25,2021,12,31
2021-12-31 03:43:00+00:00,172.25,172.37,172.15,172.26,655.74,2021,12,31
2021-12-31 03:44:00+00:00,172.26,172.38,172.22,172.34,482.38,2021,12,31
2021-12-31 03:45:00+00:00,172.33,172.34,172.15,172.21,248.38,2021,12,31
2021-12-31 03:46:00+00:00,172.23,172.25,172.12,172.2,247.95,2021,12,31
2021-12-31 03:47:00+00:00,172.18,172.23,172.02,172.13,210.66,2021,12,31
2021-12-31 03:48:00+00:00,172.13,172.14,171.99,172.02,477.42,2021,12,31
2021-12-31 03:49:00+00:00,172.03,172.14,172.0,172.02,356.64,2021,12,31
2021-12-31 03:50:00+00:00,172.0,172.11,172.0,172.07,229.83,2021,12,31
2021-12-31 03:51:00+00:00,172.05,172.12,171.98,172.0,246.52,2021,12,31
2021-12-31 03:52:00+00:00,172.0,172.04,171.89,171.9,378.99,2021,12,31
2021-12-31 03:53:00+00:00,171.91,171.96,171.9,171.95,132.41,2021,12,31
2021-12-31 03:54:00+00:00,171.94,172.08,171.9,171.9,440.56,2021,12,31
2021-12-31 03:55:00+00:00,171.91,171.95,171.69,171.77,470.52,2021,12,31
2021-12-31 03:56:00+00:00,171.8,171.82,171.74,171.75,478.43,2021,12,31
2021-12-31 03:57:00+00:00,171.75,171.75,171.58,171.58,487.7,2021,12,31
2021-12-31 03:58:00+00:00,171.57,171.7,171.56,171.64,950.85,2021,12,31
2021-12-31 03:59:00+00:00,171.64,171.65,171.5,171.59,414.7,2021,12,31
2021-12-31 04:00:00+00:00,171.59,171.62,171.43,171.59,653.82,2021,12,31
2021-12-31 04:01:00+00:00,171.59,171.61,171.4,171.48,535.95,2021,12,31
2021-12-31 04:02:00+00:00,171.5,171.63,171.48,171.58,438.6,2021,12,31
2021-12-31 04:03:00+00:00,171.58,171.69,171.55,171.57,905.17,2021,12,31
2021-12-31 04:04:00+00:00,171.57,171.71,171.45,171.67,916.58,2021,12,31
2021-12-31 04:05:00+00:00,171.71,171.97,171.68,171.83,1134.18,2021,12,31
2021-12-31 04:06:00+00:00,171.88,171.99,171.81,171.99,508.35,2021,12,31
2021-12-31 04:07:00+00:00,171.97,172.01,171.77,171.88,372.66,2021,12,31
2021-12-31 04:08:00+00:00,171.86,172.03,171.84,172.02,481.55,2021,12,31
2021-12-31 04:09:00+00:00,172.03,172.04,171.79,171.82,472.1,2021,12,31
2021-12-31 04:10:00+00:00,171.84,171.89,171.79,171.83,206.95,2021,12,31
2021-12-31 04:11:00+00:00,171.83,171.84,171.74,171.83,215.45,2021,12,31
2021-12-31 04:12:00+00:00,171.82,171.83,171.58,171.58,729.21,2021,12,31
2021-12-31 04:13:00+00:00,171.59,171.63,171.5,171.55,375.99,2021,12,31
2021-12-31 04:14:00+00:00,171.54,171.67,171.53,171.57,397.5,2021,12,31
2021-12-31 04:15:00+00:00,171.57,171.64,171.52,171.62,422.34,2021,12,31
2021-12-31 04:16:00+00:00,171.62,171.79,171.62,171.7,395.87,2021,12,31
2021-12-31 04:17:00+00:00,171.7,171.74,171.51,171.53,679.46,2021,12,31
2021-12-31 04:18:00+00:00,171.55,171.57,171.45,171.48,296.7,2021,12,31
2021-12-31 04:19:00+00:00,171.49,171.68,171.46,171.67,770.54,2021,12,31
2021-12-31 04:20:00+00:00,171.67,171.87,171.6,171.79,536.34,2021,12,31
2021-12-31 04:21:00+00:00,171.78,171.87,171.7,171.84,575.42,2021,12,31
2021-12-31 04:22:00+00:00,171.84,172.01,171.75,172.01,501.38,2021,12,31
2021-12-31 04:23:00+00:00,172.01,172.07,171.89,171.94,628.23,2021,12,31
2021-12-31 04:24:00+00:00,171.94,171.97,171.83,171.87,486.57,2021,12,31
2021-12-31 04:25:00+00:00,171.86,171.87,171.67,171.86,636.63,2021,12,31
2021-12-31 04:26:00+00:00,171.86,172.09,171.79,172.04,821.07,2021,12,31
2021-12-31 04:27:00+00:00,172.05,172.09,171.72,171.72,588.0,2021,12,31
2021-12-31 04:28:00+00:00,171.71,171.75,171.6,171.7,441.64,2021,12,31
2021-12-31 04:29:00+00:00,171.72,171.76,171.6,171.72,303.13,2021,12,31
2021-12-31 04:30:00+00:00,171.74,171.82,171.51,171.6,809.0,2021,12,31
2021-12-31 04:31:00+00:00,171.57,171.63,171.52,171.6,156.28,2021,12,31
2021-12-31 04:32:00+00:00,171.59,171.6,171.48,171.48,677.47,2021,12,31
2021-12-31 04:33:00+00:00,171.48,171.67,171.4,171.48,822.26,2021,12,31
2021-12-31 04:34:00+00:00,171.46,171.47,171.36,171.46,1415.07,2021,12,31
2021-12-31 04:35:00+00:00,171.45,171.52,171.36,171.42,309.85,2021,12,31
2021-12-31 04:36:00+00:00,171.4,171.5,171.33,171.45,355.43,2021,12,31
2021-12-31 04:37:00+00:00,171.45,171.45,171.35,171.37,180.66,2021,12,31
2021-12-31 04:38:00+00:00,171.37,171.68,171.36,171.51,361.91,2021,12,31
2021-12-31 04:39:00+00:00,171.5,171.6,171.39,171.53,347.25,2021,12,31
2021-12-31 04:40:00+00:00,171.57,171.57,171.43,171.44,384.17,2021,12,31
2021-12-31 04:41:00+00:00,171.46,171.5,171.38,171.41,165.73,2021,12,31
2021-12-31 04:42:00+00:00,171.42,171.43,171.37,171.41,95.18,2021,12,31
2021-12-31 04:43:00+00:00,171.4,171.44,171.37,171.43,358.84,2021,12,31
2021-12-31 04:44:00+00:00,171.43,171.43,171.34,171.37,383.03,2021,12,31
2021-12-31 04:45:00+00:00,171.36,171.36,171.23,171.24,292.9,2021,12,31
2021-12-31 04:46:00+00:00,171.24,171.25,170.96,170.96,948.05,2021,12,31
2021-12-31 04:47:00+00:00,170.97,171.36,170.96,171.35,745.0,2021,12,31
2021-12-31 04:48:00+00:00,171.33,171.33,171.0,171.07,378.39,2021,12,31
2021-12-31 04:49:00+00:00,171.08,171.09,171.0,171.04,244.28,2021,12,31
2021-12-31 04:50:00+00:00,171.03,171.07,170.94,171.02,326.23,2021,12,31
2021-12-31 04:51:00+00:00,171.01,171.17,171.01,171.08,392.91,2021,12,31
2021-12-31 04:52:00+00:00,171.07,171.18,171.05,171.09,302.14,2021,12,31
2021-12-31 04:53:00+00:00,171.07,171.11,170.96,171.01,646.72,2021,12,31
2021-12-31 04:54:00+00:00,170.99,171.07,170.98,170.99,358.55,2021,12,31
2021-12-31 04:55:00+00:00,170.99,171.15,170.99,171.09,286.64,2021,12,31
2021-12-31 04:56:00+00:00,171.07,171.25,171.05,171.16,396.67,2021,12,31
2021-12-31 04:57:00+00:00,171.17,171.2,171.0,171.01,426.63,2021,12,31
2021-12-31 04:58:00+00:00,171.01,171.13,170.95,170.97,312.7,2021,12,31
2021-12-31 04:59:00+00:00,170.98,171.08,170.9,170.99,304.45,2021,12,31
2021-12-31 05:00:00+00:00,171.01,171.26,170.97,171.05,676.83,2021,12,31
2021-12-31 05:01:00+00:00,171.04,171.09,170.99,171.03,262.76,2021,12,31
2021-12-31 05:02:00+00:00,171.03,171.08,170.81,170.9,1270.9,2021,12,31
2021-12-31 05:03:00+00:00,170.9,170.95,170.71,170.75,1175.07,2021,12,31
2021-12-31 05:04:00+00:00,170.74,170.84,170.74,170.83,95.04,2021,12,31
2021-12-31 05:05:00+00:00,170.84,171.02,170.84,170.9,348.25,2021,12,31
2021-12-31 05:06:00+00:00,170.89,170.91,170.76,170.83,405.14,2021,12,31
2021-12-31 05:07:00+00:00,170.81,170.88,170.73,170.77,432.99,2021,12,31
2021-12-31 05:08:00+00:00,170.76,170.88,170.7,170.75,321.5,2021,12,31
2021-12-31 05:09:00+00:00,170.76,170.97,170.71,170.89,1177.41,2021,12,31
2021-12-31 05:10:00+00:00,170.89,170.89,170.71,170.71,394.6,2021,12,31
2021-12-31 05:11:00+00:00,170.72,170.97,170.72,170.87,489.15,2021,12,31
2021-12-31 05:12:00+00:00,170.9,170.9,170.8,170.88,229.66,2021,12,31
2021-12-31 05:13:00+00:00,170.88,171.0,170.84,170.9,288.72,2021,12,31
2021-12-31 05:14:00+00:00,170.9,171.1,170.88,171.04,328.68,2021,12,31
2021-12-31 05:15:00+00:00,171.05,171.05,170.94,171.03,542.14,2021,12,31
2021-12-31 05:16:00+00:00,171.03,171.08,170.97,170.98,243.24,2021,12,31
2021-12-31 05:17:00+00:00,170.97,170.97,170.76,170.87,571.33,2021,12,31
2021-12-31 05:18:00+00:00,170.87,170.98,170.84,170.98,727.58,2021,12,31
2021-12-31 05:19:00+00:00,170.97,171.0,170.75,170.85,602.37,2021,12,31
2021-12-31 05:20:00+00:00,170.84,170.9,170.81,170.87,117.03,2021,12,31
2021-12-31 05:21:00+00:00,170.86,170.87,170.79,170.85,146.87,2021,12,31
2021-12-31 05:22:00+00:00,170.84,170.87,170.77,170.79,394.91,2021,12,31
2021-12-31 05:23:00+00:00,170.79,170.81,170.75,170.76,370.5,2021,12,31
2021-12-31 05:24:00+00:00,170.76,170.79,170.58,170.59,1283.75,2021,12,31
2021-12-31 05:25:00+00:00,170.6,170.71,170.59,170.6,342.67,2021,12,31
2021-12-31 05:26:00+00:00,170.6,170.67,170.55,170.58,555.51,2021,12,31
2021-12-31 05:27:00+00:00,170.59,170.62,170.51,170.62,390.04,2021,12,31
2021-12-31 05:28:00+00:00,170.63,170.63,170.45,170.56,1113.16,2021,12,31
2021-12-31 05:29:00+00:00,170.55,170.55,170.45,170.49,526.16,2021,12,31
2021-12-31 05:30:00+00:00,170.47,170.47,170.37,170.43,314.74,2021,12,31
2021-12-31 05:31:00+00:00,170.42,170.59,170.41,170.49,439.12,2021,12,31
2021-12-31 05:32:00+00:00,170.5,170.77,170.5,170.69,930.24,2021,12,31
2021-12-31 05:33:00+00:00,170.74,170.78,170.63,170.65,685.11,2021,12,31
2021-12-31 05:34:00+00:00,170.65,170.68,170.5,170.5,735.14,2021,12,31
2021-12-31 05:35:00+00:00,170.5,170.63,170.5,170.57,447.02,2021,12,31
2021-12-31 05:36:00+00:00,170.56,170.63,170.48,170.56,762.33,2021,12,31
2021-12-31 05:37:00+00:00,170.53,170.62,170.51,170.55,479.56,2021,12,31
2021-12-31 05:38:00+00:00,170.55,170.58,170.41,170.46,548.97,2021,12,31
2021-12-31 05:39:00+00:00,170.46,170.55,170.44,170.53,476.68,2021,12,31
2021-12-31 05:40:00+00:00,170.53,170.54,170.41,170.41,394.07,2021,12,31
2021-12-31 05:41:00+00:00,170.4,170.57,170.36,170.52,859.56,2021,12,31
2021-12-31 05:42:00+00:00,170.5,170.67,170.39,170.63,2240.34,2021,12,31
2021-12-31 05:43:00+00:00,170.6,170.67,170.54,170.58,154.33,2021,12,31
2021-12-31 05:44:00+00:00,170.6,170.63,170.53,170.62,222.93,2021,12,31
2021-12-31 05:45:00+00:00,170.62,170.75,170.62,170.71,265.4,2021,12,31
2021-12-31 05:46:00+00:00,170.7,170.7,170.58,170.67,439.08,2021,12,31
2021-12-31 05:47:00+00:00,170.68,170.92,170.62,170.9,533.8,2021,12,31
2021-12-31 05:48:00+00:00,170.92,171.0,170.83,170.86,723.74,2021,12,31
2021-12-31 05:49:00+00:00,170.85,170.97,170.85,170.91,179.08,2021,12,31
2021-12-31 05:50:00+00:00,170.92,170.99,170.87,170.88,302.05,2021,12,31
2021-12-31 05:51:00+00:00,170.9,171.01,170.85,170.94,964.48,2021,12,31
2021-12-31 05:52:00+00:00,170.94,171.04,170.92,171.03,221.94,2021,12,31
2021-12-31 05:53:00+00:00,170.99,171.49,170.96,171.38,3864.93,2021,12,31
2021-12-31 05:54:00+00:00,171.39,171.6,171.2,171.25,1677.87,2021,12,31
2021-12-31 05:55:00+00:00,171.26,171.42,171.16,171.2,784.79,2021,12,31
2021-12-31 05:56:00+00:00,171.19,171.26,171.12,171.14,433.77,2021,12,31
2021-12-31 05:57:00+00:00,171.17,171.27,171.08,171.15,420.9,2021,12,31
2021-12-31 05:58:00+00:00,171.12,171.19,171.07,171.09,510.69,2021,12,31
2021-12-31 05:59:00+00:00,171.09,171.09,170.84,170.86,258.99,2021,12,31
2021-12-31 06:00:00+00:00,170.85,171.31,170.65,171.07,6543.43,2021,12,31
2021-12-31 06:01:00+00:00,171.07,171.09,170.82,170.91,462.89,2021,12,31
2021-12-31 06:02:00+00:00,170.91,170.92,170.78,170.78,238.73,2021,12,31
2021-12-31 06:03:00+00:00,170.77,170.77,170.6,170.6,613.42,2021,12,31
2021-12-31 06:04:00+00:00,170.61,170.61,170.36,170.37,790.64,2021,12,31
2021-12-31 06:05:00+00:00,170.37,170.44,170.21,170.41,1276.51,2021,12,31
2021-12-31 06:06:00+00:00,170.42,170.45,170.27,170.28,506.0,2021,12,31
2021-12-31 06:07:00+00:00,170.3,170.32,170.23,170.29,161.76,2021,12,31
2021-12-31 06:08:00+00:00,170.27,170.32,170.18,170.27,693.19,2021,12,31
2021-12-31 06:09:00+00:00,170.26,170.48,170.2,170.39,674.94,2021,12,31
2021-12-31 06:10:00+00:00,170.41,170.41,170.24,170.29,577.23,2021,12,31
2021-12-31 06:11:00+00:00,170.29,170.49,170.29,170.39,314.62,2021,12,31
2021-12-31 06:12:00+00:00,170.38,170.6,170.34,170.46,580.76,2021,12,31
2021-12-31 06:13:00+00:00,170.45,170.56,170.37,170.56,649.34,2021,12,31
2021-12-31 06:14:00+00:00,170.55,170.82,170.54,170.8,1147.29,2021,12,31
2021-12-31 06:15:00+00:00,170.81,170.95,170.53,170.64,1368.05,2021,12,31
2021-12-31 06:16:00+00:00,170.62,170.69,170.58,170.62,108.85,2021,12,31
2021-12-31 06:17:00+00:00,170.61,170.7,170.57,170.66,170.28,2021,12,31
2021-12-31 06:18:00+00:00,170.7,171.1,170.7,171.06,293.29,2021,12,31
2021-12-31 06:19:00+00:00,171.04,171.15,170.96,171.07,277.44,2021,12,31
2021-12-31 06:20:00+00:00,171.06,171.23,170.9,171.22,2138.81,2021,12,31
2021-12-31 06:21:00+00:00,171.21,171.28,171.16,171.24,699.68,2021,12,31
2021-12-31 06:22:00+00:00,171.25,171.45,171.22,171.4,1045.24,2021,12,31
2021-12-31 06:23:00+00:00,171.39,171.51,171.27,171.48,277.4,2021,12,31
2021-12-31 06:24:00+00:00,171.47,171.57,171.38,171.49,469.47,2021,12,31
2021-12-31 06:25:00+00:00,171.5,171.54,171.35,171.42,360.28,2021,12,31
2021-12-31 06:26:00+00:00,171.44,171.51,171.33,171.36,415.6,2021,12,31
2021-12-31 06:27:00+00:00,171.35,171.41,171.31,171.39,298.33,2021,12,31
2021-12-31 06:28:00+00:00,171.37,171.47,171.37,171.4,280.33,2021,12,31
2021-12-31 06:29:00+00:00,171.42,171.43,171.1,171.22,406.01,2021,12,31
2021-12-31 06:30:00+00:00,171.21,171.33,171.2,171.2,362.42,2021,12,31
2021-12-31 06:31:00+00:00,171.21,171.25,171.09,171.17,134.87,2021,12,31
2021-12-31 06:32:00+00:00,171.15,171.97,171.15,171.68,3116.32,2021,12,31
2021-12-31 06:33:00+00:00,171.69,171.73,171.61,171.66,288.8,2021,12,31
2021-12-31 06:34:00+00:00,171.66,171.74,171.53,171.7,393.02,2021,12,31
2021-12-31 06:35:00+00:00,171.69,171.72,171.57,171.57,146.95,2021,12,31
2021-12-31 06:36:00+00:00,171.56,171.6,171.51,171.53,251.96,2021,12,31
2021-12-31 06:37:00+00:00,171.53,171.59,171.5,171.52,167.48,2021,12,31
2021-12-31 06:38:00+00:00,171.5,171.67,171.5,171.58,401.72,2021,12,31
2021-12-31 06:39:00+00:00,171.59,171.74,171.59,171.69,270.95,2021,12,31
2021-12-31 06:40:00+00:00,171.69,171.73,171.6,171.65,104.0,2021,12,31
2021-12-31 06:41:00+00:00,171.66,171.82,171.59,171.62,439.83,2021,12,31
2021-12-31 06:42:00+00:00,171.62,171.8,171.62,171.78,332.33,2021,12,31
2021-12-31 06:43:00+00:00,171.8,171.81,171.71,171.73,136.9,2021,12,31
2021-12-31 06:44:00+00:00,171.72,171.72,171.5,171.57,779.44,2021,12,31
2021-12-31 06:45:00+00:00,171.52,171.71,171.52,171.59,162.99,2021,12,31
2021-12-31 06:46:00+00:00,171.59,171.75,171.5,171.72,256.36,2021,12,31
2021-12-31 06:47:00+00:00,171.71,171.8,171.69,171.74,192.95,2021,12,31
2021-12-31 06:48:00+00:00,171.73,171.85,171.72,171.78,321.25,2021,12,31
2021-12-31 06:49:00+00:00,171.77,171.95,171.71,171.93,356.4,2021,12,31
2021-12-31 06:50:00+00:00,171.91,171.92,171.82,171.89,261.12,2021,12,31
2021-12-31 06:51:00+00:00,171.89,172.08,171.88,171.95,560.04,2021,12,31
2021-12-31 06:52:00+00:00,171.97,172.11,171.95,172.06,284.63,2021,12,31
2021-12-31 06:53:00+00:00,172.05,172.06,171.98,172.01,165.39,2021,12,31
2021-12-31 06:54:00+00:00,172.01,172.18,171.97,172.12,805.59,2021,12,31
2021-12-31 06:55:00+00:00,172.13,172.19,172.02,172.02,1359.85,2021,12,31
2021-12-31 06:56:00+00:00,172.02,172.07,171.97,172.01,267.96,2021,12,31
2021-12-31 06:57:00+00:00,172.0,172.0,171.74,171.9,744.75,2021,12,31
2021-12-31 06:58:00+00:00,171.87,171.87,171.63,171.69,238.38,2021,12,31
2021-12-31 06:59:00+00:00,171.69,171.7,171.58,171.67,308.97,2021,12,31
2021-12-31 07:00:00+00:00,171.66,171.74,171.63,171.7,304.44,2021,12,31
2021-12-31 07:01:00+00:00,171.7,171.88,171.66,171.78,403.65,2021,12,31
2021-12-31 07:02:00+00:00,171.8,171.89,171.77,171.79,700.91,2021,12,31
2021-12-31 07:03:00+00:00,171.77,171.79,171.7,171.74,204.87,2021,12,31
2021-12-31 07:04:00+00:00,171.73,171.95,171.72,171.9,146.59,2021,12,31
2021-12-31 07:05:00+00:00,171.88,171.92,171.81,171.81,350.65,2021,12,31
2021-12-31 07:06:00+00:00,171.81,171.89,171.75,171.77,292.51,2021,12,31
2021-12-31 07:07:00+00:00,171.8,171.83,171.72,171.76,139.06,2021,12,31
2021-12-31 07:08:00+00:00,171.78,171.82,171.67,171.82,120.18,2021,12,31
2021-12-31 07:09:00+00:00,171.81,171.9,171.7,171.87,212.22,2021,12,31
2021-12-31 07:10:00+00:00,171.87,171.89,171.8,171.84,317.31,2021,12,31
2021-12-31 07:11:00+00:00,171.85,171.85,171.69,171.69,146.57,2021,12,31
2021-12-31 07:12:00+00:00,171.7,171.73,171.54,171.54,212.68,2021,12,31
2021-12-31 07:13:00+00:00,171.53,171.55,171.41,171.44,214.24,2021,12,31
2021-12-31 07:14:00+00:00,171.4,171.46,171.32,171.34,152.51,2021,12,31
2021-12-31 07:15:00+00:00,171.33,171.5,171.32,171.42,267.47,2021,12,31
2021-12-31 07:16:00+00:00,171.41,171.61,171.4,171.56,264.42,2021,12,31
2021-12-31 07:17:00+00:00,171.54,171.69,171.52,171.64,319.79,2021,12,31
2021-12-31 07:18:00+00:00,171.66,171.66,171.41,171.46,164.57,2021,12,31
2021-12-31 07:19:00+00:00,171.49,171.51,171.39,171.5,200.4,2021,12,31
2021-12-31 07:20:00+00:00,171.51,171.56,171.46,171.51,274.23,2021,12,31
2021-12-31 07:21:00+00:00,171.47,171.49,171.25,171.25,208.12,2021,12,31
2021-12-31 07:22:00+00:00,171.25,171.32,171.02,171.25,1080.14,2021,12,31
2021-12-31 07:23:00+00:00,171.24,171.4,171.22,171.31,236.42,2021,12,31
2021-12-31 07:24:00+00:00,171.29,171.42,171.29,171.32,101.24,2021,12,31
2021-12-31 07:25:00+00:00,171.32,171.52,171.29,171.52,101.61,2021,12,31
2021-12-31 07:26:00+00:00,171.53,171.53,171.29,171.33,332.53,2021,12,31
2021-12-31 07:27:00+00:00,171.32,171.4,171.21,171.32,358.67,2021,12,31
2021-12-31 07:28:00+00:00,171.31,171.42,171.22,171.23,245.85,2021,12,31
2021-12-31 07:29:00+00:00,171.22,171.22,170.96,170.96,813.94,2021,12,31
2021-12-31 07:30:00+00:00,170.96,171.08,170.38,170.68,5038.54,2021,12,31
2021-12-31 07:31:00+00:00,170.68,170.82,170.63,170.63,619.49,2021,12,31
2021-12-31 07:32:00+00:00,170.62,170.76,170.61,170.74,400.51,2021,12,31
2021-12-31 07:33:00+00:00,170.7,170.7,170.53,170.6,607.9,2021,12,31
2021-12-31 07:34:00+00:00,170.61,170.75,170.52,170.63,364.56,2021,12,31
2021-12-31 07:35:00+00:00,170.64,170.68,170.53,170.61,903.27,2021,12,31
2021-12-31 07:36:00+00:00,170.6,170.68,170.45,170.61,472.03,2021,12,31
2021-12-31 07:37:00+00:00,170.61,170.61,170.42,170.51,186.44,2021,12,31
2021-12-31 07:38:00+00:00,170.49,170.49,170.25,170.31,1364.99,2021,12,31
2021-12-31 07:39:00+00:00,170.31,170.52,170.25,170.5,567.24,2021,12,31
2021-12-31 07:40:00+00:00,170.51,170.52,170.16,170.22,735.36,2021,12,31
2021-12-31 07:41:00+00:00,170.23,170.31,170.17,170.19,464.3,2021,12,31
2021-12-31 07:42:00+00:00,170.18,170.25,170.08,170.16,816.64,2021,12,31
2021-12-31 07:43:00+00:00,170.14,170.34,170.08,170.3,820.59,2021,12,31
2021-12-31 07:44:00+00:00,170.3,170.31,170.0,170.15,1799.2,2021,12,31
2021-12-31 07:45:00+00:00,170.15,170.36,170.14,170.32,648.66,2021,12,31
2021-12-31 07:46:00+00:00,170.28,170.69,170.18,170.44,2795.34,2021,12,31
2021-12-31 07:47:00+00:00,170.42,170.81,170.42,170.78,1324.78,2021,12,31
2021-12-31 07:48:00+00:00,170.77,170.83,170.6,170.6,1164.0,2021,12,31
2021-12-31 07:49:00+00:00,170.62,170.62,170.5,170.54,410.05,2021,12,31
2021-12-31 07:50:00+00:00,170.53,170.54,170.36,170.4,196.28,2021,12,31
2021-12-31 07:51:00+00:00,170.41,170.61,170.39,170.51,645.13,2021,12,31
2021-12-31 07:52:00+00:00,170.54,171.28,170.54,171.19,2777.15,2021,12,31
2021-12-31 07:53:00+00:00,171.22,171.33,171.04,171.05,1073.44,2021,12,31
2021-12-31 07:54:00+00:00,171.04,171.33,170.95,171.33,592.55,2021,12,31
2021-12-31 07:55:00+00:00,171.26,171.28,170.91,171.09,2245.0,2021,12,31
2021-12-31 07:56:00+00:00,171.11,171.53,170.99,171.53,339.46,2021,12,31
2021-12-31 07:57:00+00:00,171.52,171.76,171.48,171.51,795.34,2021,12,31
2021-12-31 07:58:00+00:00,171.57,171.8,171.35,171.56,1776.51,2021,12,31
2021-12-31 07:59:00+00:00,171.6,172.76,171.55,172.56,9582.85,2021,12,31
2021-12-31 08:00:00+00:00,172.55,173.2,172.32,173.14,4000.38,2021,12,31
2021-12-31 08:01:00+00:00,173.13,173.22,172.77,172.88,1506.69,2021,12,31
2021-12-31 08:02:00+00:00,172.81,173.36,172.49,173.36,1540.92,2021,12,31
2021-12-31 08:03:00+00:00,173.36,174.14,173.28,174.01,3436.4,2021,12,31
2021-12-31 08:04:00+00:00,173.96,174.62,173.96,174.47,4604.11,2021,12,31
2021-12-31 08:05:00+00:00,174.49,174.54,174.02,174.17,1584.28,2021,12,31
2021-12-31 08:06:00+00:00,174.21,174.33,173.97,174.06,1279.32,2021,12,31
2021-12-31 08:07:00+00:00,174.08,174.12,173.84,173.84,772.0,2021,12,31
2021-12-31 08:08:00+00:00,173.85,174.22,173.7,174.21,862.29,2021,12,31
2021-12-31 08:09:00+00:00,174.16,174.31,174.01,174.24,1001.83,2021,12,31
2021-12-31 08:10:00+00:00,174.23,174.24,174.05,174.11,594.54,2021,12,31
2021-12-31 08:11:00+00:00,174.05,174.14,173.87,173.92,522.45,2021,12,31
2021-12-31 08:12:00+00:00,173.94,174.0,173.71,173.71,802.2,2021,12,31
2021-12-31 08:13:00+00:00,173.71,173.79,173.57,173.61,569.81,2021,12,31
2021-12-31 08:14:00+00:00,173.61,173.9,173.61,173.86,892.15,2021,12,31
2021-12-31 08:15:00+00:00,173.85,174.19,173.83,174.17,490.61,2021,12,31
2021-12-31 08:16:00+00:00,174.18,174.23,173.67,173.8,916.24,2021,12,31
2021-12-31 08:17:00+00:00,173.8,173.82,173.55,173.64,586.71,2021,12,31
2021-12-31 08:18:00+00:00,173.65,173.78,173.56,173.56,507.2,2021,12,31
2021-12-31 08:19:00+00:00,173.57,173.6,173.34,173.4,614.97,2021,12,31
2021-12-31 08:20:00+00:00,173.4,173.67,173.29,173.34,527.97,2021,12,31
2021-12-31 08:21:00+00:00,173.33,173.67,173.33,173.58,432.15,2021,12,31
2021-12-31 08:22:00+00:00,173.56,173.93,173.5,173.93,496.1,2021,12,31
2021-12-31 08:23:00+00:00,173.93,175.0,173.86,174.9,7023.68,2021,12,31
2021-12-31 08:24:00+00:00,174.91,175.6,174.86,175.42,7331.49,2021,12,31
2021-12-31 08:25:00+00:00,175.38,175.67,175.1,175.33,4181.01,2021,12,31
2021-12-31 08:26:00+00:00,175.33,175.7,175.16,175.51,3064.93,2021,12,31
2021-12-31 08:27:00+00:00,175.5,175.94,175.38,175.53,4556.26,2021,12,31
2021-12-31 08:28:00+00:00,175.55,175.64,175.26,175.53,1841.27,2021,12,31
2021-12-31 08:29:00+00:00,175.49,175.71,175.43,175.7,1331.95,2021,12,31
2021-12-31 08:30:00+00:00,175.7,175.97,175.67,175.75,1434.68,2021,12,31
2021-12-31 08:31:00+00:00,175.75,176.18,175.71,176.16,2621.23,2021,12,31
2021-12-31 08:32:00+00:00,176.16,176.28,175.63,176.07,3256.75,2021,12,31
2021-12-31 08:33:00+00:00,176.07,176.46,176.02,176.44,7608.94,2021,12,31
2021-12-31 08:34:00+00:00,176.44,176.73,176.33,176.52,2133.33,2021,12,31
2021-12-31 08:35:00+00:00,176.53,176.65,176.16,176.33,2767.6,2021,12,31
2021-12-31 08:36:00+00:00,176.38,176.44,175.97,176.25,2751.47,2021,12,31
2021-12-31 08:37:00+00:00,176.27,176.6,176.25,176.37,1746.65,2021,12,31
2021-12-31 08:38:00+00:00,176.36,176.53,176.2,176.4,2119.15,2021,12,31
2021-12-31 08:39:00+00:00,176.4,176.7,176.08,176.65,1779.1,2021,12,31
2021-12-31 08:40:00+00:00,176.62,177.0,176.59,176.81,1815.78,2021,12,31
2021-12-31 08:41:00+00:00,176.77,176.79,176.48,176.72,989.74,2021,12,31
2021-12-31 08:42:00+00:00,176.72,177.15,176.71,177.12,2620.86,2021,12,31
2021-12-31 08:43:00+00:00,177.12,177.15,176.82,176.83,1284.53,2021,12,31
2021-12-31 08:44:00+00:00,176.86,176.9,176.71,176.77,452.99,2021,12,31
2021-12-31 08:45:00+00:00,176.75,177.0,176.74,176.95,679.36,2021,12,31
2021-12-31 08:46:00+00:00,176.93,177.19,176.91,177.02,3015.7,2021,12,31
2021-12-31 08:47:00+00:00,176.99,177.47,176.93,177.46,1865.45,2021,12,31
2021-12-31 08:48:00+00:00,177.46,177.6,177.3,177.52,1389.2,2021,12,31
2021-12-31 08:49:00+00:00,177.51,177.65,177.01,177.2,2118.6,2021,12,31
2021-12-31 08:50:00+00:00,177.21,177.37,177.14,177.14,2170.17,2021,12,31
2021-12-31 08:51:00+00:00,177.18,177.25,176.92,176.92,1403.06,2021,12,31
2021-12-31 08:52:00+00:00,176.92,177.2,176.91,177.14,788.72,2021,12,31
2021-12-31 08:53:00+00:00,177.15,177.23,176.69,176.78,1325.05,2021,12,31
2021-12-31 08:54:00+00:00,176.71,176.8,176.24,176.31,3577.56,2021,12,31
2021-12-31 08:55:00+00:00,176.33,176.69,176.33,176.69,774.74,2021,12,31
2021-12-31 08:56:00+00:00,176.62,176.99,176.58,176.88,806.25,2021,12,31
2021-12-31 08:57:00+00:00,176.88,177.0,176.71,176.84,733.1,2021,12,31
2021-12-31 08:58:00+00:00,176.83,176.98,176.79,176.86,476.15,2021,12,31
2021-12-31 08:59:00+00:00,176.87,177.07,176.8,176.93,1156.77,2021,12,31
2021-12-31 09:00:00+00:00,176.97,177.33,176.97,177.27,1933.06,2021,12,31
2021-12-31 09:01:00+00:00,177.3,177.3,177.02,177.19,1121.87,2021,12,31
2021-12-31 09:02:00+00:00,177.18,177.29,177.04,177.07,679.59,2021,12,31
2021-12-31 09:03:00+00:00,177.07,177.24,176.97,177.21,979.1,2021,12,31
2021-12-31 09:04:00+00:00,177.22,177.28,176.82,176.91,921.28,2021,12,31
2021-12-31 09:05:00+00:00,176.9,176.9,176.66,176.77,669.0,2021,12,31
2021-12-31 09:06:00+00:00,176.79,177.14,176.75,177.03,900.6,2021,12,31
2021-12-31 09:07:00+00:00,177.04,177.29,177.04,177.29,778.93,2021,12,31
2021-12-31 09:08:00+00:00,177.3,177.34,177.07,177.14,356.64,2021,12,31
2021-12-31 09:09:00+00:00,177.12,177.3,177.06,177.23,555.8,2021,12,31
2021-12-31 09:10:00+00:00,177.25,177.48,177.22,177.47,238.37,2021,12,31
2021-12-31 09:11:00+00:00,177.45,177.6,177.33,177.45,1018.75,2021,12,31
2021-12-31 09:12:00+00:00,177.46,177.59,177.39,177.39,556.48,2021,12,31
2021-12-31 09:13:00+00:00,177.39,177.4,177.08,177.26,664.69,2021,12,31
2021-12-31 09:14:00+00:00,177.26,177.38,177.19,177.21,558.1,2021,12,31
2021-12-31 09:15:00+00:00,177.25,177.42,177.01,177.12,2200.74,2021,12,31
2021-12-31 09:16:00+00:00,177.11,177.44,177.11,177.3,844.66,2021,12,31
2021-12-31 09:17:00+00:00,177.31,177.32,177.11,177.25,585.18,2021,12,31
2021-12-31 09:18:00+00:00,177.26,177.34,176.97,177.17,1672.17,2021,12,31
2021-12-31 09:19:00+00:00,177.17,177.25,176.69,176.76,1732.16,2021,12,31
2021-12-31 09:20:00+00:00,176.7,176.76,176.46,176.55,762.08,2021,12,31
2021-12-31 09:21:00+00:00,176.55,176.87,176.5,176.75,586.98,2021,12,31
2021-12-31 09:22:00+00:00,176.76,176.78,176.58,176.63,568.41,2021,12,31
2021-12-31 09:23:00+00:00,176.63,176.76,176.28,176.47,1124.95,2021,12,31
2021-12-31 09:24:00+00:00,176.46,176.54,176.23,176.36,1269.65,2021,12,31
2021-12-31 09:25:00+00:00,176.34,176.4,176.17,176.28,1895.69,2021,12,31
2021-12-31 09:26:00+00:00,176.25,176.5,176.21,176.45,377.96,2021,12,31
2021-12-31 09:27:00+00:00,176.44,176.45,175.99,176.11,5260.87,2021,12,31
2021-12-31 09:28:00+00:00,176.11,176.42,176.1,176.33,537.68,2021,12,31
2021-12-31 09:29:00+00:00,176.34,176.59,176.26,176.48,884.44,2021,12,31
2021-12-31 09:30:00+00:00,176.48,176.64,176.41,176.6,493.35,2021,12,31
2021-12-31 09:31:00+00:00,176.61,176.67,176.52,176.53,1175.34,2021,12,31
2021-12-31 09:32:00+00:00,176.53,176.62,176.21,176.25,350.38,2021,12,31
2021-12-31 09:33:00+00:00,176.21,176.28,176.03,176.15,266.01,2021,12,31
2021-12-31 09:34:00+00:00,176.11,176.18,176.03,176.17,250.19,2021,12,31
2021-12-31 09:35:00+00:00,176.15,176.36,175.84,175.9,889.03,2021,12,31
2021-12-31 09:36:00+00:00,175.9,176.09,175.75,176.0,602.33,2021,12,31
2021-12-31 09:37:00+00:00,176.0,176.44,175.99,176.29,1681.87,2021,12,31
2021-12-31 09:38:00+00:00,176.28,176.31,176.16,176.16,181.67,2021,12,31
2021-12-31 09:39:00+00:00,176.18,176.25,176.01,176.06,456.98,2021,12,31
2021-12-31 09:40:00+00:00,176.06,176.27,175.97,176.05,670.99,2021,12,31
2021-12-31 09:41:00+00:00,176.03,176.1,176.02,176.07,276.85,2021,12,31
2021-12-31 09:42:00+00:00,176.07,176.09,175.75,175.76,653.71,2021,12,31
2021-12-31 09:43:00+00:00,175.76,176.04,175.69,175.99,496.96,2021,12,31
2021-12-31 09:44:00+00:00,176.01,176.04,175.84,175.85,873.85,2021,12,31
2021-12-31 09:45:00+00:00,175.85,176.0,175.71,175.85,1231.24,2021,12,31
2021-12-31 09:46:00+00:00,175.85,175.95,175.83,175.93,425.83,2021,12,31
2021-12-31 09:47:00+00:00,175.93,176.09,175.8,176.03,1464.89,2021,12,31
2021-12-31 09:48:00+00:00,176.03,176.08,175.31,175.57,4859.45,2021,12,31
2021-12-31 09:49:00+00:00,175.56,175.56,175.15,175.22,1418.26,2021,12,31
2021-12-31 09:50:00+00:00,175.25,175.44,175.11,175.37,1252.37,2021,12,31
2021-12-31 09:51:00+00:00,175.38,175.46,175.26,175.41,828.02,2021,12,31
2021-12-31 09:52:00+00:00,175.42,175.51,175.32,175.32,424.62,2021,12,31
2021-12-31 09:53:00+00:00,175.32,175.49,175.26,175.29,644.1,2021,12,31
2021-12-31 09:54:00+00:00,175.28,175.4,175.17,175.17,424.62,2021,12,31
2021-12-31 09:55:00+00:00,175.19,175.38,175.15,175.28,517.04,2021,12,31
2021-12-31 09:56:00+00:00,175.27,175.72,175.27,175.63,1342.11,2021,12,31
2021-12-31 09:57:00+00:00,175.6,175.76,175.51,175.74,368.96,2021,12,31
2021-12-31 09:58:00+00:00,175.73,175.73,175.6,175.66,147.09,2021,12,31
2021-12-31 09:59:00+00:00,175.66,175.66,175.44,175.57,378.63,2021,12,31
2021-12-31 10:00:00+00:00,175.61,175.8,175.55,175.68,523.74,2021,12,31
2021-12-31 10:01:00+00:00,175.69,175.8,175.63,175.75,207.4,2021,12,31
2021-12-31 10:02:00+00:00,175.74,175.77,175.65,175.66,466.05,2021,12,31
2021-12-31 10:03:00+00:00,175.66,175.77,175.56,175.69,341.5,2021,12,31
2021-12-31 10:04:00+00:00,175.66,175.66,175.55,175.57,179.91,2021,12,31
2021-12-31 10:05:00+00:00,175.59,175.65,175.38,175.43,446.62,2021,12,31
2021-12-31 10:06:00+00:00,175.44,175.52,175.36,175.47,834.1,2021,12,31
2021-12-31 10:07:00+00:00,175.49,175.49,175.3,175.34,327.63,2021,12,31
2021-12-31 10:08:00+00:00,175.37,175.38,175.07,175.16,1108.82,2021,12,31
2021-12-31 10:09:00+00:00,175.15,175.5,175.08,175.42,420.78,2021,12,31
2021-12-31 10:10:00+00:00,175.46,175.61,175.32,175.58,362.3,2021,12,31
2021-12-31 10:11:00+00:00,175.58,175.6,175.45,175.45,375.82,2021,12,31
2021-12-31 10:12:00+00:00,175.42,175.62,175.4,175.52,188.97,2021,12,31
2021-12-31 10:13:00+00:00,175.53,175.64,175.42,175.43,272.35,2021,12,31
2021-12-31 10:14:00+00:00,175.41,175.5,175.18,175.45,467.29,2021,12,31
2021-12-31 10:15:00+00:00,175.45,175.73,175.36,175.73,355.84,2021,12,31
2021-12-31 10:16:00+00:00,175.71,175.75,175.64,175.64,165.18,2021,12,31
2021-12-31 10:17:00+00:00,175.63,175.75,175.55,175.55,179.17,2021,12,31
2021-12-31 10:18:00+00:00,175.57,175.71,175.55,175.64,236.08,2021,12,31
2021-12-31 10:19:00+00:00,175.63,175.84,175.63,175.78,155.42,2021,12,31
2021-12-31 10:20:00+00:00,175.79,175.79,175.57,175.65,263.4,2021,12,31
2021-12-31 10:21:00+00:00,175.65,175.92,175.65,175.92,305.35,2021,12,31
2021-12-31 10:22:00+00:00,175.92,176.15,175.86,176.09,635.96,2021,12,31
2021-12-31 10:23:00+00:00,176.09,176.18,176.02,176.12,232.16,2021,12,31
2021-12-31 10:24:00+00:00,176.11,176.17,175.98,176.05,773.13,2021,12,31
2021-12-31 10:25:00+00:00,176.05,176.17,176.0,176.15,294.48,2021,12,31
2021-12-31 10:26:00+00:00,176.14,176.34,176.11,176.23,1108.97,2021,12,31
2021-12-31 10:27:00+00:00,176.23,176.37,176.12,176.13,427.53,2021,12,31
2021-12-31 10:28:00+00:00,176.13,176.35,176.13,176.28,283.43,2021,12,31
2021-12-31 10:29:00+00:00,176.32,176.33,176.17,176.23,127.18,2021,12,31
2021-12-31 10:30:00+00:00,176.21,176.29,176.12,176.26,179.71,2021,12,31
2021-12-31 10:31:00+00:00,176.26,176.3,176.15,176.15,436.87,2021,12,31
2021-12-31 10:32:00+00:00,176.15,176.28,176.14,176.17,279.89,2021,12,31
2021-12-31 10:33:00+00:00,176.17,176.4,176.16,176.4,320.81,2021,12,31
2021-12-31 10:34:00+00:00,176.39,176.5,176.36,176.46,302.74,2021,12,31
2021-12-31 10:35:00+00:00,176.46,176.47,176.31,176.45,547.14,2021,12,31
2021-12-31 10:36:00+00:00,176.48,176.48,176.37,176.39,327.41,2021,12,31
2021-12-31 10:37:00+00:00,176.39,176.5,176.36,176.48,622.03,2021,12,31
2021-12-31 10:38:00+00:00,176.49,176.5,176.24,176.28,398.46,2021,12,31
2021-12-31 10:39:00+00:00,176.26,176.26,176.08,176.2,201.57,2021,12,31
2021-12-31 10:40:00+00:00,176.19,176.42,176.18,176.24,404.21,2021,12,31
2021-12-31 10:41:00+00:00,176.24,176.4,176.24,176.38,273.9,2021,12,31
2021-12-31 10:42:00+00:00,176.36,176.48,176.34,176.39,756.36,2021,12,31
2021-12-31 10:43:00+00:00,176.39,176.53,176.39,176.48,298.88,2021,12,31
2021-12-31 10:44:00+00:00,176.46,176.47,176.33,176.41,372.71,2021,12,31
2021-12-31 10:45:00+00:00,176.42,176.46,176.19,176.2,322.45,2021,12,31
2021-12-31 10:46:00+00:00,176.19,176.37,176.14,176.37,601.42,2021,12,31
2021-12-31 10:47:00+00:00,176.36,176.36,176.2,176.2,229.72,2021,12,31
2021-12-31 10:48:00+00:00,176.21,176.25,176.07,176.15,846.16,2021,12,31
2021-12-31 10:49:00+00:00,176.15,176.23,176.11,176.17,244.11,2021,12,31
2021-12-31 10:50:00+00:00,176.17,176.22,176.11,176.22,189.48,2021,12,31
2021-12-31 10:51:00+00:00,176.17,176.22,176.11,176.11,196.27,2021,12,31
2021-12-31 10:52:00+00:00,176.1,176.22,176.06,176.14,335.12,2021,12,31
2021-12-31 10:53:00+00:00,176.12,176.16,176.02,176.07,182.53,2021,12,31
2021-12-31 10:54:00+00:00,176.07,176.22,176.03,176.18,85.15,2021,12,31
2021-12-31 10:55:00+00:00,176.17,176.26,176.1,176.1,217.48,2021,12,31
2021-12-31 10:56:00+00:00,176.15,176.2,175.38,175.47,2989.84,2021,12,31
2021-12-31 10:57:00+00:00,175.47,175.56,175.27,175.28,1230.23,2021,12,31
2021-12-31 10:58:00+00:00,175.26,175.3,174.7,174.78,2532.13,2021,12,31
2021-12-31 10:59:00+00:00,174.71,175.16,174.71,175.16,1101.27,2021,12,31
2021-12-31 11:00:00+00:00,175.14,175.43,175.12,175.41,365.22,2021,12,31
2021-12-31 11:01:00+00:00,175.47,175.88,175.37,175.64,866.96,2021,12,31
2021-12-31 11:02:00+00:00,175.63,175.8,175.46,175.72,915.84,2021,12,31
2021-12-31 11:03:00+00:00,175.78,175.79,175.52,175.59,477.22,2021,12,31
2021-12-31 11:04:00+00:00,175.55,175.61,175.45,175.56,238.59,2021,12,31
2021-12-31 11:05:00+00:00,175.56,175.58,175.22,175.57,584.48,2021,12,31
2021-12-31 11:06:00+00:00,175.56,175.64,175.45,175.5,352.26,2021,12,31
2021-12-31 11:07:00+00:00,175.49,175.72,175.45,175.72,989.96,2021,12,31
2021-12-31 11:08:00+00:00,175.75,175.76,175.52,175.57,329.91,2021,12,31
2021-12-31 11:09:00+00:00,175.58,175.7,175.42,175.69,571.65,2021,12,31
2021-12-31 11:10:00+00:00,175.67,175.69,175.43,175.45,215.41,2021,12,31
2021-12-31 11:11:00+00:00,175.45,175.65,175.45,175.56,365.79,2021,12,31
2021-12-31 11:12:00+00:00,175.56,175.56,175.41,175.5,543.35,2021,12,31
2021-12-31 11:13:00+00:00,175.49,175.55,175.35,175.55,745.36,2021,12,31
2021-12-31 11:14:00+00:00,175.54,175.54,175.32,175.32,723.15,2021,12,31
2021-12-31 11:15:00+00:00,175.36,175.68,175.36,175.64,634.91,2021,12,31
2021-12-31 11:16:00+00:00,175.66,175.73,175.5,175.5,361.58,2021,12,31
2021-12-31 11:17:00+00:00,175.5,175.57,175.46,175.57,296.61,2021,12,31
2021-12-31 11:18:00+00:00,175.57,175.57,175.45,175.5,417.2,2021,12,31
2021-12-31 11:19:00+00:00,175.51,175.63,175.45,175.6,505.62,2021,12,31
2021-12-31 11:20:00+00:00,175.6,175.74,175.52,175.62,448.25,2021,12,31
2021-12-31 11:21:00+00:00,175.63,175.74,175.57,175.63,185.71,2021,12,31
2021-12-31 11:22:00+00:00,175.64,175.71,175.55,175.57,388.04,2021,12,31
2021-12-31 11:23:00+00:00,175.57,175.7,175.47,175.47,455.33,2021,12,31
2021-12-31 11:24:00+00:00,175.46,175.69,175.39,175.63,1495.19,2021,12,31
2021-12-31 11:25:00+00:00,175.64,175.77,175.59,175.75,259.73,2021,12,31
2021-12-31 11:26:00+00:00,175.75,175.89,175.72,175.83,483.27,2021,12,31
2021-12-31 11:27:00+00:00,175.81,175.94,175.79,175.89,190.02,2021,12,31
2021-12-31 11:28:00+00:00,175.91,175.91,175.73,175.77,311.98,2021,12,31
2021-12-31 11:29:00+00:00,175.82,175.95,175.74,175.79,398.54,2021,12,31
2021-12-31 11:30:00+00:00,175.79,175.88,175.77,175.85,244.14,2021,12,31
2021-12-31 11:31:00+00:00,175.8,175.87,175.7,175.75,276.4,2021,12,31
2021-12-31 11:32:00+00:00,175.78,175.8,175.37,175.48,1788.81,2021,12,31
2021-12-31 11:33:00+00:00,175.47,175.51,175.39,175.44,542.26,2021,12,31
2021-12-31 11:34:00+00:00,175.48,175.53,175.34,175.44,395.13,2021,12,31
2021-12-31 11:35:00+00:00,175.43,175.46,175.21,175.25,307.46,2021,12,31
2021-12-31 11:36:00+00:00,175.23,175.3,175.2,175.2,322.4,2021,12,31
2021-12-31 11:37:00+00:00,175.21,175.3,175.18,175.28,182.94,2021,12,31
2021-12-31 11:38:00+00:00,175.28,175.42,175.28,175.35,200.31,2021,12,31
2021-12-31 11:39:00+00:00,175.35,175.39,175.26,175.39,183.38,2021,12,31
2021-12-31 11:40:00+00:00,175.4,175.4,175.22,175.25,180.84,2021,12,31
2021-12-31 11:41:00+00:00,175.24,175.26,175.09,175.23,535.8,2021,12,31
2021-12-31 11:42:00+00:00,175.21,175.47,175.2,175.4,1409.49,2021,12,31
2021-12-31 11:43:00+00:00,175.4,175.48,175.37,175.39,210.36,2021,12,31
2021-12-31 11:44:00+00:00,175.38,175.41,175.25,175.36,137.86,2021,12,31
2021-12-31 11:45:00+00:00,175.37,175.61,175.37,175.54,1315.05,2021,12,31
2021-12-31 11:46:00+00:00,175.54,175.58,175.24,175.3,271.11,2021,12,31
2021-12-31 11:47:00+00:00,175.28,175.4,175.21,175.39,168.44,2021,12,31
2021-12-31 11:48:00+00:00,175.39,175.4,175.23,175.27,484.19,2021,12,31
2021-12-31 11:49:00+00:00,175.28,175.34,175.13,175.13,270.66,2021,12,31
2021-12-31 11:50:00+00:00,175.13,175.24,175.12,175.14,237.22,2021,12,31
2021-12-31 11:51:00+00:00,175.14,175.28,175.01,175.2,1758.91,2021,12,31
2021-12-31 11:52:00+00:00,175.17,175.34,175.15,175.34,257.05,2021,12,31
2021-12-31 11:53:00+00:00,175.33,175.41,175.17,175.17,164.48,2021,12,31
2021-12-31 11:54:00+00:00,175.24,175.35,175.23,175.25,200.64,2021,12,31
2021-12-31 11:55:00+00:00,175.23,175.3,175.22,175.24,132.97,2021,12,31
2021-12-31 11:56:00+00:00,175.24,175.29,175.03,175.13,515.72,2021,12,31
2021-12-31 11:57:00+00:00,175.15,175.15,174.94,174.96,1006.1,2021,12,31
2021-12-31 11:58:00+00:00,174.94,175.15,174.81,175.07,576.21,2021,12,31
2021-12-31 11:59:00+00:00,175.11,175.19,175.08,175.12,127.91,2021,12,31
2021-12-31 12:00:00+00:00,175.11,175.29,175.08,175.14,676.2,2021,12,31
2021-12-31 12:01:00+00:00,175.08,175.17,174.9,175.06,497.98,2021,12,31
2021-12-31 12:02:00+00:00,175.07,175.07,174.96,174.96,422.82,2021,12,31
2021-12-31 12:03:00+00:00,174.95,175.03,174.92,174.97,242.45,2021,12,31
2021-12-31 12:04:00+00:00,174.97,175.08,174.87,175.0,628.27,2021,12,31
2021-12-31 12:05:00+00:00,174.99,175.05,174.9,174.97,270.14,2021,12,31
2021-12-31 12:06:00+00:00,174.96,174.96,174.78,174.87,401.4,2021,12,31
2021-12-31 12:07:00+00:00,174.9,174.99,174.84,174.96,435.53,2021,12,31
2021-12-31 12:08:00+00:00,174.98,175.12,174.83,175.06,756.84,2021,12,31
2021-12-31 12:09:00+00:00,175.02,175.04,174.93,175.03,294.63,2021,12,31
2021-12-31 12:10:00+00:00,175.02,175.04,174.91,174.97,454.02,2021,12,31
2021-12-31 12:11:00+00:00,174.97,175.15,174.97,175.08,433.53,2021,12,31
2021-12-31 12:12:00+00:00,175.09,175.35,175.09,175.29,417.49,2021,12,31
2021-12-31 12:13:00+00:00,175.29,175.43,175.29,175.32,159.29,2021,12,31
2021-12-31 12:14:00+00:00,175.35,175.5,175.18,175.29,1793.71,2021,12,31
2021-12-31 12:15:00+00:00,175.29,175.42,175.17,175.33,1018.9,2021,12,31
2021-12-31 12:16:00+00:00,175.33,175.56,175.33,175.49,439.51,2021,12,31
2021-12-31 12:17:00+00:00,175.5,175.56,175.47,175.47,336.99,2021,12,31
2021-12-31 12:18:00+00:00,175.48,175.51,175.47,175.51,65.31,2021,12,31
2021-12-31 12:19:00+00:00,175.51,175.52,175.42,175.43,220.76,2021,12,31
2021-12-31 12:20:00+00:00,175.43,175.47,175.4,175.45,694.61,2021,12,31
2021-12-31 12:21:00+00:00,175.44,175.46,175.4,175.44,391.43,2021,12,31
2021-12-31 12:22:00+00:00,175.44,175.58,175.44,175.47,746.28,2021,12,31
2021-12-31 12:23:00+00:00,175.46,175.54,175.43,175.44,211.8,2021,12,31
2021-12-31 12:24:00+00:00,175.45,175.46,175.19,175.44,2972.28,2021,12,31
2021-12-31 12:25:00+00:00,175.43,175.48,175.39,175.48,325.68,2021,12,31
2021-12-31 12:26:00+00:00,175.45,175.46,175.41,175.43,86.92,2021,12,31
2021-12-31 12:27:00+00:00,175.42,175.51,175.36,175.45,569.53,2021,12,31
2021-12-31 12:28:00+00:00,175.48,175.51,175.24,175.33,192.23,2021,12,31
2021-12-31 12:29:00+00:00,175.36,175.4,175.22,175.27,358.04,2021,12,31
2021-12-31 12:30:00+00:00,175.26,175.3,175.23,175.25,101.12,2021,12,31
2021-12-31 12:31:00+00:00,175.29,175.51,175.29,175.44,332.43,2021,12,31
2021-12-31 12:32:00+00:00,175.43,175.48,175.26,175.42,314.54,2021,12,31
2021-12-31 12:33:00+00:00,175.42,175.44,175.31,175.34,258.07,2021,12,31
2021-12-31 12:34:00+00:00,175.33,175.53,175.27,175.48,736.2,2021,12,31
2021-12-31 12:35:00+00:00,175.45,175.53,175.36,175.53,122.73,2021,12,31
2021-12-31 12:36:00+00:00,175.51,175.51,175.41,175.41,401.46,2021,12,31
2021-12-31 12:37:00+00:00,175.4,175.65,175.4,175.61,409.35,2021,12,31
2021-12-31 12:38:00+00:00,175.61,175.74,175.59,175.67,397.85,2021,12,31
2021-12-31 12:39:00+00:00,175.68,175.73,175.64,175.69,230.37,2021,12,31
2021-12-31 12:40:00+00:00,175.69,175.9,175.59,175.85,564.74,2021,12,31
2021-12-31 12:41:00+00:00,175.84,175.9,175.78,175.84,550.1,2021,12,31
2021-12-31 12:42:00+00:00,175.82,175.83,175.68,175.75,439.85,2021,12,31
2021-12-31 12:43:00+00:00,175.75,175.85,175.72,175.75,318.92,2021,12,31
2021-12-31 12:44:00+00:00,175.75,175.81,175.72,175.76,486.39,2021,12,31
2021-12-31 12:45:00+00:00,175.75,175.82,175.73,175.76,303.48,2021,12,31
2021-12-31 12:46:00+00:00,175.76,175.83,175.76,175.76,333.42,2021,12,31
2021-12-31 12:47:00+00:00,175.75,175.85,175.7,175.7,1222.49,2021,12,31
2021-12-31 12:48:00+00:00,175.71,175.73,175.56,175.56,831.42,2021,12,31
2021-12-31 12:49:00+00:00,175.56,175.56,175.35,175.49,558.96,2021,12,31
2021-12-31 12:50:00+00:00,175.5,175.58,175.4,175.53,515.2,2021,12,31
2021-12-31 12:51:00+00:00,175.52,175.53,175.4,175.45,508.98,2021,12,31
2021-12-31 12:52:00+00:00,175.45,175.5,175.42,175.42,353.29,2021,12,31
2021-12-31 12:53:00+00:00,175.45,175.47,175.44,175.46,118.22,2021,12,31
2021-12-31 12:54:00+00:00,175.47,175.5,175.41,175.5,417.77,2021,12,31
2021-12-31 12:55:00+00:00,175.5,175.52,175.3,175.31,491.32,2021,12,31
2021-12-31 12:56:00+00:00,175.32,175.37,175.26,175.33,216.09,2021,12,31
2021-12-31 12:57:00+00:00,175.32,175.33,175.25,175.26,206.95,2021,12,31
2021-12-31 12:58:00+00:00,175.25,175.28,175.13,175.28,334.51,2021,12,31
2021-12-31 12:59:00+00:00,175.25,175.44,175.25,175.36,323.98,2021,12,31
2021-12-31 13:00:00+00:00,175.35,175.35,175.13,175.13,319.57,2021,12,31
2021-12-31 13:01:00+00:00,175.16,175.3,175.16,175.24,656.14,2021,12,31
2021-12-31 13:02:00+00:00,175.23,175.35,175.22,175.28,154.15,2021,12,31
2021-12-31 13:03:00+00:00,175.26,175.38,175.26,175.32,312.74,2021,12,31
2021-12-31 13:04:00+00:00,175.33,175.48,175.3,175.32,1270.09,2021,12,31
2021-12-31 13:05:00+00:00,175.3,175.31,175.14,175.25,578.42,2021,12,31
2021-12-31 13:06:00+00:00,175.25,175.29,175.0,175.22,994.59,2021,12,31
2021-12-31 13:07:00+00:00,175.17,175.25,175.15,175.2,230.39,2021,12,31
2021-12-31 13:08:00+00:00,175.2,175.2,175.15,175.16,86.25,2021,12,31
2021-12-31 13:09:00+00:00,175.16,175.18,175.0,175.0,281.36,2021,12,31
2021-12-31 13:10:00+00:00,175.04,175.11,175.02,175.06,73.3,2021,12,31
2021-12-31 13:11:00+00:00,175.05,175.19,175.05,175.14,196.7,2021,12,31
2021-12-31 13:12:00+00:00,175.15,175.17,175.05,175.09,202.08,2021,12,31
2021-12-31 13:13:00+00:00,175.09,175.13,174.97,175.04,387.61,2021,12,31
2021-12-31 13:14:00+00:00,175.04,175.12,175.01,175.09,260.73,2021,12,31
2021-12-31 13:15:00+00:00,175.1,175.13,175.0,175.03,705.12,2021,12,31
2021-12-31 13:16:00+00:00,175.02,175.11,175.0,175.0,202.41,2021,12,31
2021-12-31 13:17:00+00:00,175.0,175.18,174.99,175.14,426.15,2021,12,31
2021-12-31 13:18:00+00:00,175.14,175.14,174.9,174.91,663.6,2021,12,31
2021-12-31 13:19:00+00:00,174.91,174.99,174.83,174.94,300.5,2021,12,31
2021-12-31 13:20:00+00:00,174.95,175.08,174.94,175.0,484.53,2021,12,31
2021-12-31 13:21:00+00:00,175.0,175.08,174.92,175.01,273.45,2021,12,31
2021-12-31 13:22:00+00:00,175.01,175.05,174.96,175.03,492.44,2021,12,31
2021-12-31 13:23:00+00:00,175.01,175.01,174.9,174.94,75.99,2021,12,31
2021-12-31 13:24:00+00:00,174.93,175.04,174.89,174.99,303.87,2021,12,31
2021-12-31 13:25:00+00:00,174.95,174.98,174.83,174.89,145.46,2021,12,31
2021-12-31 13:26:00+00:00,174.87,175.0,174.81,174.97,208.42,2021,12,31
2021-12-31 13:27:00+00:00,174.91,174.95,174.87,174.89,115.93,2021,12,31
2021-12-31 13:28:00+00:00,174.89,174.98,174.87,174.91,362.25,2021,12,31
2021-12-31 13:29:00+00:00,174.91,175.07,174.91,175.06,277.14,2021,12,31
2021-12-31 13:30:00+00:00,175.03,175.12,175.03,175.07,86.95,2021,12,31
2021-12-31 13:31:00+00:00,175.07,175.1,175.04,175.09,154.58,2021,12,31
2021-12-31 13:32:00+00:00,175.08,175.14,174.99,175.14,368.86,2021,12,31
2021-12-31 13:33:00+00:00,175.1,175.17,175.09,175.13,236.37,2021,12,31
2021-12-31 13:34:00+00:00,175.16,175.3,175.14,175.17,645.09,2021,12,31
2021-12-31 13:35:00+00:00,175.17,175.19,175.11,175.18,358.27,2021,12,31
2021-12-31 13:36:00+00:00,175.18,175.31,175.17,175.31,361.17,2021,12,31
2021-12-31 13:37:00+00:00,175.29,175.48,175.26,175.47,352.88,2021,12,31
2021-12-31 13:38:00+00:00,175.43,175.56,175.43,175.54,555.81,2021,12,31
2021-12-31 13:39:00+00:00,175.54,175.54,175.38,175.53,704.78,2021,12,31
2021-12-31 13:40:00+00:00,175.54,175.62,175.5,175.54,311.99,2021,12,31
2021-12-31 13:41:00+00:00,175.54,175.54,175.41,175.49,89.67,2021,12,31
2021-12-31 13:42:00+00:00,175.47,175.51,175.45,175.45,86.17,2021,12,31
2021-12-31 13:43:00+00:00,175.46,175.73,175.45,175.68,647.76,2021,12,31
2021-12-31 13:44:00+00:00,175.68,175.72,175.65,175.71,118.79,2021,12,31
2021-12-31 13:45:00+00:00,175.71,175.72,175.56,175.56,178.87,2021,12,31
2021-12-31 13:46:00+00:00,175.56,175.59,175.51,175.56,148.33,2021,12,31
2021-12-31 13:47:00+00:00,175.55,175.57,175.37,175.45,365.54,2021,12,31
2021-12-31 13:48:00+00:00,175.46,175.8,175.46,175.67,1098.93,2021,12,31
2021-12-31 13:49:00+00:00,175.68,175.73,175.5,175.5,743.89,2021,12,31
2021-12-31 13:50:00+00:00,175.53,175.63,175.49,175.58,509.47,2021,12,31
2021-12-31 13:51:00+00:00,175.58,175.62,175.43,175.56,364.77,2021,12,31
2021-12-31 13:52:00+00:00,175.56,175.68,175.52,175.66,243.33,2021,12,31
2021-12-31 13:53:00+00:00,175.66,175.66,175.59,175.61,310.43,2021,12,31
2021-12-31 13:54:00+00:00,175.64,175.64,175.4,175.51,750.63,2021,12,31
2021-12-31 13:55:00+00:00,175.52,175.57,175.42,175.48,571.48,2021,12,31
2021-12-31 13:56:00+00:00,175.48,175.5,175.4,175.41,283.92,2021,12,31
2021-12-31 13:57:00+00:00,175.41,175.49,175.4,175.45,196.06,2021,12,31
2021-12-31 13:58:00+00:00,175.44,175.47,175.41,175.42,98.08,2021,12,31
2021-12-31 13:59:00+00:00,175.41,175.61,175.4,175.56,408.49,2021,12,31
2021-12-31 14:00:00+00:00,175.56,175.59,175.45,175.52,193.88,2021,12,31
2021-12-31 14:01:00+00:00,175.51,175.61,175.5,175.56,326.52,2021,12,31
2021-12-31 14:02:00+00:00,175.56,175.96,175.54,175.93,809.63,2021,12,31
2021-12-31 14:03:00+00:00,175.94,176.01,175.85,176.01,747.85,2021,12,31
2021-12-31 14:04:00+00:00,176.01,176.07,175.89,175.93,544.11,2021,12,31
2021-12-31 14:05:00+00:00,175.93,175.96,175.84,175.89,324.33,2021,12,31
2021-12-31 14:06:00+00:00,175.91,176.01,175.78,175.79,959.61,2021,12,31
2021-12-31 14:07:00+00:00,175.78,175.85,175.76,175.79,158.76,2021,12,31
2021-12-31 14:08:00+00:00,175.77,175.94,175.73,175.85,470.27,2021,12,31
2021-12-31 14:09:00+00:00,175.8,175.86,175.72,175.72,133.3,2021,12,31
2021-12-31 14:10:00+00:00,175.73,175.75,175.69,175.71,170.34,2021,12,31
2021-12-31 14:11:00+00:00,175.71,175.72,175.63,175.72,301.91,2021,12,31
2021-12-31 14:12:00+00:00,175.72,175.98,175.71,175.98,491.28,2021,12,31
2021-12-31 14:13:00+00:00,175.97,176.06,175.94,175.99,525.78,2021,12,31
2021-12-31 14:14:00+00:00,175.99,176.01,175.88,175.99,570.54,2021,12,31
2021-12-31 14:15:00+00:00,175.99,176.09,175.95,175.99,492.48,2021,12,31
2021-12-31 14:16:00+00:00,175.98,176.08,175.96,176.0,663.9,2021,12,31
2021-12-31 14:17:00+00:00,176.01,176.01,175.85,175.85,1002.94,2021,12,31
2021-12-31 14:18:00+00:00,175.84,175.96,175.77,175.92,606.01,2021,12,31
2021-12-31 14:19:00+00:00,175.91,175.97,175.71,175.8,672.45,2021,12,31
2021-12-31 14:20:00+00:00,175.78,175.82,175.73,175.74,244.89,2021,12,31
2021-12-31 14:21:00+00:00,175.75,175.86,175.68,175.84,153.03,2021,12,31
2021-12-31 14:22:00+00:00,175.86,175.91,175.78,175.81,230.59,2021,12,31
2021-12-31 14:23:00+00:00,175.81,175.84,175.62,175.62,262.16,2021,12,31
2021-12-31 14:24:00+00:00,175.64,176.08,175.53,176.08,1417.88,2021,12,31
2021-12-31 14:25:00+00:00,176.09,176.15,176.0,176.0,574.55,2021,12,31
2021-12-31 14:26:00+00:00,176.01,176.01,175.74,175.74,447.94,2021,12,31
2021-12-31 14:27:00+00:00,175.75,175.86,175.7,175.79,322.52,2021,12,31
2021-12-31 14:28:00+00:00,175.79,175.79,175.68,175.79,436.91,2021,12,31
2021-12-31 14:29:00+00:00,175.78,175.99,175.75,175.85,490.91,2021,12,31
2021-12-31 14:30:00+00:00,175.84,176.0,175.63,175.7,650.82,2021,12,31
2021-12-31 14:31:00+00:00,175.69,175.77,175.63,175.69,782.34,2021,12,31
2021-12-31 14:32:00+00:00,175.67,175.78,175.67,175.78,122.05,2021,12,31
2021-12-31 14:33:00+00:00,175.75,175.8,175.69,175.71,381.17,2021,12,31
2021-12-31 14:34:00+00:00,175.72,176.04,175.6,176.04,711.69,2021,12,31
2021-12-31 14:35:00+00:00,176.04,176.2,175.96,176.12,596.11,2021,12,31
2021-12-31 14:36:00+00:00,176.1,176.12,175.86,176.02,555.91,2021,12,31
2021-12-31 14:37:00+00:00,175.97,176.02,175.56,175.62,1804.22,2021,12,31
2021-12-31 14:38:00+00:00,175.62,175.73,175.59,175.66,307.79,2021,12,31
2021-12-31 14:39:00+00:00,175.66,175.7,175.61,175.62,139.4,2021,12,31
2021-12-31 14:40:00+00:00,175.61,175.77,175.56,175.63,855.32,2021,12,31
2021-12-31 14:41:00+00:00,175.62,175.72,175.58,175.72,210.78,2021,12,31
2021-12-31 14:42:00+00:00,175.7,175.71,175.57,175.66,461.61,2021,12,31
2021-12-31 14:43:00+00:00,175.67,175.81,175.63,175.65,221.72,2021,12,31
2021-12-31 14:44:00+00:00,175.69,175.75,175.4,175.47,281.16,2021,12,31
2021-12-31 14:45:00+00:00,175.46,175.62,175.46,175.62,385.04,2021,12,31
2021-12-31 14:46:00+00:00,175.59,175.65,175.51,175.56,393.45,2021,12,31
2021-12-31 14:47:00+00:00,175.58,175.62,175.48,175.62,100.79,2021,12,31
2021-12-31 14:48:00+00:00,175.62,175.62,175.48,175.54,653.55,2021,12,31
2021-12-31 14:49:00+00:00,175.53,175.6,175.46,175.57,222.81,2021,12,31
2021-12-31 14:50:00+00:00,175.56,175.76,175.56,175.57,338.98,2021,12,31
2021-12-31 14:51:00+00:00,175.56,175.64,175.46,175.56,1379.71,2021,12,31
2021-12-31 14:52:00+00:00,175.56,175.58,175.49,175.55,144.33,2021,12,31
2021-12-31 14:53:00+00:00,175.54,175.54,175.4,175.44,426.08,2021,12,31
2021-12-31 14:54:00+00:00,175.44,175.52,175.4,175.51,165.99,2021,12,31
2021-12-31 14:55:00+00:00,175.51,175.61,175.49,175.54,237.93,2021,12,31
2021-12-31 14:56:00+00:00,175.55,175.66,175.51,175.56,925.44,2021,12,31
2021-12-31 14:57:00+00:00,175.57,175.68,175.52,175.6,337.3,2021,12,31
2021-12-31 14:58:00+00:00,175.59,175.59,175.43,175.45,264.96,2021,12,31
2021-12-31 14:59:00+00:00,175.44,175.44,175.23,175.24,693.51,2021,12,31
2021-12-31 15:00:00+00:00,175.24,175.47,175.22,175.43,603.98,2021,12,31
2021-12-31 15:01:00+00:00,175.38,175.4,175.14,175.2,322.45,2021,12,31
2021-12-31 15:02:00+00:00,175.2,175.24,175.06,175.15,780.64,2021,12,31
2021-12-31 15:03:00+00:00,175.16,175.19,175.12,175.18,322.01,2021,12,31
2021-12-31 15:04:00+00:00,175.18,175.21,175.1,175.2,196.21,2021,12,31
2021-12-31 15:05:00+00:00,175.19,175.56,175.11,175.24,4596.24,2021,12,31
2021-12-31 15:06:00+00:00,175.23,175.25,175.03,175.12,678.65,2021,12,31
2021-12-31 15:07:00+00:00,175.12,175.31,175.12,175.27,806.2,2021,12,31
2021-12-31 15:08:00+00:00,175.25,175.39,175.25,175.32,369.8,2021,12,31
2021-12-31 15:09:00+00:00,175.33,175.35,175.21,175.33,436.27,2021,12,31
2021-12-31 15:10:00+00:00,175.32,175.33,175.25,175.3,143.62,2021,12,31
2021-12-31 15:11:00+00:00,175.3,175.44,175.21,175.36,320.65,2021,12,31
2021-12-31 15:12:00+00:00,175.39,175.41,175.24,175.25,278.0,2021,12,31
2021-12-31 15:13:00+00:00,175.27,175.4,175.21,175.27,667.39,2021,12,31
2021-12-31 15:14:00+00:00,175.27,175.31,175.09,175.28,423.78,2021,12,31
2021-12-31 15:15:00+00:00,175.28,175.5,175.21,175.49,1097.89,2021,12,31
2021-12-31 15:16:00+00:00,175.5,175.51,175.4,175.44,437.5,2021,12,31
2021-12-31 15:17:00+00:00,175.42,175.51,175.4,175.49,650.94,2021,12,31
2021-12-31 15:18:00+00:00,175.5,175.62,175.44,175.62,437.64,2021,12,31
2021-12-31 15:19:00+00:00,175.57,175.73,175.52,175.7,485.21,2021,12,31
2021-12-31 15:20:00+00:00,175.7,175.72,175.68,175.72,361.85,2021,12,31
2021-12-31 15:21:00+00:00,175.72,175.91,175.69,175.91,379.53,2021,12,31
2021-12-31 15:22:00+00:00,175.88,175.89,175.75,175.82,886.39,2021,12,31
2021-12-31 15:23:00+00:00,175.84,175.9,175.72,175.89,562.91,2021,12,31
2021-12-31 15:24:00+00:00,175.89,175.9,175.74,175.8,291.59,2021,12,31
2021-12-31 15:25:00+00:00,175.8,175.9,175.75,175.77,217.56,2021,12,31
2021-12-31 15:26:00+00:00,175.75,175.84,175.71,175.78,208.54,2021,12,31
2021-12-31 15:27:00+00:00,175.78,175.78,175.59,175.63,483.84,2021,12,31
2021-12-31 15:28:00+00:00,175.64,175.76,175.57,175.62,584.61,2021,12,31
2021-12-31 15:29:00+00:00,175.69,175.78,175.69,175.73,179.8,2021,12,31
2021-12-31 15:30:00+00:00,175.71,175.73,175.6,175.65,317.81,2021,12,31
2021-12-31 15:31:00+00:00,175.66,175.71,175.65,175.69,115.37,2021,12,31
2021-12-31 15:32:00+00:00,175.66,175.66,175.55,175.59,273.73,2021,12,31
2021-12-31 15:33:00+00:00,175.59,175.62,175.55,175.55,195.98,2021,12,31
2021-12-31 15:34:00+00:00,175.55,175.55,175.41,175.55,288.85,2021,12,31
2021-12-31 15:35:00+00:00,175.56,175.83,175.51,175.81,531.37,2021,12,31
2021-12-31 15:36:00+00:00,175.8,175.93,175.71,175.87,219.97,2021,12,31
2021-12-31 15:37:00+00:00,175.87,175.9,175.76,175.82,149.58,2021,12,31
2021-12-31 15:38:00+00:00,175.83,175.83,175.7,175.76,179.53,2021,12,31
2021-12-31 15:39:00+00:00,175.76,175.85,175.7,175.75,586.33,2021,12,31
2021-12-31 15:40:00+00:00,175.76,175.76,175.61,175.63,464.15,2021,12,31
2021-12-31 15:41:00+00:00,175.65,175.78,175.65,175.71,281.39,2021,12,31
2021-12-31 15:42:00+00:00,175.71,175.8,175.57,175.6,733.35,2021,12,31
2021-12-31 15:43:00+00:00,175.59,175.59,175.4,175.57,1681.31,2021,12,31
2021-12-31 15:44:00+00:00,175.55,175.56,175.47,175.52,354.68,2021,12,31
2021-12-31 15:45:00+00:00,175.53,175.55,175.41,175.41,445.77,2021,12,31
2021-12-31 15:46:00+00:00,175.4,175.49,175.31,175.39,321.2,2021,12,31
2021-12-31 15:47:00+00:00,175.4,175.4,175.27,175.3,490.14,2021,12,31
2021-12-31 15:48:00+00:00,175.31,175.35,175.26,175.34,203.39,2021,12,31
2021-12-31 15:49:00+00:00,175.32,175.44,175.29,175.38,212.82,2021,12,31
2021-12-31 15:50:00+00:00,175.39,175.41,175.31,175.36,222.85,2021,12,31
2021-12-31 15:51:00+00:00,175.37,175.41,175.27,175.31,235.93,2021,12,31
2021-12-31 15:52:00+00:00,175.33,175.41,175.25,175.3,232.08,2021,12,31
2021-12-31 15:53:00+00:00,175.3,175.42,175.28,175.42,162.88,2021,12,31
2021-12-31 15:54:00+00:00,175.41,175.43,175.33,175.37,235.01,2021,12,31
2021-12-31 15:55:00+00:00,175.37,175.41,175.25,175.41,608.2,2021,12,31
2021-12-31 15:56:00+00:00,175.41,175.49,175.29,175.45,453.05,2021,12,31
2021-12-31 15:57:00+00:00,175.48,175.59,175.47,175.56,121.17,2021,12,31
2021-12-31 15:58:00+00:00,175.55,175.55,175.29,175.31,485.09,2021,12,31
2021-12-31 15:59:00+00:00,175.3,175.68,175.3,175.68,384.02,2021,12,31
2021-12-31 16:00:00+00:00,175.71,175.78,175.46,175.66,1140.32,2021,12,31
2021-12-31 16:01:00+00:00,175.66,175.73,175.5,175.56,161.04,2021,12,31
2021-12-31 16:02:00+00:00,175.55,175.63,175.51,175.52,204.81,2021,12,31
2021-12-31 16:03:00+00:00,175.52,175.57,175.33,175.42,260.12,2021,12,31
2021-12-31 16:04:00+00:00,175.45,175.45,175.04,175.21,1509.49,2021,12,31
2021-12-31 16:05:00+00:00,175.22,175.31,175.22,175.3,151.45,2021,12,31
2021-12-31 16:06:00+00:00,175.27,175.39,175.26,175.35,149.1,2021,12,31
2021-12-31 16:07:00+00:00,175.36,175.49,175.35,175.41,543.14,2021,12,31
2021-12-31 16:08:00+00:00,175.4,175.63,175.34,175.6,624.76,2021,12,31
2021-12-31 16:09:00+00:00,175.58,175.62,175.4,175.41,442.84,2021,12,31
2021-12-31 16:10:00+00:00,175.43,175.47,175.34,175.43,210.34,2021,12,31
2021-12-31 16:11:00+00:00,175.43,175.51,175.38,175.44,671.75,2021,12,31
2021-12-31 16:12:00+00:00,175.44,175.5,175.38,175.44,121.26,2021,12,31
2021-12-31 16:13:00+00:00,175.47,175.51,175.42,175.45,679.18,2021,12,31
2021-12-31 16:14:00+00:00,175.46,175.49,175.41,175.45,962.86,2021,12,31
2021-12-31 16:15:00+00:00,175.45,175.71,175.45,175.62,379.17,2021,12,31
2021-12-31 16:16:00+00:00,175.64,175.71,175.55,175.55,232.93,2021,12,31
2021-12-31 16:17:00+00:00,175.53,175.62,175.45,175.61,511.98,2021,12,31
2021-12-31 16:18:00+00:00,175.6,175.61,175.48,175.55,492.06,2021,12,31
2021-12-31 16:19:00+00:00,175.55,175.59,175.5,175.58,118.82,2021,12,31
2021-12-31 16:20:00+00:00,175.59,175.6,175.55,175.57,59.38,2021,12,31
2021-12-31 16:21:00+00:00,175.56,175.6,175.5,175.6,889.51,2021,12,31
2021-12-31 16:22:00+00:00,175.6,175.72,175.6,175.69,213.63,2021,12,31
2021-12-31 16:23:00+00:00,175.69,175.75,175.59,175.73,255.46,2021,12,31
2021-12-31 16:24:00+00:00,175.73,175.81,175.71,175.71,239.74,2021,12,31
2021-12-31 16:25:00+00:00,175.71,175.75,175.6,175.63,277.38,2021,12,31
2021-12-31 16:26:00+00:00,175.62,175.64,175.52,175.56,1469.38,2021,12,31
2021-12-31 16:27:00+00:00,175.55,175.75,175.53,175.74,288.04,2021,12,31
2021-12-31 16:28:00+00:00,175.75,175.85,175.74,175.79,172.22,2021,12,31
2021-12-31 16:29:00+00:00,175.81,175.85,175.75,175.85,162.88,2021,12,31
2021-12-31 16:30:00+00:00,175.85,175.95,175.83,175.83,244.96,2021,12,31
2021-12-31 16:31:00+00:00,175.82,175.93,175.81,175.92,272.31,2021,12,31
2021-12-31 16:32:00+00:00,175.93,176.09,175.91,176.09,563.13,2021,12,31
2021-12-31 16:33:00+00:00,176.1,176.1,175.78,175.82,1463.36,2021,12,31
2021-12-31 16:34:00+00:00,175.8,175.9,175.59,175.78,1006.94,2021,12,31
2021-12-31 16:35:00+00:00,175.77,175.78,175.55,175.61,646.61,2021,12,31
2021-12-31 16:36:00+00:00,175.6,175.6,175.5,175.56,1003.47,2021,12,31
2021-12-31 16:37:00+00:00,175.59,175.6,175.5,175.51,197.51,2021,12,31
2021-12-31 16:38:00+00:00,175.5,175.51,175.38,175.45,2186.51,2021,12,31
2021-12-31 16:39:00+00:00,175.45,175.45,175.3,175.37,351.57,2021,12,31
2021-12-31 16:40:00+00:00,175.4,175.53,175.38,175.53,759.7,2021,12,31
2021-12-31 16:41:00+00:00,175.52,175.52,175.4,175.41,1004.13,2021,12,31
2021-12-31 16:42:00+00:00,175.41,175.54,175.4,175.45,1164.2,2021,12,31
2021-12-31 16:43:00+00:00,175.45,175.52,175.45,175.48,444.56,2021,12,31
2021-12-31 16:44:00+00:00,175.49,175.5,175.45,175.45,670.6,2021,12,31
2021-12-31 16:45:00+00:00,175.45,175.53,175.4,175.48,420.5,2021,12,31
2021-12-31 16:46:00+00:00,175.49,175.5,175.4,175.4,661.5,2021,12,31
2021-12-31 16:47:00+00:00,175.4,175.5,175.3,175.48,363.44,2021,12,31
2021-12-31 16:48:00+00:00,175.46,175.49,175.32,175.32,239.01,2021,12,31
2021-12-31 16:49:00+00:00,175.31,175.34,175.2,175.24,602.27,2021,12,31
2021-12-31 16:50:00+00:00,175.24,175.25,174.24,174.3,7946.29,2021,12,31
2021-12-31 16:51:00+00:00,174.31,174.74,174.31,174.52,2308.96,2021,12,31
2021-12-31 16:52:00+00:00,174.53,174.75,174.47,174.65,734.96,2021,12,31
2021-12-31 16:53:00+00:00,174.66,174.77,174.45,174.68,2415.54,2021,12,31
2021-12-31 16:54:00+00:00,174.69,174.69,174.5,174.53,301.29,2021,12,31
2021-12-31 16:55:00+00:00,174.52,174.59,173.74,173.86,2990.06,2021,12,31
2021-12-31 16:56:00+00:00,173.89,174.06,173.86,174.05,838.48,2021,12,31
2021-12-31 16:57:00+00:00,174.06,174.06,173.83,173.91,2517.39,2021,12,31
2021-12-31 16:58:00+00:00,173.9,173.9,173.3,173.7,2243.54,2021,12,31
2021-12-31 16:59:00+00:00,173.7,173.89,173.46,173.62,870.44,2021,12,31
2021-12-31 17:00:00+00:00,173.58,173.85,173.36,173.85,979.45,2021,12,31
2021-12-31 17:01:00+00:00,173.84,174.0,173.8,173.91,668.41,2021,12,31
2021-12-31 17:02:00+00:00,173.9,173.93,173.7,173.81,508.59,2021,12,31
2021-12-31 17:03:00+00:00,173.81,173.97,173.72,173.86,394.03,2021,12,31
2021-12-31 17:04:00+00:00,173.91,173.99,173.78,173.91,439.69,2021,12,31
2021-12-31 17:05:00+00:00,173.91,174.07,173.8,173.95,955.97,2021,12,31
2021-12-31 17:06:00+00:00,173.96,173.96,173.61,173.74,575.16,2021,12,31
2021-12-31 17:07:00+00:00,173.7,173.83,173.58,173.58,415.86,2021,12,31
2021-12-31 17:08:00+00:00,173.58,173.7,173.46,173.55,817.53,2021,12,31
2021-12-31 17:09:00+00:00,173.55,173.6,173.03,173.16,2375.43,2021,12,31
2021-12-31 17:10:00+00:00,173.13,173.26,172.98,173.02,3087.11,2021,12,31
2021-12-31 17:11:00+00:00,173.07,173.16,172.81,172.91,1646.65,2021,12,31
2021-12-31 17:12:00+00:00,172.91,172.91,172.54,172.67,642.98,2021,12,31
2021-12-31 17:13:00+00:00,172.68,172.7,172.22,172.38,2210.61,2021,12,31
2021-12-31 17:14:00+00:00,172.4,172.69,172.22,172.6,918.84,2021,12,31
2021-12-31 17:15:00+00:00,172.6,173.0,172.55,173.0,695.15,2021,12,31
2021-12-31 17:16:00+00:00,172.99,173.17,172.95,173.1,1080.42,2021,12,31
2021-12-31 17:17:00+00:00,173.08,173.08,172.71,172.71,1259.16,2021,12,31
2021-12-31 17:18:00+00:00,172.7,172.7,172.47,172.59,1160.71,2021,12,31
2021-12-31 17:19:00+00:00,172.53,172.63,172.29,172.41,1779.74,2021,12,31
2021-12-31 17:20:00+00:00,172.43,172.59,172.38,172.38,719.05,2021,12,31
2021-12-31 17:21:00+00:00,172.38,172.42,172.07,172.2,1854.07,2021,12,31
2021-12-31 17:22:00+00:00,172.24,172.51,172.19,172.45,557.48,2021,12,31
2021-12-31 17:23:00+00:00,172.49,172.5,172.06,172.07,877.61,2021,12,31
2021-12-31 17:24:00+00:00,172.07,172.37,171.77,172.34,3351.75,2021,12,31
2021-12-31 17:25:00+00:00,172.37,172.83,172.34,172.41,1872.29,2021,12,31
2021-12-31 17:26:00+00:00,172.44,172.44,172.17,172.21,427.71,2021,12,31
2021-12-31 17:27:00+00:00,172.24,172.25,171.68,171.86,2250.06,2021,12,31
2021-12-31 17:28:00+00:00,171.87,171.89,171.22,171.43,2146.42,2021,12,31
2021-12-31 17:29:00+00:00,171.43,171.74,171.26,171.36,1405.36,2021,12,31
2021-12-31 17:30:00+00:00,171.35,171.88,171.34,171.8,1622.7,2021,12,31
2021-12-31 17:31:00+00:00,171.77,172.06,171.77,171.93,1339.7,2021,12,31
2021-12-31 17:32:00+00:00,171.92,172.33,171.8,172.23,1197.98,2021,12,31
2021-12-31 17:33:00+00:00,172.22,172.29,171.81,171.81,915.25,2021,12,31
2021-12-31 17:34:00+00:00,171.85,172.07,171.63,171.76,563.13,2021,12,31
2021-12-31 17:35:00+00:00,171.82,172.25,171.69,172.2,488.27,2021,12,31
2021-12-31 17:36:00+00:00,172.17,172.21,172.06,172.15,350.44,2021,12,31
2021-12-31 17:37:00+00:00,172.15,172.2,171.92,172.15,395.98,2021,12,31
2021-12-31 17:38:00+00:00,172.15,172.4,172.1,172.34,577.75,2021,12,31
2021-12-31 17:39:00+00:00,172.36,172.58,172.36,172.42,3474.5,2021,12,31
2021-12-31 17:40:00+00:00,172.43,172.47,172.3,172.44,485.44,2021,12,31
2021-12-31 17:41:00+00:00,172.46,172.46,172.05,172.14,705.68,2021,12,31
2021-12-31 17:42:00+00:00,172.14,172.24,171.89,172.09,1415.53,2021,12,31
2021-12-31 17:43:00+00:00,172.1,172.2,172.0,172.0,161.25,2021,12,31
2021-12-31 17:44:00+00:00,172.02,172.3,172.01,172.27,113.95,2021,12,31
2021-12-31 17:45:00+00:00,172.27,172.42,172.19,172.21,802.03,2021,12,31
2021-12-31 17:46:00+00:00,172.22,172.23,172.1,172.15,328.46,2021,12,31
2021-12-31 17:47:00+00:00,172.16,172.18,171.94,172.02,285.57,2021,12,31
2021-12-31 17:48:00+00:00,172.07,172.07,171.83,171.98,352.21,2021,12,31
2021-12-31 17:49:00+00:00,171.99,172.15,171.73,172.09,629.89,2021,12,31
2021-12-31 17:50:00+00:00,172.02,172.15,171.97,172.08,146.18,2021,12,31
2021-12-31 17:51:00+00:00,172.14,172.16,171.94,172.07,609.79,2021,12,31
2021-12-31 17:52:00+00:00,172.06,172.3,171.96,172.16,923.23,2021,12,31
2021-12-31 17:53:00+00:00,172.14,172.31,172.11,172.2,266.74,2021,12,31
2021-12-31 17:54:00+00:00,172.22,172.22,171.95,171.95,392.55,2021,12,31
2021-12-31 17:55:00+00:00,172.02,172.19,171.92,172.19,370.96,2021,12,31
2021-12-31 17:56:00+00:00,172.19,172.3,172.12,172.15,230.01,2021,12,31
2021-12-31 17:57:00+00:00,172.19,172.32,172.18,172.32,139.2,2021,12,31
2021-12-31 17:58:00+00:00,172.33,172.57,172.29,172.55,525.44,2021,12,31
2021-12-31 17:59:00+00:00,172.55,172.69,172.41,172.66,883.51,2021,12,31
2021-12-31 18:00:00+00:00,172.65,172.65,172.33,172.38,560.7,2021,12,31
2021-12-31 18:01:00+00:00,172.41,172.74,172.4,172.66,164.0,2021,12,31
2021-12-31 18:02:00+00:00,172.68,172.71,172.46,172.59,433.6,2021,12,31
2021-12-31 18:03:00+00:00,172.55,172.65,172.5,172.62,130.81,2021,12,31
2021-12-31 18:04:00+00:00,172.61,172.62,172.42,172.54,974.66,2021,12,31
2021-12-31 18:05:00+00:00,172.54,172.65,172.54,172.63,240.87,2021,12,31
2021-12-31 18:06:00+00:00,172.59,172.6,172.41,172.42,309.12,2021,12,31
2021-12-31 18:07:00+00:00,172.42,172.52,172.34,172.34,99.9,2021,12,31
2021-12-31 18:08:00+00:00,172.36,172.57,172.28,172.41,768.54,2021,12,31
2021-12-31 18:09:00+00:00,172.36,172.52,172.3,172.47,470.96,2021,12,31
2021-12-31 18:10:00+00:00,172.49,172.56,172.28,172.3,421.68,2021,12,31
2021-12-31 18:11:00+00:00,172.26,172.4,172.22,172.23,169.19,2021,12,31
2021-12-31 18:12:00+00:00,172.22,172.33,171.95,171.98,625.24,2021,12,31
2021-12-31 18:13:00+00:00,171.98,171.98,171.86,171.86,101.4,2021,12,31
2021-12-31 18:14:00+00:00,171.86,171.94,171.64,171.7,1429.86,2021,12,31
2021-12-31 18:15:00+00:00,171.75,171.75,171.6,171.68,179.98,2021,12,31
2021-12-31 18:16:00+00:00,171.71,171.97,171.54,171.88,804.12,2021,12,31
2021-12-31 18:17:00+00:00,171.89,171.96,171.81,171.82,192.98,2021,12,31
2021-12-31 18:18:00+00:00,171.84,171.97,171.79,171.91,788.74,2021,12,31
2021-12-31 18:19:00+00:00,171.89,172.09,171.84,171.93,1054.48,2021,12,31
2021-12-31 18:20:00+00:00,171.93,172.01,171.82,171.96,218.95,2021,12,31
2021-12-31 18:21:00+00:00,171.96,171.96,171.82,171.93,214.16,2021,12,31
2021-12-31 18:22:00+00:00,171.93,172.09,171.91,172.02,503.59,2021,12,31
2021-12-31 18:23:00+00:00,172.05,172.15,171.97,171.98,513.85,2021,12,31
2021-12-31 18:24:00+00:00,171.95,172.27,171.93,172.2,1019.41,2021,12,31
2021-12-31 18:25:00+00:00,172.2,172.3,172.0,172.01,637.82,2021,12,31
2021-12-31 18:26:00+00:00,172.0,172.17,171.95,172.02,748.62,2021,12,31
2021-12-31 18:27:00+00:00,172.04,172.11,172.0,172.0,234.66,2021,12,31
2021-12-31 18:28:00+00:00,172.07,172.08,171.93,172.02,222.05,2021,12,31
2021-12-31 18:29:00+00:00,172.02,172.18,172.01,172.03,96.73,2021,12,31
2021-12-31 18:30:00+00:00,172.01,172.11,171.93,172.04,649.91,2021,12,31
2021-12-31 18:31:00+00:00,172.04,172.14,171.96,172.08,104.07,2021,12,31
2021-12-31 18:32:00+00:00,172.06,172.16,171.99,172.11,95.53,2021,12,31
2021-12-31 18:33:00+00:00,172.14,172.31,172.12,172.31,107.36,2021,12,31
2021-12-31 18:34:00+00:00,172.27,172.31,172.12,172.15,101.75,2021,12,31
2021-12-31 18:35:00+00:00,172.15,172.31,172.07,172.2,200.55,2021,12,31
2021-12-31 18:36:00+00:00,172.23,172.32,172.02,172.02,184.89,2021,12,31
2021-12-31 18:37:00+00:00,172.0,172.22,172.0,172.17,138.42,2021,12,31
2021-12-31 18:38:00+00:00,172.13,172.14,171.91,171.93,764.53,2021,12,31
2021-12-31 18:39:00+00:00,171.93,172.0,171.72,171.8,1569.08,2021,12,31
2021-12-31 18:40:00+00:00,171.8,171.98,171.51,171.52,1644.88,2021,12,31
2021-12-31 18:41:00+00:00,171.53,171.57,171.03,171.24,5421.44,2021,12,31
2021-12-31 18:42:00+00:00,171.23,171.42,171.14,171.42,874.58,2021,12,31
2021-12-31 18:43:00+00:00,171.4,171.72,171.35,171.58,667.9,2021,12,31
2021-12-31 18:44:00+00:00,171.52,171.65,171.41,171.64,482.83,2021,12,31
2021-12-31 18:45:00+00:00,171.66,171.72,171.45,171.7,424.11,2021,12,31
2021-12-31 18:46:00+00:00,171.66,171.9,171.52,171.68,556.31,2021,12,31
2021-12-31 18:47:00+00:00,171.64,171.74,171.55,171.74,368.18,2021,12,31
2021-12-31 18:48:00+00:00,171.69,171.73,171.46,171.49,399.07,2021,12,31
2021-12-31 18:49:00+00:00,171.49,171.55,171.22,171.25,380.5,2021,12,31
2021-12-31 18:50:00+00:00,171.23,171.47,171.23,171.32,502.07,2021,12,31
2021-12-31 18:51:00+00:00,171.35,171.36,171.22,171.22,268.94,2021,12,31
2021-12-31 18:52:00+00:00,171.23,171.32,170.91,171.22,3225.6,2021,12,31
2021-12-31 18:53:00+00:00,171.24,171.32,171.13,171.14,626.48,2021,12,31
2021-12-31 18:54:00+00:00,171.16,171.48,171.16,171.33,509.4,2021,12,31
2021-12-31 18:55:00+00:00,171.34,171.4,171.1,171.17,378.95,2021,12,31
2021-12-31 18:56:00+00:00,171.17,171.41,171.02,171.39,843.39,2021,12,31
2021-12-31 18:57:00+00:00,171.43,171.49,171.31,171.34,87.97,2021,12,31
2021-12-31 18:58:00+00:00,171.35,171.44,171.17,171.3,326.8,2021,12,31
2021-12-31 18:59:00+00:00,171.32,171.55,171.31,171.49,634.84,2021,12,31
2021-12-31 19:00:00+00:00,171.48,171.48,171.12,171.24,722.86,2021,12,31
2021-12-31 19:01:00+00:00,171.24,171.38,171.21,171.32,652.53,2021,12,31
2021-12-31 19:02:00+00:00,171.36,171.59,171.32,171.56,415.4,2021,12,31
2021-12-31 19:03:00+00:00,171.56,171.56,171.35,171.41,536.84,2021,12,31
2021-12-31 19:04:00+00:00,171.41,171.56,171.4,171.4,234.86,2021,12,31
2021-12-31 19:05:00+00:00,171.39,171.49,171.36,171.39,251.88,2021,12,31
2021-12-31 19:06:00+00:00,171.36,171.49,171.27,171.45,217.93,2021,12,31
2021-12-31 19:07:00+00:00,171.44,171.55,171.41,171.44,529.41,2021,12,31
2021-12-31 19:08:00+00:00,171.42,171.44,171.04,171.11,464.61,2021,12,31
2021-12-31 19:09:00+00:00,171.1,171.3,171.09,171.13,206.76,2021,12,31
2021-12-31 19:10:00+00:00,171.13,171.2,170.99,171.04,408.91,2021,12,31
2021-12-31 19:11:00+00:00,171.05,171.12,170.55,170.65,2727.28,2021,12,31
2021-12-31 19:12:00+00:00,170.63,170.87,170.55,170.6,1137.23,2021,12,31
2021-12-31 19:13:00+00:00,170.63,170.78,170.5,170.57,1150.95,2021,12,31
2021-12-31 19:14:00+00:00,170.53,170.71,170.15,170.66,3972.35,2021,12,31
2021-12-31 19:15:00+00:00,170.64,170.64,170.15,170.35,1292.73,2021,12,31
2021-12-31 19:16:00+00:00,170.38,170.56,170.25,170.42,1282.01,2021,12,31
2021-12-31 19:17:00+00:00,170.4,170.46,170.16,170.28,646.56,2021,12,31
2021-12-31 19:18:00+00:00,170.28,170.34,170.18,170.18,893.21,2021,12,31
2021-12-31 19:19:00+00:00,170.18,170.2,169.37,169.72,8694.35,2021,12,31
2021-12-31 19:20:00+00:00,169.72,169.85,169.34,169.66,1477.01,2021,12,31
2021-12-31 19:21:00+00:00,169.66,169.68,169.39,169.52,1061.17,2021,12,31
2021-12-31 19:22:00+00:00,169.56,169.56,169.15,169.32,1385.71,2021,12,31
2021-12-31 19:23:00+00:00,169.3,169.4,169.01,169.1,1873.29,2021,12,31
2021-12-31 19:24:00+00:00,169.1,169.32,169.09,169.22,1145.48,2021,12,31
2021-12-31 19:25:00+00:00,169.19,169.8,169.09,169.8,1891.42,2021,12,31
2021-12-31 19:26:00+00:00,169.77,169.82,169.54,169.57,373.42,2021,12,31
2021-12-31 19:27:00+00:00,169.57,169.82,169.34,169.75,1797.77,2021,12,31
2021-12-31 19:28:00+00:00,169.75,169.87,169.02,169.19,1613.3,2021,12,31
2021-12-31 19:29:00+00:00,169.19,169.29,169.01,169.07,941.99,2021,12,31
2021-12-31 19:30:00+00:00,169.01,170.0,168.7,169.99,6393.18,2021,12,31
2021-12-31 19:31:00+00:00,169.95,170.11,169.31,169.55,2061.39,2021,12,31
2021-12-31 19:32:00+00:00,169.58,169.7,169.32,169.62,1154.88,2021,12,31
2021-12-31 19:33:00+00:00,169.65,169.68,168.73,168.83,2109.8,2021,12,31
2021-12-31 19:34:00+00:00,168.86,169.17,168.74,169.03,574.13,2021,12,31
2021-12-31 19:35:00+00:00,169.03,169.27,168.97,169.19,813.28,2021,12,31
2021-12-31 19:36:00+00:00,169.15,169.47,168.87,169.46,2544.11,2021,12,31
2021-12-31 19:37:00+00:00,169.47,169.53,169.23,169.43,443.72,2021,12,31
2021-12-31 19:38:00+00:00,169.41,169.57,169.3,169.56,442.09,2021,12,31
2021-12-31 19:39:00+00:00,169.54,169.66,169.2,169.4,532.7,2021,12,31
2021-12-31 19:40:00+00:00,169.42,169.44,169.26,169.35,150.4,2021,12,31
2021-12-31 19:41:00+00:00,169.36,169.71,169.29,169.62,481.95,2021,12,31
2021-12-31 19:42:00+00:00,169.64,169.7,169.42,169.6,1361.09,2021,12,31
2021-12-31 19:43:00+00:00,169.59,169.63,169.39,169.5,993.14,2021,12,31
2021-12-31 19:44:00+00:00,169.5,169.5,168.94,168.94,1451.32,2021,12,31
2021-12-31 19:45:00+00:00,168.97,169.39,168.91,169.27,1728.65,2021,12,31
2021-12-31 19:46:00+00:00,169.25,169.58,169.11,169.54,1246.95,2021,12,31
2021-12-31 19:47:00+00:00,169.54,169.58,169.04,169.37,960.43,2021,12,31
2021-12-31 19:48:00+00:00,169.35,169.65,169.13,169.46,2063.44,2021,12,31
2021-12-31 19:49:00+00:00,169.47,169.55,169.13,169.42,997.53,2021,12,31
2021-12-31 19:50:00+00:00,169.42,169.42,168.54,168.81,3779.23,2021,12,31
2021-12-31 19:51:00+00:00,168.8,169.0,168.58,168.94,605.55,2021,12,31
2021-12-31 19:52:00+00:00,168.92,169.01,168.71,168.81,737.52,2021,12,31
2021-12-31 19:53:00+00:00,168.85,168.94,168.5,168.55,1718.59,2021,12,31
2021-12-31 19:54:00+00:00,168.59,168.95,168.45,168.89,1048.38,2021,12,31
2021-12-31 19:55:00+00:00,168.89,168.89,168.54,168.77,785.18,2021,12,31
2021-12-31 19:56:00+00:00,168.77,168.81,168.31,168.34,692.3,2021,12,31
2021-12-31 19:57:00+00:00,168.34,168.44,168.17,168.27,800.91,2021,12,31
2021-12-31 19:58:00+00:00,168.28,168.35,167.67,167.98,6499.64,2021,12,31
2021-12-31 19:59:00+00:00,167.98,168.09,167.71,167.96,1162.17,2021,12,31
2021-12-31 20:00:00+00:00,167.96,168.93,167.68,168.56,5549.89,2021,12,31
2021-12-31 20:01:00+00:00,168.62,169.66,168.62,169.57,1988.25,2021,12,31
2021-12-31 20:02:00+00:00,169.57,169.63,169.26,169.44,971.79,2021,12,31
2021-12-31 20:03:00+00:00,169.45,169.59,169.35,169.53,799.51,2021,12,31
2021-12-31 20:04:00+00:00,169.53,170.11,169.35,169.99,1498.09,2021,12,31
2021-12-31 20:05:00+00:00,170.0,170.06,169.78,170.04,901.32,2021,12,31
2021-12-31 20:06:00+00:00,170.05,170.52,169.97,170.39,3747.48,2021,12,31
2021-12-31 20:07:00+00:00,170.36,170.53,170.02,170.26,775.19,2021,12,31
2021-12-31 20:08:00+00:00,170.27,170.37,170.11,170.25,467.83,2021,12,31
2021-12-31 20:09:00+00:00,170.22,170.27,169.73,169.76,498.77,2021,12,31
2021-12-31 20:10:00+00:00,169.74,170.01,169.71,169.93,722.3,2021,12,31
2021-12-31 20:11:00+00:00,169.99,170.02,169.65,169.94,1276.65,2021,12,31
2021-12-31 20:12:00+00:00,169.96,170.07,169.89,169.92,340.46,2021,12,31
2021-12-31 20:13:00+00:00,169.95,169.99,169.8,169.83,1120.02,2021,12,31
2021-12-31 20:14:00+00:00,169.83,170.07,169.8,170.01,1236.18,2021,12,31
2021-12-31 20:15:00+00:00,169.96,170.18,169.53,169.6,856.44,2021,12,31
2021-12-31 20:16:00+00:00,169.64,169.64,169.09,169.31,956.97,2021,12,31
2021-12-31 20:17:00+00:00,169.28,169.49,169.12,169.13,610.31,2021,12,31
2021-12-31 20:18:00+00:00,169.12,169.46,169.04,169.24,449.56,2021,12,31
2021-12-31 20:19:00+00:00,169.32,169.38,169.09,169.38,304.18,2021,12,31
2021-12-31 20:20:00+00:00,169.35,169.38,169.19,169.26,148.07,2021,12,31
2021-12-31 20:21:00+00:00,169.25,169.26,168.89,168.95,960.31,2021,12,31
2021-12-31 20:22:00+00:00,168.96,169.26,168.96,169.11,598.38,2021,12,31
2021-12-31 20:23:00+00:00,169.11,169.2,169.0,169.07,282.36,2021,12,31
2021-12-31 20:24:00+00:00,169.04,169.39,169.0,169.28,250.37,2021,12,31
2021-12-31 20:25:00+00:00,169.26,169.3,168.96,169.05,1752.74,2021,12,31
2021-12-31 20:26:00+00:00,169.05,169.62,169.04,169.53,759.68,2021,12,31
2021-12-31 20:27:00+00:00,169.53,169.62,169.45,169.6,470.47,2021,12,31
2021-12-31 20:28:00+00:00,169.59,169.87,169.51,169.82,666.86,2021,12,31
2021-12-31 20:29:00+00:00,169.83,169.83,169.6,169.6,344.54,2021,12,31
2021-12-31 20:30:00+00:00,169.65,169.9,169.6,169.8,551.84,2021,12,31
2021-12-31 20:31:00+00:00,169.83,169.84,169.57,169.64,986.14,2021,12,31
2021-12-31 20:32:00+00:00,169.6,169.66,169.55,169.59,138.9,2021,12,31
2021-12-31 20:33:00+00:00,169.59,169.59,169.15,169.18,302.64,2021,12,31
2021-12-31 20:34:00+00:00,169.18,169.28,169.03,169.2,200.09,2021,12,31
2021-12-31 20:35:00+00:00,169.21,169.22,168.93,168.95,291.93,2021,12,31
2021-12-31 20:36:00+00:00,168.95,168.96,168.85,168.89,283.58,2021,12,31
2021-12-31 20:37:00+00:00,168.89,169.35,168.86,169.34,619.66,2021,12,31
2021-12-31 20:38:00+00:00,169.3,169.3,169.0,169.0,313.98,2021,12,31
2021-12-31 20:39:00+00:00,168.99,169.09,168.86,169.05,263.61,2021,12,31
2021-12-31 20:40:00+00:00,169.03,169.27,168.93,169.22,510.7,2021,12,31
2021-12-31 20:41:00+00:00,169.21,169.21,168.71,168.72,481.56,2021,12,31
2021-12-31 20:42:00+00:00,168.72,168.75,168.63,168.65,552.87,2021,12,31
2021-12-31 20:43:00+00:00,168.64,168.98,168.64,168.94,1015.74,2021,12,31
2021-12-31 20:44:00+00:00,168.91,169.13,168.9,169.05,428.43,2021,12,31
2021-12-31 20:45:00+00:00,168.95,168.95,168.71,168.71,254.59,2021,12,31
2021-12-31 20:46:00+00:00,168.71,169.0,168.63,168.96,501.9,2021,12,31
2021-12-31 20:47:00+00:00,168.95,168.97,168.8,168.81,351.41,2021,12,31
2021-12-31 20:48:00+00:00,168.82,168.96,168.69,168.84,311.38,2021,12,31
2021-12-31 20:49:00+00:00,168.85,168.99,168.71,168.96,316.59,2021,12,31
2021-12-31 20:50:00+00:00,168.88,168.88,168.51,168.61,379.29,2021,12,31
2021-12-31 20:51:00+00:00,168.63,168.73,168.55,168.56,239.68,2021,12,31
2021-12-31 20:52:00+00:00,168.58,168.75,168.58,168.67,243.39,2021,12,31
2021-12-31 20:53:00+00:00,168.65,168.67,168.47,168.67,963.1,2021,12,31
2021-12-31 20:54:00+00:00,168.68,168.68,168.45,168.5,391.75,2021,12,31
2021-12-31 20:55:00+00:00,168.5,168.5,168.3,168.32,332.22,2021,12,31
2021-12-31 20:56:00+00:00,168.3,168.43,168.22,168.28,713.39,2021,12,31
2021-12-31 20:57:00+00:00,168.28,168.57,168.16,168.44,700.07,2021,12,31
2021-12-31 20:58:00+00:00,168.44,168.44,168.07,168.15,684.47,2021,12,31
2021-12-31 20:59:00+00:00,168.18,168.42,168.08,168.3,473.19,2021,12,31
2021-12-31 21:00:00+00:00,168.32,168.55,168.32,168.47,1586.06,2021,12,31
2021-12-31 21:01:00+00:00,168.44,168.65,168.31,168.61,764.3,2021,12,31
2021-12-31 21:02:00+00:00,168.63,169.01,168.6,168.93,1019.09,2021,12,31
2021-12-31 21:03:00+00:00,168.96,169.22,168.91,169.16,519.28,2021,12,31
2021-12-31 21:04:00+00:00,169.2,169.37,169.1,169.36,468.54,2021,12,31
2021-12-31 21:05:00+00:00,169.37,169.44,169.24,169.32,480.16,2021,12,31
2021-12-31 21:06:00+00:00,169.31,169.31,168.98,169.07,563.75,2021,12,31
2021-12-31 21:07:00+00:00,169.01,169.03,168.4,168.57,1775.93,2021,12,31
2021-12-31 21:08:00+00:00,168.58,168.69,168.29,168.42,1239.35,2021,12,31
2021-12-31 21:09:00+00:00,168.42,168.76,168.42,168.76,436.35,2021,12,31
2021-12-31 21:10:00+00:00,168.76,168.78,168.49,168.71,518.51,2021,12,31
2021-12-31 21:11:00+00:00,168.67,168.71,168.56,168.63,160.46,2021,12,31
2021-12-31 21:12:00+00:00,168.58,168.72,168.53,168.68,211.46,2021,12,31
2021-12-31 21:13:00+00:00,168.73,168.86,168.61,168.81,444.6,2021,12,31
2021-12-31 21:14:00+00:00,168.82,168.85,168.57,168.78,337.78,2021,12,31
2021-12-31 21:15:00+00:00,168.77,168.81,168.6,168.73,1628.17,2021,12,31
2021-12-31 21:16:00+00:00,168.73,169.02,168.7,168.95,572.75,2021,12,31
2021-12-31 21:17:00+00:00,168.93,169.23,168.93,169.17,416.72,2021,12,31
2021-12-31 21:18:00+00:00,169.19,169.29,168.8,169.13,3656.94,2021,12,31
2021-12-31 21:19:00+00:00,169.12,169.35,169.12,169.31,806.25,2021,12,31
2021-12-31 21:20:00+00:00,169.31,169.33,169.2,169.27,379.73,2021,12,31
2021-12-31 21:21:00+00:00,169.25,169.71,169.24,169.59,1086.72,2021,12,31
2021-12-31 21:22:00+00:00,169.59,169.64,169.38,169.64,619.58,2021,12,31
2021-12-31 21:23:00+00:00,169.64,169.71,169.58,169.66,615.5,2021,12,31
2021-12-31 21:24:00+00:00,169.65,169.71,169.45,169.59,536.31,2021,12,31
2021-12-31 21:25:00+00:00,169.61,169.73,169.5,169.72,298.4,2021,12,31
2021-12-31 21:26:00+00:00,169.72,169.74,169.58,169.59,158.38,2021,12,31
2021-12-31 21:27:00+00:00,169.59,169.8,169.51,169.76,482.56,2021,12,31
2021-12-31 21:28:00+00:00,169.76,169.83,169.65,169.79,196.19,2021,12,31
2021-12-31 21:29:00+00:00,169.75,170.0,169.73,169.96,450.24,2021,12,31
2021-12-31 21:30:00+00:00,169.96,170.11,169.79,170.11,824.97,2021,12,31
2021-12-31 21:31:00+00:00,170.11,170.43,170.04,170.43,1684.43,2021,12,31
2021-12-31 21:32:00+00:00,170.4,170.45,170.0,170.1,1060.82,2021,12,31
2021-12-31 21:33:00+00:00,170.07,170.41,170.07,170.3,1049.1,2021,12,31
2021-12-31 21:34:00+00:00,170.31,170.46,170.25,170.35,369.55,2021,12,31
2021-12-31 21:35:00+00:00,170.35,170.45,170.29,170.42,413.64,2021,12,31
2021-12-31 21:36:00+00:00,170.43,170.64,170.2,170.57,514.03,2021,12,31
2021-12-31 21:37:00+00:00,170.6,171.02,170.54,170.95,1227.93,2021,12,31
2021-12-31 21:38:00+00:00,170.96,171.01,170.61,170.76,2285.85,2021,12,31
2021-12-31 21:39:00+00:00,170.78,170.8,170.31,170.41,839.58,2021,12,31
2021-12-31 21:40:00+00:00,170.41,170.41,170.18,170.22,180.1,2021,12,31
2021-12-31 21:41:00+00:00,170.19,170.25,170.03,170.07,273.77,2021,12,31
2021-12-31 21:42:00+00:00,170.08,170.45,170.05,170.26,1739.63,2021,12,31
2021-12-31 21:43:00+00:00,170.3,170.47,170.26,170.46,683.14,2021,12,31
2021-12-31 21:44:00+00:00,170.46,170.46,170.1,170.24,434.65,2021,12,31
2021-12-31 21:45:00+00:00,170.18,170.27,170.05,170.1,2037.12,2021,12,31
2021-12-31 21:46:00+00:00,170.12,170.32,169.99,170.27,2311.05,2021,12,31
2021-12-31 21:47:00+00:00,170.19,170.58,170.19,170.5,355.61,2021,12,31
2021-12-31 21:48:00+00:00,170.48,170.62,170.33,170.33,484.68,2021,12,31
2021-12-31 21:49:00+00:00,170.32,170.51,170.18,170.26,914.89,2021,12,31
2021-12-31 21:50:00+00:00,170.28,170.37,170.13,170.28,224.66,2021,12,31
2021-12-31 21:51:00+00:00,170.31,170.33,170.17,170.21,122.64,2021,12,31
2021-12-31 21:52:00+00:00,170.18,170.23,170.01,170.06,197.65,2021,12,31
2021-12-31 21:53:00+00:00,170.06,170.14,170.0,170.12,257.51,2021,12,31
2021-12-31 21:54:00+00:00,170.08,170.54,170.07,170.54,532.84,2021,12,31
2021-12-31 21:55:00+00:00,170.51,170.62,170.43,170.46,490.9,2021,12,31
2021-12-31 21:56:00+00:00,170.46,170.57,170.32,170.45,263.28,2021,12,31
2021-12-31 21:57:00+00:00,170.45,171.02,170.38,170.86,1772.76,2021,12,31
2021-12-31 21:58:00+00:00,170.88,170.99,170.77,170.9,463.18,2021,12,31
2021-12-31 21:59:00+00:00,170.93,171.06,170.69,170.77,1091.67,2021,12,31
2021-12-31 22:00:00+00:00,170.78,170.99,170.64,170.99,746.1,2021,12,31
2021-12-31 22:01:00+00:00,170.97,170.99,170.75,170.75,405.92,2021,12,31
2021-12-31 22:02:00+00:00,170.74,170.93,170.74,170.87,324.11,2021,12,31
2021-12-31 22:03:00+00:00,170.9,171.19,170.82,171.13,403.08,2021,12,31
2021-12-31 22:04:00+00:00,171.15,171.34,171.12,171.3,280.22,2021,12,31
2021-12-31 22:05:00+00:00,171.29,171.48,171.13,171.15,1113.35,2021,12,31
2021-12-31 22:06:00+00:00,171.13,171.25,171.07,171.1,253.47,2021,12,31
2021-12-31 22:07:00+00:00,171.07,171.07,170.9,170.98,600.48,2021,12,31
2021-12-31 22:08:00+00:00,170.97,171.28,170.97,171.24,738.13,2021,12,31
2021-12-31 22:09:00+00:00,171.2,171.45,171.14,171.43,443.3,2021,12,31
2021-12-31 22:10:00+00:00,171.39,171.44,171.34,171.38,274.37,2021,12,31
2021-12-31 22:11:00+00:00,171.38,171.56,171.28,171.34,400.26,2021,12,31
2021-12-31 22:12:00+00:00,171.39,171.78,171.34,171.73,626.84,2021,12,31
2021-12-31 22:13:00+00:00,171.72,171.8,171.5,171.6,683.23,2021,12,31
2021-12-31 22:14:00+00:00,171.6,171.64,171.39,171.5,477.33,2021,12,31
2021-12-31 22:15:00+00:00,171.48,171.8,171.45,171.77,540.56,2021,12,31
2021-12-31 22:16:00+00:00,171.79,171.97,171.78,171.94,505.51,2021,12,31
2021-12-31 22:17:00+00:00,171.92,171.95,171.69,171.71,865.39,2021,12,31
2021-12-31 22:18:00+00:00,171.7,171.72,171.6,171.64,254.23,2021,12,31
2021-12-31 22:19:00+00:00,171.64,171.7,171.06,171.09,1457.17,2021,12,31
2021-12-31 22:20:00+00:00,171.11,171.38,171.11,171.28,233.16,2021,12,31
2021-12-31 22:21:00+00:00,171.25,171.32,171.14,171.15,259.48,2021,12,31
2021-12-31 22:22:00+00:00,171.17,171.19,171.1,171.1,235.79,2021,12,31
2021-12-31 22:23:00+00:00,171.11,171.41,171.11,171.41,135.85,2021,12,31
2021-12-31 22:24:00+00:00,171.44,171.44,171.26,171.33,94.78,2021,12,31
2021-12-31 22:25:00+00:00,171.33,171.4,171.3,171.33,149.58,2021,12,31
2021-12-31 22:26:00+00:00,171.34,171.4,171.32,171.34,50.46,2021,12,31
2021-12-31 22:27:00+00:00,171.4,171.4,171.33,171.4,84.17,2021,12,31
2021-12-31 22:28:00+00:00,171.39,171.48,171.23,171.23,584.34,2021,12,31
2021-12-31 22:29:00+00:00,171.23,171.31,171.18,171.21,291.68,2021,12,31
2021-12-31 22:30:00+00:00,171.23,171.29,171.23,171.26,130.11,2021,12,31
2021-12-31 22:31:00+00:00,171.26,171.26,171.16,171.2,108.82,2021,12,31
2021-12-31 22:32:00+00:00,171.2,171.21,171.07,171.07,167.96,2021,12,31
2021-12-31 22:33:00+00:00,171.06,171.08,170.92,170.92,266.85,2021,12,31
2021-12-31 22:34:00+00:00,170.93,170.98,170.83,170.86,83.47,2021,12,31
2021-12-31 22:35:00+00:00,170.85,170.87,170.65,170.76,634.13,2021,12,31
2021-12-31 22:36:00+00:00,170.76,170.8,170.71,170.79,142.94,2021,12,31
2021-12-31 22:37:00+00:00,170.78,170.82,170.69,170.72,155.05,2021,12,31
2021-12-31 22:38:00+00:00,170.73,170.75,170.66,170.67,675.88,2021,12,31
2021-12-31 22:39:00+00:00,170.67,170.67,169.87,169.96,2578.12,2021,12,31
2021-12-31 22:40:00+00:00,169.96,170.02,169.89,170.02,344.72,2021,12,31
2021-12-31 22:41:00+00:00,170.02,170.09,170.01,170.08,153.44,2021,12,31
2021-12-31 22:42:00+00:00,170.09,170.14,170.01,170.03,150.38,2021,12,31
2021-12-31 22:43:00+00:00,170.03,170.03,169.92,169.95,326.51,2021,12,31
2021-12-31 22:44:00+00:00,169.96,169.96,169.78,169.81,376.62,2021,12,31
2021-12-31 22:45:00+00:00,169.78,169.96,169.75,169.96,546.2,2021,12,31
2021-12-31 22:46:00+00:00,170.0,170.22,170.0,170.15,722.82,2021,12,31
2021-12-31 22:47:00+00:00,170.11,170.28,170.11,170.27,361.11,2021,12,31
2021-12-31 22:48:00+00:00,170.29,170.47,170.28,170.41,293.6,2021,12,31
2021-12-31 22:49:00+00:00,170.45,170.47,170.26,170.26,721.06,2021,12,31
2021-12-31 22:50:00+00:00,170.27,170.3,170.11,170.12,212.55,2021,12,31
2021-12-31 22:51:00+00:00,170.12,170.29,170.12,170.29,331.18,2021,12,31
2021-12-31 22:52:00+00:00,170.31,170.41,170.29,170.39,97.99,2021,12,31
2021-12-31 22:53:00+00:00,170.38,170.47,170.38,170.44,91.41,2021,12,31
2021-12-31 22:54:00+00:00,170.44,170.44,170.26,170.29,182.12,2021,12,31
2021-12-31 22:55:00+00:00,170.3,170.46,170.29,170.37,511.96,2021,12,31
2021-12-31 22:56:00+00:00,170.38,170.47,170.3,170.34,236.41,2021,12,31
2021-12-31 22:57:00+00:00,170.35,170.41,170.35,170.41,315.78,2021,12,31
2021-12-31 22:58:00+00:00,170.41,170.41,170.25,170.29,405.81,2021,12,31
2021-12-31 22:59:00+00:00,170.29,170.33,170.22,170.22,80.4,2021,12,31
2021-12-31 23:00:00+00:00,170.2,170.44,170.14,170.43,378.29,2021,12,31
2021-12-31 23:01:00+00:00,170.43,170.57,170.43,170.53,268.91,2021,12,31
2021-12-31 23:02:00+00:00,170.55,170.65,170.55,170.57,151.29,2021,12,31
2021-12-31 23:03:00+00:00,170.57,170.59,170.53,170.59,84.96,2021,12,31
2021-12-31 23:04:00+00:00,170.58,170.68,170.56,170.65,126.86,2021,12,31
2021-12-31 23:05:00+00:00,170.66,170.78,170.66,170.78,206.05,2021,12,31
2021-12-31 23:06:00+00:00,170.79,170.8,170.61,170.72,244.24,2021,12,31
2021-12-31 23:07:00+00:00,170.72,170.76,170.71,170.76,54.63,2021,12,31
2021-12-31 23:08:00+00:00,170.76,170.83,170.56,170.75,1184.77,2021,12,31
2021-12-31 23:09:00+00:00,170.74,170.84,170.7,170.83,130.91,2021,12,31
2021-12-31 23:10:00+00:00,170.82,170.86,170.7,170.81,287.61,2021,12,31
2021-12-31 23:11:00+00:00,170.81,170.86,170.61,170.77,188.12,2021,12,31
2021-12-31 23:12:00+00:00,170.77,170.8,170.72,170.77,31.02,2021,12,31
2021-12-31 23:13:00+00:00,170.78,170.99,170.78,170.92,251.41,2021,12,31
2021-12-31 23:14:00+00:00,170.92,171.19,170.91,170.98,725.81,2021,12,31
2021-12-31 23:15:00+00:00,170.98,171.09,170.91,170.99,113.21,2021,12,31
2021-12-31 23:16:00+00:00,171.0,171.02,170.76,170.76,337.63,2021,12,31
2021-12-31 23:17:00+00:00,170.79,171.01,170.76,170.96,173.21,2021,12,31
2021-12-31 23:18:00+00:00,170.97,171.05,170.95,170.98,365.94,2021,12,31
2021-12-31 23:19:00+00:00,170.97,171.05,170.96,170.96,85.75,2021,12,31
2021-12-31 23:20:00+00:00,170.97,171.0,170.84,170.84,203.68,2021,12,31
2021-12-31 23:21:00+00:00,170.85,170.89,170.5,170.52,1605.67,2021,12,31
2021-12-31 23:22:00+00:00,170.53,170.57,170.38,170.38,235.45,2021,12,31
2021-12-31 23:23:00+00:00,170.39,170.53,170.35,170.5,106.57,2021,12,31
2021-12-31 23:24:00+00:00,170.5,170.63,170.31,170.41,1582.43,2021,12,31
2021-12-31 23:25:00+00:00,170.46,170.49,170.32,170.45,186.29,2021,12,31
2021-12-31 23:26:00+00:00,170.47,170.64,170.46,170.58,457.67,2021,12,31
2021-12-31 23:27:00+00:00,170.59,170.64,170.46,170.64,296.11,2021,12,31
2021-12-31 23:28:00+00:00,170.64,170.65,170.5,170.58,157.0,2021,12,31
2021-12-31 23:29:00+00:00,170.58,170.58,170.31,170.4,209.27,2021,12,31
2021-12-31 23:30:00+00:00,170.4,171.38,170.37,171.21,11864.3,2021,12,31
2021-12-31 23:31:00+00:00,171.22,171.22,170.84,170.94,2025.65,2021,12,31
2021-12-31 23:32:00+00:00,170.94,171.0,170.79,170.89,194.45,2021,12,31
2021-12-31 23:33:00+00:00,170.89,170.89,170.04,170.72,10625.7,2021,12,31
2021-12-31 23:34:00+00:00,170.68,170.82,170.66,170.82,177.18,2021,12,31
2021-12-31 23:35:00+00:00,170.81,170.82,170.6,170.6,468.38,2021,12,31
2021-12-31 23:36:00+00:00,170.59,170.79,170.59,170.77,98.86,2021,12,31
2021-12-31 23:37:00+00:00,170.72,170.75,170.55,170.72,260.82,2021,12,31
2021-12-31 23:38:00+00:00,170.73,170.78,170.67,170.73,139.04,2021,12,31
2021-12-31 23:39:00+00:00,170.75,170.89,170.75,170.85,224.63,2021,12,31
2021-12-31 23:40:00+00:00,170.82,171.11,170.82,171.08,149.32,2021,12,31
2021-12-31 23:41:00+00:00,171.07,171.07,170.98,171.06,130.76,2021,12,31
2021-12-31 23:42:00+00:00,171.06,171.09,170.76,170.87,300.37,2021,12,31
2021-12-31 23:43:00+00:00,170.87,171.02,170.8,171.02,91.54,2021,12,31
2021-12-31 23:44:00+00:00,171.0,171.23,170.89,171.06,352.74,2021,12,31
2021-12-31 23:45:00+00:00,171.05,171.05,170.82,170.9,375.92,2021,12,31
2021-12-31 23:46:00+00:00,170.89,171.09,170.83,171.03,681.19,2021,12,31
2021-12-31 23:47:00+00:00,171.03,171.11,170.95,171.03,272.67,2021,12,31
2021-12-31 23:48:00+00:00,171.05,171.05,170.61,170.61,1322.1,2021,12,31
2021-12-31 23:49:00+00:00,170.6,170.7,170.58,170.69,528.25,2021,12,31
2021-12-31 23:50:00+00:00,170.69,170.69,170.52,170.55,176.33,2021,12,31
2021-12-31 23:51:00+00:00,170.51,170.69,170.44,170.69,367.49,2021,12,31
2021-12-31 23:52:00+00:00,170.68,170.7,170.59,170.6,134.21,2021,12,31
2021-12-31 23:53:00+00:00,170.6,170.6,170.36,170.4,286.96,2021,12,31
2021-12-31 23:54:00+00:00,170.41,170.41,170.2,170.33,345.45,2021,12,31
2021-12-31 23:55:00+00:00,170.33,170.34,170.18,170.24,178.15,2021,12,31
2021-12-31 23:56:00+00:00,170.23,170.39,170.15,170.18,340.33,2021,12,31
2021-12-31 23:57:00+00:00,170.17,170.29,170.11,170.19,747.91,2021,12,31
2021-12-31 23:58:00+00:00,170.2,170.2,169.76,169.93,1203.06,2021,12,31
2021-12-31 23:59:00+00:00,169.9,170.07,169.9,169.99,304.42,2021,12,31
