timestamp,open,high,low,close,volume,year,month,day
2020-06-01 00:00:00+00:00,9448.27,9451.74,9432.76,9439.58,75.478449,2020,6,1
2020-06-01 00:01:00+00:00,9438.17,9446.2,9431.75,9442.04,71.84686,2020,6,1
2020-06-01 00:02:00+00:00,9442.04,9446.66,9431.47,9443.08,36.138885,2020,6,1
2020-06-01 00:03:00+00:00,9443.08,9450.0,9421.67,9421.86,46.749705,2020,6,1
2020-06-01 00:04:00+00:00,9424.25,9435.22,9422.24,9432.64,40.447054,2020,6,1
2020-06-01 00:05:00+00:00,9432.63,9440.0,9431.81,9437.27,19.546196,2020,6,1
2020-06-01 00:06:00+00:00,9437.93,9453.51,9436.47,9452.23,32.028675,2020,6,1
2020-06-01 00:07:00+00:00,9452.44,9468.73,9450.61,9466.83,70.478663,2020,6,1
2020-06-01 00:08:00+00:00,9466.83,9475.54,9465.26,9467.39,47.022474,2020,6,1
2020-06-01 00:09:00+00:00,9467.91,9480.82,9465.0,9476.37,51.513435,2020,6,1
2020-06-01 00:10:00+00:00,9475.94,9491.55,9474.31,9489.68,64.73856,2020,6,1
2020-06-01 00:11:00+00:00,9488.66,9488.67,9475.03,9477.99,33.163027,2020,6,1
2020-06-01 00:12:00+00:00,9478.64,9489.52,9478.02,9489.52,19.535034,2020,6,1
2020-06-01 00:13:00+00:00,9489.52,9493.11,9486.55,9490.22,40.169738,2020,6,1
2020-06-01 00:14:00+00:00,9490.23,9492.93,9474.97,9483.13,58.632047,2020,6,1
2020-06-01 00:15:00+00:00,9483.25,9496.78,9482.0,9495.76,49.025016,2020,6,1
2020-06-01 00:16:00+00:00,9496.27,9497.91,9484.5,9495.1,55.414486,2020,6,1
2020-06-01 00:17:00+00:00,9495.11,9496.0,9479.52,9492.23,45.193759,2020,6,1
2020-06-01 00:18:00+00:00,9493.27,9493.27,9480.0,9482.46,22.298626,2020,6,1
2020-06-01 00:19:00+00:00,9482.78,9487.74,9480.0,9480.08,30.517618,2020,6,1
2020-06-01 00:20:00+00:00,9480.09,9484.95,9476.82,9476.82,13.270307,2020,6,1
2020-06-01 00:21:00+00:00,9477.16,9487.55,9475.01,9486.48,33.861115,2020,6,1
2020-06-01 00:22:00+00:00,9487.48,9493.57,9487.48,9492.91,10.683728,2020,6,1
2020-06-01 00:23:00+00:00,9492.57,9493.38,9487.0,9487.93,9.857682,2020,6,1
2020-06-01 00:24:00+00:00,9489.49,9491.91,9482.13,9486.2,15.750692,2020,6,1
2020-06-01 00:25:00+00:00,9486.2,9486.21,9473.65,9480.18,51.02575,2020,6,1
2020-06-01 00:26:00+00:00,9480.01,9480.47,9475.96,9478.76,10.86118,2020,6,1
2020-06-01 00:27:00+00:00,9478.76,9486.15,9478.76,9485.0,50.765192,2020,6,1
2020-06-01 00:28:00+00:00,9486.07,9488.38,9485.34,9487.17,9.663705,2020,6,1
2020-06-01 00:29:00+00:00,9487.71,9490.0,9485.89,9488.03,8.095675,2020,6,1
2020-06-01 00:30:00+00:00,9488.02,9493.5,9483.27,9486.09,28.173581,2020,6,1
2020-06-01 00:31:00+00:00,9486.21,9488.49,9479.39,9479.4,24.670058,2020,6,1
2020-06-01 00:32:00+00:00,9479.39,9479.98,9475.9,9476.85,13.798901,2020,6,1
2020-06-01 00:33:00+00:00,9476.74,9479.16,9473.15,9474.43,20.515654,2020,6,1
2020-06-01 00:34:00+00:00,9474.42,9474.42,9466.13,9473.28,24.724524,2020,6,1
2020-06-01 00:35:00+00:00,9472.49,9473.54,9465.78,9467.26,11.935521,2020,6,1
2020-06-01 00:36:00+00:00,9467.26,9474.2,9466.31,9472.61,15.648069,2020,6,1
2020-06-01 00:37:00+00:00,9472.61,9474.0,9467.69,9467.91,12.574059,2020,6,1
2020-06-01 00:38:00+00:00,9467.28,9469.85,9461.55,9469.85,15.606866,2020,6,1
2020-06-01 00:39:00+00:00,9470.0,9484.74,9468.27,9482.6,30.667413,2020,6,1
2020-06-01 00:40:00+00:00,9483.06,9485.0,9480.01,9481.18,16.671403,2020,6,1
2020-06-01 00:41:00+00:00,9481.35,9483.56,9475.98,9477.62,8.66939,2020,6,1
2020-06-01 00:42:00+00:00,9477.61,9484.48,9477.48,9482.3,5.172175,2020,6,1
2020-06-01 00:43:00+00:00,9482.3,9482.3,9476.08,9477.04,7.379253,2020,6,1
2020-06-01 00:44:00+00:00,9477.37,9477.86,9465.72,9465.73,13.173522,2020,6,1
2020-06-01 00:45:00+00:00,9465.73,9471.87,9465.73,9468.93,16.132241,2020,6,1
2020-06-01 00:46:00+00:00,9468.92,9476.74,9466.35,9476.74,7.471661,2020,6,1
2020-06-01 00:47:00+00:00,9476.05,9481.73,9475.91,9479.51,8.92791,2020,6,1
2020-06-01 00:48:00+00:00,9480.48,9488.17,9480.02,9487.04,18.591602,2020,6,1
2020-06-01 00:49:00+00:00,9486.94,9488.32,9480.0,9483.51,47.699427,2020,6,1
2020-06-01 00:50:00+00:00,9483.45,9493.57,9482.88,9491.61,23.981152,2020,6,1
2020-06-01 00:51:00+00:00,9491.27,9492.3,9486.39,9486.41,9.954512,2020,6,1
2020-06-01 00:52:00+00:00,9486.43,9489.08,9482.0,9487.04,11.89468,2020,6,1
2020-06-01 00:53:00+00:00,9487.02,9487.02,9480.81,9483.35,8.774334,2020,6,1
2020-06-01 00:54:00+00:00,9483.37,9485.96,9480.85,9483.71,18.533168,2020,6,1
2020-06-01 00:55:00+00:00,9485.27,9495.0,9484.33,9495.0,30.993105,2020,6,1
2020-06-01 00:56:00+00:00,9495.0,9495.0,9487.87,9490.84,30.707573,2020,6,1
2020-06-01 00:57:00+00:00,9490.84,9506.0,9490.75,9504.51,50.756848,2020,6,1
2020-06-01 00:58:00+00:00,9504.79,9508.57,9499.0,9500.62,49.31011,2020,6,1
2020-06-01 00:59:00+00:00,9501.32,9501.86,9494.78,9498.31,35.243872,2020,6,1
2020-06-01 01:00:00+00:00,9498.78,9505.9,9497.19,9499.66,41.557538,2020,6,1
2020-06-01 01:01:00+00:00,9499.67,9500.0,9486.55,9486.56,27.723463,2020,6,1
2020-06-01 01:02:00+00:00,9486.55,9494.04,9486.55,9494.04,13.641876,2020,6,1
2020-06-01 01:03:00+00:00,9493.09,9495.54,9486.56,9488.23,16.728239,2020,6,1
2020-06-01 01:04:00+00:00,9488.23,9494.29,9488.1,9492.59,21.52844,2020,6,1
2020-06-01 01:05:00+00:00,9492.59,9495.0,9490.53,9491.79,22.434858,2020,6,1
2020-06-01 01:06:00+00:00,9492.19,9496.33,9490.3,9493.97,19.364054,2020,6,1
2020-06-01 01:07:00+00:00,9493.69,9494.0,9481.27,9482.48,53.488086,2020,6,1
2020-06-01 01:08:00+00:00,9482.82,9487.7,9481.3,9484.57,14.71041,2020,6,1
2020-06-01 01:09:00+00:00,9484.57,9489.35,9482.55,9487.59,17.632923,2020,6,1
2020-06-01 01:10:00+00:00,9486.53,9487.36,9474.03,9477.85,35.107353,2020,6,1
2020-06-01 01:11:00+00:00,9477.84,9484.81,9477.52,9480.62,18.087202,2020,6,1
2020-06-01 01:12:00+00:00,9479.41,9483.94,9478.23,9481.57,11.076551,2020,6,1
2020-06-01 01:13:00+00:00,9480.05,9480.2,9474.04,9476.25,14.040406,2020,6,1
2020-06-01 01:14:00+00:00,9476.47,9481.0,9476.47,9476.49,13.226212,2020,6,1
2020-06-01 01:15:00+00:00,9476.48,9477.71,9475.15,9475.15,10.492704,2020,6,1
2020-06-01 01:16:00+00:00,9475.15,9477.0,9470.08,9472.09,30.715448,2020,6,1
2020-06-01 01:17:00+00:00,9471.74,9475.97,9465.3,9474.23,39.225999,2020,6,1
2020-06-01 01:18:00+00:00,9473.77,9474.21,9467.67,9470.61,13.062249,2020,6,1
2020-06-01 01:19:00+00:00,9470.6,9474.55,9468.0,9470.11,17.873133,2020,6,1
2020-06-01 01:20:00+00:00,9469.47,9474.99,9469.47,9474.07,5.879681,2020,6,1
2020-06-01 01:21:00+00:00,9474.07,9479.8,9472.53,9478.53,29.873552,2020,6,1
2020-06-01 01:22:00+00:00,9479.6,9480.0,9477.01,9480.0,15.441659,2020,6,1
2020-06-01 01:23:00+00:00,9480.0,9484.17,9476.92,9480.25,15.294824,2020,6,1
2020-06-01 01:24:00+00:00,9480.82,9483.26,9477.59,9481.65,11.886475,2020,6,1
2020-06-01 01:25:00+00:00,9481.77,9489.0,9480.17,9488.49,19.789388,2020,6,1
2020-06-01 01:26:00+00:00,9488.5,9490.0,9485.63,9489.66,11.221575,2020,6,1
2020-06-01 01:27:00+00:00,9489.99,9493.88,9488.48,9490.15,19.238879,2020,6,1
2020-06-01 01:28:00+00:00,9490.67,9493.91,9488.49,9491.41,20.537066,2020,6,1
2020-06-01 01:29:00+00:00,9491.5,9497.0,9491.28,9495.82,27.065571,2020,6,1
2020-06-01 01:30:00+00:00,9496.31,9500.0,9493.38,9495.99,34.447591,2020,6,1
2020-06-01 01:31:00+00:00,9495.33,9496.76,9488.49,9491.92,35.820404,2020,6,1
2020-06-01 01:32:00+00:00,9491.92,9493.27,9485.97,9486.96,25.51611,2020,6,1
2020-06-01 01:33:00+00:00,9486.87,9499.02,9486.87,9494.89,36.664279,2020,6,1
2020-06-01 01:34:00+00:00,9494.89,9507.0,9494.89,9506.66,51.711071,2020,6,1
2020-06-01 01:35:00+00:00,9506.99,9514.7,9503.03,9506.66,157.42978,2020,6,1
2020-06-01 01:36:00+00:00,9506.66,9511.0,9505.25,9511.0,49.329615,2020,6,1
2020-06-01 01:37:00+00:00,9511.0,9514.7,9509.08,9513.57,17.244446,2020,6,1
2020-06-01 01:38:00+00:00,9513.44,9519.42,9512.73,9519.06,31.267632,2020,6,1
2020-06-01 01:39:00+00:00,9518.56,9519.06,9513.14,9518.84,42.503237,2020,6,1
2020-06-01 01:40:00+00:00,9518.84,9521.99,9518.77,9519.41,50.015879,2020,6,1
2020-06-01 01:41:00+00:00,9519.41,9519.41,9508.5,9509.73,39.134625,2020,6,1
2020-06-01 01:42:00+00:00,9509.86,9514.07,9506.71,9508.0,20.644708,2020,6,1
2020-06-01 01:43:00+00:00,9508.0,9513.79,9506.71,9512.39,20.926919,2020,6,1
2020-06-01 01:44:00+00:00,9512.39,9517.36,9510.91,9512.49,23.149238,2020,6,1
2020-06-01 01:45:00+00:00,9511.74,9518.57,9511.74,9516.99,14.955606,2020,6,1
2020-06-01 01:46:00+00:00,9516.94,9518.54,9502.24,9504.03,27.326236,2020,6,1
2020-06-01 01:47:00+00:00,9503.73,9509.67,9502.01,9509.43,9.277365,2020,6,1
2020-06-01 01:48:00+00:00,9508.69,9510.76,9504.62,9506.13,15.074747,2020,6,1
2020-06-01 01:49:00+00:00,9505.74,9519.98,9505.74,9519.07,31.29605,2020,6,1
2020-06-01 01:50:00+00:00,9519.06,9524.0,9514.88,9523.99,48.410849,2020,6,1
2020-06-01 01:51:00+00:00,9523.76,9524.0,9518.96,9522.01,22.224398,2020,6,1
2020-06-01 01:52:00+00:00,9522.1,9524.0,9516.3,9519.98,52.735931,2020,6,1
2020-06-01 01:53:00+00:00,9521.72,9527.07,9519.61,9522.09,34.665749,2020,6,1
2020-06-01 01:54:00+00:00,9522.09,9530.91,9520.6,9530.91,36.243053,2020,6,1
2020-06-01 01:55:00+00:00,9530.72,9536.0,9528.03,9535.72,27.916768,2020,6,1
2020-06-01 01:56:00+00:00,9535.8,9550.0,9529.16,9550.0,170.676083,2020,6,1
2020-06-01 01:57:00+00:00,9550.0,9570.0,9547.33,9557.78,226.663797,2020,6,1
2020-06-01 01:58:00+00:00,9557.78,9559.95,9545.5,9547.66,47.11776,2020,6,1
2020-06-01 01:59:00+00:00,9548.2,9556.04,9543.68,9551.58,36.04247,2020,6,1
2020-06-01 02:00:00+00:00,9551.17,9560.0,9551.17,9555.38,46.709611,2020,6,1
2020-06-01 02:01:00+00:00,9555.2,9560.04,9538.25,9541.88,40.271007,2020,6,1
2020-06-01 02:02:00+00:00,9542.29,9549.99,9540.93,9547.47,22.740608,2020,6,1
2020-06-01 02:03:00+00:00,9548.0,9548.0,9539.0,9539.0,25.207265,2020,6,1
2020-06-01 02:04:00+00:00,9539.41,9541.49,9537.02,9539.01,31.696506,2020,6,1
2020-06-01 02:05:00+00:00,9539.0,9548.57,9537.07,9547.03,15.9639,2020,6,1
2020-06-01 02:06:00+00:00,9547.03,9547.03,9539.58,9543.08,36.361938,2020,6,1
2020-06-01 02:07:00+00:00,9543.44,9546.22,9533.34,9545.5,43.59698,2020,6,1
2020-06-01 02:08:00+00:00,9546.05,9553.4,9539.78,9553.39,56.778954,2020,6,1
2020-06-01 02:09:00+00:00,9553.39,9560.72,9553.27,9555.21,41.585231,2020,6,1
2020-06-01 02:10:00+00:00,9554.61,9561.21,9554.61,9560.41,18.299882,2020,6,1
2020-06-01 02:11:00+00:00,9560.41,9563.62,9551.26,9563.12,22.166428,2020,6,1
2020-06-01 02:12:00+00:00,9561.51,9566.0,9558.18,9560.5,41.917009,2020,6,1
2020-06-01 02:13:00+00:00,9560.49,9568.61,9560.0,9560.86,37.980974,2020,6,1
2020-06-01 02:14:00+00:00,9560.85,9560.86,9541.75,9547.21,52.156427,2020,6,1
2020-06-01 02:15:00+00:00,9546.77,9549.82,9534.0,9536.81,41.81424,2020,6,1
2020-06-01 02:16:00+00:00,9536.38,9538.59,9530.0,9530.01,33.217025,2020,6,1
2020-06-01 02:17:00+00:00,9530.3,9541.46,9530.3,9540.0,34.502317,2020,6,1
2020-06-01 02:18:00+00:00,9539.84,9539.99,9534.02,9537.19,14.447415,2020,6,1
2020-06-01 02:19:00+00:00,9537.2,9537.25,9526.87,9531.03,33.276696,2020,6,1
2020-06-01 02:20:00+00:00,9530.88,9541.03,9530.21,9539.95,21.364841,2020,6,1
2020-06-01 02:21:00+00:00,9540.71,9549.43,9539.69,9548.05,47.252441,2020,6,1
2020-06-01 02:22:00+00:00,9549.03,9553.22,9548.37,9550.31,26.88294,2020,6,1
2020-06-01 02:23:00+00:00,9550.18,9553.84,9546.09,9547.58,71.771913,2020,6,1
2020-06-01 02:24:00+00:00,9547.88,9554.58,9545.25,9550.0,41.499325,2020,6,1
2020-06-01 02:25:00+00:00,9549.99,9559.0,9548.74,9555.47,37.733379,2020,6,1
2020-06-01 02:26:00+00:00,9555.12,9555.76,9537.23,9546.35,274.127259,2020,6,1
2020-06-01 02:27:00+00:00,9547.16,9547.16,9537.93,9537.98,65.092148,2020,6,1
2020-06-01 02:28:00+00:00,9538.04,9546.51,9537.17,9546.32,8.751329,2020,6,1
2020-06-01 02:29:00+00:00,9545.14,9546.26,9538.64,9541.61,18.606746,2020,6,1
2020-06-01 02:30:00+00:00,9541.6,9546.23,9532.14,9534.46,22.796571,2020,6,1
2020-06-01 02:31:00+00:00,9534.04,9542.0,9532.29,9540.32,29.248748,2020,6,1
2020-06-01 02:32:00+00:00,9541.13,9545.0,9539.67,9541.83,20.375977,2020,6,1
2020-06-01 02:33:00+00:00,9541.85,9543.0,9538.55,9540.0,8.366004,2020,6,1
2020-06-01 02:34:00+00:00,9539.99,9541.95,9539.14,9540.14,12.01526,2020,6,1
2020-06-01 02:35:00+00:00,9540.14,9547.58,9539.03,9543.58,15.372977,2020,6,1
2020-06-01 02:36:00+00:00,9543.3,9557.0,9538.01,9549.45,34.94168,2020,6,1
2020-06-01 02:37:00+00:00,9550.8,9557.14,9550.8,9556.23,17.049702,2020,6,1
2020-06-01 02:38:00+00:00,9556.24,9560.0,9554.5,9555.92,23.740366,2020,6,1
2020-06-01 02:39:00+00:00,9557.0,9559.62,9551.65,9553.58,34.070655,2020,6,1
2020-06-01 02:40:00+00:00,9553.43,9556.92,9551.68,9554.99,18.565223,2020,6,1
2020-06-01 02:41:00+00:00,9555.0,9556.0,9540.0,9541.1,38.945589,2020,6,1
2020-06-01 02:42:00+00:00,9542.53,9546.25,9541.13,9543.25,22.996754,2020,6,1
2020-06-01 02:43:00+00:00,9543.25,9544.97,9537.81,9543.54,24.071919,2020,6,1
2020-06-01 02:44:00+00:00,9543.57,9543.66,9536.66,9538.27,19.89971,2020,6,1
2020-06-01 02:45:00+00:00,9538.59,9549.03,9538.59,9544.35,26.338618,2020,6,1
2020-06-01 02:46:00+00:00,9544.23,9553.59,9544.22,9550.19,23.329995,2020,6,1
2020-06-01 02:47:00+00:00,9550.2,9551.24,9547.11,9548.08,19.141755,2020,6,1
2020-06-01 02:48:00+00:00,9548.08,9548.09,9542.55,9543.63,30.055446,2020,6,1
2020-06-01 02:49:00+00:00,9543.63,9548.08,9541.58,9547.17,34.348465,2020,6,1
2020-06-01 02:50:00+00:00,9547.17,9552.61,9545.5,9545.5,26.292396,2020,6,1
2020-06-01 02:51:00+00:00,9545.5,9547.43,9545.0,9545.0,13.792118,2020,6,1
2020-06-01 02:52:00+00:00,9545.0,9545.0,9530.0,9531.12,31.738963,2020,6,1
2020-06-01 02:53:00+00:00,9531.11,9533.04,9528.42,9529.71,15.274081,2020,6,1
2020-06-01 02:54:00+00:00,9529.72,9540.48,9529.66,9535.34,39.089266,2020,6,1
2020-06-01 02:55:00+00:00,9535.36,9539.61,9535.3,9537.72,11.732062,2020,6,1
2020-06-01 02:56:00+00:00,9537.71,9540.0,9534.12,9534.12,16.196029,2020,6,1
2020-06-01 02:57:00+00:00,9534.12,9539.0,9534.08,9536.7,16.667614,2020,6,1
2020-06-01 02:58:00+00:00,9536.7,9537.14,9532.58,9532.91,9.357842,2020,6,1
2020-06-01 02:59:00+00:00,9532.84,9534.57,9530.66,9530.67,25.372209,2020,6,1
2020-06-01 03:00:00+00:00,9531.7,9547.36,9531.69,9547.0,16.655949,2020,6,1
2020-06-01 03:01:00+00:00,9546.64,9553.68,9545.88,9550.16,35.552538,2020,6,1
2020-06-01 03:02:00+00:00,9549.73,9550.17,9543.15,9546.71,21.916344,2020,6,1
2020-06-01 03:03:00+00:00,9546.72,9547.04,9543.19,9546.77,19.361757,2020,6,1
2020-06-01 03:04:00+00:00,9546.77,9547.02,9540.87,9542.87,30.1386,2020,6,1
2020-06-01 03:05:00+00:00,9542.85,9551.01,9542.83,9544.88,28.98648,2020,6,1
2020-06-01 03:06:00+00:00,9544.92,9546.46,9538.17,9541.36,25.271849,2020,6,1
2020-06-01 03:07:00+00:00,9541.36,9541.92,9536.85,9536.85,21.048391,2020,6,1
2020-06-01 03:08:00+00:00,9536.85,9537.91,9534.14,9535.86,15.719628,2020,6,1
2020-06-01 03:09:00+00:00,9535.93,9536.79,9531.43,9535.64,15.282189,2020,6,1
2020-06-01 03:10:00+00:00,9535.34,9537.66,9532.31,9532.31,8.291693,2020,6,1
2020-06-01 03:11:00+00:00,9532.31,9532.31,9514.65,9523.04,289.932545,2020,6,1
2020-06-01 03:12:00+00:00,9523.1,9531.89,9523.01,9528.78,26.391876,2020,6,1
2020-06-01 03:13:00+00:00,9528.78,9531.69,9520.58,9524.86,25.474233,2020,6,1
2020-06-01 03:14:00+00:00,9524.85,9533.78,9523.79,9533.78,17.867709,2020,6,1
2020-06-01 03:15:00+00:00,9533.2,9535.0,9526.53,9533.99,18.215535,2020,6,1
2020-06-01 03:16:00+00:00,9534.0,9534.0,9528.18,9528.37,8.699504,2020,6,1
2020-06-01 03:17:00+00:00,9528.37,9529.89,9522.01,9527.52,17.528213,2020,6,1
2020-06-01 03:18:00+00:00,9527.53,9532.47,9526.82,9527.94,33.618527,2020,6,1
2020-06-01 03:19:00+00:00,9528.11,9529.28,9520.0,9525.69,25.39973,2020,6,1
2020-06-01 03:20:00+00:00,9524.44,9533.73,9524.44,9533.56,15.541601,2020,6,1
2020-06-01 03:21:00+00:00,9533.52,9534.0,9527.76,9531.94,9.689688,2020,6,1
2020-06-01 03:22:00+00:00,9531.31,9531.47,9527.76,9527.76,6.549336,2020,6,1
2020-06-01 03:23:00+00:00,9527.76,9528.86,9526.78,9527.73,3.890682,2020,6,1
2020-06-01 03:24:00+00:00,9528.58,9537.0,9528.57,9535.72,11.043296,2020,6,1
2020-06-01 03:25:00+00:00,9536.12,9544.88,9536.03,9543.09,17.137467,2020,6,1
2020-06-01 03:26:00+00:00,9543.09,9548.18,9540.08,9547.25,19.936599,2020,6,1
2020-06-01 03:27:00+00:00,9548.18,9548.18,9543.18,9545.75,5.014636,2020,6,1
2020-06-01 03:28:00+00:00,9545.76,9550.0,9540.98,9542.53,25.341603,2020,6,1
2020-06-01 03:29:00+00:00,9542.54,9549.32,9542.54,9546.47,12.945495,2020,6,1
2020-06-01 03:30:00+00:00,9547.18,9550.0,9545.9,9550.0,11.230805,2020,6,1
2020-06-01 03:31:00+00:00,9549.99,9554.38,9543.59,9545.0,45.563151,2020,6,1
2020-06-01 03:32:00+00:00,9544.94,9548.07,9543.2,9546.23,16.088377,2020,6,1
2020-06-01 03:33:00+00:00,9546.36,9554.63,9545.84,9546.57,32.698485,2020,6,1
2020-06-01 03:34:00+00:00,9547.28,9550.62,9546.56,9549.62,11.740315,2020,6,1
2020-06-01 03:35:00+00:00,9548.9,9549.43,9545.17,9548.26,13.246143,2020,6,1
2020-06-01 03:36:00+00:00,9548.26,9548.51,9545.0,9547.38,17.325939,2020,6,1
2020-06-01 03:37:00+00:00,9547.38,9547.7,9545.09,9546.04,7.322188,2020,6,1
2020-06-01 03:38:00+00:00,9546.18,9547.4,9543.0,9543.54,17.574027,2020,6,1
2020-06-01 03:39:00+00:00,9544.48,9548.0,9540.0,9546.68,41.319931,2020,6,1
2020-06-01 03:40:00+00:00,9546.9,9554.39,9545.32,9551.3,23.721174,2020,6,1
2020-06-01 03:41:00+00:00,9551.3,9556.18,9550.27,9550.51,27.59947,2020,6,1
2020-06-01 03:42:00+00:00,9550.76,9556.87,9550.76,9556.86,9.234328,2020,6,1
2020-06-01 03:43:00+00:00,9556.05,9571.66,9556.05,9559.24,79.207519,2020,6,1
2020-06-01 03:44:00+00:00,9559.24,9560.91,9555.0,9555.0,43.392087,2020,6,1
2020-06-01 03:45:00+00:00,9555.01,9564.11,9555.0,9558.0,37.857693,2020,6,1
2020-06-01 03:46:00+00:00,9558.0,9559.13,9551.57,9552.71,16.921628,2020,6,1
2020-06-01 03:47:00+00:00,9552.71,9562.03,9552.7,9555.92,22.581189,2020,6,1
2020-06-01 03:48:00+00:00,9555.93,9558.02,9552.09,9552.11,13.703957,2020,6,1
2020-06-01 03:49:00+00:00,9552.08,9553.66,9545.0,9545.0,67.056399,2020,6,1
2020-06-01 03:50:00+00:00,9545.01,9549.26,9542.43,9545.02,26.620537,2020,6,1
2020-06-01 03:51:00+00:00,9545.02,9549.26,9543.18,9546.64,13.692035,2020,6,1
2020-06-01 03:52:00+00:00,9545.57,9547.26,9542.73,9545.14,7.741061,2020,6,1
2020-06-01 03:53:00+00:00,9545.0,9554.96,9541.17,9551.19,64.236717,2020,6,1
2020-06-01 03:54:00+00:00,9551.57,9563.12,9551.57,9555.45,45.257013,2020,6,1
2020-06-01 03:55:00+00:00,9555.46,9555.46,9545.69,9550.17,32.357937,2020,6,1
2020-06-01 03:56:00+00:00,9550.18,9560.45,9550.18,9557.17,14.565677,2020,6,1
2020-06-01 03:57:00+00:00,9557.64,9558.12,9552.92,9555.01,11.949028,2020,6,1
2020-06-01 03:58:00+00:00,9555.01,9556.46,9553.18,9556.45,8.230279,2020,6,1
2020-06-01 03:59:00+00:00,9556.46,9556.46,9550.28,9555.79,12.160196,2020,6,1
2020-06-01 04:00:00+00:00,9556.14,9568.66,9556.14,9562.72,75.684917,2020,6,1
2020-06-01 04:01:00+00:00,9562.62,9570.85,9562.23,9562.96,91.22467,2020,6,1
2020-06-01 04:02:00+00:00,9564.02,9570.53,9562.95,9565.6,34.831738,2020,6,1
2020-06-01 04:03:00+00:00,9566.65,9566.95,9562.0,9562.01,13.722832,2020,6,1
2020-06-01 04:04:00+00:00,9562.01,9564.31,9560.0,9561.71,18.922152,2020,6,1
2020-06-01 04:05:00+00:00,9561.33,9562.26,9558.69,9560.69,25.249373,2020,6,1
2020-06-01 04:06:00+00:00,9561.25,9563.0,9558.58,9560.0,22.16326,2020,6,1
2020-06-01 04:07:00+00:00,9560.0,9565.86,9559.22,9565.83,22.969826,2020,6,1
2020-06-01 04:08:00+00:00,9565.83,9565.86,9561.17,9561.18,27.266943,2020,6,1
2020-06-01 04:09:00+00:00,9561.17,9563.81,9560.0,9563.64,19.358115,2020,6,1
2020-06-01 04:10:00+00:00,9562.76,9569.07,9562.76,9567.94,30.726846,2020,6,1
2020-06-01 04:11:00+00:00,9567.44,9568.7,9563.75,9568.4,15.901155,2020,6,1
2020-06-01 04:12:00+00:00,9568.69,9575.6,9566.7,9573.71,77.276016,2020,6,1
2020-06-01 04:13:00+00:00,9574.76,9578.0,9571.79,9576.96,40.830386,2020,6,1
2020-06-01 04:14:00+00:00,9577.34,9581.0,9570.0,9579.78,83.952607,2020,6,1
2020-06-01 04:15:00+00:00,9580.62,9595.15,9580.0,9592.98,274.618059,2020,6,1
2020-06-01 04:16:00+00:00,9592.03,9595.01,9587.35,9588.1,43.120549,2020,6,1
2020-06-01 04:17:00+00:00,9588.11,9590.52,9581.0,9584.25,42.663689,2020,6,1
2020-06-01 04:18:00+00:00,9583.26,9597.41,9582.28,9591.67,84.207124,2020,6,1
2020-06-01 04:19:00+00:00,9591.67,9591.67,9585.23,9588.73,31.181183,2020,6,1
2020-06-01 04:20:00+00:00,9588.73,9591.64,9585.94,9588.02,41.040202,2020,6,1
2020-06-01 04:21:00+00:00,9588.03,9597.73,9584.51,9593.47,79.407544,2020,6,1
2020-06-01 04:22:00+00:00,9594.43,9599.73,9591.94,9596.25,38.510009,2020,6,1
2020-06-01 04:23:00+00:00,9596.07,9619.0,9591.43,9609.28,259.259995,2020,6,1
2020-06-01 04:24:00+00:00,9609.29,9609.29,9578.0,9580.53,234.11749,2020,6,1
2020-06-01 04:25:00+00:00,9579.33,9588.56,9575.3,9575.35,62.814036,2020,6,1
2020-06-01 04:26:00+00:00,9575.56,9583.41,9570.0,9570.0,43.044362,2020,6,1
2020-06-01 04:27:00+00:00,9570.01,9571.46,9560.25,9566.18,65.359528,2020,6,1
2020-06-01 04:28:00+00:00,9568.19,9570.69,9561.3,9565.9,25.479607,2020,6,1
2020-06-01 04:29:00+00:00,9566.38,9569.25,9561.48,9567.72,28.826686,2020,6,1
2020-06-01 04:30:00+00:00,9568.06,9573.6,9564.36,9569.46,20.213649,2020,6,1
2020-06-01 04:31:00+00:00,9568.78,9569.86,9555.69,9559.99,47.4249,2020,6,1
2020-06-01 04:32:00+00:00,9558.84,9561.41,9551.02,9558.93,36.754135,2020,6,1
2020-06-01 04:33:00+00:00,9558.93,9560.0,9557.0,9557.78,13.251361,2020,6,1
2020-06-01 04:34:00+00:00,9557.83,9561.41,9555.0,9555.98,35.995006,2020,6,1
2020-06-01 04:35:00+00:00,9555.98,9559.25,9550.28,9557.98,26.344328,2020,6,1
2020-06-01 04:36:00+00:00,9558.11,9564.73,9556.36,9564.72,12.125562,2020,6,1
2020-06-01 04:37:00+00:00,9564.73,9566.43,9558.59,9559.89,27.807415,2020,6,1
2020-06-01 04:38:00+00:00,9559.42,9560.76,9554.91,9557.41,31.85239,2020,6,1
2020-06-01 04:39:00+00:00,9557.41,9562.0,9557.41,9561.96,12.59313,2020,6,1
2020-06-01 04:40:00+00:00,9561.96,9562.63,9556.01,9556.01,26.38244,2020,6,1
2020-06-01 04:41:00+00:00,9556.01,9561.29,9553.89,9554.86,37.659337,2020,6,1
2020-06-01 04:42:00+00:00,9554.62,9559.29,9550.0,9555.84,63.515322,2020,6,1
2020-06-01 04:43:00+00:00,9555.31,9555.8,9552.01,9553.84,24.604115,2020,6,1
2020-06-01 04:44:00+00:00,9553.31,9568.93,9550.88,9565.99,43.497894,2020,6,1
2020-06-01 04:45:00+00:00,9565.58,9567.09,9561.48,9562.71,26.02372,2020,6,1
2020-06-01 04:46:00+00:00,9562.7,9565.44,9561.77,9563.62,23.525364,2020,6,1
2020-06-01 04:47:00+00:00,9563.52,9564.97,9560.17,9563.7,10.176583,2020,6,1
2020-06-01 04:48:00+00:00,9562.9,9564.99,9553.53,9554.48,23.666787,2020,6,1
2020-06-01 04:49:00+00:00,9554.45,9558.75,9550.0,9552.46,67.423779,2020,6,1
2020-06-01 04:50:00+00:00,9552.49,9563.32,9550.25,9551.74,29.246119,2020,6,1
2020-06-01 04:51:00+00:00,9551.78,9558.39,9550.3,9552.88,15.443648,2020,6,1
2020-06-01 04:52:00+00:00,9552.87,9554.41,9547.37,9550.26,25.793087,2020,6,1
2020-06-01 04:53:00+00:00,9549.85,9549.88,9543.44,9545.96,24.718748,2020,6,1
2020-06-01 04:54:00+00:00,9545.58,9554.2,9545.19,9554.2,14.591862,2020,6,1
2020-06-01 04:55:00+00:00,9554.2,9554.92,9547.73,9552.09,14.049356,2020,6,1
2020-06-01 04:56:00+00:00,9551.23,9552.08,9547.53,9549.29,19.940967,2020,6,1
2020-06-01 04:57:00+00:00,9548.93,9549.62,9544.01,9544.01,30.53713,2020,6,1
2020-06-01 04:58:00+00:00,9544.03,9547.9,9541.96,9544.98,25.413744,2020,6,1
2020-06-01 04:59:00+00:00,9544.98,9552.84,9544.48,9549.02,23.209442,2020,6,1
2020-06-01 05:00:00+00:00,9549.02,9554.07,9548.5,9553.68,8.789622,2020,6,1
2020-06-01 05:01:00+00:00,9553.6,9554.0,9545.0,9545.86,29.050156,2020,6,1
2020-06-01 05:02:00+00:00,9545.86,9549.95,9544.0,9545.98,26.098282,2020,6,1
2020-06-01 05:03:00+00:00,9545.9,9548.13,9543.71,9545.11,10.01999,2020,6,1
2020-06-01 05:04:00+00:00,9545.22,9549.09,9541.53,9543.97,19.657963,2020,6,1
2020-06-01 05:05:00+00:00,9543.94,9544.08,9538.21,9540.03,38.364875,2020,6,1
2020-06-01 05:06:00+00:00,9540.03,9545.0,9538.4,9544.0,27.028689,2020,6,1
2020-06-01 05:07:00+00:00,9544.0,9547.49,9543.26,9545.43,16.087964,2020,6,1
2020-06-01 05:08:00+00:00,9545.43,9555.91,9542.68,9555.31,51.056464,2020,6,1
2020-06-01 05:09:00+00:00,9555.31,9555.9,9545.25,9546.13,17.3189,2020,6,1
2020-06-01 05:10:00+00:00,9546.14,9551.75,9544.29,9545.42,12.388207,2020,6,1
2020-06-01 05:11:00+00:00,9545.28,9546.49,9538.21,9540.01,17.789003,2020,6,1
2020-06-01 05:12:00+00:00,9539.92,9546.92,9539.91,9545.0,26.552935,2020,6,1
2020-06-01 05:13:00+00:00,9545.66,9547.74,9539.99,9546.6,34.681728,2020,6,1
2020-06-01 05:14:00+00:00,9546.16,9547.0,9542.81,9544.56,18.061808,2020,6,1
2020-06-01 05:15:00+00:00,9544.56,9545.0,9539.01,9540.22,14.616602,2020,6,1
2020-06-01 05:16:00+00:00,9540.66,9545.0,9540.27,9543.37,16.336158,2020,6,1
2020-06-01 05:17:00+00:00,9543.86,9544.0,9539.92,9540.29,11.958464,2020,6,1
2020-06-01 05:18:00+00:00,9540.23,9545.23,9538.53,9540.7,34.875452,2020,6,1
2020-06-01 05:19:00+00:00,9540.7,9544.21,9536.88,9541.96,17.841181,2020,6,1
2020-06-01 05:20:00+00:00,9541.65,9542.34,9537.37,9539.17,16.44236,2020,6,1
2020-06-01 05:21:00+00:00,9539.17,9543.79,9536.67,9543.16,38.904688,2020,6,1
2020-06-01 05:22:00+00:00,9543.27,9545.11,9541.84,9545.1,12.323561,2020,6,1
2020-06-01 05:23:00+00:00,9545.24,9550.0,9544.19,9548.4,11.997962,2020,6,1
2020-06-01 05:24:00+00:00,9548.4,9549.57,9545.19,9548.02,18.208617,2020,6,1
2020-06-01 05:25:00+00:00,9547.0,9549.32,9545.69,9548.37,9.658747,2020,6,1
2020-06-01 05:26:00+00:00,9548.37,9549.2,9546.13,9546.65,18.292999,2020,6,1
2020-06-01 05:27:00+00:00,9546.64,9547.19,9537.21,9539.04,25.204322,2020,6,1
2020-06-01 05:28:00+00:00,9539.04,9547.78,9537.15,9542.29,17.372922,2020,6,1
2020-06-01 05:29:00+00:00,9543.11,9548.94,9541.12,9546.43,17.71349,2020,6,1
2020-06-01 05:30:00+00:00,9546.1,9554.58,9545.01,9553.42,44.514744,2020,6,1
2020-06-01 05:31:00+00:00,9554.56,9557.0,9551.51,9554.66,10.191658,2020,6,1
2020-06-01 05:32:00+00:00,9554.32,9556.52,9549.89,9555.24,17.929426,2020,6,1
2020-06-01 05:33:00+00:00,9555.23,9558.57,9551.3,9556.44,19.391956,2020,6,1
2020-06-01 05:34:00+00:00,9556.68,9563.42,9555.85,9556.3,35.53685,2020,6,1
2020-06-01 05:35:00+00:00,9556.59,9566.0,9556.27,9561.94,32.578846,2020,6,1
2020-06-01 05:36:00+00:00,9561.94,9564.99,9552.23,9552.23,46.642094,2020,6,1
2020-06-01 05:37:00+00:00,9552.65,9554.88,9548.08,9551.36,33.116807,2020,6,1
2020-06-01 05:38:00+00:00,9551.37,9551.37,9547.44,9548.94,26.643983,2020,6,1
2020-06-01 05:39:00+00:00,9548.95,9553.35,9545.31,9549.23,22.749263,2020,6,1
2020-06-01 05:40:00+00:00,9548.97,9550.9,9545.72,9545.79,25.523636,2020,6,1
2020-06-01 05:41:00+00:00,9546.0,9549.8,9545.2,9547.44,29.210279,2020,6,1
2020-06-01 05:42:00+00:00,9546.77,9547.28,9542.39,9545.12,34.712061,2020,6,1
2020-06-01 05:43:00+00:00,9545.14,9552.08,9543.73,9545.17,20.673193,2020,6,1
2020-06-01 05:44:00+00:00,9545.18,9547.74,9538.61,9543.18,28.353217,2020,6,1
2020-06-01 05:45:00+00:00,9543.53,9545.66,9540.48,9542.61,13.251469,2020,6,1
2020-06-01 05:46:00+00:00,9542.01,9548.77,9540.01,9545.0,20.72485,2020,6,1
2020-06-01 05:47:00+00:00,9544.99,9545.0,9541.63,9543.79,7.468304,2020,6,1
2020-06-01 05:48:00+00:00,9543.72,9547.99,9542.87,9546.3,17.31841,2020,6,1
2020-06-01 05:49:00+00:00,9545.75,9546.3,9541.2,9543.51,11.024208,2020,6,1
2020-06-01 05:50:00+00:00,9543.67,9545.19,9541.46,9542.71,7.760308,2020,6,1
2020-06-01 05:51:00+00:00,9543.73,9544.71,9541.16,9542.56,10.182415,2020,6,1
2020-06-01 05:52:00+00:00,9542.59,9543.76,9537.91,9539.61,13.94551,2020,6,1
2020-06-01 05:53:00+00:00,9539.95,9543.03,9537.45,9542.28,46.96843,2020,6,1
2020-06-01 05:54:00+00:00,9542.28,9542.32,9534.08,9537.5,35.417044,2020,6,1
2020-06-01 05:55:00+00:00,9537.21,9545.53,9536.37,9538.17,22.05178,2020,6,1
2020-06-01 05:56:00+00:00,9537.82,9541.78,9536.0,9539.41,18.976975,2020,6,1
2020-06-01 05:57:00+00:00,9539.35,9539.35,9529.93,9532.16,43.590676,2020,6,1
2020-06-01 05:58:00+00:00,9531.17,9532.76,9526.2,9531.07,48.394014,2020,6,1
2020-06-01 05:59:00+00:00,9531.07,9537.63,9529.98,9536.88,32.316381,2020,6,1
2020-06-01 06:00:00+00:00,9536.33,9542.06,9530.7,9541.31,28.766533,2020,6,1
2020-06-01 06:01:00+00:00,9541.31,9543.82,9532.06,9532.91,41.084026,2020,6,1
2020-06-01 06:02:00+00:00,9532.91,9541.05,9532.91,9540.03,22.879321,2020,6,1
2020-06-01 06:03:00+00:00,9540.14,9549.7,9540.13,9542.46,67.977318,2020,6,1
2020-06-01 06:04:00+00:00,9542.94,9548.36,9537.9,9539.29,24.810536,2020,6,1
2020-06-01 06:05:00+00:00,9539.28,9547.01,9539.0,9545.28,14.664471,2020,6,1
2020-06-01 06:06:00+00:00,9545.28,9549.29,9544.0,9545.07,15.594227,2020,6,1
2020-06-01 06:07:00+00:00,9545.06,9546.1,9540.2,9541.85,29.234062,2020,6,1
2020-06-01 06:08:00+00:00,9541.85,9545.52,9541.83,9545.23,11.222734,2020,6,1
2020-06-01 06:09:00+00:00,9545.2,9548.48,9545.0,9545.0,21.284497,2020,6,1
2020-06-01 06:10:00+00:00,9545.01,9545.18,9540.9,9544.12,14.301422,2020,6,1
2020-06-01 06:11:00+00:00,9544.12,9548.76,9542.98,9546.95,9.786929,2020,6,1
2020-06-01 06:12:00+00:00,9546.91,9550.0,9545.93,9549.99,15.495109,2020,6,1
2020-06-01 06:13:00+00:00,9549.99,9550.0,9547.46,9549.33,13.406959,2020,6,1
2020-06-01 06:14:00+00:00,9549.48,9550.0,9549.38,9549.38,19.236368,2020,6,1
2020-06-01 06:15:00+00:00,9549.38,9549.39,9534.15,9540.0,60.395391,2020,6,1
2020-06-01 06:16:00+00:00,9540.0,9541.49,9533.23,9534.23,23.06945,2020,6,1
2020-06-01 06:17:00+00:00,9534.52,9542.7,9533.46,9540.35,23.972567,2020,6,1
2020-06-01 06:18:00+00:00,9541.0,9541.89,9533.61,9536.52,50.203861,2020,6,1
2020-06-01 06:19:00+00:00,9535.89,9543.51,9529.24,9532.44,103.86553,2020,6,1
2020-06-01 06:20:00+00:00,9532.69,9541.44,9531.94,9534.13,32.180164,2020,6,1
2020-06-01 06:21:00+00:00,9534.13,9544.38,9533.33,9540.53,14.958304,2020,6,1
2020-06-01 06:22:00+00:00,9539.99,9544.37,9539.33,9542.1,19.102601,2020,6,1
2020-06-01 06:23:00+00:00,9542.14,9542.98,9537.38,9541.39,14.856589,2020,6,1
2020-06-01 06:24:00+00:00,9541.06,9546.65,9540.44,9545.08,13.20434,2020,6,1
2020-06-01 06:25:00+00:00,9545.1,9554.91,9545.03,9549.39,72.050838,2020,6,1
2020-06-01 06:26:00+00:00,9549.39,9549.4,9544.36,9544.36,19.803927,2020,6,1
2020-06-01 06:27:00+00:00,9544.36,9547.35,9540.99,9545.0,18.485739,2020,6,1
2020-06-01 06:28:00+00:00,9544.99,9547.68,9542.26,9545.71,17.329501,2020,6,1
2020-06-01 06:29:00+00:00,9546.22,9549.57,9545.82,9549.27,6.625251,2020,6,1
2020-06-01 06:30:00+00:00,9549.29,9551.88,9548.79,9551.7,8.825934,2020,6,1
2020-06-01 06:31:00+00:00,9551.7,9559.0,9550.26,9551.7,67.001274,2020,6,1
2020-06-01 06:32:00+00:00,9552.62,9554.99,9548.21,9554.48,13.33767,2020,6,1
2020-06-01 06:33:00+00:00,9554.4,9555.0,9551.64,9553.33,12.058401,2020,6,1
2020-06-01 06:34:00+00:00,9554.05,9556.33,9550.8,9554.19,22.267429,2020,6,1
2020-06-01 06:35:00+00:00,9554.69,9555.33,9547.44,9548.15,23.350675,2020,6,1
2020-06-01 06:36:00+00:00,9548.09,9557.35,9547.26,9555.04,25.735235,2020,6,1
2020-06-01 06:37:00+00:00,9555.06,9556.71,9552.93,9554.61,8.007827,2020,6,1
2020-06-01 06:38:00+00:00,9552.94,9553.9,9547.26,9547.8,11.551943,2020,6,1
2020-06-01 06:39:00+00:00,9547.58,9550.39,9547.26,9550.38,22.201783,2020,6,1
2020-06-01 06:40:00+00:00,9550.38,9553.33,9548.35,9548.61,29.011098,2020,6,1
2020-06-01 06:41:00+00:00,9548.61,9554.0,9548.41,9553.24,16.392293,2020,6,1
2020-06-01 06:42:00+00:00,9553.25,9558.29,9551.8,9557.76,36.221956,2020,6,1
2020-06-01 06:43:00+00:00,9557.75,9560.0,9555.86,9559.96,24.295441,2020,6,1
2020-06-01 06:44:00+00:00,9559.96,9561.0,9554.9,9560.76,26.17694,2020,6,1
2020-06-01 06:45:00+00:00,9560.83,9560.85,9554.64,9554.84,23.259991,2020,6,1
2020-06-01 06:46:00+00:00,9555.01,9558.21,9549.87,9550.99,22.933901,2020,6,1
2020-06-01 06:47:00+00:00,9550.27,9551.91,9548.94,9550.4,10.533781,2020,6,1
2020-06-01 06:48:00+00:00,9550.22,9551.7,9547.92,9547.93,19.167229,2020,6,1
2020-06-01 06:49:00+00:00,9547.94,9547.94,9545.03,9546.38,15.258273,2020,6,1
2020-06-01 06:50:00+00:00,9546.1,9546.84,9540.27,9546.59,22.849076,2020,6,1
2020-06-01 06:51:00+00:00,9546.58,9553.33,9545.0,9545.89,49.076786,2020,6,1
2020-06-01 06:52:00+00:00,9545.31,9546.11,9542.0,9542.26,13.419308,2020,6,1
2020-06-01 06:53:00+00:00,9542.25,9548.68,9542.25,9546.67,18.116527,2020,6,1
2020-06-01 06:54:00+00:00,9546.44,9547.72,9543.3,9544.87,14.237163,2020,6,1
2020-06-01 06:55:00+00:00,9544.87,9546.92,9541.44,9542.47,9.555483,2020,6,1
2020-06-01 06:56:00+00:00,9542.46,9542.89,9535.15,9537.1,36.429745,2020,6,1
2020-06-01 06:57:00+00:00,9537.15,9541.62,9534.97,9537.93,42.521925,2020,6,1
2020-06-01 06:58:00+00:00,9537.93,9540.5,9535.56,9535.73,11.275362,2020,6,1
2020-06-01 06:59:00+00:00,9535.74,9540.49,9535.7,9537.66,14.052662,2020,6,1
2020-06-01 07:00:00+00:00,9537.66,9545.25,9537.14,9543.0,18.96841,2020,6,1
2020-06-01 07:01:00+00:00,9543.0,9543.0,9539.99,9541.53,19.800496,2020,6,1
2020-06-01 07:02:00+00:00,9541.52,9544.02,9540.7,9543.27,14.684179,2020,6,1
2020-06-01 07:03:00+00:00,9543.58,9544.02,9540.61,9543.66,16.575128,2020,6,1
2020-06-01 07:04:00+00:00,9543.66,9544.02,9536.65,9538.81,23.056723,2020,6,1
2020-06-01 07:05:00+00:00,9538.81,9542.18,9538.21,9540.03,12.808281,2020,6,1
2020-06-01 07:06:00+00:00,9540.02,9545.53,9539.0,9540.49,21.79469,2020,6,1
2020-06-01 07:07:00+00:00,9540.87,9554.58,9539.89,9553.76,41.05985,2020,6,1
2020-06-01 07:08:00+00:00,9553.77,9554.01,9550.23,9551.36,24.601541,2020,6,1
2020-06-01 07:09:00+00:00,9551.53,9554.91,9547.18,9553.11,32.690765,2020,6,1
2020-06-01 07:10:00+00:00,9552.65,9553.0,9549.37,9551.27,24.503243,2020,6,1
2020-06-01 07:11:00+00:00,9551.27,9555.0,9548.66,9552.42,19.249946,2020,6,1
2020-06-01 07:12:00+00:00,9552.72,9554.0,9547.45,9549.76,18.202545,2020,6,1
2020-06-01 07:13:00+00:00,9549.57,9552.99,9548.79,9551.33,15.031985,2020,6,1
2020-06-01 07:14:00+00:00,9551.46,9554.1,9550.92,9553.89,12.513572,2020,6,1
2020-06-01 07:15:00+00:00,9553.94,9554.99,9552.06,9554.91,20.383412,2020,6,1
2020-06-01 07:16:00+00:00,9554.92,9556.73,9550.79,9551.61,28.337201,2020,6,1
2020-06-01 07:17:00+00:00,9551.62,9554.98,9550.0,9552.67,51.301328,2020,6,1
2020-06-01 07:18:00+00:00,9552.33,9560.17,9550.01,9551.82,68.668674,2020,6,1
2020-06-01 07:19:00+00:00,9551.42,9557.93,9550.66,9555.88,81.075408,2020,6,1
2020-06-01 07:20:00+00:00,9555.34,9556.36,9550.01,9553.15,53.435138,2020,6,1
2020-06-01 07:21:00+00:00,9553.28,9556.57,9550.05,9552.5,32.014336,2020,6,1
2020-06-01 07:22:00+00:00,9553.99,9555.91,9550.0,9550.23,36.096944,2020,6,1
2020-06-01 07:23:00+00:00,9550.46,9554.92,9550.0,9554.44,21.243027,2020,6,1
2020-06-01 07:24:00+00:00,9554.09,9557.99,9553.32,9557.89,22.178933,2020,6,1
2020-06-01 07:25:00+00:00,9556.72,9565.0,9556.72,9562.83,38.223124,2020,6,1
2020-06-01 07:26:00+00:00,9564.68,9565.0,9560.0,9564.39,20.019106,2020,6,1
2020-06-01 07:27:00+00:00,9564.3,9567.61,9564.11,9565.34,28.74485,2020,6,1
2020-06-01 07:28:00+00:00,9565.35,9565.36,9557.35,9563.09,45.792326,2020,6,1
2020-06-01 07:29:00+00:00,9562.63,9563.06,9556.0,9559.5,27.914275,2020,6,1
2020-06-01 07:30:00+00:00,9559.5,9567.65,9559.47,9565.71,31.118116,2020,6,1
2020-06-01 07:31:00+00:00,9565.7,9566.38,9558.0,9563.12,16.522334,2020,6,1
2020-06-01 07:32:00+00:00,9562.98,9564.49,9561.0,9562.52,11.6507,2020,6,1
2020-06-01 07:33:00+00:00,9562.52,9564.26,9557.52,9557.52,15.055732,2020,6,1
2020-06-01 07:34:00+00:00,9557.52,9563.93,9556.0,9562.89,16.581518,2020,6,1
2020-06-01 07:35:00+00:00,9562.01,9564.53,9561.03,9562.99,8.992429,2020,6,1
2020-06-01 07:36:00+00:00,9562.99,9565.23,9562.14,9564.89,11.754981,2020,6,1
2020-06-01 07:37:00+00:00,9565.0,9565.67,9564.03,9565.67,18.83512,2020,6,1
2020-06-01 07:38:00+00:00,9565.41,9572.12,9564.15,9571.98,33.831135,2020,6,1
2020-06-01 07:39:00+00:00,9571.98,9576.91,9564.88,9575.82,50.161392,2020,6,1
2020-06-01 07:40:00+00:00,9575.84,9576.91,9570.86,9576.35,28.348421,2020,6,1
2020-06-01 07:41:00+00:00,9575.25,9580.0,9575.25,9579.86,21.742842,2020,6,1
2020-06-01 07:42:00+00:00,9579.81,9584.37,9578.92,9579.01,34.350293,2020,6,1
2020-06-01 07:43:00+00:00,9579.0,9579.01,9576.09,9576.52,24.418519,2020,6,1
2020-06-01 07:44:00+00:00,9576.51,9577.16,9573.39,9574.47,107.311615,2020,6,1
2020-06-01 07:45:00+00:00,9574.99,9581.64,9574.01,9574.01,45.317589,2020,6,1
2020-06-01 07:46:00+00:00,9574.34,9574.7,9563.73,9564.0,122.713845,2020,6,1
2020-06-01 07:47:00+00:00,9563.99,9565.33,9562.01,9562.19,30.679968,2020,6,1
2020-06-01 07:48:00+00:00,9562.19,9562.95,9556.3,9562.84,36.416184,2020,6,1
2020-06-01 07:49:00+00:00,9562.01,9563.41,9558.51,9561.94,19.166021,2020,6,1
2020-06-01 07:50:00+00:00,9561.94,9567.63,9560.02,9561.35,44.072058,2020,6,1
2020-06-01 07:51:00+00:00,9561.16,9561.61,9555.91,9557.84,51.968036,2020,6,1
2020-06-01 07:52:00+00:00,9557.84,9560.0,9557.0,9559.98,13.339589,2020,6,1
2020-06-01 07:53:00+00:00,9559.98,9566.57,9559.98,9565.77,23.569898,2020,6,1
2020-06-01 07:54:00+00:00,9565.87,9565.87,9561.14,9563.43,23.1953,2020,6,1
2020-06-01 07:55:00+00:00,9563.61,9563.99,9559.58,9561.45,20.522424,2020,6,1
2020-06-01 07:56:00+00:00,9560.93,9562.79,9559.12,9562.51,11.944197,2020,6,1
2020-06-01 07:57:00+00:00,9562.51,9566.4,9561.5,9563.31,19.382998,2020,6,1
2020-06-01 07:58:00+00:00,9563.32,9567.56,9563.31,9566.23,7.984273,2020,6,1
2020-06-01 07:59:00+00:00,9566.59,9573.0,9566.59,9571.47,39.087789,2020,6,1
2020-06-01 08:00:00+00:00,9571.18,9572.53,9566.56,9572.33,41.127756,2020,6,1
2020-06-01 08:01:00+00:00,9572.35,9580.02,9572.07,9579.12,26.384413,2020,6,1
2020-06-01 08:02:00+00:00,9578.32,9581.99,9576.65,9578.03,19.421276,2020,6,1
2020-06-01 08:03:00+00:00,9578.03,9580.19,9575.69,9576.42,27.892878,2020,6,1
2020-06-01 08:04:00+00:00,9577.25,9580.0,9572.97,9575.15,23.979229,2020,6,1
2020-06-01 08:05:00+00:00,9574.84,9575.92,9560.76,9562.64,71.568409,2020,6,1
2020-06-01 08:06:00+00:00,9562.44,9565.89,9560.01,9561.35,51.463372,2020,6,1
2020-06-01 08:07:00+00:00,9561.47,9562.89,9553.39,9553.44,41.824214,2020,6,1
2020-06-01 08:08:00+00:00,9553.4,9553.4,9545.95,9549.73,30.859411,2020,6,1
2020-06-01 08:09:00+00:00,9549.72,9560.25,9548.51,9557.99,20.489469,2020,6,1
2020-06-01 08:10:00+00:00,9557.98,9559.99,9555.2,9559.99,9.500706,2020,6,1
2020-06-01 08:11:00+00:00,9559.71,9564.04,9556.52,9559.82,17.045341,2020,6,1
2020-06-01 08:12:00+00:00,9559.83,9562.0,9555.17,9557.0,7.340274,2020,6,1
2020-06-01 08:13:00+00:00,9557.0,9561.9,9556.16,9558.97,20.839749,2020,6,1
2020-06-01 08:14:00+00:00,9558.97,9560.55,9558.96,9559.87,11.941878,2020,6,1
2020-06-01 08:15:00+00:00,9559.87,9560.0,9551.42,9557.35,32.168181,2020,6,1
2020-06-01 08:16:00+00:00,9555.56,9559.66,9553.84,9555.87,35.885561,2020,6,1
2020-06-01 08:17:00+00:00,9554.36,9557.13,9553.33,9554.08,18.234847,2020,6,1
2020-06-01 08:18:00+00:00,9554.09,9554.52,9547.84,9552.51,156.63984,2020,6,1
2020-06-01 08:19:00+00:00,9552.5,9553.95,9547.85,9552.57,17.456971,2020,6,1
2020-06-01 08:20:00+00:00,9552.96,9555.0,9551.32,9552.2,13.788885,2020,6,1
2020-06-01 08:21:00+00:00,9552.01,9553.87,9549.0,9552.33,10.244571,2020,6,1
2020-06-01 08:22:00+00:00,9552.32,9552.32,9549.26,9549.97,9.502498,2020,6,1
2020-06-01 08:23:00+00:00,9549.96,9550.0,9543.61,9549.99,25.666297,2020,6,1
2020-06-01 08:24:00+00:00,9549.99,9558.19,9548.66,9549.62,36.023537,2020,6,1
2020-06-01 08:25:00+00:00,9549.38,9556.31,9549.38,9554.99,27.670622,2020,6,1
2020-06-01 08:26:00+00:00,9555.0,9555.0,9540.0,9542.89,42.385764,2020,6,1
2020-06-01 08:27:00+00:00,9542.07,9544.58,9540.14,9541.99,17.703891,2020,6,1
2020-06-01 08:28:00+00:00,9541.99,9544.35,9540.39,9542.59,18.16741,2020,6,1
2020-06-01 08:29:00+00:00,9542.59,9548.7,9542.58,9547.71,46.887661,2020,6,1
2020-06-01 08:30:00+00:00,9547.78,9548.88,9545.51,9547.06,7.785559,2020,6,1
2020-06-01 08:31:00+00:00,9547.05,9547.05,9538.21,9538.92,82.056456,2020,6,1
2020-06-01 08:32:00+00:00,9538.78,9545.0,9538.21,9544.99,16.00319,2020,6,1
2020-06-01 08:33:00+00:00,9545.0,9546.05,9541.59,9545.17,27.439972,2020,6,1
2020-06-01 08:34:00+00:00,9545.22,9552.15,9541.79,9551.99,18.122635,2020,6,1
2020-06-01 08:35:00+00:00,9551.99,9552.0,9544.99,9545.0,22.143016,2020,6,1
2020-06-01 08:36:00+00:00,9545.0,9550.56,9545.0,9550.52,22.111807,2020,6,1
2020-06-01 08:37:00+00:00,9549.24,9553.74,9549.24,9552.47,6.550059,2020,6,1
2020-06-01 08:38:00+00:00,9552.64,9556.54,9550.07,9552.47,10.740906,2020,6,1
2020-06-01 08:39:00+00:00,9552.47,9556.11,9551.31,9553.23,9.54525,2020,6,1
2020-06-01 08:40:00+00:00,9553.72,9553.72,9550.63,9552.32,7.345228,2020,6,1
2020-06-01 08:41:00+00:00,9552.32,9557.15,9550.0,9555.03,14.412233,2020,6,1
2020-06-01 08:42:00+00:00,9555.08,9560.0,9552.42,9558.74,19.081695,2020,6,1
2020-06-01 08:43:00+00:00,9558.93,9559.99,9554.18,9555.06,15.625088,2020,6,1
2020-06-01 08:44:00+00:00,9555.07,9556.72,9550.0,9550.01,28.33767,2020,6,1
2020-06-01 08:45:00+00:00,9550.01,9552.22,9547.38,9547.6,29.285924,2020,6,1
2020-06-01 08:46:00+00:00,9547.6,9548.04,9544.34,9545.02,14.005506,2020,6,1
2020-06-01 08:47:00+00:00,9545.42,9546.93,9543.3,9546.9,24.969086,2020,6,1
2020-06-01 08:48:00+00:00,9546.9,9546.91,9542.12,9544.44,15.304808,2020,6,1
2020-06-01 08:49:00+00:00,9544.43,9544.44,9530.0,9534.51,54.873595,2020,6,1
2020-06-01 08:50:00+00:00,9533.67,9539.57,9531.51,9533.51,35.551692,2020,6,1
2020-06-01 08:51:00+00:00,9533.51,9536.24,9530.77,9533.69,24.252322,2020,6,1
2020-06-01 08:52:00+00:00,9533.6,9538.88,9533.0,9536.58,33.006121,2020,6,1
2020-06-01 08:53:00+00:00,9536.17,9542.7,9535.13,9541.97,15.640831,2020,6,1
2020-06-01 08:54:00+00:00,9541.97,9543.81,9541.96,9542.49,16.096654,2020,6,1
2020-06-01 08:55:00+00:00,9542.49,9545.84,9542.3,9545.0,23.273365,2020,6,1
2020-06-01 08:56:00+00:00,9545.0,9545.83,9544.09,9545.72,17.88128,2020,6,1
2020-06-01 08:57:00+00:00,9545.83,9546.93,9540.55,9544.01,19.178018,2020,6,1
2020-06-01 08:58:00+00:00,9544.01,9545.0,9534.56,9538.82,24.050284,2020,6,1
2020-06-01 08:59:00+00:00,9538.82,9541.0,9538.56,9540.3,14.871194,2020,6,1
2020-06-01 09:00:00+00:00,9540.54,9547.0,9540.54,9546.58,31.130334,2020,6,1
2020-06-01 09:01:00+00:00,9546.4,9548.19,9542.21,9545.53,12.286163,2020,6,1
2020-06-01 09:02:00+00:00,9545.53,9546.85,9543.24,9546.77,9.939187,2020,6,1
2020-06-01 09:03:00+00:00,9546.56,9550.0,9544.39,9548.57,15.404258,2020,6,1
2020-06-01 09:04:00+00:00,9549.16,9550.0,9548.08,9549.0,18.304724,2020,6,1
2020-06-01 09:05:00+00:00,9549.0,9549.99,9544.64,9548.0,14.192522,2020,6,1
2020-06-01 09:06:00+00:00,9548.01,9548.74,9543.38,9544.91,10.816373,2020,6,1
2020-06-01 09:07:00+00:00,9544.79,9545.59,9539.29,9540.57,13.456855,2020,6,1
2020-06-01 09:08:00+00:00,9540.57,9540.86,9535.0,9535.88,18.443136,2020,6,1
2020-06-01 09:09:00+00:00,9535.88,9535.97,9531.46,9535.95,26.83733,2020,6,1
2020-06-01 09:10:00+00:00,9535.96,9543.33,9533.24,9543.07,24.216584,2020,6,1
2020-06-01 09:11:00+00:00,9543.08,9545.13,9530.56,9537.02,42.578823,2020,6,1
2020-06-01 09:12:00+00:00,9537.03,9537.88,9530.57,9532.65,13.72045,2020,6,1
2020-06-01 09:13:00+00:00,9532.66,9538.53,9532.66,9537.68,27.393672,2020,6,1
2020-06-01 09:14:00+00:00,9537.77,9538.0,9535.0,9535.57,9.284538,2020,6,1
2020-06-01 09:15:00+00:00,9535.57,9536.63,9531.31,9532.0,9.814059,2020,6,1
2020-06-01 09:16:00+00:00,9532.6,9535.73,9532.22,9533.5,25.450862,2020,6,1
2020-06-01 09:17:00+00:00,9534.81,9541.0,9532.8,9539.73,63.037871,2020,6,1
2020-06-01 09:18:00+00:00,9539.62,9543.29,9537.77,9543.27,22.785018,2020,6,1
2020-06-01 09:19:00+00:00,9543.29,9545.98,9541.6,9544.74,17.427115,2020,6,1
2020-06-01 09:20:00+00:00,9544.73,9545.0,9542.34,9545.0,11.891108,2020,6,1
2020-06-01 09:21:00+00:00,9545.0,9545.47,9543.07,9543.99,9.885032,2020,6,1
2020-06-01 09:22:00+00:00,9544.0,9551.59,9539.6,9551.03,48.973559,2020,6,1
2020-06-01 09:23:00+00:00,9551.14,9551.75,9545.0,9547.83,34.103163,2020,6,1
2020-06-01 09:24:00+00:00,9547.83,9550.3,9546.0,9549.34,20.632009,2020,6,1
2020-06-01 09:25:00+00:00,9549.34,9549.34,9540.61,9547.72,44.696104,2020,6,1
2020-06-01 09:26:00+00:00,9547.71,9550.69,9546.04,9549.74,16.584331,2020,6,1
2020-06-01 09:27:00+00:00,9548.92,9549.99,9546.88,9548.65,19.386091,2020,6,1
2020-06-01 09:28:00+00:00,9548.65,9552.18,9544.18,9552.01,23.717276,2020,6,1
2020-06-01 09:29:00+00:00,9552.01,9553.24,9550.57,9552.57,25.570682,2020,6,1
2020-06-01 09:30:00+00:00,9552.53,9553.24,9547.02,9548.21,19.796526,2020,6,1
2020-06-01 09:31:00+00:00,9548.21,9555.0,9548.21,9554.67,49.23416,2020,6,1
2020-06-01 09:32:00+00:00,9554.67,9555.0,9550.59,9554.18,16.611864,2020,6,1
2020-06-01 09:33:00+00:00,9553.67,9553.83,9550.17,9551.5,12.311447,2020,6,1
2020-06-01 09:34:00+00:00,9551.5,9553.83,9547.49,9553.34,25.37467,2020,6,1
2020-06-01 09:35:00+00:00,9552.55,9554.01,9547.75,9550.55,11.528602,2020,6,1
2020-06-01 09:36:00+00:00,9550.14,9554.95,9547.89,9554.94,14.364172,2020,6,1
2020-06-01 09:37:00+00:00,9554.94,9561.19,9553.42,9560.96,24.113853,2020,6,1
2020-06-01 09:38:00+00:00,9560.96,9561.69,9555.86,9556.4,26.729736,2020,6,1
2020-06-01 09:39:00+00:00,9556.18,9559.3,9553.25,9556.08,17.861615,2020,6,1
2020-06-01 09:40:00+00:00,9556.09,9560.0,9556.08,9557.77,11.370842,2020,6,1
2020-06-01 09:41:00+00:00,9557.82,9558.98,9553.94,9557.3,23.215907,2020,6,1
2020-06-01 09:42:00+00:00,9556.72,9557.12,9548.12,9548.17,13.693361,2020,6,1
2020-06-01 09:43:00+00:00,9550.7,9554.84,9550.05,9551.08,17.551803,2020,6,1
2020-06-01 09:44:00+00:00,9550.51,9551.94,9542.0,9543.25,11.129143,2020,6,1
2020-06-01 09:45:00+00:00,9543.24,9546.3,9542.06,9543.76,30.512527,2020,6,1
2020-06-01 09:46:00+00:00,9543.96,9543.96,9541.48,9543.42,13.548664,2020,6,1
2020-06-01 09:47:00+00:00,9543.42,9543.96,9540.0,9542.61,32.950844,2020,6,1
2020-06-01 09:48:00+00:00,9542.51,9544.04,9536.94,9537.67,29.505634,2020,6,1
2020-06-01 09:49:00+00:00,9536.97,9542.93,9536.74,9539.09,25.382125,2020,6,1
2020-06-01 09:50:00+00:00,9538.63,9541.1,9534.34,9537.7,47.932284,2020,6,1
2020-06-01 09:51:00+00:00,9537.67,9540.32,9535.9,9538.05,35.715577,2020,6,1
2020-06-01 09:52:00+00:00,9538.04,9538.91,9528.62,9537.34,64.971798,2020,6,1
2020-06-01 09:53:00+00:00,9536.58,9541.0,9533.7,9540.35,26.864925,2020,6,1
2020-06-01 09:54:00+00:00,9540.07,9545.23,9538.46,9540.14,28.100282,2020,6,1
2020-06-01 09:55:00+00:00,9540.14,9544.65,9540.0,9543.0,25.426069,2020,6,1
2020-06-01 09:56:00+00:00,9543.0,9545.24,9541.86,9545.02,23.464444,2020,6,1
2020-06-01 09:57:00+00:00,9545.07,9548.54,9544.61,9545.0,16.45843,2020,6,1
2020-06-01 09:58:00+00:00,9545.0,9545.51,9540.05,9541.89,36.118378,2020,6,1
2020-06-01 09:59:00+00:00,9541.5,9542.53,9535.0,9541.21,27.520044,2020,6,1
2020-06-01 10:00:00+00:00,9541.71,9543.7,9537.56,9538.92,25.207099,2020,6,1
2020-06-01 10:01:00+00:00,9538.55,9538.92,9533.84,9535.45,23.290947,2020,6,1
2020-06-01 10:02:00+00:00,9536.42,9538.0,9534.73,9536.49,17.585153,2020,6,1
2020-06-01 10:03:00+00:00,9536.5,9540.43,9533.7,9535.06,30.545632,2020,6,1
2020-06-01 10:04:00+00:00,9535.49,9536.32,9530.38,9532.51,44.970745,2020,6,1
2020-06-01 10:05:00+00:00,9533.68,9536.67,9530.87,9534.2,38.405078,2020,6,1
2020-06-01 10:06:00+00:00,9534.88,9537.26,9531.89,9537.25,11.016663,2020,6,1
2020-06-01 10:07:00+00:00,9537.26,9538.8,9532.3,9533.14,18.86968,2020,6,1
2020-06-01 10:08:00+00:00,9532.84,9533.39,9516.11,9524.19,91.657319,2020,6,1
2020-06-01 10:09:00+00:00,9524.13,9530.31,9522.12,9525.51,29.465904,2020,6,1
2020-06-01 10:10:00+00:00,9525.52,9527.78,9522.72,9524.24,20.409324,2020,6,1
2020-06-01 10:11:00+00:00,9524.24,9526.44,9517.27,9520.45,52.686073,2020,6,1
2020-06-01 10:12:00+00:00,9521.15,9529.51,9520.0,9526.91,35.17669,2020,6,1
2020-06-01 10:13:00+00:00,9526.91,9528.43,9519.0,9520.18,43.095861,2020,6,1
2020-06-01 10:14:00+00:00,9519.98,9521.87,9516.0,9517.74,32.925589,2020,6,1
2020-06-01 10:15:00+00:00,9517.74,9524.35,9513.36,9521.36,81.780968,2020,6,1
2020-06-01 10:16:00+00:00,9521.79,9522.4,9515.81,9517.57,8.948299,2020,6,1
2020-06-01 10:17:00+00:00,9517.64,9534.99,9517.64,9532.16,29.794859,2020,6,1
2020-06-01 10:18:00+00:00,9532.99,9533.49,9530.0,9531.97,16.230639,2020,6,1
2020-06-01 10:19:00+00:00,9531.97,9532.0,9525.49,9526.58,32.427272,2020,6,1
2020-06-01 10:20:00+00:00,9526.57,9531.89,9525.04,9530.0,25.986263,2020,6,1
2020-06-01 10:21:00+00:00,9530.0,9530.0,9522.28,9528.38,23.90167,2020,6,1
2020-06-01 10:22:00+00:00,9528.23,9528.86,9522.43,9523.14,8.525126,2020,6,1
2020-06-01 10:23:00+00:00,9523.65,9529.27,9523.65,9526.57,11.470113,2020,6,1
2020-06-01 10:24:00+00:00,9526.54,9530.35,9525.98,9528.84,10.906353,2020,6,1
2020-06-01 10:25:00+00:00,9528.84,9538.99,9528.07,9536.22,26.516339,2020,6,1
2020-06-01 10:26:00+00:00,9536.48,9536.74,9530.45,9535.35,18.302856,2020,6,1
2020-06-01 10:27:00+00:00,9535.47,9535.63,9527.49,9529.12,30.691029,2020,6,1
2020-06-01 10:28:00+00:00,9529.75,9535.0,9528.0,9534.7,18.994186,2020,6,1
2020-06-01 10:29:00+00:00,9535.0,9535.97,9534.1,9534.96,9.110996,2020,6,1
2020-06-01 10:30:00+00:00,9534.96,9539.52,9534.74,9539.48,22.157206,2020,6,1
2020-06-01 10:31:00+00:00,9539.54,9539.54,9534.58,9534.58,35.999974,2020,6,1
2020-06-01 10:32:00+00:00,9534.58,9539.13,9534.58,9538.0,18.053271,2020,6,1
2020-06-01 10:33:00+00:00,9538.0,9538.01,9531.96,9532.85,14.987814,2020,6,1
2020-06-01 10:34:00+00:00,9532.85,9534.44,9531.43,9533.6,11.165157,2020,6,1
2020-06-01 10:35:00+00:00,9533.6,9534.44,9525.31,9525.55,18.771866,2020,6,1
2020-06-01 10:36:00+00:00,9526.02,9529.61,9524.3,9524.32,17.913173,2020,6,1
2020-06-01 10:37:00+00:00,9524.32,9528.12,9522.07,9523.47,19.348004,2020,6,1
2020-06-01 10:38:00+00:00,9523.87,9528.46,9522.0,9528.46,24.416733,2020,6,1
2020-06-01 10:39:00+00:00,9528.47,9536.5,9524.43,9535.13,18.090523,2020,6,1
2020-06-01 10:40:00+00:00,9535.75,9542.0,9535.75,9542.0,27.43435,2020,6,1
2020-06-01 10:41:00+00:00,9542.0,9544.88,9540.94,9541.5,16.621999,2020,6,1
2020-06-01 10:42:00+00:00,9541.5,9544.83,9541.47,9541.47,19.586064,2020,6,1
2020-06-01 10:43:00+00:00,9541.47,9541.48,9537.18,9537.7,23.500214,2020,6,1
2020-06-01 10:44:00+00:00,9537.69,9544.11,9537.23,9540.53,47.399981,2020,6,1
2020-06-01 10:45:00+00:00,9540.53,9543.52,9537.94,9540.51,9.100529,2020,6,1
2020-06-01 10:46:00+00:00,9540.52,9543.3,9533.54,9539.99,38.65083,2020,6,1
2020-06-01 10:47:00+00:00,9540.0,9540.0,9534.69,9536.69,24.741906,2020,6,1
2020-06-01 10:48:00+00:00,9536.69,9536.69,9533.94,9536.09,11.211291,2020,6,1
2020-06-01 10:49:00+00:00,9536.1,9541.0,9531.79,9539.92,28.880791,2020,6,1
2020-06-01 10:50:00+00:00,9540.78,9545.0,9538.11,9542.71,36.919581,2020,6,1
2020-06-01 10:51:00+00:00,9542.69,9550.0,9542.67,9548.28,29.085978,2020,6,1
2020-06-01 10:52:00+00:00,9548.29,9548.83,9547.98,9548.5,7.527142,2020,6,1
2020-06-01 10:53:00+00:00,9548.0,9548.0,9542.69,9543.96,27.638142,2020,6,1
2020-06-01 10:54:00+00:00,9544.17,9544.17,9539.33,9540.0,28.498598,2020,6,1
2020-06-01 10:55:00+00:00,9540.0,9543.26,9539.95,9543.0,12.798883,2020,6,1
2020-06-01 10:56:00+00:00,9543.0,9547.63,9538.8,9539.1,27.831654,2020,6,1
2020-06-01 10:57:00+00:00,9539.62,9547.75,9538.41,9546.57,37.251404,2020,6,1
2020-06-01 10:58:00+00:00,9546.57,9546.57,9540.01,9544.38,40.997257,2020,6,1
2020-06-01 10:59:00+00:00,9544.38,9544.38,9540.55,9543.24,10.322237,2020,6,1
2020-06-01 11:00:00+00:00,9542.32,9552.0,9542.32,9548.94,85.559639,2020,6,1
2020-06-01 11:01:00+00:00,9548.94,9550.58,9545.75,9547.65,19.395992,2020,6,1
2020-06-01 11:02:00+00:00,9547.66,9552.14,9546.42,9548.22,79.776835,2020,6,1
2020-06-01 11:03:00+00:00,9547.71,9548.94,9537.34,9539.73,52.398416,2020,6,1
2020-06-01 11:04:00+00:00,9540.49,9545.0,9540.05,9542.89,5.756453,2020,6,1
2020-06-01 11:05:00+00:00,9543.33,9544.96,9538.8,9539.64,11.361933,2020,6,1
2020-06-01 11:06:00+00:00,9539.19,9539.19,9533.32,9533.64,13.283151,2020,6,1
2020-06-01 11:07:00+00:00,9533.95,9535.47,9526.64,9528.5,21.694902,2020,6,1
2020-06-01 11:08:00+00:00,9528.96,9535.7,9528.9,9535.28,20.719833,2020,6,1
2020-06-01 11:09:00+00:00,9535.0,9536.08,9529.7,9531.66,14.276466,2020,6,1
2020-06-01 11:10:00+00:00,9531.19,9536.35,9529.77,9534.93,21.141003,2020,6,1
2020-06-01 11:11:00+00:00,9534.93,9534.93,9520.0,9523.99,56.015092,2020,6,1
2020-06-01 11:12:00+00:00,9522.44,9526.86,9521.17,9525.7,22.094626,2020,6,1
2020-06-01 11:13:00+00:00,9525.69,9528.5,9525.0,9525.0,12.616184,2020,6,1
2020-06-01 11:14:00+00:00,9525.33,9525.47,9520.0,9521.99,23.090636,2020,6,1
2020-06-01 11:15:00+00:00,9522.0,9528.51,9521.48,9524.75,20.327577,2020,6,1
2020-06-01 11:16:00+00:00,9524.88,9529.6,9523.85,9528.84,24.136121,2020,6,1
2020-06-01 11:17:00+00:00,9529.44,9533.01,9528.42,9528.54,32.184109,2020,6,1
2020-06-01 11:18:00+00:00,9528.92,9530.04,9527.17,9528.63,10.185152,2020,6,1
2020-06-01 11:19:00+00:00,9528.99,9532.72,9528.99,9531.1,13.776686,2020,6,1
2020-06-01 11:20:00+00:00,9530.8,9530.82,9515.96,9518.81,54.01033,2020,6,1
2020-06-01 11:21:00+00:00,9518.76,9526.99,9518.76,9525.16,31.807067,2020,6,1
2020-06-01 11:22:00+00:00,9525.1,9527.2,9523.88,9524.55,35.833796,2020,6,1
2020-06-01 11:23:00+00:00,9524.61,9524.61,9517.37,9519.08,26.557866,2020,6,1
2020-06-01 11:24:00+00:00,9519.08,9521.51,9519.08,9520.14,13.441773,2020,6,1
2020-06-01 11:25:00+00:00,9520.14,9528.26,9520.13,9525.31,21.314908,2020,6,1
2020-06-01 11:26:00+00:00,9525.31,9526.97,9523.82,9523.83,8.323572,2020,6,1
2020-06-01 11:27:00+00:00,9523.84,9524.99,9517.9,9519.46,19.235369,2020,6,1
2020-06-01 11:28:00+00:00,9519.47,9520.57,9516.5,9519.47,16.686824,2020,6,1
2020-06-01 11:29:00+00:00,9519.92,9523.84,9518.73,9518.73,37.104929,2020,6,1
2020-06-01 11:30:00+00:00,9519.53,9521.0,9516.5,9519.66,19.705528,2020,6,1
2020-06-01 11:31:00+00:00,9519.66,9519.67,9511.42,9515.41,31.617084,2020,6,1
2020-06-01 11:32:00+00:00,9514.79,9526.31,9514.79,9515.83,56.266721,2020,6,1
2020-06-01 11:33:00+00:00,9516.01,9518.7,9511.08,9512.18,21.969647,2020,6,1
2020-06-01 11:34:00+00:00,9512.66,9516.32,9511.0,9515.59,12.326668,2020,6,1
2020-06-01 11:35:00+00:00,9516.02,9523.95,9515.17,9523.69,14.100405,2020,6,1
2020-06-01 11:36:00+00:00,9523.7,9529.1,9521.68,9523.09,26.586763,2020,6,1
2020-06-01 11:37:00+00:00,9523.1,9525.93,9520.0,9520.42,19.280045,2020,6,1
2020-06-01 11:38:00+00:00,9520.01,9521.65,9515.26,9519.85,15.843826,2020,6,1
2020-06-01 11:39:00+00:00,9519.85,9528.19,9517.12,9525.66,21.512687,2020,6,1
2020-06-01 11:40:00+00:00,9525.65,9529.41,9524.39,9528.25,14.52509,2020,6,1
2020-06-01 11:41:00+00:00,9528.25,9530.0,9525.53,9525.53,8.268825,2020,6,1
2020-06-01 11:42:00+00:00,9525.96,9528.3,9525.58,9526.0,8.476736,2020,6,1
2020-06-01 11:43:00+00:00,9526.01,9527.98,9522.34,9523.05,14.239316,2020,6,1
2020-06-01 11:44:00+00:00,9523.03,9524.13,9520.0,9520.21,15.728551,2020,6,1
2020-06-01 11:45:00+00:00,9520.21,9526.51,9520.21,9523.54,19.431976,2020,6,1
2020-06-01 11:46:00+00:00,9523.53,9525.44,9521.05,9525.43,7.720713,2020,6,1
2020-06-01 11:47:00+00:00,9525.44,9526.22,9522.18,9523.83,9.097745,2020,6,1
2020-06-01 11:48:00+00:00,9525.2,9534.21,9524.44,9532.27,31.401308,2020,6,1
2020-06-01 11:49:00+00:00,9532.99,9535.93,9530.26,9533.73,25.584793,2020,6,1
2020-06-01 11:50:00+00:00,9533.74,9535.79,9530.55,9531.4,20.414167,2020,6,1
2020-06-01 11:51:00+00:00,9531.66,9533.49,9527.94,9531.0,16.857646,2020,6,1
2020-06-01 11:52:00+00:00,9531.22,9537.38,9530.5,9537.31,18.049093,2020,6,1
2020-06-01 11:53:00+00:00,9537.32,9539.0,9535.26,9535.91,9.015511,2020,6,1
2020-06-01 11:54:00+00:00,9535.92,9538.48,9532.09,9536.19,12.227931,2020,6,1
2020-06-01 11:55:00+00:00,9535.34,9536.0,9533.0,9534.0,6.186338,2020,6,1
2020-06-01 11:56:00+00:00,9534.01,9534.43,9526.09,9526.8,26.109162,2020,6,1
2020-06-01 11:57:00+00:00,9525.31,9528.2,9520.0,9521.07,42.020018,2020,6,1
2020-06-01 11:58:00+00:00,9521.06,9521.51,9518.06,9520.55,17.218127,2020,6,1
2020-06-01 11:59:00+00:00,9520.54,9520.55,9512.0,9513.22,38.294072,2020,6,1
2020-06-01 12:00:00+00:00,9512.8,9521.85,9512.65,9518.49,82.889462,2020,6,1
2020-06-01 12:01:00+00:00,9518.49,9518.5,9510.36,9510.71,44.39717,2020,6,1
2020-06-01 12:02:00+00:00,9511.0,9513.49,9502.98,9511.53,70.063576,2020,6,1
2020-06-01 12:03:00+00:00,9510.49,9519.44,9509.05,9518.8,22.708115,2020,6,1
2020-06-01 12:04:00+00:00,9518.19,9519.42,9514.44,9516.43,14.144069,2020,6,1
2020-06-01 12:05:00+00:00,9516.43,9516.43,9512.41,9515.14,10.851946,2020,6,1
2020-06-01 12:06:00+00:00,9515.14,9521.33,9515.04,9519.36,30.745807,2020,6,1
2020-06-01 12:07:00+00:00,9519.24,9526.62,9519.23,9522.92,38.142953,2020,6,1
2020-06-01 12:08:00+00:00,9522.97,9525.0,9519.0,9522.01,15.629681,2020,6,1
2020-06-01 12:09:00+00:00,9522.51,9522.85,9515.17,9515.22,20.220293,2020,6,1
2020-06-01 12:10:00+00:00,9515.25,9515.99,9511.3,9511.51,21.066002,2020,6,1
2020-06-01 12:11:00+00:00,9511.54,9512.03,9508.71,9510.79,12.898332,2020,6,1
2020-06-01 12:12:00+00:00,9510.78,9513.92,9510.25,9511.03,19.578021,2020,6,1
2020-06-01 12:13:00+00:00,9511.03,9514.0,9511.01,9512.36,25.24764,2020,6,1
2020-06-01 12:14:00+00:00,9512.36,9513.43,9505.61,9510.0,49.918133,2020,6,1
2020-06-01 12:15:00+00:00,9509.99,9510.99,9508.0,9508.42,7.975059,2020,6,1
2020-06-01 12:16:00+00:00,9508.17,9508.54,9505.07,9505.07,14.152804,2020,6,1
2020-06-01 12:17:00+00:00,9505.07,9507.99,9504.07,9506.34,56.956938,2020,6,1
2020-06-01 12:18:00+00:00,9507.63,9514.73,9507.09,9514.51,37.66753,2020,6,1
2020-06-01 12:19:00+00:00,9514.51,9514.51,9505.22,9505.48,23.709494,2020,6,1
2020-06-01 12:20:00+00:00,9505.57,9508.0,9491.45,9504.5,150.03226,2020,6,1
2020-06-01 12:21:00+00:00,9504.5,9541.14,9503.11,9540.39,98.491457,2020,6,1
2020-06-01 12:22:00+00:00,9540.4,9566.72,9539.05,9558.31,213.429131,2020,6,1
2020-06-01 12:23:00+00:00,9558.32,9561.87,9538.5,9556.18,117.086105,2020,6,1
2020-06-01 12:24:00+00:00,9556.7,9557.52,9546.25,9549.58,47.67303,2020,6,1
2020-06-01 12:25:00+00:00,9549.59,9557.98,9547.9,9547.91,50.809532,2020,6,1
2020-06-01 12:26:00+00:00,9547.9,9553.94,9547.17,9551.77,38.511514,2020,6,1
2020-06-01 12:27:00+00:00,9552.39,9574.0,9551.16,9571.78,72.997081,2020,6,1
2020-06-01 12:28:00+00:00,9572.26,9576.91,9559.91,9568.73,58.651779,2020,6,1
2020-06-01 12:29:00+00:00,9569.4,9580.0,9568.33,9578.39,30.964047,2020,6,1
2020-06-01 12:30:00+00:00,9578.74,9585.0,9576.95,9583.94,162.088771,2020,6,1
2020-06-01 12:31:00+00:00,9583.93,9590.26,9577.0,9579.04,147.620696,2020,6,1
2020-06-01 12:32:00+00:00,9578.29,9589.96,9576.24,9584.95,83.572999,2020,6,1
2020-06-01 12:33:00+00:00,9584.95,9585.42,9563.78,9566.48,101.150359,2020,6,1
2020-06-01 12:34:00+00:00,9566.02,9567.45,9556.17,9562.31,100.342929,2020,6,1
2020-06-01 12:35:00+00:00,9562.06,9577.15,9559.36,9572.36,47.826743,2020,6,1
2020-06-01 12:36:00+00:00,9572.36,9572.36,9563.62,9566.51,32.355051,2020,6,1
2020-06-01 12:37:00+00:00,9567.28,9571.83,9566.13,9571.11,27.405931,2020,6,1
2020-06-01 12:38:00+00:00,9571.33,9574.98,9568.41,9573.25,18.200171,2020,6,1
2020-06-01 12:39:00+00:00,9573.25,9573.25,9563.55,9564.48,28.594235,2020,6,1
2020-06-01 12:40:00+00:00,9564.85,9574.67,9564.37,9570.07,35.571586,2020,6,1
2020-06-01 12:41:00+00:00,9570.0,9574.44,9565.93,9567.18,49.387905,2020,6,1
2020-06-01 12:42:00+00:00,9566.63,9572.96,9565.01,9569.5,52.666996,2020,6,1
2020-06-01 12:43:00+00:00,9569.97,9574.67,9569.01,9569.44,32.863782,2020,6,1
2020-06-01 12:44:00+00:00,9569.44,9569.45,9563.01,9563.01,20.802774,2020,6,1
2020-06-01 12:45:00+00:00,9563.0,9564.61,9557.14,9558.04,66.468405,2020,6,1
2020-06-01 12:46:00+00:00,9558.52,9563.0,9558.47,9563.0,43.117439,2020,6,1
2020-06-01 12:47:00+00:00,9563.0,9579.59,9562.99,9572.0,58.582638,2020,6,1
2020-06-01 12:48:00+00:00,9571.99,9575.97,9571.99,9572.31,40.709501,2020,6,1
2020-06-01 12:49:00+00:00,9572.02,9575.99,9563.0,9564.82,41.470859,2020,6,1
2020-06-01 12:50:00+00:00,9564.75,9564.88,9562.0,9562.29,21.630754,2020,6,1
2020-06-01 12:51:00+00:00,9562.28,9572.0,9562.01,9567.84,52.472775,2020,6,1
2020-06-01 12:52:00+00:00,9567.3,9568.32,9557.74,9561.74,55.169946,2020,6,1
2020-06-01 12:53:00+00:00,9561.54,9568.32,9558.34,9562.07,50.198867,2020,6,1
2020-06-01 12:54:00+00:00,9562.03,9566.0,9558.86,9560.56,29.185146,2020,6,1
2020-06-01 12:55:00+00:00,9560.56,9564.99,9557.15,9560.33,33.777315,2020,6,1
2020-06-01 12:56:00+00:00,9560.62,9562.0,9557.58,9559.0,20.290339,2020,6,1
2020-06-01 12:57:00+00:00,9558.85,9569.35,9558.8,9567.59,30.603599,2020,6,1
2020-06-01 12:58:00+00:00,9567.59,9569.43,9559.99,9565.02,40.484667,2020,6,1
2020-06-01 12:59:00+00:00,9565.02,9567.05,9555.0,9555.01,20.718649,2020,6,1
2020-06-01 13:00:00+00:00,9555.65,9566.3,9555.64,9566.3,27.290455,2020,6,1
2020-06-01 13:01:00+00:00,9565.7,9570.0,9564.72,9565.12,24.483137,2020,6,1
2020-06-01 13:02:00+00:00,9565.22,9569.03,9563.01,9566.23,20.965107,2020,6,1
2020-06-01 13:03:00+00:00,9566.03,9566.4,9555.85,9560.43,33.996831,2020,6,1
2020-06-01 13:04:00+00:00,9560.42,9562.4,9557.17,9560.01,12.816768,2020,6,1
2020-06-01 13:05:00+00:00,9560.01,9565.35,9557.57,9561.69,28.600819,2020,6,1
2020-06-01 13:06:00+00:00,9561.68,9561.85,9556.56,9556.56,18.618892,2020,6,1
2020-06-01 13:07:00+00:00,9556.17,9557.72,9548.06,9552.76,48.165904,2020,6,1
2020-06-01 13:08:00+00:00,9552.76,9555.0,9550.0,9551.63,17.974012,2020,6,1
2020-06-01 13:09:00+00:00,9551.75,9566.75,9550.47,9560.83,62.067145,2020,6,1
2020-06-01 13:10:00+00:00,9560.82,9561.89,9552.86,9560.0,28.351707,2020,6,1
2020-06-01 13:11:00+00:00,9560.0,9563.03,9559.98,9562.94,14.090802,2020,6,1
2020-06-01 13:12:00+00:00,9561.74,9564.39,9560.06,9562.46,16.100997,2020,6,1
2020-06-01 13:13:00+00:00,9562.46,9566.67,9557.0,9557.99,38.45812,2020,6,1
2020-06-01 13:14:00+00:00,9558.0,9563.94,9551.07,9555.84,58.931507,2020,6,1
2020-06-01 13:15:00+00:00,9554.28,9555.83,9551.52,9554.99,17.386029,2020,6,1
2020-06-01 13:16:00+00:00,9554.4,9557.58,9550.55,9550.56,23.741564,2020,6,1
2020-06-01 13:17:00+00:00,9550.55,9555.98,9548.37,9555.98,15.183595,2020,6,1
2020-06-01 13:18:00+00:00,9555.98,9556.0,9547.06,9547.73,19.715717,2020,6,1
2020-06-01 13:19:00+00:00,9548.35,9556.0,9548.35,9556.0,21.650619,2020,6,1
2020-06-01 13:20:00+00:00,9556.0,9560.0,9554.95,9558.78,36.545726,2020,6,1
2020-06-01 13:21:00+00:00,9559.11,9562.65,9557.37,9562.08,12.719257,2020,6,1
2020-06-01 13:22:00+00:00,9562.07,9565.0,9556.24,9560.3,25.584806,2020,6,1
2020-06-01 13:23:00+00:00,9560.29,9561.99,9555.34,9559.0,12.439558,2020,6,1
2020-06-01 13:24:00+00:00,9560.47,9562.1,9553.97,9560.24,14.196719,2020,6,1
2020-06-01 13:25:00+00:00,9560.1,9565.57,9559.97,9564.17,12.411252,2020,6,1
2020-06-01 13:26:00+00:00,9564.92,9567.29,9562.75,9565.0,16.255996,2020,6,1
2020-06-01 13:27:00+00:00,9565.0,9569.99,9562.02,9562.39,26.425699,2020,6,1
2020-06-01 13:28:00+00:00,9563.1,9565.01,9559.14,9559.14,14.114314,2020,6,1
2020-06-01 13:29:00+00:00,9559.13,9565.0,9558.51,9563.0,13.089183,2020,6,1
2020-06-01 13:30:00+00:00,9563.0,9563.01,9555.87,9556.37,9.942253,2020,6,1
2020-06-01 13:31:00+00:00,9556.13,9565.94,9555.6,9562.47,37.040426,2020,6,1
2020-06-01 13:32:00+00:00,9562.65,9565.99,9557.69,9560.24,21.564624,2020,6,1
2020-06-01 13:33:00+00:00,9560.23,9563.88,9558.84,9560.25,11.78272,2020,6,1
2020-06-01 13:34:00+00:00,9559.38,9563.98,9558.01,9561.68,12.227802,2020,6,1
2020-06-01 13:35:00+00:00,9561.4,9563.22,9561.0,9561.01,6.236309,2020,6,1
2020-06-01 13:36:00+00:00,9561.06,9562.07,9556.25,9557.0,17.027665,2020,6,1
2020-06-01 13:37:00+00:00,9557.0,9563.98,9556.88,9560.53,7.815987,2020,6,1
2020-06-01 13:38:00+00:00,9560.54,9565.0,9560.54,9563.0,12.738132,2020,6,1
2020-06-01 13:39:00+00:00,9563.0,9564.15,9557.48,9561.01,15.792661,2020,6,1
2020-06-01 13:40:00+00:00,9560.44,9563.73,9560.44,9562.67,9.889212,2020,6,1
2020-06-01 13:41:00+00:00,9562.7,9570.0,9562.7,9569.72,23.880777,2020,6,1
2020-06-01 13:42:00+00:00,9570.0,9570.89,9565.53,9567.58,19.161538,2020,6,1
2020-06-01 13:43:00+00:00,9567.62,9571.0,9565.27,9567.1,26.570964,2020,6,1
2020-06-01 13:44:00+00:00,9567.11,9570.0,9567.11,9569.99,14.066207,2020,6,1
2020-06-01 13:45:00+00:00,9569.99,9571.99,9565.0,9567.17,30.940519,2020,6,1
2020-06-01 13:46:00+00:00,9567.17,9570.09,9566.94,9566.94,14.585436,2020,6,1
2020-06-01 13:47:00+00:00,9567.12,9571.43,9566.68,9569.66,12.865128,2020,6,1
2020-06-01 13:48:00+00:00,9569.61,9571.34,9558.31,9559.51,25.823307,2020,6,1
2020-06-01 13:49:00+00:00,9559.01,9561.45,9555.0,9555.21,17.385051,2020,6,1
2020-06-01 13:50:00+00:00,9555.21,9560.66,9555.07,9557.78,13.537156,2020,6,1
2020-06-01 13:51:00+00:00,9557.77,9562.14,9555.0,9555.08,13.385594,2020,6,1
2020-06-01 13:52:00+00:00,9555.0,9555.0,9543.64,9547.73,40.989694,2020,6,1
2020-06-01 13:53:00+00:00,9547.74,9549.12,9545.0,9546.94,19.155595,2020,6,1
2020-06-01 13:54:00+00:00,9546.94,9552.95,9546.21,9549.16,24.002761,2020,6,1
2020-06-01 13:55:00+00:00,9549.32,9553.02,9547.23,9551.18,11.219915,2020,6,1
2020-06-01 13:56:00+00:00,9551.18,9552.15,9548.55,9551.24,9.370984,2020,6,1
2020-06-01 13:57:00+00:00,9551.24,9555.0,9551.24,9553.0,23.506018,2020,6,1
2020-06-01 13:58:00+00:00,9553.0,9559.32,9551.55,9555.92,23.01806,2020,6,1
2020-06-01 13:59:00+00:00,9555.91,9556.7,9549.99,9553.62,8.95516,2020,6,1
2020-06-01 14:00:00+00:00,9553.14,9557.52,9550.83,9554.1,23.50635,2020,6,1
2020-06-01 14:01:00+00:00,9553.72,9555.87,9550.0,9552.63,12.659384,2020,6,1
2020-06-01 14:02:00+00:00,9552.59,9556.57,9552.59,9555.93,12.909968,2020,6,1
2020-06-01 14:03:00+00:00,9555.68,9557.52,9550.01,9553.37,25.019117,2020,6,1
2020-06-01 14:04:00+00:00,9553.37,9556.14,9552.14,9555.0,9.708598,2020,6,1
2020-06-01 14:05:00+00:00,9555.0,9560.0,9554.45,9557.21,26.676514,2020,6,1
2020-06-01 14:06:00+00:00,9559.27,9565.0,9558.25,9559.48,29.834544,2020,6,1
2020-06-01 14:07:00+00:00,9559.72,9561.1,9554.45,9555.31,25.552856,2020,6,1
2020-06-01 14:08:00+00:00,9555.19,9562.49,9551.02,9562.46,56.461792,2020,6,1
2020-06-01 14:09:00+00:00,9562.18,9566.32,9561.22,9566.32,17.319589,2020,6,1
2020-06-01 14:10:00+00:00,9566.61,9566.99,9560.82,9564.55,35.425653,2020,6,1
2020-06-01 14:11:00+00:00,9564.3,9565.94,9559.06,9560.99,23.65352,2020,6,1
2020-06-01 14:12:00+00:00,9560.99,9566.23,9556.41,9564.94,59.337669,2020,6,1
2020-06-01 14:13:00+00:00,9564.93,9564.93,9557.65,9564.64,38.041335,2020,6,1
2020-06-01 14:14:00+00:00,9564.75,9571.59,9562.78,9566.53,46.367155,2020,6,1
2020-06-01 14:15:00+00:00,9565.89,9570.6,9565.39,9569.07,15.132998,2020,6,1
2020-06-01 14:16:00+00:00,9569.07,9572.0,9569.07,9571.99,12.204155,2020,6,1
2020-06-01 14:17:00+00:00,9572.0,9578.21,9569.29,9570.15,87.666985,2020,6,1
2020-06-01 14:18:00+00:00,9570.49,9572.66,9567.24,9569.98,44.684679,2020,6,1
2020-06-01 14:19:00+00:00,9569.98,9573.45,9566.1,9569.78,35.700575,2020,6,1
2020-06-01 14:20:00+00:00,9569.78,9573.0,9565.85,9568.0,23.058925,2020,6,1
2020-06-01 14:21:00+00:00,9569.17,9570.0,9566.2,9567.0,11.48826,2020,6,1
2020-06-01 14:22:00+00:00,9567.0,9567.01,9560.0,9563.45,32.034027,2020,6,1
2020-06-01 14:23:00+00:00,9562.74,9568.08,9558.38,9559.77,15.729869,2020,6,1
2020-06-01 14:24:00+00:00,9559.76,9564.38,9558.36,9561.07,15.922399,2020,6,1
2020-06-01 14:25:00+00:00,9562.74,9562.88,9555.7,9557.46,21.907753,2020,6,1
2020-06-01 14:26:00+00:00,9557.46,9561.99,9553.85,9560.6,38.194331,2020,6,1
2020-06-01 14:27:00+00:00,9560.0,9561.48,9554.02,9558.48,58.610346,2020,6,1
2020-06-01 14:28:00+00:00,9557.34,9563.0,9555.89,9562.46,46.003259,2020,6,1
2020-06-01 14:29:00+00:00,9562.21,9562.47,9554.95,9561.81,57.662636,2020,6,1
2020-06-01 14:30:00+00:00,9561.62,9564.8,9559.99,9562.71,34.111945,2020,6,1
2020-06-01 14:31:00+00:00,9562.71,9562.72,9554.43,9560.93,39.346636,2020,6,1
2020-06-01 14:32:00+00:00,9560.96,9563.0,9559.74,9561.75,21.175579,2020,6,1
2020-06-01 14:33:00+00:00,9561.75,9563.0,9558.24,9558.31,17.235853,2020,6,1
2020-06-01 14:34:00+00:00,9558.32,9576.49,9558.3,9575.8,98.0252,2020,6,1
2020-06-01 14:35:00+00:00,9575.32,9579.0,9571.33,9578.99,46.93527,2020,6,1
2020-06-01 14:36:00+00:00,9578.35,9579.43,9570.01,9572.99,32.723714,2020,6,1
2020-06-01 14:37:00+00:00,9574.0,9577.75,9572.52,9573.83,37.40587,2020,6,1
2020-06-01 14:38:00+00:00,9574.93,9575.43,9566.54,9570.35,43.911502,2020,6,1
2020-06-01 14:39:00+00:00,9570.35,9578.85,9569.35,9573.95,40.005354,2020,6,1
2020-06-01 14:40:00+00:00,9573.95,9580.72,9573.33,9575.36,46.647765,2020,6,1
2020-06-01 14:41:00+00:00,9575.35,9578.93,9571.71,9572.78,43.891293,2020,6,1
2020-06-01 14:42:00+00:00,9573.1,9577.76,9571.53,9572.78,33.961606,2020,6,1
2020-06-01 14:43:00+00:00,9571.86,9576.24,9570.6,9575.72,32.318595,2020,6,1
2020-06-01 14:44:00+00:00,9575.43,9578.4,9574.93,9577.94,15.75953,2020,6,1
2020-06-01 14:45:00+00:00,9576.6,9580.0,9574.0,9574.62,36.490205,2020,6,1
2020-06-01 14:46:00+00:00,9574.3,9575.5,9562.13,9564.62,22.512449,2020,6,1
2020-06-01 14:47:00+00:00,9564.0,9566.66,9555.0,9555.74,24.011035,2020,6,1
2020-06-01 14:48:00+00:00,9556.77,9562.74,9555.42,9559.37,25.849666,2020,6,1
2020-06-01 14:49:00+00:00,9559.35,9566.14,9558.05,9561.09,31.420185,2020,6,1
2020-06-01 14:50:00+00:00,9560.5,9560.99,9548.0,9552.01,49.508011,2020,6,1
2020-06-01 14:51:00+00:00,9552.01,9555.99,9547.06,9551.98,30.258115,2020,6,1
2020-06-01 14:52:00+00:00,9551.97,9557.04,9549.63,9554.3,19.30291,2020,6,1
2020-06-01 14:53:00+00:00,9554.31,9557.29,9552.78,9555.53,31.582879,2020,6,1
2020-06-01 14:54:00+00:00,9555.55,9556.81,9547.27,9551.43,28.071218,2020,6,1
2020-06-01 14:55:00+00:00,9551.42,9555.53,9549.54,9551.35,18.072434,2020,6,1
2020-06-01 14:56:00+00:00,9551.35,9553.61,9550.01,9552.71,17.312392,2020,6,1
2020-06-01 14:57:00+00:00,9552.85,9557.85,9551.99,9555.51,19.254015,2020,6,1
2020-06-01 14:58:00+00:00,9555.56,9559.09,9555.32,9557.0,12.930614,2020,6,1
2020-06-01 14:59:00+00:00,9557.0,9563.32,9556.24,9563.03,15.858166,2020,6,1
2020-06-01 15:00:00+00:00,9563.13,9565.43,9558.0,9558.52,44.569287,2020,6,1
2020-06-01 15:01:00+00:00,9558.82,9559.05,9552.8,9554.52,29.179198,2020,6,1
2020-06-01 15:02:00+00:00,9554.7,9558.9,9551.52,9552.77,18.061029,2020,6,1
2020-06-01 15:03:00+00:00,9552.72,9553.63,9500.03,9513.32,257.796372,2020,6,1
2020-06-01 15:04:00+00:00,9512.29,9518.02,9505.6,9506.0,79.629907,2020,6,1
2020-06-01 15:05:00+00:00,9506.01,9513.88,9500.0,9513.57,97.074078,2020,6,1
2020-06-01 15:06:00+00:00,9513.59,9518.29,9510.0,9515.13,35.280204,2020,6,1
2020-06-01 15:07:00+00:00,9514.85,9521.37,9512.0,9521.35,16.22559,2020,6,1
2020-06-01 15:08:00+00:00,9520.87,9523.31,9510.99,9520.67,68.192934,2020,6,1
2020-06-01 15:09:00+00:00,9521.39,9522.32,9508.75,9514.52,35.477414,2020,6,1
2020-06-01 15:10:00+00:00,9513.44,9514.89,9508.0,9508.37,35.863722,2020,6,1
2020-06-01 15:11:00+00:00,9508.07,9513.5,9500.32,9508.79,59.153731,2020,6,1
2020-06-01 15:12:00+00:00,9508.78,9515.41,9508.78,9513.68,34.28343,2020,6,1
2020-06-01 15:13:00+00:00,9514.93,9522.0,9513.7,9520.89,29.827412,2020,6,1
2020-06-01 15:14:00+00:00,9520.91,9525.22,9520.45,9522.0,21.473119,2020,6,1
2020-06-01 15:15:00+00:00,9521.56,9522.4,9515.35,9518.98,29.02245,2020,6,1
2020-06-01 15:16:00+00:00,9519.45,9522.0,9514.34,9522.0,24.833972,2020,6,1
2020-06-01 15:17:00+00:00,9521.51,9525.59,9516.68,9517.47,28.787249,2020,6,1
2020-06-01 15:18:00+00:00,9517.47,9522.63,9513.75,9520.53,23.467276,2020,6,1
2020-06-01 15:19:00+00:00,9521.03,9523.58,9519.0,9523.53,11.727333,2020,6,1
2020-06-01 15:20:00+00:00,9523.21,9525.42,9521.26,9524.27,12.10187,2020,6,1
2020-06-01 15:21:00+00:00,9525.14,9525.53,9518.78,9523.76,13.318052,2020,6,1
2020-06-01 15:22:00+00:00,9524.07,9525.13,9519.11,9524.22,16.902589,2020,6,1
2020-06-01 15:23:00+00:00,9524.23,9525.0,9522.05,9524.98,15.130714,2020,6,1
2020-06-01 15:24:00+00:00,9524.99,9525.53,9522.39,9524.55,6.775642,2020,6,1
2020-06-01 15:25:00+00:00,9524.55,9527.93,9523.48,9524.05,11.214232,2020,6,1
2020-06-01 15:26:00+00:00,9524.05,9538.4,9522.93,9533.93,41.662675,2020,6,1
2020-06-01 15:27:00+00:00,9533.96,9534.59,9526.45,9527.79,31.018769,2020,6,1
2020-06-01 15:28:00+00:00,9527.86,9531.09,9525.71,9527.43,25.432317,2020,6,1
2020-06-01 15:29:00+00:00,9527.42,9531.1,9527.17,9528.73,10.262261,2020,6,1
2020-06-01 15:30:00+00:00,9528.73,9538.54,9527.95,9537.59,33.423388,2020,6,1
2020-06-01 15:31:00+00:00,9538.3,9547.89,9533.97,9542.32,37.008034,2020,6,1
2020-06-01 15:32:00+00:00,9541.89,9548.98,9532.76,9532.76,22.867644,2020,6,1
2020-06-01 15:33:00+00:00,9532.76,9541.0,9532.35,9539.48,18.365507,2020,6,1
2020-06-01 15:34:00+00:00,9539.35,9544.42,9536.83,9543.72,13.240316,2020,6,1
2020-06-01 15:35:00+00:00,9542.71,9547.34,9542.49,9543.01,23.980986,2020,6,1
2020-06-01 15:36:00+00:00,9543.36,9545.18,9536.57,9542.34,34.204856,2020,6,1
2020-06-01 15:37:00+00:00,9542.11,9543.57,9541.04,9542.24,9.077654,2020,6,1
2020-06-01 15:38:00+00:00,9542.99,9543.68,9540.0,9540.41,10.728376,2020,6,1
2020-06-01 15:39:00+00:00,9540.41,9543.67,9540.0,9543.66,13.762083,2020,6,1
2020-06-01 15:40:00+00:00,9543.67,9543.67,9540.0,9540.01,11.558056,2020,6,1
2020-06-01 15:41:00+00:00,9540.0,9540.0,9535.0,9535.0,15.98615,2020,6,1
2020-06-01 15:42:00+00:00,9535.0,9539.4,9532.79,9534.57,27.157751,2020,6,1
2020-06-01 15:43:00+00:00,9534.57,9535.01,9530.0,9530.01,18.619037,2020,6,1
2020-06-01 15:44:00+00:00,9530.0,9535.01,9530.0,9531.85,18.058333,2020,6,1
2020-06-01 15:45:00+00:00,9530.84,9535.0,9530.0,9534.65,9.844472,2020,6,1
2020-06-01 15:46:00+00:00,9534.76,9535.01,9527.17,9527.18,26.699654,2020,6,1
2020-06-01 15:47:00+00:00,9527.17,9532.53,9524.11,9528.89,35.667716,2020,6,1
2020-06-01 15:48:00+00:00,9528.89,9535.0,9525.01,9525.81,36.659013,2020,6,1
2020-06-01 15:49:00+00:00,9526.17,9531.04,9524.1,9526.75,18.289873,2020,6,1
2020-06-01 15:50:00+00:00,9526.47,9529.99,9521.87,9528.64,22.854747,2020,6,1
2020-06-01 15:51:00+00:00,9528.64,9533.46,9528.57,9532.15,18.414066,2020,6,1
2020-06-01 15:52:00+00:00,9532.35,9536.38,9531.91,9533.77,39.970594,2020,6,1
2020-06-01 15:53:00+00:00,9533.78,9538.64,9533.78,9537.64,15.86754,2020,6,1
2020-06-01 15:54:00+00:00,9536.99,9537.39,9533.0,9534.57,22.11419,2020,6,1
2020-06-01 15:55:00+00:00,9534.58,9543.65,9533.04,9538.89,36.266835,2020,6,1
2020-06-01 15:56:00+00:00,9539.43,9543.11,9536.51,9536.61,27.100284,2020,6,1
2020-06-01 15:57:00+00:00,9536.56,9543.68,9536.56,9540.3,46.28739,2020,6,1
2020-06-01 15:58:00+00:00,9540.3,9543.68,9537.42,9539.99,44.202711,2020,6,1
2020-06-01 15:59:00+00:00,9539.99,9548.9,9539.99,9546.98,43.762739,2020,6,1
2020-06-01 16:00:00+00:00,9548.18,9550.0,9537.01,9537.8,38.612965,2020,6,1
2020-06-01 16:01:00+00:00,9539.67,9543.01,9536.99,9539.13,32.79348,2020,6,1
2020-06-01 16:02:00+00:00,9539.01,9551.68,9537.57,9551.67,60.449172,2020,6,1
2020-06-01 16:03:00+00:00,9551.67,9558.9,9551.67,9557.49,30.433688,2020,6,1
2020-06-01 16:04:00+00:00,9556.71,9558.49,9553.57,9556.25,23.787847,2020,6,1
2020-06-01 16:05:00+00:00,9556.15,9556.45,9547.7,9550.2,32.337963,2020,6,1
2020-06-01 16:06:00+00:00,9550.19,9567.0,9549.76,9567.0,52.890404,2020,6,1
2020-06-01 16:07:00+00:00,9567.0,9574.2,9565.2,9570.05,50.440954,2020,6,1
2020-06-01 16:08:00+00:00,9570.05,9574.98,9565.0,9573.8,59.677083,2020,6,1
2020-06-01 16:09:00+00:00,9573.8,9579.8,9573.03,9574.09,72.163191,2020,6,1
2020-06-01 16:10:00+00:00,9575.0,9591.74,9574.27,9588.02,186.158364,2020,6,1
2020-06-01 16:11:00+00:00,9588.01,9592.59,9580.93,9580.94,45.905063,2020,6,1
2020-06-01 16:12:00+00:00,9580.55,9581.27,9575.19,9576.14,40.440577,2020,6,1
2020-06-01 16:13:00+00:00,9576.1,9580.0,9573.86,9576.35,22.884405,2020,6,1
2020-06-01 16:14:00+00:00,9577.18,9584.0,9571.3,9573.93,48.09247,2020,6,1
2020-06-01 16:15:00+00:00,9573.68,9578.29,9569.6,9575.73,35.019544,2020,6,1
2020-06-01 16:16:00+00:00,9575.73,9577.59,9571.71,9576.95,38.502582,2020,6,1
2020-06-01 16:17:00+00:00,9576.96,9585.0,9575.32,9581.17,43.576256,2020,6,1
2020-06-01 16:18:00+00:00,9581.46,9602.58,9580.59,9602.58,223.213226,2020,6,1
2020-06-01 16:19:00+00:00,9602.47,9610.0,9595.51,9597.78,283.093599,2020,6,1
2020-06-01 16:20:00+00:00,9597.78,9598.85,9578.39,9582.22,69.210273,2020,6,1
2020-06-01 16:21:00+00:00,9582.22,9598.22,9578.0,9588.89,69.463794,2020,6,1
2020-06-01 16:22:00+00:00,9588.9,9595.0,9586.92,9593.14,92.129901,2020,6,1
2020-06-01 16:23:00+00:00,9592.65,9594.45,9586.13,9589.88,41.56965,2020,6,1
2020-06-01 16:24:00+00:00,9589.72,9595.0,9588.64,9591.39,41.81959,2020,6,1
2020-06-01 16:25:00+00:00,9591.06,9597.22,9590.58,9596.4,52.573713,2020,6,1
2020-06-01 16:26:00+00:00,9596.84,9599.13,9590.15,9594.81,59.333571,2020,6,1
2020-06-01 16:27:00+00:00,9594.8,9596.0,9556.4,9560.01,180.811677,2020,6,1
2020-06-01 16:28:00+00:00,9560.06,9571.95,9550.0,9550.01,104.849878,2020,6,1
2020-06-01 16:29:00+00:00,9550.48,9567.01,9550.48,9563.42,31.739598,2020,6,1
2020-06-01 16:30:00+00:00,9563.01,9564.0,9554.82,9556.16,20.755966,2020,6,1
2020-06-01 16:31:00+00:00,9556.22,9565.1,9556.22,9565.1,53.862592,2020,6,1
2020-06-01 16:32:00+00:00,9565.07,9567.86,9553.21,9562.82,101.61433,2020,6,1
2020-06-01 16:33:00+00:00,9562.82,9567.56,9559.73,9565.96,41.497717,2020,6,1
2020-06-01 16:34:00+00:00,9565.77,9568.54,9562.54,9562.54,31.00329,2020,6,1
2020-06-01 16:35:00+00:00,9561.7,9563.0,9553.68,9554.95,44.758994,2020,6,1
2020-06-01 16:36:00+00:00,9555.57,9565.0,9555.38,9562.06,40.039862,2020,6,1
2020-06-01 16:37:00+00:00,9562.05,9563.02,9555.83,9561.29,30.848804,2020,6,1
2020-06-01 16:38:00+00:00,9561.04,9567.05,9559.58,9566.49,12.693108,2020,6,1
2020-06-01 16:39:00+00:00,9566.49,9568.9,9561.06,9562.29,23.626575,2020,6,1
2020-06-01 16:40:00+00:00,9562.27,9565.99,9557.61,9564.77,36.34522,2020,6,1
2020-06-01 16:41:00+00:00,9564.77,9570.0,9564.32,9568.25,31.32139,2020,6,1
2020-06-01 16:42:00+00:00,9568.83,9576.82,9564.57,9571.04,82.002281,2020,6,1
2020-06-01 16:43:00+00:00,9570.62,9573.91,9567.15,9570.05,24.073871,2020,6,1
2020-06-01 16:44:00+00:00,9570.05,9570.06,9567.21,9569.56,13.506129,2020,6,1
2020-06-01 16:45:00+00:00,9569.56,9569.89,9562.0,9565.5,13.462389,2020,6,1
2020-06-01 16:46:00+00:00,9566.0,9567.0,9562.77,9564.01,33.641018,2020,6,1
2020-06-01 16:47:00+00:00,9564.68,9570.0,9560.0,9568.99,24.076254,2020,6,1
2020-06-01 16:48:00+00:00,9568.99,9569.0,9567.8,9569.0,15.211573,2020,6,1
2020-06-01 16:49:00+00:00,9569.0,9570.0,9562.95,9565.47,25.938301,2020,6,1
2020-06-01 16:50:00+00:00,9565.53,9565.53,9561.13,9563.9,14.009794,2020,6,1
2020-06-01 16:51:00+00:00,9563.59,9565.37,9560.0,9564.89,22.177886,2020,6,1
2020-06-01 16:52:00+00:00,9564.57,9571.25,9563.06,9571.13,16.025398,2020,6,1
2020-06-01 16:53:00+00:00,9571.14,9575.0,9568.51,9574.86,31.022843,2020,6,1
2020-06-01 16:54:00+00:00,9574.86,9580.0,9570.23,9578.58,21.717982,2020,6,1
2020-06-01 16:55:00+00:00,9578.56,9586.07,9577.77,9580.64,41.451869,2020,6,1
2020-06-01 16:56:00+00:00,9581.18,9586.87,9579.54,9586.2,10.45609,2020,6,1
2020-06-01 16:57:00+00:00,9586.2,9587.0,9582.0,9582.11,27.221429,2020,6,1
2020-06-01 16:58:00+00:00,9582.62,9584.99,9578.08,9579.99,14.270885,2020,6,1
2020-06-01 16:59:00+00:00,9580.43,9584.89,9576.94,9584.28,23.976599,2020,6,1
2020-06-01 17:00:00+00:00,9584.29,9591.53,9584.28,9589.69,65.631814,2020,6,1
2020-06-01 17:01:00+00:00,9589.69,9592.59,9585.78,9588.85,36.725953,2020,6,1
2020-06-01 17:02:00+00:00,9588.56,9589.92,9586.56,9587.5,21.309102,2020,6,1
2020-06-01 17:03:00+00:00,9587.49,9588.22,9579.04,9580.49,24.562442,2020,6,1
2020-06-01 17:04:00+00:00,9579.71,9586.55,9579.37,9580.83,13.995541,2020,6,1
2020-06-01 17:05:00+00:00,9581.65,9582.56,9573.38,9573.38,52.130585,2020,6,1
2020-06-01 17:06:00+00:00,9574.24,9578.68,9573.38,9576.04,18.123466,2020,6,1
2020-06-01 17:07:00+00:00,9575.86,9578.0,9573.98,9577.77,11.118595,2020,6,1
2020-06-01 17:08:00+00:00,9578.0,9578.0,9575.0,9577.66,12.080295,2020,6,1
2020-06-01 17:09:00+00:00,9577.1,9578.0,9567.65,9568.25,35.904286,2020,6,1
2020-06-01 17:10:00+00:00,9568.25,9574.97,9567.64,9572.58,9.15061,2020,6,1
2020-06-01 17:11:00+00:00,9569.91,9574.47,9569.36,9571.22,13.374256,2020,6,1
2020-06-01 17:12:00+00:00,9571.22,9571.93,9568.1,9571.61,13.193272,2020,6,1
2020-06-01 17:13:00+00:00,9571.13,9574.62,9570.4,9572.0,12.748806,2020,6,1
2020-06-01 17:14:00+00:00,9572.01,9572.21,9571.61,9572.0,9.414804,2020,6,1
2020-06-01 17:15:00+00:00,9572.0,9572.54,9571.61,9572.03,9.585835,2020,6,1
2020-06-01 17:16:00+00:00,9572.04,9573.4,9567.0,9571.95,28.22591,2020,6,1
2020-06-01 17:17:00+00:00,9571.97,9572.29,9565.05,9570.86,23.12738,2020,6,1
2020-06-01 17:18:00+00:00,9570.84,9571.42,9566.76,9566.77,6.831236,2020,6,1
2020-06-01 17:19:00+00:00,9567.49,9569.99,9563.26,9569.08,13.212711,2020,6,1
2020-06-01 17:20:00+00:00,9568.37,9570.0,9565.0,9565.04,24.298948,2020,6,1
2020-06-01 17:21:00+00:00,9565.04,9569.8,9564.32,9566.62,26.136827,2020,6,1
2020-06-01 17:22:00+00:00,9566.61,9569.98,9565.01,9569.98,17.712677,2020,6,1
2020-06-01 17:23:00+00:00,9569.98,9571.43,9567.93,9569.64,13.748676,2020,6,1
2020-06-01 17:24:00+00:00,9569.7,9571.2,9568.47,9569.46,7.340623,2020,6,1
2020-06-01 17:25:00+00:00,9570.91,9577.23,9570.11,9576.0,22.326895,2020,6,1
2020-06-01 17:26:00+00:00,9576.0,9579.99,9574.51,9578.09,16.24695,2020,6,1
2020-06-01 17:27:00+00:00,9578.0,9579.44,9571.94,9574.48,17.125841,2020,6,1
2020-06-01 17:28:00+00:00,9574.45,9579.95,9573.88,9577.05,13.127198,2020,6,1
2020-06-01 17:29:00+00:00,9577.03,9578.83,9572.88,9577.23,14.512804,2020,6,1
2020-06-01 17:30:00+00:00,9577.39,9580.0,9573.44,9575.68,14.907641,2020,6,1
2020-06-01 17:31:00+00:00,9575.69,9582.92,9575.17,9579.47,19.546416,2020,6,1
2020-06-01 17:32:00+00:00,9579.25,9584.79,9577.47,9584.7,21.448695,2020,6,1
2020-06-01 17:33:00+00:00,9584.55,9584.95,9578.96,9581.8,10.321343,2020,6,1
2020-06-01 17:34:00+00:00,9581.38,9583.53,9579.49,9581.02,7.325638,2020,6,1
2020-06-01 17:35:00+00:00,9581.03,9584.99,9581.02,9584.99,6.184948,2020,6,1
2020-06-01 17:36:00+00:00,9584.99,9585.04,9577.59,9582.97,40.228377,2020,6,1
2020-06-01 17:37:00+00:00,9582.97,9583.0,9577.96,9579.29,7.939583,2020,6,1
2020-06-01 17:38:00+00:00,9579.28,9582.98,9576.83,9579.63,13.163253,2020,6,1
2020-06-01 17:39:00+00:00,9579.83,9584.35,9579.15,9584.34,28.956512,2020,6,1
2020-06-01 17:40:00+00:00,9585.66,9589.0,9583.0,9584.94,70.740887,2020,6,1
2020-06-01 17:41:00+00:00,9584.84,9588.0,9580.0,9582.56,25.329626,2020,6,1
2020-06-01 17:42:00+00:00,9582.42,9584.89,9581.51,9582.84,15.368592,2020,6,1
2020-06-01 17:43:00+00:00,9582.7,9583.23,9575.37,9578.71,24.227131,2020,6,1
2020-06-01 17:44:00+00:00,9579.3,9583.38,9576.99,9580.58,14.190936,2020,6,1
2020-06-01 17:45:00+00:00,9580.16,9580.92,9578.3,9579.46,10.363864,2020,6,1
2020-06-01 17:46:00+00:00,9579.47,9579.47,9573.36,9577.65,21.999272,2020,6,1
2020-06-01 17:47:00+00:00,9576.49,9577.09,9569.99,9571.76,29.648775,2020,6,1
2020-06-01 17:48:00+00:00,9571.76,9576.69,9570.87,9573.52,15.98337,2020,6,1
2020-06-01 17:49:00+00:00,9574.68,9574.69,9569.67,9570.97,18.585404,2020,6,1
2020-06-01 17:50:00+00:00,9570.97,9575.95,9567.0,9573.31,23.009367,2020,6,1
2020-06-01 17:51:00+00:00,9573.3,9574.42,9570.01,9573.43,18.275094,2020,6,1
2020-06-01 17:52:00+00:00,9573.43,9573.83,9567.0,9572.21,19.182516,2020,6,1
2020-06-01 17:53:00+00:00,9572.21,9572.21,9568.16,9570.22,13.811214,2020,6,1
2020-06-01 17:54:00+00:00,9570.54,9576.1,9569.32,9576.09,29.360817,2020,6,1
2020-06-01 17:55:00+00:00,9576.09,9576.1,9572.22,9576.09,9.252767,2020,6,1
2020-06-01 17:56:00+00:00,9576.1,9580.0,9576.09,9579.01,15.379927,2020,6,1
2020-06-01 17:57:00+00:00,9579.01,9579.02,9578.0,9578.77,4.41473,2020,6,1
2020-06-01 17:58:00+00:00,9578.78,9579.0,9578.77,9578.79,8.333827,2020,6,1
2020-06-01 17:59:00+00:00,9578.79,9579.0,9575.25,9575.29,16.472473,2020,6,1
2020-06-01 18:00:00+00:00,9575.29,9579.08,9575.0,9579.08,11.469955,2020,6,1
2020-06-01 18:01:00+00:00,9579.08,9584.99,9579.0,9584.34,17.077111,2020,6,1
2020-06-01 18:02:00+00:00,9583.45,9587.01,9582.13,9583.3,15.219476,2020,6,1
2020-06-01 18:03:00+00:00,9583.18,9586.55,9582.6,9585.0,9.621054,2020,6,1
2020-06-01 18:04:00+00:00,9584.99,9585.0,9582.93,9583.04,11.124887,2020,6,1
2020-06-01 18:05:00+00:00,9583.61,9584.94,9577.18,9578.28,11.629261,2020,6,1
2020-06-01 18:06:00+00:00,9578.59,9583.1,9578.13,9581.36,13.803968,2020,6,1
2020-06-01 18:07:00+00:00,9581.35,9581.36,9577.77,9577.77,20.572255,2020,6,1
2020-06-01 18:08:00+00:00,9577.77,9579.13,9575.59,9577.21,10.977251,2020,6,1
2020-06-01 18:09:00+00:00,9576.54,9578.15,9575.01,9577.93,16.283428,2020,6,1
2020-06-01 18:10:00+00:00,9577.73,9578.98,9571.0,9573.95,21.216365,2020,6,1
2020-06-01 18:11:00+00:00,9573.95,9579.03,9573.02,9577.96,11.031371,2020,6,1
2020-06-01 18:12:00+00:00,9578.27,9580.24,9578.27,9580.23,13.874205,2020,6,1
2020-06-01 18:13:00+00:00,9580.24,9580.38,9578.13,9579.28,10.623661,2020,6,1
2020-06-01 18:14:00+00:00,9580.18,9581.35,9578.74,9581.23,6.420804,2020,6,1
2020-06-01 18:15:00+00:00,9580.72,9581.23,9572.93,9574.08,8.597633,2020,6,1
2020-06-01 18:16:00+00:00,9573.22,9575.0,9572.93,9574.5,7.849711,2020,6,1
2020-06-01 18:17:00+00:00,9574.5,9574.51,9563.43,9570.01,47.91482,2020,6,1
2020-06-01 18:18:00+00:00,9570.02,9580.0,9568.87,9579.74,12.446457,2020,6,1
2020-06-01 18:19:00+00:00,9579.74,9579.75,9576.48,9577.53,8.718846,2020,6,1
2020-06-01 18:20:00+00:00,9577.52,9577.52,9570.87,9574.51,14.811951,2020,6,1
2020-06-01 18:21:00+00:00,9574.94,9575.0,9570.44,9573.78,23.657393,2020,6,1
2020-06-01 18:22:00+00:00,9573.78,9573.98,9568.39,9568.94,13.744852,2020,6,1
2020-06-01 18:23:00+00:00,9568.94,9573.77,9568.02,9569.38,11.244003,2020,6,1
2020-06-01 18:24:00+00:00,9569.66,9573.35,9567.62,9568.47,4.698949,2020,6,1
2020-06-01 18:25:00+00:00,9568.88,9568.88,9563.12,9564.78,28.574652,2020,6,1
2020-06-01 18:26:00+00:00,9564.78,9566.07,9562.09,9562.68,16.612269,2020,6,1
2020-06-01 18:27:00+00:00,9562.67,9572.76,9562.18,9569.1,27.692614,2020,6,1
2020-06-01 18:28:00+00:00,9569.27,9570.27,9566.22,9567.6,9.899942,2020,6,1
2020-06-01 18:29:00+00:00,9567.6,9567.6,9563.0,9564.03,14.325406,2020,6,1
2020-06-01 18:30:00+00:00,9563.79,9564.92,9562.49,9563.26,11.58117,2020,6,1
2020-06-01 18:31:00+00:00,9563.27,9569.43,9562.99,9567.5,26.144515,2020,6,1
2020-06-01 18:32:00+00:00,9568.15,9569.83,9565.44,9567.48,8.976515,2020,6,1
2020-06-01 18:33:00+00:00,9567.48,9571.82,9566.64,9571.82,11.530583,2020,6,1
2020-06-01 18:34:00+00:00,9571.82,9571.99,9565.88,9566.55,16.95179,2020,6,1
2020-06-01 18:35:00+00:00,9566.55,9568.13,9562.22,9562.24,15.787256,2020,6,1
2020-06-01 18:36:00+00:00,9562.24,9563.89,9555.24,9562.42,42.926684,2020,6,1
2020-06-01 18:37:00+00:00,9562.09,9568.29,9561.67,9562.11,14.509875,2020,6,1
2020-06-01 18:38:00+00:00,9562.0,9565.84,9559.91,9563.48,16.127793,2020,6,1
2020-06-01 18:39:00+00:00,9562.87,9565.0,9562.83,9565.0,6.516218,2020,6,1
2020-06-01 18:40:00+00:00,9565.0,9565.89,9563.52,9563.61,4.236964,2020,6,1
2020-06-01 18:41:00+00:00,9563.6,9575.0,9563.44,9573.02,18.895455,2020,6,1
2020-06-01 18:42:00+00:00,9573.02,9573.05,9565.56,9566.56,7.308546,2020,6,1
2020-06-01 18:43:00+00:00,9566.56,9570.49,9565.02,9569.17,17.19653,2020,6,1
2020-06-01 18:44:00+00:00,9569.18,9572.21,9568.45,9572.2,19.816924,2020,6,1
2020-06-01 18:45:00+00:00,9570.48,9575.35,9569.02,9570.34,28.052465,2020,6,1
2020-06-01 18:46:00+00:00,9570.07,9572.53,9569.04,9570.76,21.923168,2020,6,1
2020-06-01 18:47:00+00:00,9570.31,9572.04,9564.38,9571.67,29.025555,2020,6,1
2020-06-01 18:48:00+00:00,9571.74,9573.91,9570.55,9571.5,9.590147,2020,6,1
2020-06-01 18:49:00+00:00,9572.29,9573.66,9570.27,9571.67,24.489249,2020,6,1
2020-06-01 18:50:00+00:00,9571.67,9573.91,9571.0,9573.0,9.507813,2020,6,1
2020-06-01 18:51:00+00:00,9572.85,9573.25,9563.38,9569.82,50.428531,2020,6,1
2020-06-01 18:52:00+00:00,9570.94,9571.01,9566.03,9568.21,14.127702,2020,6,1
2020-06-01 18:53:00+00:00,9567.74,9580.0,9567.74,9574.76,15.943332,2020,6,1
2020-06-01 18:54:00+00:00,9574.76,9579.5,9574.76,9579.11,17.685661,2020,6,1
2020-06-01 18:55:00+00:00,9579.11,9580.0,9575.46,9578.63,11.803828,2020,6,1
2020-06-01 18:56:00+00:00,9579.54,9583.98,9578.62,9583.85,25.79175,2020,6,1
2020-06-01 18:57:00+00:00,9583.91,9584.99,9578.63,9581.56,16.553705,2020,6,1
2020-06-01 18:58:00+00:00,9581.7,9583.52,9577.15,9580.37,16.393117,2020,6,1
2020-06-01 18:59:00+00:00,9580.37,9580.37,9574.42,9579.7,14.942318,2020,6,1
2020-06-01 19:00:00+00:00,9579.97,9583.07,9576.66,9576.83,17.56058,2020,6,1
2020-06-01 19:01:00+00:00,9577.33,9580.26,9577.33,9579.01,5.572053,2020,6,1
2020-06-01 19:02:00+00:00,9579.0,9584.0,9575.87,9581.91,23.16859,2020,6,1
2020-06-01 19:03:00+00:00,9581.91,9588.0,9581.91,9584.55,28.295743,2020,6,1
2020-06-01 19:04:00+00:00,9584.54,9588.0,9580.49,9581.83,21.435766,2020,6,1
2020-06-01 19:05:00+00:00,9581.82,9583.36,9579.33,9582.24,9.005232,2020,6,1
2020-06-01 19:06:00+00:00,9582.76,9584.23,9582.0,9582.18,20.852434,2020,6,1
2020-06-01 19:07:00+00:00,9582.19,9583.07,9580.0,9580.81,7.660606,2020,6,1
2020-06-01 19:08:00+00:00,9580.53,9585.0,9580.0,9583.24,11.405424,2020,6,1
2020-06-01 19:09:00+00:00,9583.24,9583.25,9575.54,9577.78,17.342564,2020,6,1
2020-06-01 19:10:00+00:00,9577.75,9583.55,9574.96,9581.25,14.753415,2020,6,1
2020-06-01 19:11:00+00:00,9581.24,9581.25,9577.23,9580.87,14.719559,2020,6,1
2020-06-01 19:12:00+00:00,9580.87,9581.25,9574.68,9580.59,16.14861,2020,6,1
2020-06-01 19:13:00+00:00,9580.54,9581.0,9577.08,9580.98,19.442545,2020,6,1
2020-06-01 19:14:00+00:00,9580.98,9581.6,9579.03,9580.25,6.971195,2020,6,1
2020-06-01 19:15:00+00:00,9580.84,9580.84,9574.3,9576.67,10.060097,2020,6,1
2020-06-01 19:16:00+00:00,9576.27,9581.9,9575.0,9579.4,15.34242,2020,6,1
2020-06-01 19:17:00+00:00,9579.38,9582.0,9577.04,9579.06,20.330492,2020,6,1
2020-06-01 19:18:00+00:00,9579.04,9579.53,9573.17,9574.14,15.880753,2020,6,1
2020-06-01 19:19:00+00:00,9574.25,9585.0,9573.59,9581.12,15.017199,2020,6,1
2020-06-01 19:20:00+00:00,9581.12,9584.98,9581.0,9584.0,13.242171,2020,6,1
2020-06-01 19:21:00+00:00,9584.0,9587.84,9581.0,9587.24,19.115838,2020,6,1
2020-06-01 19:22:00+00:00,9587.25,9588.0,9581.52,9584.17,22.642962,2020,6,1
2020-06-01 19:23:00+00:00,9584.65,9587.21,9583.34,9585.61,8.085973,2020,6,1
2020-06-01 19:24:00+00:00,9585.08,9585.91,9585.0,9585.91,6.582103,2020,6,1
2020-06-01 19:25:00+00:00,9585.91,9588.0,9585.89,9587.31,13.689771,2020,6,1
2020-06-01 19:26:00+00:00,9587.56,9589.0,9586.37,9587.8,22.636619,2020,6,1
2020-06-01 19:27:00+00:00,9588.0,9595.0,9587.42,9592.42,48.579368,2020,6,1
2020-06-01 19:28:00+00:00,9593.55,9595.0,9589.07,9594.0,29.534167,2020,6,1
2020-06-01 19:29:00+00:00,9594.3,9607.65,9594.0,9603.9,133.286959,2020,6,1
2020-06-01 19:30:00+00:00,9604.17,9608.6,9596.31,9599.99,50.31171,2020,6,1
2020-06-01 19:31:00+00:00,9600.0,9609.0,9599.99,9608.21,44.481634,2020,6,1
2020-06-01 19:32:00+00:00,9608.2,9610.0,9600.21,9609.0,65.339836,2020,6,1
2020-06-01 19:33:00+00:00,9609.0,9609.0,9604.01,9607.99,20.309287,2020,6,1
2020-06-01 19:34:00+00:00,9607.99,9612.76,9605.8,9605.8,65.865491,2020,6,1
2020-06-01 19:35:00+00:00,9605.8,9605.81,9587.08,9596.0,101.521744,2020,6,1
2020-06-01 19:36:00+00:00,9596.6,9596.6,9581.08,9583.88,60.744349,2020,6,1
2020-06-01 19:37:00+00:00,9583.41,9584.57,9580.38,9580.99,32.114603,2020,6,1
2020-06-01 19:38:00+00:00,9581.0,9586.97,9580.98,9585.56,37.920366,2020,6,1
2020-06-01 19:39:00+00:00,9585.82,9586.95,9585.32,9585.61,19.797671,2020,6,1
2020-06-01 19:40:00+00:00,9585.61,9590.49,9585.32,9586.97,24.08996,2020,6,1
2020-06-01 19:41:00+00:00,9587.09,9594.31,9585.32,9587.72,46.527214,2020,6,1
2020-06-01 19:42:00+00:00,9588.54,9593.36,9587.72,9591.08,15.268867,2020,6,1
2020-06-01 19:43:00+00:00,9592.39,9598.23,9591.05,9598.21,12.504196,2020,6,1
2020-06-01 19:44:00+00:00,9598.22,9600.0,9595.0,9598.06,21.720288,2020,6,1
2020-06-01 19:45:00+00:00,9597.74,9599.99,9596.43,9596.43,9.71152,2020,6,1
2020-06-01 19:46:00+00:00,9596.43,9598.95,9593.98,9598.3,17.21309,2020,6,1
2020-06-01 19:47:00+00:00,9598.17,9598.19,9591.0,9591.59,28.910513,2020,6,1
2020-06-01 19:48:00+00:00,9591.59,9591.59,9587.72,9589.59,15.983697,2020,6,1
2020-06-01 19:49:00+00:00,9589.59,9589.59,9568.94,9576.35,66.660036,2020,6,1
2020-06-01 19:50:00+00:00,9576.36,9581.28,9576.33,9576.54,31.056864,2020,6,1
2020-06-01 19:51:00+00:00,9576.54,9582.98,9576.5,9577.11,23.797784,2020,6,1
2020-06-01 19:52:00+00:00,9577.28,9578.29,9572.98,9574.0,43.416058,2020,6,1
2020-06-01 19:53:00+00:00,9574.0,9574.01,9571.97,9573.0,11.827855,2020,6,1
2020-06-01 19:54:00+00:00,9573.11,9573.45,9564.0,9566.48,53.823286,2020,6,1
2020-06-01 19:55:00+00:00,9566.49,9570.34,9565.28,9565.81,26.74004,2020,6,1
2020-06-01 19:56:00+00:00,9565.34,9568.88,9561.29,9565.82,53.436553,2020,6,1
2020-06-01 19:57:00+00:00,9565.99,9577.73,9565.58,9575.01,25.404358,2020,6,1
2020-06-01 19:58:00+00:00,9575.82,9577.56,9570.0,9573.26,20.617695,2020,6,1
2020-06-01 19:59:00+00:00,9573.04,9573.04,9570.0,9572.48,13.020694,2020,6,1
2020-06-01 20:00:00+00:00,9572.5,9579.52,9572.11,9577.29,16.669576,2020,6,1
2020-06-01 20:01:00+00:00,9577.29,9579.44,9572.0,9572.0,42.583412,2020,6,1
2020-06-01 20:02:00+00:00,9572.01,9574.98,9570.0,9572.97,29.311506,2020,6,1
2020-06-01 20:03:00+00:00,9572.98,9575.65,9571.77,9572.64,14.262443,2020,6,1
2020-06-01 20:04:00+00:00,9573.25,9575.0,9562.0,9567.73,38.137188,2020,6,1
2020-06-01 20:05:00+00:00,9567.74,9568.87,9562.0,9562.03,27.763741,2020,6,1
2020-06-01 20:06:00+00:00,9562.02,9576.14,9558.57,9572.76,76.031761,2020,6,1
2020-06-01 20:07:00+00:00,9572.76,9575.0,9570.09,9575.0,22.471414,2020,6,1
2020-06-01 20:08:00+00:00,9574.21,9576.29,9569.79,9574.76,16.35677,2020,6,1
2020-06-01 20:09:00+00:00,9574.76,9580.0,9574.76,9578.13,10.483729,2020,6,1
2020-06-01 20:10:00+00:00,9578.13,9581.5,9575.55,9577.6,20.472079,2020,6,1
2020-06-01 20:11:00+00:00,9576.34,9579.91,9575.8,9579.28,7.305858,2020,6,1
2020-06-01 20:12:00+00:00,9579.28,9585.0,9579.28,9581.68,18.337015,2020,6,1
2020-06-01 20:13:00+00:00,9581.72,9584.89,9578.36,9584.05,15.519728,2020,6,1
2020-06-01 20:14:00+00:00,9583.23,9585.0,9580.88,9583.84,8.411953,2020,6,1
2020-06-01 20:15:00+00:00,9583.84,9583.84,9575.0,9578.64,31.417059,2020,6,1
2020-06-01 20:16:00+00:00,9579.1,9583.69,9576.65,9582.18,17.023234,2020,6,1
2020-06-01 20:17:00+00:00,9582.18,9590.6,9582.18,9588.14,24.562371,2020,6,1
2020-06-01 20:18:00+00:00,9588.11,9588.86,9585.05,9587.49,10.531239,2020,6,1
2020-06-01 20:19:00+00:00,9587.49,9590.07,9585.0,9585.0,22.406891,2020,6,1
2020-06-01 20:20:00+00:00,9585.0,9592.14,9583.01,9591.79,15.111841,2020,6,1
2020-06-01 20:21:00+00:00,9591.99,9593.0,9590.32,9591.56,11.709972,2020,6,1
2020-06-01 20:22:00+00:00,9591.99,9592.82,9582.52,9588.8,16.395878,2020,6,1
2020-06-01 20:23:00+00:00,9589.18,9594.8,9587.73,9593.35,19.811503,2020,6,1
2020-06-01 20:24:00+00:00,9593.35,9595.0,9588.61,9591.99,15.984778,2020,6,1
2020-06-01 20:25:00+00:00,9591.99,9598.91,9591.99,9596.15,24.333316,2020,6,1
2020-06-01 20:26:00+00:00,9596.22,9597.81,9595.0,9595.01,10.783817,2020,6,1
2020-06-01 20:27:00+00:00,9595.01,9595.01,9590.0,9590.01,63.840902,2020,6,1
2020-06-01 20:28:00+00:00,9590.0,9594.49,9590.0,9593.57,20.299498,2020,6,1
2020-06-01 20:29:00+00:00,9593.58,9594.25,9591.96,9592.83,12.444551,2020,6,1
2020-06-01 20:30:00+00:00,9592.83,9593.14,9591.25,9592.08,10.239657,2020,6,1
2020-06-01 20:31:00+00:00,9592.01,9593.11,9590.06,9590.35,17.815536,2020,6,1
2020-06-01 20:32:00+00:00,9590.33,9592.09,9586.24,9588.04,26.071162,2020,6,1
2020-06-01 20:33:00+00:00,9587.88,9591.76,9586.88,9588.53,12.18544,2020,6,1
2020-06-01 20:34:00+00:00,9588.46,9597.92,9586.43,9597.4,24.010261,2020,6,1
2020-06-01 20:35:00+00:00,9596.99,9599.0,9593.0,9593.83,33.32084,2020,6,1
2020-06-01 20:36:00+00:00,9593.97,9594.99,9590.5,9592.01,11.00491,2020,6,1
2020-06-01 20:37:00+00:00,9591.41,9593.78,9590.1,9590.1,13.703499,2020,6,1
2020-06-01 20:38:00+00:00,9590.47,9603.02,9590.02,9603.02,56.842254,2020,6,1
2020-06-01 20:39:00+00:00,9602.52,9607.36,9600.4,9602.05,26.802216,2020,6,1
2020-06-01 20:40:00+00:00,9602.24,9603.49,9593.0,9597.72,25.000192,2020,6,1
2020-06-01 20:41:00+00:00,9596.69,9599.0,9596.01,9598.76,15.489434,2020,6,1
2020-06-01 20:42:00+00:00,9598.76,9600.0,9598.05,9598.06,12.321204,2020,6,1
2020-06-01 20:43:00+00:00,9598.06,9603.0,9597.0,9601.57,16.898187,2020,6,1
2020-06-01 20:44:00+00:00,9601.58,9612.78,9601.54,9612.76,36.883853,2020,6,1
2020-06-01 20:45:00+00:00,9612.57,9670.0,9611.42,9653.15,859.419075,2020,6,1
2020-06-01 20:46:00+00:00,9653.02,9663.19,9641.62,9662.0,106.613193,2020,6,1
2020-06-01 20:47:00+00:00,9661.99,9666.4,9652.14,9658.41,96.995977,2020,6,1
2020-06-01 20:48:00+00:00,9658.42,9663.66,9656.35,9660.56,46.605304,2020,6,1
2020-06-01 20:49:00+00:00,9660.56,9667.5,9652.85,9659.96,133.346058,2020,6,1
2020-06-01 20:50:00+00:00,9659.97,9674.6,9658.48,9670.01,112.430703,2020,6,1
2020-06-01 20:51:00+00:00,9669.31,9670.19,9650.0,9660.02,74.618237,2020,6,1
2020-06-01 20:52:00+00:00,9660.03,9661.79,9655.43,9661.76,41.280161,2020,6,1
2020-06-01 20:53:00+00:00,9661.76,9667.73,9658.09,9666.0,41.481362,2020,6,1
2020-06-01 20:54:00+00:00,9666.0,9674.0,9664.01,9670.0,65.594881,2020,6,1
2020-06-01 20:55:00+00:00,9670.0,9685.0,9667.12,9684.49,185.531688,2020,6,1
2020-06-01 20:56:00+00:00,9682.94,9686.49,9669.06,9675.79,86.09786,2020,6,1
2020-06-01 20:57:00+00:00,9677.02,9687.0,9675.79,9687.0,57.710287,2020,6,1
2020-06-01 20:58:00+00:00,9687.01,9688.0,9670.44,9677.92,54.393938,2020,6,1
2020-06-01 20:59:00+00:00,9677.92,9678.92,9649.5,9668.71,169.519821,2020,6,1
2020-06-01 21:00:00+00:00,9670.0,9700.0,9668.27,9680.94,555.951292,2020,6,1
2020-06-01 21:01:00+00:00,9680.47,9685.81,9676.83,9683.96,131.664697,2020,6,1
2020-06-01 21:02:00+00:00,9682.27,9684.0,9631.01,9652.48,371.146458,2020,6,1
2020-06-01 21:03:00+00:00,9652.48,9655.54,9626.93,9648.24,133.264421,2020,6,1
2020-06-01 21:04:00+00:00,9648.23,9658.83,9644.63,9655.28,53.921729,2020,6,1
2020-06-01 21:05:00+00:00,9655.25,9656.27,9652.77,9652.77,21.715041,2020,6,1
2020-06-01 21:06:00+00:00,9653.49,9665.2,9652.85,9664.0,56.486245,2020,6,1
2020-06-01 21:07:00+00:00,9664.0,9670.14,9654.92,9654.92,61.491581,2020,6,1
2020-06-01 21:08:00+00:00,9655.59,9666.0,9654.92,9665.12,69.531017,2020,6,1
2020-06-01 21:09:00+00:00,9664.08,9665.53,9660.74,9662.75,29.425344,2020,6,1
2020-06-01 21:10:00+00:00,9662.75,9665.0,9660.01,9662.07,14.657573,2020,6,1
2020-06-01 21:11:00+00:00,9662.29,9662.74,9660.76,9662.52,15.626509,2020,6,1
2020-06-01 21:12:00+00:00,9662.52,9665.0,9660.22,9664.06,29.599121,2020,6,1
2020-06-01 21:13:00+00:00,9663.57,9670.0,9661.12,9670.0,61.551808,2020,6,1
2020-06-01 21:14:00+00:00,9669.36,9676.98,9669.36,9675.5,30.087675,2020,6,1
2020-06-01 21:15:00+00:00,9675.77,9676.89,9664.15,9665.5,41.202521,2020,6,1
2020-06-01 21:16:00+00:00,9665.55,9667.35,9659.0,9664.48,45.59658,2020,6,1
2020-06-01 21:17:00+00:00,9664.4,9669.6,9664.18,9669.56,14.367161,2020,6,1
2020-06-01 21:18:00+00:00,9669.55,9670.0,9666.12,9670.0,18.990371,2020,6,1
2020-06-01 21:19:00+00:00,9670.0,9670.0,9665.0,9665.0,13.443483,2020,6,1
2020-06-01 21:20:00+00:00,9665.17,9666.0,9659.82,9663.28,17.323539,2020,6,1
2020-06-01 21:21:00+00:00,9663.28,9663.28,9650.05,9651.86,34.968724,2020,6,1
2020-06-01 21:22:00+00:00,9651.96,9654.98,9647.26,9654.91,31.324996,2020,6,1
2020-06-01 21:23:00+00:00,9654.86,9665.0,9653.91,9664.51,25.583113,2020,6,1
2020-06-01 21:24:00+00:00,9665.0,9669.87,9664.3,9666.97,17.535534,2020,6,1
2020-06-01 21:25:00+00:00,9665.78,9676.27,9663.93,9676.27,30.448472,2020,6,1
2020-06-01 21:26:00+00:00,9676.5,9677.38,9672.32,9674.09,25.18023,2020,6,1
2020-06-01 21:27:00+00:00,9674.06,9674.16,9668.18,9670.29,18.916438,2020,6,1
2020-06-01 21:28:00+00:00,9670.29,9671.99,9668.86,9670.68,7.52304,2020,6,1
2020-06-01 21:29:00+00:00,9671.0,9671.3,9667.21,9669.16,15.805114,2020,6,1
2020-06-01 21:30:00+00:00,9669.17,9671.04,9666.62,9670.0,20.966408,2020,6,1
2020-06-01 21:31:00+00:00,9670.0,9671.0,9667.55,9669.0,10.721342,2020,6,1
2020-06-01 21:32:00+00:00,9669.0,9669.0,9658.91,9660.75,17.103632,2020,6,1
2020-06-01 21:33:00+00:00,9660.57,9661.98,9660.01,9660.56,11.838797,2020,6,1
2020-06-01 21:34:00+00:00,9660.56,9661.0,9658.25,9660.62,9.723364,2020,6,1
2020-06-01 21:35:00+00:00,9660.61,9662.72,9660.0,9661.3,10.695886,2020,6,1
2020-06-01 21:36:00+00:00,9661.02,9662.41,9647.25,9654.99,63.36933,2020,6,1
2020-06-01 21:37:00+00:00,9653.91,9663.23,9653.82,9662.26,22.306813,2020,6,1
2020-06-01 21:38:00+00:00,9660.73,9663.23,9660.09,9662.76,19.298934,2020,6,1
2020-06-01 21:39:00+00:00,9662.76,9662.9,9654.86,9655.25,21.204273,2020,6,1
2020-06-01 21:40:00+00:00,9655.24,9656.6,9653.14,9654.77,19.427497,2020,6,1
2020-06-01 21:41:00+00:00,9655.03,9656.13,9652.8,9656.0,23.547643,2020,6,1
2020-06-01 21:42:00+00:00,9656.48,9663.76,9653.02,9662.38,49.34204,2020,6,1
2020-06-01 21:43:00+00:00,9660.79,9663.19,9660.05,9661.58,19.491707,2020,6,1
2020-06-01 21:44:00+00:00,9661.58,9663.0,9660.05,9662.66,21.664647,2020,6,1
2020-06-01 21:45:00+00:00,9661.65,9662.78,9652.07,9652.88,26.790028,2020,6,1
2020-06-01 21:46:00+00:00,9652.89,9656.01,9650.0,9654.98,27.79907,2020,6,1
2020-06-01 21:47:00+00:00,9654.99,9655.08,9650.12,9651.64,15.039712,2020,6,1
2020-06-01 21:48:00+00:00,9652.29,9652.35,9650.09,9650.98,6.910507,2020,6,1
2020-06-01 21:49:00+00:00,9650.72,9654.97,9649.27,9653.34,19.108044,2020,6,1
2020-06-01 21:50:00+00:00,9653.79,9653.79,9648.7,9650.24,23.638448,2020,6,1
2020-06-01 21:51:00+00:00,9650.24,9655.61,9649.79,9653.75,32.937127,2020,6,1
2020-06-01 21:52:00+00:00,9653.75,9655.0,9651.98,9653.0,27.541237,2020,6,1
2020-06-01 21:53:00+00:00,9653.0,9653.0,9646.86,9648.97,22.487142,2020,6,1
2020-06-01 21:54:00+00:00,9649.01,9658.09,9641.38,9647.65,77.388242,2020,6,1
2020-06-01 21:55:00+00:00,9647.66,9650.09,9645.28,9648.89,9.884703,2020,6,1
2020-06-01 21:56:00+00:00,9648.89,9653.93,9648.89,9650.4,31.358049,2020,6,1
2020-06-01 21:57:00+00:00,9651.29,9653.63,9650.0,9652.75,20.424137,2020,6,1
2020-06-01 21:58:00+00:00,9652.51,9653.9,9650.0,9650.88,15.306531,2020,6,1
2020-06-01 21:59:00+00:00,9650.65,9654.0,9650.65,9653.0,13.14142,2020,6,1
2020-06-01 22:00:00+00:00,9653.0,9674.9,9652.44,9670.0,73.620887,2020,6,1
2020-06-01 22:01:00+00:00,9670.01,9674.08,9669.0,9674.08,32.589433,2020,6,1
2020-06-01 22:02:00+00:00,9674.08,9674.08,9669.0,9669.01,16.429973,2020,6,1
2020-06-01 22:03:00+00:00,9669.0,9669.01,9664.69,9666.89,33.510533,2020,6,1
2020-06-01 22:04:00+00:00,9666.89,9668.98,9664.23,9665.27,18.213477,2020,6,1
2020-06-01 22:05:00+00:00,9665.27,9670.0,9661.51,9668.43,21.3414,2020,6,1
2020-06-01 22:06:00+00:00,9668.43,9672.86,9663.61,9670.57,32.777366,2020,6,1
2020-06-01 22:07:00+00:00,9670.65,9672.85,9666.19,9668.98,14.623487,2020,6,1
2020-06-01 22:08:00+00:00,9668.36,9673.53,9666.4,9670.12,21.761475,2020,6,1
2020-06-01 22:09:00+00:00,9670.12,9670.6,9669.16,9669.33,13.483709,2020,6,1
2020-06-01 22:10:00+00:00,9669.33,9675.0,9665.13,9672.54,30.211121,2020,6,1
2020-06-01 22:11:00+00:00,9672.54,9674.78,9671.92,9673.32,15.601517,2020,6,1
2020-06-01 22:12:00+00:00,9673.67,9673.67,9665.05,9665.06,18.991557,2020,6,1
2020-06-01 22:13:00+00:00,9665.05,9666.75,9661.59,9664.56,19.33077,2020,6,1
2020-06-01 22:14:00+00:00,9664.21,9665.97,9660.01,9660.12,21.059068,2020,6,1
2020-06-01 22:15:00+00:00,9660.0,9672.85,9659.54,9667.42,27.780195,2020,6,1
2020-06-01 22:16:00+00:00,9666.7,9678.0,9664.43,9676.36,33.61784,2020,6,1
2020-06-01 22:17:00+00:00,9676.36,9678.48,9670.75,9675.97,39.930738,2020,6,1
2020-06-01 22:18:00+00:00,9675.97,9685.0,9674.02,9679.25,70.068956,2020,6,1
2020-06-01 22:19:00+00:00,9680.12,9688.48,9677.07,9688.48,37.724374,2020,6,1
2020-06-01 22:20:00+00:00,9688.48,9688.8,9678.0,9681.79,49.807332,2020,6,1
2020-06-01 22:21:00+00:00,9680.83,9687.9,9680.19,9685.5,19.941156,2020,6,1
2020-06-01 22:22:00+00:00,9685.51,9687.15,9680.19,9683.61,36.682611,2020,6,1
2020-06-01 22:23:00+00:00,9683.91,9697.27,9683.0,9697.27,198.30097,2020,6,1
2020-06-01 22:24:00+00:00,9697.08,9700.95,9683.0,9700.95,366.769008,2020,6,1
2020-06-01 22:25:00+00:00,9700.58,9722.0,9693.81,9702.59,357.390853,2020,6,1
2020-06-01 22:26:00+00:00,9704.22,9708.77,9688.51,9702.02,162.655054,2020,6,1
2020-06-01 22:27:00+00:00,9703.02,9707.21,9689.96,9691.5,54.968454,2020,6,1
2020-06-01 22:28:00+00:00,9692.16,9700.0,9690.9,9698.0,18.859611,2020,6,1
2020-06-01 22:29:00+00:00,9698.0,9700.0,9694.77,9697.28,39.707949,2020,6,1
2020-06-01 22:30:00+00:00,9697.0,9707.75,9697.0,9701.99,42.145651,2020,6,1
2020-06-01 22:31:00+00:00,9701.98,9702.71,9698.0,9700.64,27.272325,2020,6,1
2020-06-01 22:32:00+00:00,9700.79,9701.13,9680.2,9691.14,105.666946,2020,6,1
2020-06-01 22:33:00+00:00,9692.21,9698.37,9690.46,9693.07,41.834628,2020,6,1
2020-06-01 22:34:00+00:00,9693.07,9693.07,9686.63,9691.39,61.06091,2020,6,1
2020-06-01 22:35:00+00:00,9691.39,9693.07,9689.1,9689.99,39.292574,2020,6,1
2020-06-01 22:36:00+00:00,9690.86,9691.15,9686.41,9688.37,23.688101,2020,6,1
2020-06-01 22:37:00+00:00,9688.86,9700.0,9688.4,9696.47,43.486002,2020,6,1
2020-06-01 22:38:00+00:00,9696.46,9696.46,9690.54,9691.48,47.139728,2020,6,1
2020-06-01 22:39:00+00:00,9692.26,9693.1,9691.1,9693.01,16.717432,2020,6,1
2020-06-01 22:40:00+00:00,9693.0,9702.55,9688.94,9702.55,56.206474,2020,6,1
2020-06-01 22:41:00+00:00,9702.55,9704.99,9699.6,9702.35,76.312372,2020,6,1
2020-06-01 22:42:00+00:00,9702.35,9702.45,9698.62,9700.24,50.151848,2020,6,1
2020-06-01 22:43:00+00:00,9700.24,9717.26,9699.02,9705.01,96.227285,2020,6,1
2020-06-01 22:44:00+00:00,9705.85,9722.0,9703.0,9720.01,49.145024,2020,6,1
2020-06-01 22:45:00+00:00,9720.05,9746.83,9719.64,9732.4,458.268019,2020,6,1
2020-06-01 22:46:00+00:00,9730.37,9742.84,9725.79,9727.53,113.623466,2020,6,1
2020-06-01 22:47:00+00:00,9726.1,9727.78,9682.63,9706.56,181.351142,2020,6,1
2020-06-01 22:48:00+00:00,9705.07,9716.85,9705.04,9712.37,27.676352,2020,6,1
2020-06-01 22:49:00+00:00,9712.37,9713.19,9702.66,9709.99,78.66372,2020,6,1
2020-06-01 22:50:00+00:00,9708.38,9723.14,9708.38,9711.04,35.780185,2020,6,1
2020-06-01 22:51:00+00:00,9709.43,9715.44,9706.08,9709.18,20.193829,2020,6,1
2020-06-01 22:52:00+00:00,9707.58,9720.0,9706.77,9717.33,74.254504,2020,6,1
2020-06-01 22:53:00+00:00,9716.54,9722.15,9712.69,9715.81,46.768773,2020,6,1
2020-06-01 22:54:00+00:00,9715.81,9719.96,9707.86,9714.58,42.371982,2020,6,1
2020-06-01 22:55:00+00:00,9714.58,9721.0,9713.19,9718.27,27.290764,2020,6,1
2020-06-01 22:56:00+00:00,9718.28,9732.97,9718.27,9731.63,43.246957,2020,6,1
2020-06-01 22:57:00+00:00,9731.63,9731.64,9727.11,9729.25,32.139418,2020,6,1
2020-06-01 22:58:00+00:00,9729.48,9742.35,9728.83,9742.35,52.229128,2020,6,1
2020-06-01 22:59:00+00:00,9741.0,9743.08,9729.54,9739.51,116.206616,2020,6,1
2020-06-01 23:00:00+00:00,9740.0,9799.0,9739.99,9786.82,1191.500679,2020,6,1
2020-06-01 23:01:00+00:00,9786.91,9811.89,9780.41,9791.61,628.48362,2020,6,1
2020-06-01 23:02:00+00:00,9789.08,9798.46,9771.52,9793.38,167.743813,2020,6,1
2020-06-01 23:03:00+00:00,9792.49,9829.51,9791.09,9825.47,371.680422,2020,6,1
2020-06-01 23:04:00+00:00,9825.48,9894.0,9822.54,9871.72,1259.645788,2020,6,1
2020-06-01 23:05:00+00:00,9874.46,9950.0,9846.15,9950.0,1813.371992,2020,6,1
2020-06-01 23:06:00+00:00,9950.0,9985.0,9937.92,9969.19,1076.01886,2020,6,1
2020-06-01 23:07:00+00:00,9969.13,10000.0,9961.5,9997.62,1037.885451,2020,6,1
2020-06-01 23:08:00+00:00,9999.18,10042.84,9995.45,10035.07,889.846466,2020,6,1
2020-06-01 23:09:00+00:00,10036.78,10065.61,10034.51,10064.5,571.983291,2020,6,1
2020-06-01 23:10:00+00:00,10064.5,10122.58,10064.35,10095.8,1275.274067,2020,6,1
2020-06-01 23:11:00+00:00,10098.15,10200.0,10096.01,10158.54,1066.402645,2020,6,1
2020-06-01 23:12:00+00:00,10164.95,10172.56,9907.12,10050.0,932.917238,2020,6,1
2020-06-01 23:13:00+00:00,10050.0,10054.27,10010.0,10046.18,522.920189,2020,6,1
2020-06-01 23:14:00+00:00,10046.18,10090.0,10030.0,10082.63,562.002156,2020,6,1
2020-06-01 23:15:00+00:00,10072.41,10140.0,10068.58,10107.52,517.303766,2020,6,1
2020-06-01 23:16:00+00:00,10107.17,10131.06,10090.0,10117.03,337.811524,2020,6,1
2020-06-01 23:17:00+00:00,10117.0,10117.0,9995.19,10015.8,485.530716,2020,6,1
2020-06-01 23:18:00+00:00,10016.31,10090.84,9999.66,10087.73,588.637844,2020,6,1
2020-06-01 23:19:00+00:00,10088.81,10097.02,10067.41,10090.77,338.349487,2020,6,1
2020-06-01 23:20:00+00:00,10088.81,10100.0,10070.0,10085.01,384.901066,2020,6,1
2020-06-01 23:21:00+00:00,10085.02,10100.0,10052.0,10067.22,688.000571,2020,6,1
2020-06-01 23:22:00+00:00,10067.21,10080.79,10060.09,10068.23,253.857695,2020,6,1
2020-06-01 23:23:00+00:00,10067.19,10086.94,10051.99,10058.16,314.507252,2020,6,1
2020-06-01 23:24:00+00:00,10059.47,10066.01,10041.96,10049.47,330.633584,2020,6,1
2020-06-01 23:25:00+00:00,10049.47,10058.33,10044.0,10049.3,185.410122,2020,6,1
2020-06-01 23:26:00+00:00,10047.71,10080.0,10047.62,10078.38,235.39522,2020,6,1
2020-06-01 23:27:00+00:00,10078.39,10089.98,10070.94,10083.28,256.694015,2020,6,1
2020-06-01 23:28:00+00:00,10083.28,10118.0,10083.26,10115.05,397.340827,2020,6,1
2020-06-01 23:29:00+00:00,10115.05,10150.0,10114.75,10121.49,439.929427,2020,6,1
2020-06-01 23:30:00+00:00,10121.85,10132.83,10090.02,10118.86,441.524914,2020,6,1
2020-06-01 23:31:00+00:00,10118.86,10147.47,10107.01,10136.41,397.940755,2020,6,1
2020-06-01 23:32:00+00:00,10136.4,10168.0,10135.0,10156.99,415.46367,2020,6,1
2020-06-01 23:33:00+00:00,10156.16,10198.96,10137.66,10183.56,340.838486,2020,6,1
2020-06-01 23:34:00+00:00,10183.56,10242.85,10180.06,10237.11,527.198297,2020,6,1
2020-06-01 23:35:00+00:00,10237.12,10300.0,10229.67,10296.14,803.602489,2020,6,1
2020-06-01 23:36:00+00:00,10296.14,10300.0,10215.95,10248.26,464.412264,2020,6,1
2020-06-01 23:37:00+00:00,10248.05,10278.72,10238.74,10274.07,806.019824,2020,6,1
2020-06-01 23:38:00+00:00,10274.06,10380.0,10273.57,10350.0,1033.911931,2020,6,1
2020-06-01 23:39:00+00:00,10342.14,10360.0,10272.82,10303.72,682.481549,2020,6,1
2020-06-01 23:40:00+00:00,10300.01,10307.77,10200.05,10251.15,773.60801,2020,6,1
2020-06-01 23:41:00+00:00,10250.62,10294.64,10240.88,10256.55,375.552594,2020,6,1
2020-06-01 23:42:00+00:00,10259.74,10260.29,10216.89,10246.73,373.687642,2020,6,1
2020-06-01 23:43:00+00:00,10246.5,10277.38,10236.54,10269.66,286.741315,2020,6,1
2020-06-01 23:44:00+00:00,10270.0,10298.0,10251.03,10284.41,282.493077,2020,6,1
2020-06-01 23:45:00+00:00,10284.36,10289.04,10230.92,10236.65,216.327214,2020,6,1
2020-06-01 23:46:00+00:00,10240.22,10262.48,10206.56,10216.2,214.877631,2020,6,1
2020-06-01 23:47:00+00:00,10217.86,10260.42,10217.5,10240.15,194.268758,2020,6,1
2020-06-01 23:48:00+00:00,10238.0,10240.47,10180.0,10202.87,403.087286,2020,6,1
2020-06-01 23:49:00+00:00,10202.99,10216.21,10179.79,10197.29,401.20314,2020,6,1
2020-06-01 23:50:00+00:00,10199.86,10199.98,10139.0,10168.87,305.272072,2020,6,1
2020-06-01 23:51:00+00:00,10167.87,10196.46,10165.45,10171.16,201.955857,2020,6,1
2020-06-01 23:52:00+00:00,10171.21,10201.0,10169.02,10197.15,231.291852,2020,6,1
2020-06-01 23:53:00+00:00,10198.0,10224.16,10197.23,10220.49,182.916558,2020,6,1
2020-06-01 23:54:00+00:00,10220.0,10222.99,10200.68,10204.05,244.936171,2020,6,1
2020-06-01 23:55:00+00:00,10202.24,10204.99,10169.22,10180.0,146.11742,2020,6,1
2020-06-01 23:56:00+00:00,10179.82,10210.0,10179.0,10204.99,145.925512,2020,6,1
2020-06-01 23:57:00+00:00,10204.5,10212.97,10202.69,10204.0,134.49392,2020,6,1
2020-06-01 23:58:00+00:00,10204.0,10213.85,10185.46,10200.0,231.822462,2020,6,1
2020-06-01 23:59:00+00:00,10200.0,10205.0,10180.0,10200.77,296.333845,2020,6,1
2020-06-02 00:00:00+00:00,10202.71,10228.99,10200.78,10208.2,405.309296,2020,6,2
2020-06-02 00:01:00+00:00,10208.68,10222.0,10171.61,10173.48,243.210521,2020,6,2
2020-06-02 00:02:00+00:00,10173.19,10200.0,10170.05,10193.65,150.672404,2020,6,2
2020-06-02 00:03:00+00:00,10193.7,10200.0,10180.0,10198.84,127.829238,2020,6,2
2020-06-02 00:04:00+00:00,10196.24,10199.0,10182.55,10186.0,105.869337,2020,6,2
2020-06-02 00:05:00+00:00,10186.0,10198.89,10172.03,10180.37,225.811645,2020,6,2
2020-06-02 00:06:00+00:00,10181.49,10191.67,10178.98,10184.64,125.187797,2020,6,2
2020-06-02 00:07:00+00:00,10184.63,10185.1,10150.84,10161.18,164.500526,2020,6,2
2020-06-02 00:08:00+00:00,10161.21,10162.78,10131.89,10141.64,350.230411,2020,6,2
2020-06-02 00:09:00+00:00,10143.69,10173.62,10140.55,10163.36,205.023206,2020,6,2
2020-06-02 00:10:00+00:00,10161.66,10172.81,10155.14,10161.68,104.70177,2020,6,2
2020-06-02 00:11:00+00:00,10161.59,10183.89,10159.78,10178.2,151.019972,2020,6,2
2020-06-02 00:12:00+00:00,10179.99,10181.62,10173.1,10181.62,101.680628,2020,6,2
2020-06-02 00:13:00+00:00,10180.05,10184.8,10171.0,10177.46,143.948659,2020,6,2
2020-06-02 00:14:00+00:00,10176.19,10180.0,10155.52,10179.85,172.706569,2020,6,2
2020-06-02 00:15:00+00:00,10177.97,10190.0,10168.38,10168.38,235.291587,2020,6,2
2020-06-02 00:16:00+00:00,10169.29,10177.0,10160.17,10174.0,159.532487,2020,6,2
2020-06-02 00:17:00+00:00,10173.83,10173.91,10161.17,10164.16,101.680647,2020,6,2
2020-06-02 00:18:00+00:00,10164.16,10177.0,10164.16,10175.0,152.751973,2020,6,2
2020-06-02 00:19:00+00:00,10174.99,10175.0,10155.3,10160.69,87.856398,2020,6,2
2020-06-02 00:20:00+00:00,10160.89,10167.19,10155.69,10163.17,90.807164,2020,6,2
2020-06-02 00:21:00+00:00,10163.18,10165.58,10148.79,10153.37,157.066322,2020,6,2
2020-06-02 00:22:00+00:00,10153.37,10160.0,10148.79,10160.0,142.763484,2020,6,2
2020-06-02 00:23:00+00:00,10160.0,10160.0,10148.79,10157.49,102.481386,2020,6,2
2020-06-02 00:24:00+00:00,10157.48,10167.94,10152.18,10155.58,145.544,2020,6,2
2020-06-02 00:25:00+00:00,10155.14,10162.99,10151.02,10161.0,73.469359,2020,6,2
2020-06-02 00:26:00+00:00,10160.5,10193.85,10159.23,10190.61,183.105616,2020,6,2
2020-06-02 00:27:00+00:00,10193.57,10197.85,10180.01,10188.91,213.575739,2020,6,2
2020-06-02 00:28:00+00:00,10188.75,10197.64,10183.8,10191.45,102.577618,2020,6,2
2020-06-02 00:29:00+00:00,10191.08,10198.91,10186.98,10198.85,105.258088,2020,6,2
2020-06-02 00:30:00+00:00,10198.77,10199.98,10182.96,10182.96,97.162279,2020,6,2
2020-06-02 00:31:00+00:00,10185.0,10185.85,10167.47,10173.09,71.856395,2020,6,2
2020-06-02 00:32:00+00:00,10173.37,10178.95,10162.44,10167.23,130.557098,2020,6,2
2020-06-02 00:33:00+00:00,10166.38,10172.36,10152.17,10164.51,107.634825,2020,6,2
2020-06-02 00:34:00+00:00,10164.51,10177.87,10157.01,10165.67,203.588291,2020,6,2
2020-06-02 00:35:00+00:00,10165.6,10175.0,10164.77,10173.1,60.431997,2020,6,2
2020-06-02 00:36:00+00:00,10173.1,10189.98,10171.67,10180.1,126.35375,2020,6,2
2020-06-02 00:37:00+00:00,10179.53,10190.0,10177.75,10182.73,99.02069,2020,6,2
2020-06-02 00:38:00+00:00,10183.51,10185.0,10160.0,10183.11,196.917066,2020,6,2
2020-06-02 00:39:00+00:00,10181.55,10184.42,10170.0,10173.61,94.647547,2020,6,2
2020-06-02 00:40:00+00:00,10174.01,10174.14,10161.26,10163.23,113.34323,2020,6,2
2020-06-02 00:41:00+00:00,10163.23,10173.2,10162.0,10167.37,94.924957,2020,6,2
2020-06-02 00:42:00+00:00,10167.38,10168.07,10160.0,10164.0,80.241565,2020,6,2
2020-06-02 00:43:00+00:00,10164.0,10174.13,10162.48,10170.88,133.681319,2020,6,2
2020-06-02 00:44:00+00:00,10170.87,10172.01,10161.41,10163.98,75.619957,2020,6,2
2020-06-02 00:45:00+00:00,10162.58,10176.29,10162.12,10170.44,125.210754,2020,6,2
2020-06-02 00:46:00+00:00,10170.44,10174.44,10162.0,10163.29,48.654489,2020,6,2
2020-06-02 00:47:00+00:00,10163.33,10164.16,10150.01,10155.87,107.578535,2020,6,2
2020-06-02 00:48:00+00:00,10155.87,10160.0,10150.0,10157.11,94.975397,2020,6,2
2020-06-02 00:49:00+00:00,10157.11,10158.5,10145.12,10147.44,46.884133,2020,6,2
2020-06-02 00:50:00+00:00,10147.44,10149.99,10141.39,10142.55,93.291103,2020,6,2
2020-06-02 00:51:00+00:00,10142.56,10142.56,10126.79,10132.39,152.878596,2020,6,2
2020-06-02 00:52:00+00:00,10134.06,10146.8,10131.01,10144.38,139.222635,2020,6,2
2020-06-02 00:53:00+00:00,10143.5,10146.46,10129.09,10130.26,141.213471,2020,6,2
2020-06-02 00:54:00+00:00,10130.27,10135.0,10125.66,10130.01,126.64897,2020,6,2
2020-06-02 00:55:00+00:00,10130.01,10130.76,10088.45,10110.0,863.467096,2020,6,2
2020-06-02 00:56:00+00:00,10110.0,10120.0,10096.3,10110.77,244.391214,2020,6,2
2020-06-02 00:57:00+00:00,10110.76,10116.74,10102.15,10105.36,113.421736,2020,6,2
2020-06-02 00:58:00+00:00,10105.32,10120.0,10100.87,10102.34,145.011759,2020,6,2
2020-06-02 00:59:00+00:00,10102.34,10117.83,10101.84,10108.49,75.963192,2020,6,2
2020-06-02 01:00:00+00:00,10108.79,10120.0,10105.52,10120.0,322.713875,2020,6,2
2020-06-02 01:01:00+00:00,10120.0,10130.0,10117.09,10122.96,171.985227,2020,6,2
2020-06-02 01:02:00+00:00,10123.5,10126.81,10111.51,10116.29,77.265815,2020,6,2
2020-06-02 01:03:00+00:00,10116.07,10117.31,10110.81,10112.95,143.65398,2020,6,2
2020-06-02 01:04:00+00:00,10112.94,10113.0,10105.0,10111.91,109.78717,2020,6,2
2020-06-02 01:05:00+00:00,10111.91,10112.48,10095.01,10098.79,88.233883,2020,6,2
2020-06-02 01:06:00+00:00,10098.79,10105.6,10081.46,10088.29,251.060925,2020,6,2
2020-06-02 01:07:00+00:00,10088.29,10100.0,10086.75,10096.26,154.767067,2020,6,2
2020-06-02 01:08:00+00:00,10096.28,10100.0,10091.19,10095.5,101.883891,2020,6,2
2020-06-02 01:09:00+00:00,10095.5,10099.99,10085.77,10092.26,92.472532,2020,6,2
2020-06-02 01:10:00+00:00,10092.26,10096.23,10083.16,10088.39,68.029817,2020,6,2
2020-06-02 01:11:00+00:00,10088.36,10088.41,10067.84,10075.44,160.156371,2020,6,2
2020-06-02 01:12:00+00:00,10075.37,10088.07,10072.19,10077.0,179.306478,2020,6,2
2020-06-02 01:13:00+00:00,10078.04,10093.09,10074.01,10084.93,142.76328,2020,6,2
2020-06-02 01:14:00+00:00,10084.94,10089.21,10078.71,10088.67,198.022974,2020,6,2
2020-06-02 01:15:00+00:00,10088.7,10096.76,10086.0,10093.83,216.329413,2020,6,2
2020-06-02 01:16:00+00:00,10093.83,10102.98,10091.89,10098.43,291.532969,2020,6,2
2020-06-02 01:17:00+00:00,10097.77,10105.04,10097.2,10099.12,165.601264,2020,6,2
2020-06-02 01:18:00+00:00,10099.11,10099.87,10094.07,10097.82,66.161977,2020,6,2
2020-06-02 01:19:00+00:00,10097.56,10100.0,10091.78,10100.0,152.274754,2020,6,2
2020-06-02 01:20:00+00:00,10100.5,10104.49,10090.0,10092.0,136.360668,2020,6,2
2020-06-02 01:21:00+00:00,10092.0,10103.58,10092.0,10100.25,126.914959,2020,6,2
2020-06-02 01:22:00+00:00,10099.54,10130.5,10093.85,10103.61,763.5707,2020,6,2
2020-06-02 01:23:00+00:00,10103.6,10114.0,10100.0,10108.45,95.528372,2020,6,2
2020-06-02 01:24:00+00:00,10108.87,10119.32,10107.04,10115.0,72.888253,2020,6,2
2020-06-02 01:25:00+00:00,10115.12,10130.05,10110.33,10117.05,163.022567,2020,6,2
2020-06-02 01:26:00+00:00,10117.23,10120.39,10111.5,10116.19,75.307084,2020,6,2
2020-06-02 01:27:00+00:00,10118.73,10125.98,10105.68,10108.9,103.807209,2020,6,2
2020-06-02 01:28:00+00:00,10108.91,10112.59,10100.05,10106.98,88.750961,2020,6,2
2020-06-02 01:29:00+00:00,10106.98,10117.88,10085.0,10087.53,109.594802,2020,6,2
2020-06-02 01:30:00+00:00,10086.96,10099.85,10080.04,10081.44,87.607096,2020,6,2
2020-06-02 01:31:00+00:00,10080.17,10081.68,10062.15,10073.24,139.30211,2020,6,2
2020-06-02 01:32:00+00:00,10073.24,10075.43,10061.0,10065.67,84.470169,2020,6,2
2020-06-02 01:33:00+00:00,10066.17,10076.99,10064.75,10072.92,188.949579,2020,6,2
2020-06-02 01:34:00+00:00,10073.31,10080.0,10070.34,10073.2,72.634069,2020,6,2
2020-06-02 01:35:00+00:00,10073.17,10079.78,10070.43,10077.14,96.519741,2020,6,2
2020-06-02 01:36:00+00:00,10077.14,10078.77,10067.2,10071.73,62.564933,2020,6,2
2020-06-02 01:37:00+00:00,10071.73,10073.98,10059.97,10063.41,81.047355,2020,6,2
2020-06-02 01:38:00+00:00,10063.41,10076.07,10063.4,10070.84,69.468999,2020,6,2
2020-06-02 01:39:00+00:00,10070.5,10070.5,10065.77,10065.77,20.795258,2020,6,2
2020-06-02 01:40:00+00:00,10065.78,10079.76,10065.77,10076.69,63.871909,2020,6,2
2020-06-02 01:41:00+00:00,10076.75,10076.82,10071.04,10076.82,36.815706,2020,6,2
2020-06-02 01:42:00+00:00,10076.52,10076.52,10058.41,10067.61,72.230286,2020,6,2
2020-06-02 01:43:00+00:00,10067.62,10075.0,10062.09,10073.51,51.803744,2020,6,2
2020-06-02 01:44:00+00:00,10073.51,10091.36,10073.5,10089.34,70.546012,2020,6,2
2020-06-02 01:45:00+00:00,10089.33,10092.83,10078.43,10080.56,58.972031,2020,6,2
2020-06-02 01:46:00+00:00,10080.56,10096.39,10080.03,10096.39,47.388347,2020,6,2
2020-06-02 01:47:00+00:00,10097.24,10100.0,10092.67,10097.05,161.637879,2020,6,2
2020-06-02 01:48:00+00:00,10097.05,10107.01,10094.91,10107.0,133.189526,2020,6,2
2020-06-02 01:49:00+00:00,10107.0,10120.0,10102.34,10117.46,222.538374,2020,6,2
2020-06-02 01:50:00+00:00,10117.49,10125.0,10112.15,10120.45,186.72484,2020,6,2
2020-06-02 01:51:00+00:00,10120.01,10124.52,10116.0,10117.33,46.599102,2020,6,2
2020-06-02 01:52:00+00:00,10117.96,10120.22,10117.24,10119.0,26.034761,2020,6,2
2020-06-02 01:53:00+00:00,10119.0,10119.08,10110.0,10114.71,59.272731,2020,6,2
2020-06-02 01:54:00+00:00,10115.12,10121.37,10112.06,10114.95,41.049466,2020,6,2
2020-06-02 01:55:00+00:00,10114.94,10119.99,10114.43,10115.0,48.440552,2020,6,2
2020-06-02 01:56:00+00:00,10115.0,10115.04,10097.94,10104.72,72.813796,2020,6,2
2020-06-02 01:57:00+00:00,10105.0,10114.33,10104.99,10111.46,37.414872,2020,6,2
2020-06-02 01:58:00+00:00,10111.0,10124.06,10111.0,10115.01,78.45392,2020,6,2
2020-06-02 01:59:00+00:00,10115.01,10125.0,10112.1,10125.0,45.490676,2020,6,2
2020-06-02 02:00:00+00:00,10124.99,10125.0,10116.44,10122.79,55.025421,2020,6,2
2020-06-02 02:01:00+00:00,10122.79,10122.88,10103.37,10103.38,72.688608,2020,6,2
2020-06-02 02:02:00+00:00,10103.38,10107.9,10098.74,10100.05,54.438952,2020,6,2
2020-06-02 02:03:00+00:00,10100.13,10102.65,10087.0,10090.28,65.992963,2020,6,2
2020-06-02 02:04:00+00:00,10090.28,10100.0,10088.51,10092.51,47.273815,2020,6,2
2020-06-02 02:05:00+00:00,10092.51,10097.84,10090.0,10096.72,79.461571,2020,6,2
2020-06-02 02:06:00+00:00,10096.72,10101.78,10095.45,10098.04,36.056086,2020,6,2
2020-06-02 02:07:00+00:00,10097.31,10107.48,10096.09,10104.12,64.762933,2020,6,2
2020-06-02 02:08:00+00:00,10104.12,10105.04,10099.55,10101.85,50.109346,2020,6,2
2020-06-02 02:09:00+00:00,10102.36,10107.94,10099.93,10103.6,46.824096,2020,6,2
2020-06-02 02:10:00+00:00,10103.73,10104.03,10093.94,10094.04,81.189972,2020,6,2
2020-06-02 02:11:00+00:00,10094.46,10105.73,10093.46,10100.04,92.517405,2020,6,2
2020-06-02 02:12:00+00:00,10100.04,10108.98,10098.44,10103.99,110.342371,2020,6,2
2020-06-02 02:13:00+00:00,10103.97,10105.79,10101.06,10103.06,50.142766,2020,6,2
2020-06-02 02:14:00+00:00,10103.06,10104.45,10100.0,10101.25,31.464854,2020,6,2
2020-06-02 02:15:00+00:00,10101.25,10110.01,10101.24,10109.19,48.382914,2020,6,2
2020-06-02 02:16:00+00:00,10109.4,10118.72,10109.4,10111.46,108.707895,2020,6,2
2020-06-02 02:17:00+00:00,10111.45,10117.39,10108.06,10114.99,49.813839,2020,6,2
2020-06-02 02:18:00+00:00,10114.98,10119.0,10114.9,10117.45,60.819563,2020,6,2
2020-06-02 02:19:00+00:00,10117.44,10119.83,10114.99,10117.11,63.575437,2020,6,2
2020-06-02 02:20:00+00:00,10117.21,10119.16,10111.0,10115.21,71.91649,2020,6,2
2020-06-02 02:21:00+00:00,10114.08,10116.76,10111.0,10116.41,21.129246,2020,6,2
2020-06-02 02:22:00+00:00,10116.41,10116.41,10110.0,10111.31,53.846843,2020,6,2
2020-06-02 02:23:00+00:00,10111.3,10113.28,10108.23,10109.71,47.814157,2020,6,2
2020-06-02 02:24:00+00:00,10109.71,10110.0,10107.9,10109.64,52.236904,2020,6,2
2020-06-02 02:25:00+00:00,10109.64,10109.64,10100.36,10105.07,56.90895,2020,6,2
2020-06-02 02:26:00+00:00,10105.07,10112.64,10100.56,10107.52,86.480126,2020,6,2
2020-06-02 02:27:00+00:00,10107.51,10107.51,10091.16,10099.88,52.255891,2020,6,2
2020-06-02 02:28:00+00:00,10099.51,10103.07,10094.08,10100.0,46.462033,2020,6,2
2020-06-02 02:29:00+00:00,10100.0,10100.01,10095.65,10100.0,22.801329,2020,6,2
2020-06-02 02:30:00+00:00,10100.0,10103.52,10096.14,10099.98,36.842414,2020,6,2
2020-06-02 02:31:00+00:00,10098.9,10101.0,10094.24,10095.0,61.579351,2020,6,2
2020-06-02 02:32:00+00:00,10095.0,10102.27,10090.0,10095.0,249.349576,2020,6,2
2020-06-02 02:33:00+00:00,10095.0,10100.0,10092.42,10100.0,218.351121,2020,6,2
2020-06-02 02:34:00+00:00,10100.0,10117.1,10099.99,10116.23,99.730043,2020,6,2
2020-06-02 02:35:00+00:00,10116.23,10116.24,10051.0,10112.31,283.722843,2020,6,2
2020-06-02 02:36:00+00:00,10112.89,10113.98,10105.66,10110.29,30.648304,2020,6,2
2020-06-02 02:37:00+00:00,10110.28,10111.64,10107.44,10108.0,179.880744,2020,6,2
2020-06-02 02:38:00+00:00,10107.97,10108.0,10102.47,10103.93,84.947553,2020,6,2
2020-06-02 02:39:00+00:00,10103.95,10105.07,10096.58,10099.56,76.126233,2020,6,2
2020-06-02 02:40:00+00:00,10099.92,10100.0,10085.06,10085.55,67.032879,2020,6,2
2020-06-02 02:41:00+00:00,10085.71,10097.79,10085.52,10093.0,70.854942,2020,6,2
2020-06-02 02:42:00+00:00,10093.13,10094.59,10091.04,10091.2,32.234645,2020,6,2
2020-06-02 02:43:00+00:00,10091.21,10093.18,10091.0,10093.0,27.225278,2020,6,2
2020-06-02 02:44:00+00:00,10093.0,10100.0,10092.0,10100.0,228.436442,2020,6,2
2020-06-02 02:45:00+00:00,10100.0,10100.0,10099.99,10100.0,140.36557,2020,6,2
2020-06-02 02:46:00+00:00,10099.99,10099.99,10094.99,10098.0,112.067056,2020,6,2
2020-06-02 02:47:00+00:00,10098.0,10098.0,10095.6,10097.99,29.280471,2020,6,2
2020-06-02 02:48:00+00:00,10097.99,10104.36,10088.03,10091.14,230.728978,2020,6,2
2020-06-02 02:49:00+00:00,10091.15,10094.24,10087.9,10088.8,25.73292,2020,6,2
2020-06-02 02:50:00+00:00,10088.4,10091.49,10088.0,10088.01,51.323253,2020,6,2
2020-06-02 02:51:00+00:00,10088.0,10093.18,10087.01,10087.04,43.405845,2020,6,2
2020-06-02 02:52:00+00:00,10087.04,10087.27,10080.44,10083.92,58.580947,2020,6,2
2020-06-02 02:53:00+00:00,10084.0,10088.38,10081.57,10088.21,37.871423,2020,6,2
2020-06-02 02:54:00+00:00,10088.2,10090.0,10081.52,10085.88,54.280875,2020,6,2
2020-06-02 02:55:00+00:00,10085.88,10090.99,10085.88,10090.98,38.075415,2020,6,2
2020-06-02 02:56:00+00:00,10090.44,10090.99,10088.0,10088.72,13.782158,2020,6,2
2020-06-02 02:57:00+00:00,10089.21,10097.01,10088.98,10090.3,41.946523,2020,6,2
2020-06-02 02:58:00+00:00,10090.27,10095.59,10090.0,10094.09,37.681546,2020,6,2
2020-06-02 02:59:00+00:00,10093.88,10093.88,10088.0,10090.76,41.584077,2020,6,2
2020-06-02 03:00:00+00:00,10090.34,10097.51,10089.0,10095.99,47.964192,2020,6,2
2020-06-02 03:01:00+00:00,10095.99,10100.0,10095.9,10098.0,20.021213,2020,6,2
2020-06-02 03:02:00+00:00,10098.0,10099.79,10096.13,10097.36,48.782488,2020,6,2
2020-06-02 03:03:00+00:00,10097.46,10099.8,10097.23,10099.33,55.879397,2020,6,2
2020-06-02 03:04:00+00:00,10099.49,10103.5,10098.0,10102.31,76.874258,2020,6,2
2020-06-02 03:05:00+00:00,10102.76,10105.91,10100.93,10103.0,64.877555,2020,6,2
2020-06-02 03:06:00+00:00,10103.0,10103.0,10084.01,10084.02,52.736108,2020,6,2
2020-06-02 03:07:00+00:00,10083.92,10083.92,10064.31,10066.03,114.11308,2020,6,2
2020-06-02 03:08:00+00:00,10066.02,10075.33,10063.01,10072.88,65.170627,2020,6,2
2020-06-02 03:09:00+00:00,10072.84,10078.5,10060.3,10060.33,81.523503,2020,6,2
2020-06-02 03:10:00+00:00,10060.3,10067.0,10059.0,10066.0,79.407719,2020,6,2
2020-06-02 03:11:00+00:00,10065.98,10075.43,10063.05,10071.95,41.279675,2020,6,2
2020-06-02 03:12:00+00:00,10072.29,10074.89,10063.07,10069.3,35.386679,2020,6,2
2020-06-02 03:13:00+00:00,10069.29,10072.0,10064.01,10066.59,28.017656,2020,6,2
2020-06-02 03:14:00+00:00,10066.59,10066.92,10056.08,10060.34,71.47837,2020,6,2
2020-06-02 03:15:00+00:00,10060.42,10060.42,10055.38,10057.0,29.589365,2020,6,2
2020-06-02 03:16:00+00:00,10057.01,10057.23,10042.13,10057.22,211.24966,2020,6,2
2020-06-02 03:17:00+00:00,10057.23,10057.23,10041.59,10052.82,91.699087,2020,6,2
2020-06-02 03:18:00+00:00,10052.82,10057.23,10045.51,10050.5,61.77685,2020,6,2
2020-06-02 03:19:00+00:00,10050.5,10054.0,10046.29,10053.49,135.329278,2020,6,2
2020-06-02 03:20:00+00:00,10053.49,10062.74,10049.48,10057.0,61.460955,2020,6,2
2020-06-02 03:21:00+00:00,10057.16,10069.25,10057.16,10069.25,33.820487,2020,6,2
2020-06-02 03:22:00+00:00,10069.58,10070.0,10063.05,10070.0,49.728577,2020,6,2
2020-06-02 03:23:00+00:00,10069.99,10070.4,10063.05,10069.31,65.8508,2020,6,2
2020-06-02 03:24:00+00:00,10069.33,10076.43,10069.02,10075.77,50.308812,2020,6,2
2020-06-02 03:25:00+00:00,10075.77,10077.0,10070.99,10073.73,49.274911,2020,6,2
2020-06-02 03:26:00+00:00,10073.92,10076.89,10073.0,10073.13,18.287269,2020,6,2
2020-06-02 03:27:00+00:00,10073.13,10077.0,10067.69,10068.21,65.503035,2020,6,2
2020-06-02 03:28:00+00:00,10068.21,10080.0,10066.83,10073.0,70.297308,2020,6,2
2020-06-02 03:29:00+00:00,10074.11,10076.0,10067.23,10067.86,27.680575,2020,6,2
2020-06-02 03:30:00+00:00,10068.39,10074.62,10068.39,10073.0,64.738815,2020,6,2
2020-06-02 03:31:00+00:00,10072.66,10075.0,10070.0,10075.0,40.123669,2020,6,2
2020-06-02 03:32:00+00:00,10074.99,10076.0,10071.0,10071.09,38.17987,2020,6,2
2020-06-02 03:33:00+00:00,10071.09,10074.93,10064.7,10071.61,53.452976,2020,6,2
2020-06-02 03:34:00+00:00,10071.11,10071.21,10067.1,10068.63,25.964135,2020,6,2
2020-06-02 03:35:00+00:00,10068.0,10070.0,10063.56,10068.19,19.639989,2020,6,2
2020-06-02 03:36:00+00:00,10068.0,10069.98,10064.61,10065.32,9.159886,2020,6,2
2020-06-02 03:37:00+00:00,10065.38,10066.0,10064.25,10065.41,15.94904,2020,6,2
2020-06-02 03:38:00+00:00,10064.49,10066.0,10064.25,10064.26,18.781349,2020,6,2
2020-06-02 03:39:00+00:00,10064.26,10070.0,10062.0,10068.78,59.377249,2020,6,2
2020-06-02 03:40:00+00:00,10068.31,10076.0,10066.47,10075.44,45.884733,2020,6,2
2020-06-02 03:41:00+00:00,10075.43,10079.56,10074.52,10077.58,40.833169,2020,6,2
2020-06-02 03:42:00+00:00,10077.99,10078.23,10075.2,10076.65,22.115601,2020,6,2
2020-06-02 03:43:00+00:00,10076.65,10079.14,10074.8,10077.0,41.585592,2020,6,2
2020-06-02 03:44:00+00:00,10077.01,10077.21,10071.94,10075.45,28.116881,2020,6,2
2020-06-02 03:45:00+00:00,10075.49,10079.11,10074.24,10077.69,17.830768,2020,6,2
2020-06-02 03:46:00+00:00,10076.72,10080.0,10075.64,10080.0,47.44856,2020,6,2
2020-06-02 03:47:00+00:00,10080.0,10086.58,10079.99,10083.61,53.281615,2020,6,2
2020-06-02 03:48:00+00:00,10083.61,10087.53,10082.86,10087.35,23.286418,2020,6,2
2020-06-02 03:49:00+00:00,10087.36,10100.56,10086.43,10099.0,125.583267,2020,6,2
2020-06-02 03:50:00+00:00,10099.0,10103.0,10096.73,10099.65,52.464321,2020,6,2
2020-06-02 03:51:00+00:00,10099.66,10100.0,10095.09,10096.66,24.888084,2020,6,2
2020-06-02 03:52:00+00:00,10096.66,10096.99,10084.41,10086.76,41.28335,2020,6,2
2020-06-02 03:53:00+00:00,10087.45,10087.87,10081.76,10084.46,18.671285,2020,6,2
2020-06-02 03:54:00+00:00,10084.46,10087.57,10083.02,10087.57,22.434908,2020,6,2
2020-06-02 03:55:00+00:00,10087.37,10093.97,10086.59,10090.0,29.864713,2020,6,2
2020-06-02 03:56:00+00:00,10090.0,10095.2,10090.0,10094.44,9.0358,2020,6,2
2020-06-02 03:57:00+00:00,10094.45,10095.69,10091.0,10092.66,25.471769,2020,6,2
2020-06-02 03:58:00+00:00,10092.64,10095.25,10091.72,10094.75,23.913003,2020,6,2
2020-06-02 03:59:00+00:00,10094.75,10097.83,10094.74,10096.86,25.431143,2020,6,2
2020-06-02 04:00:00+00:00,10096.87,10110.0,10096.85,10109.35,100.129814,2020,6,2
2020-06-02 04:01:00+00:00,10109.35,10110.0,10100.52,10108.0,57.733654,2020,6,2
2020-06-02 04:02:00+00:00,10108.36,10108.83,10102.49,10104.52,33.839579,2020,6,2
2020-06-02 04:03:00+00:00,10104.77,10106.51,10096.14,10096.16,37.999284,2020,6,2
2020-06-02 04:04:00+00:00,10097.2,10102.49,10095.0,10096.13,23.165593,2020,6,2
2020-06-02 04:05:00+00:00,10096.24,10097.8,10090.02,10090.29,25.182871,2020,6,2
2020-06-02 04:06:00+00:00,10090.29,10090.44,10079.08,10079.96,41.426246,2020,6,2
2020-06-02 04:07:00+00:00,10080.08,10084.51,10075.58,10078.47,30.605989,2020,6,2
2020-06-02 04:08:00+00:00,10077.85,10085.0,10077.81,10080.25,46.349878,2020,6,2
2020-06-02 04:09:00+00:00,10080.62,10083.08,10077.28,10079.16,61.63682,2020,6,2
2020-06-02 04:10:00+00:00,10079.48,10080.15,10077.0,10077.48,22.297195,2020,6,2
2020-06-02 04:11:00+00:00,10077.57,10091.24,10077.33,10089.41,38.740094,2020,6,2
2020-06-02 04:12:00+00:00,10089.4,10090.0,10083.03,10086.48,21.537116,2020,6,2
2020-06-02 04:13:00+00:00,10086.48,10092.49,10086.48,10091.68,77.796215,2020,6,2
2020-06-02 04:14:00+00:00,10091.67,10092.99,10084.15,10085.37,18.896026,2020,6,2
2020-06-02 04:15:00+00:00,10085.37,10085.53,10078.34,10079.54,21.480321,2020,6,2
2020-06-02 04:16:00+00:00,10079.07,10082.59,10077.33,10080.57,47.877609,2020,6,2
2020-06-02 04:17:00+00:00,10080.56,10080.6,10074.13,10075.99,43.59886,2020,6,2
2020-06-02 04:18:00+00:00,10075.88,10082.0,10070.23,10074.57,49.992237,2020,6,2
2020-06-02 04:19:00+00:00,10073.75,10080.0,10072.48,10076.32,28.010526,2020,6,2
2020-06-02 04:20:00+00:00,10076.36,10079.1,10072.48,10072.49,35.306403,2020,6,2
2020-06-02 04:21:00+00:00,10072.95,10075.13,10070.03,10070.3,31.760821,2020,6,2
2020-06-02 04:22:00+00:00,10070.3,10084.5,10070.17,10083.03,37.408599,2020,6,2
2020-06-02 04:23:00+00:00,10083.03,10094.0,10081.27,10091.52,27.654702,2020,6,2
2020-06-02 04:24:00+00:00,10091.27,10099.44,10090.0,10097.21,30.425677,2020,6,2
2020-06-02 04:25:00+00:00,10096.76,10106.48,10096.5,10099.24,80.271323,2020,6,2
2020-06-02 04:26:00+00:00,10099.23,10108.28,10096.82,10101.09,54.433886,2020,6,2
2020-06-02 04:27:00+00:00,10101.09,10104.69,10099.0,10099.59,41.714409,2020,6,2
2020-06-02 04:28:00+00:00,10099.1,10099.69,10091.91,10094.02,36.284186,2020,6,2
2020-06-02 04:29:00+00:00,10093.76,10098.63,10093.33,10098.44,12.577595,2020,6,2
2020-06-02 04:30:00+00:00,10098.64,10104.8,10098.03,10101.99,57.883435,2020,6,2
2020-06-02 04:31:00+00:00,10101.99,10104.98,10100.0,10100.2,33.103523,2020,6,2
2020-06-02 04:32:00+00:00,10100.86,10105.0,10100.0,10105.0,44.672717,2020,6,2
2020-06-02 04:33:00+00:00,10104.67,10112.99,10103.04,10111.47,80.323986,2020,6,2
2020-06-02 04:34:00+00:00,10111.74,10115.08,10110.52,10113.0,37.93579,2020,6,2
2020-06-02 04:35:00+00:00,10113.0,10113.69,10106.05,10108.03,25.878408,2020,6,2
2020-06-02 04:36:00+00:00,10108.25,10108.85,10101.06,10102.04,42.224989,2020,6,2
2020-06-02 04:37:00+00:00,10102.05,10103.13,10102.02,10102.99,19.846847,2020,6,2
2020-06-02 04:38:00+00:00,10102.99,10110.36,10101.89,10103.97,46.612298,2020,6,2
2020-06-02 04:39:00+00:00,10103.98,10103.98,10097.01,10098.36,49.479871,2020,6,2
2020-06-02 04:40:00+00:00,10098.31,10100.99,10096.54,10097.75,28.206568,2020,6,2
2020-06-02 04:41:00+00:00,10097.84,10100.99,10095.64,10096.03,26.518841,2020,6,2
2020-06-02 04:42:00+00:00,10096.04,10100.38,10095.0,10099.6,20.012006,2020,6,2
2020-06-02 04:43:00+00:00,10099.61,10100.99,10090.69,10093.0,34.711022,2020,6,2
2020-06-02 04:44:00+00:00,10093.0,10102.7,10092.81,10101.3,25.764729,2020,6,2
2020-06-02 04:45:00+00:00,10100.0,10104.53,10100.0,10101.69,15.776524,2020,6,2
2020-06-02 04:46:00+00:00,10101.69,10103.43,10099.68,10100.64,16.779636,2020,6,2
2020-06-02 04:47:00+00:00,10099.68,10100.18,10097.15,10100.1,17.559967,2020,6,2
2020-06-02 04:48:00+00:00,10100.05,10100.82,10093.79,10095.89,29.219305,2020,6,2
2020-06-02 04:49:00+00:00,10095.9,10096.01,10086.61,10088.89,50.181116,2020,6,2
2020-06-02 04:50:00+00:00,10088.88,10088.88,10082.85,10084.28,37.806339,2020,6,2
2020-06-02 04:51:00+00:00,10084.28,10092.71,10083.17,10086.18,39.170708,2020,6,2
2020-06-02 04:52:00+00:00,10086.35,10089.58,10083.09,10089.58,40.868482,2020,6,2
2020-06-02 04:53:00+00:00,10089.58,10090.0,10085.02,10089.11,16.356027,2020,6,2
2020-06-02 04:54:00+00:00,10088.88,10095.64,10086.0,10091.21,33.186045,2020,6,2
2020-06-02 04:55:00+00:00,10091.18,10095.68,10089.37,10091.6,15.344907,2020,6,2
2020-06-02 04:56:00+00:00,10091.6,10094.0,10090.0,10093.99,46.044121,2020,6,2
2020-06-02 04:57:00+00:00,10094.0,10096.15,10090.0,10090.35,21.614479,2020,6,2
2020-06-02 04:58:00+00:00,10090.84,10093.32,10090.02,10092.23,29.020101,2020,6,2
2020-06-02 04:59:00+00:00,10092.25,10094.49,10092.25,10093.31,29.756603,2020,6,2
2020-06-02 05:00:00+00:00,10093.97,10095.0,10088.18,10092.98,178.821797,2020,6,2
2020-06-02 05:01:00+00:00,10091.54,10092.53,10087.46,10088.91,31.961345,2020,6,2
2020-06-02 05:02:00+00:00,10088.94,10090.9,10084.25,10085.89,51.245238,2020,6,2
2020-06-02 05:03:00+00:00,10085.89,10085.89,10076.46,10083.58,55.859173,2020,6,2
2020-06-02 05:04:00+00:00,10083.8,10091.35,10081.8,10089.14,70.548762,2020,6,2
2020-06-02 05:05:00+00:00,10089.55,10091.81,10078.68,10080.0,30.955611,2020,6,2
2020-06-02 05:06:00+00:00,10080.0,10088.19,10078.68,10081.54,39.678051,2020,6,2
2020-06-02 05:07:00+00:00,10081.55,10087.9,10080.11,10082.43,19.069142,2020,6,2
2020-06-02 05:08:00+00:00,10082.43,10085.0,10081.23,10084.99,22.986156,2020,6,2
2020-06-02 05:09:00+00:00,10084.99,10085.0,10080.58,10082.22,21.020064,2020,6,2
2020-06-02 05:10:00+00:00,10082.38,10084.92,10080.0,10082.42,23.521386,2020,6,2
2020-06-02 05:11:00+00:00,10082.43,10087.06,10082.42,10084.51,27.063027,2020,6,2
2020-06-02 05:12:00+00:00,10084.51,10092.71,10084.5,10092.5,60.238554,2020,6,2
2020-06-02 05:13:00+00:00,10092.33,10098.0,10091.45,10095.14,29.225358,2020,6,2
2020-06-02 05:14:00+00:00,10094.99,10097.3,10094.13,10095.0,13.071592,2020,6,2
2020-06-02 05:15:00+00:00,10095.01,10095.17,10084.5,10085.97,44.438383,2020,6,2
2020-06-02 05:16:00+00:00,10085.99,10093.07,10084.52,10088.88,26.352851,2020,6,2
2020-06-02 05:17:00+00:00,10088.88,10090.0,10087.73,10088.59,21.682347,2020,6,2
2020-06-02 05:18:00+00:00,10088.63,10089.3,10087.01,10087.01,25.811175,2020,6,2
2020-06-02 05:19:00+00:00,10087.05,10087.05,10082.01,10083.78,36.727338,2020,6,2
2020-06-02 05:20:00+00:00,10083.79,10089.92,10083.39,10084.99,18.865253,2020,6,2
2020-06-02 05:21:00+00:00,10085.0,10086.29,10082.33,10084.26,23.632092,2020,6,2
2020-06-02 05:22:00+00:00,10084.76,10087.48,10084.0,10087.05,9.84066,2020,6,2
2020-06-02 05:23:00+00:00,10087.01,10093.22,10086.5,10093.02,34.123759,2020,6,2
2020-06-02 05:24:00+00:00,10093.02,10096.65,10091.0,10093.95,26.090349,2020,6,2
2020-06-02 05:25:00+00:00,10094.23,10099.0,10093.98,10097.99,16.713293,2020,6,2
2020-06-02 05:26:00+00:00,10098.0,10100.0,10094.51,10099.53,66.045211,2020,6,2
2020-06-02 05:27:00+00:00,10099.53,10100.0,10097.15,10098.75,40.149992,2020,6,2
2020-06-02 05:28:00+00:00,10099.14,10101.78,10095.0,10095.0,139.163121,2020,6,2
2020-06-02 05:29:00+00:00,10095.0,10103.7,10095.0,10102.37,40.509193,2020,6,2
2020-06-02 05:30:00+00:00,10102.36,10104.44,10099.1,10101.24,37.765846,2020,6,2
2020-06-02 05:31:00+00:00,10100.6,10115.0,10100.22,10113.65,71.04683,2020,6,2
2020-06-02 05:32:00+00:00,10114.05,10116.8,10110.91,10113.32,90.130781,2020,6,2
2020-06-02 05:33:00+00:00,10113.32,10120.0,10111.76,10116.34,110.386712,2020,6,2
2020-06-02 05:34:00+00:00,10116.32,10120.0,10116.09,10119.26,62.198317,2020,6,2
2020-06-02 05:35:00+00:00,10119.01,10120.0,10112.17,10116.0,45.931546,2020,6,2
2020-06-02 05:36:00+00:00,10116.0,10116.0,10107.58,10111.54,43.977695,2020,6,2
2020-06-02 05:37:00+00:00,10112.48,10115.66,10103.47,10107.19,36.883244,2020,6,2
2020-06-02 05:38:00+00:00,10107.19,10108.7,10097.17,10098.25,57.530356,2020,6,2
2020-06-02 05:39:00+00:00,10098.3,10105.2,10097.3,10100.68,26.910209,2020,6,2
2020-06-02 05:40:00+00:00,10100.68,10102.71,10097.01,10099.1,39.041561,2020,6,2
2020-06-02 05:41:00+00:00,10097.61,10108.86,10097.04,10107.99,35.21255,2020,6,2
2020-06-02 05:42:00+00:00,10106.64,10107.8,10100.84,10101.24,24.515606,2020,6,2
2020-06-02 05:43:00+00:00,10101.82,10107.97,10100.84,10103.79,15.680408,2020,6,2
2020-06-02 05:44:00+00:00,10103.73,10113.4,10103.37,10111.98,41.577068,2020,6,2
2020-06-02 05:45:00+00:00,10111.96,10123.11,10110.26,10120.6,59.992839,2020,6,2
2020-06-02 05:46:00+00:00,10120.6,10121.91,10112.43,10115.75,56.25347,2020,6,2
2020-06-02 05:47:00+00:00,10115.75,10120.0,10085.5,10093.73,169.443645,2020,6,2
2020-06-02 05:48:00+00:00,10092.83,10093.74,10070.5,10071.66,112.967732,2020,6,2
2020-06-02 05:49:00+00:00,10072.27,10084.67,10070.11,10076.0,64.625805,2020,6,2
2020-06-02 05:50:00+00:00,10074.81,10088.99,10071.18,10087.52,53.283364,2020,6,2
2020-06-02 05:51:00+00:00,10087.5,10091.57,10085.0,10085.01,15.788817,2020,6,2
2020-06-02 05:52:00+00:00,10085.0,10088.57,10083.22,10086.82,25.307332,2020,6,2
2020-06-02 05:53:00+00:00,10085.37,10089.97,10084.22,10085.12,23.023687,2020,6,2
2020-06-02 05:54:00+00:00,10085.05,10086.21,10076.38,10080.67,83.637399,2020,6,2
2020-06-02 05:55:00+00:00,10080.86,10081.83,10073.92,10080.0,70.366733,2020,6,2
2020-06-02 05:56:00+00:00,10080.0,10084.99,10080.0,10080.0,42.788413,2020,6,2
2020-06-02 05:57:00+00:00,10080.0,10089.94,10080.0,10088.52,79.727619,2020,6,2
2020-06-02 05:58:00+00:00,10088.52,10092.39,10082.81,10083.84,27.803102,2020,6,2
2020-06-02 05:59:00+00:00,10083.84,10088.78,10080.56,10085.55,31.23831,2020,6,2
2020-06-02 06:00:00+00:00,10086.43,10088.91,10084.05,10086.45,36.71082,2020,6,2
2020-06-02 06:01:00+00:00,10086.85,10087.82,10083.35,10084.32,25.956553,2020,6,2
2020-06-02 06:02:00+00:00,10085.87,10086.46,10083.0,10083.0,24.193046,2020,6,2
2020-06-02 06:03:00+00:00,10083.43,10085.25,10083.0,10084.87,16.235243,2020,6,2
2020-06-02 06:04:00+00:00,10084.41,10084.88,10080.0,10083.07,43.281485,2020,6,2
2020-06-02 06:05:00+00:00,10082.72,10091.24,10082.28,10090.63,45.989034,2020,6,2
2020-06-02 06:06:00+00:00,10090.63,10091.23,10085.63,10089.42,26.385528,2020,6,2
2020-06-02 06:07:00+00:00,10089.43,10092.0,10088.37,10090.98,40.487236,2020,6,2
2020-06-02 06:08:00+00:00,10090.98,10095.31,10089.03,10093.88,40.620573,2020,6,2
2020-06-02 06:09:00+00:00,10093.96,10095.58,10088.0,10088.04,45.220695,2020,6,2
2020-06-02 06:10:00+00:00,10088.01,10092.86,10088.01,10090.04,24.965048,2020,6,2
2020-06-02 06:11:00+00:00,10090.08,10094.23,10090.08,10092.47,20.429125,2020,6,2
2020-06-02 06:12:00+00:00,10092.98,10125.0,10092.19,10125.0,217.90656,2020,6,2
2020-06-02 06:13:00+00:00,10124.99,10128.33,10123.1,10123.55,126.215887,2020,6,2
2020-06-02 06:14:00+00:00,10123.5,10125.13,10119.24,10122.48,93.905049,2020,6,2
2020-06-02 06:15:00+00:00,10120.8,10124.0,10113.33,10117.73,68.171633,2020,6,2
2020-06-02 06:16:00+00:00,10117.73,10134.27,10114.74,10128.32,93.962793,2020,6,2
2020-06-02 06:17:00+00:00,10127.6,10130.57,10121.84,10122.75,58.450398,2020,6,2
2020-06-02 06:18:00+00:00,10123.15,10130.0,10116.65,10118.27,95.463966,2020,6,2
2020-06-02 06:19:00+00:00,10118.62,10130.0,10118.62,10122.54,177.996265,2020,6,2
2020-06-02 06:20:00+00:00,10123.06,10128.29,10122.32,10123.19,42.876461,2020,6,2
2020-06-02 06:21:00+00:00,10123.19,10123.2,10112.77,10112.77,99.359904,2020,6,2
2020-06-02 06:22:00+00:00,10113.34,10119.67,10112.73,10117.58,60.079294,2020,6,2
2020-06-02 06:23:00+00:00,10117.58,10119.74,10117.0,10117.51,46.180629,2020,6,2
2020-06-02 06:24:00+00:00,10117.18,10118.0,10115.01,10116.45,29.517118,2020,6,2
2020-06-02 06:25:00+00:00,10116.45,10117.51,10115.6,10116.35,39.966637,2020,6,2
2020-06-02 06:26:00+00:00,10116.86,10118.0,10116.0,10116.77,25.546913,2020,6,2
2020-06-02 06:27:00+00:00,10116.78,10118.0,10111.66,10117.58,54.47232,2020,6,2
2020-06-02 06:28:00+00:00,10117.58,10117.59,10111.21,10111.93,38.678018,2020,6,2
2020-06-02 06:29:00+00:00,10111.96,10111.99,10106.33,10108.92,35.047978,2020,6,2
2020-06-02 06:30:00+00:00,10108.99,10109.0,10103.51,10104.17,55.519151,2020,6,2
2020-06-02 06:31:00+00:00,10104.92,10112.41,10100.0,10110.86,54.798931,2020,6,2
2020-06-02 06:32:00+00:00,10110.87,10112.0,10107.41,10109.18,38.430964,2020,6,2
2020-06-02 06:33:00+00:00,10109.18,10110.82,10100.0,10100.16,48.690723,2020,6,2
2020-06-02 06:34:00+00:00,10100.17,10103.65,10096.17,10099.98,38.95828,2020,6,2
2020-06-02 06:35:00+00:00,10099.99,10107.1,10096.45,10104.87,42.742968,2020,6,2
2020-06-02 06:36:00+00:00,10104.98,10106.89,10099.17,10102.51,32.966411,2020,6,2
2020-06-02 06:37:00+00:00,10102.77,10104.72,10097.57,10101.24,52.364604,2020,6,2
2020-06-02 06:38:00+00:00,10101.25,10103.99,10098.9,10102.62,37.481188,2020,6,2
2020-06-02 06:39:00+00:00,10102.62,10104.26,10091.64,10092.51,51.55624,2020,6,2
2020-06-02 06:40:00+00:00,10092.52,10096.77,10091.51,10093.61,27.198441,2020,6,2
2020-06-02 06:41:00+00:00,10093.5,10096.77,10091.51,10095.51,23.386283,2020,6,2
2020-06-02 06:42:00+00:00,10095.51,10097.93,10084.82,10095.75,84.141811,2020,6,2
2020-06-02 06:43:00+00:00,10095.75,10098.99,10093.76,10096.0,32.319374,2020,6,2
2020-06-02 06:44:00+00:00,10096.21,10102.01,10095.31,10097.02,41.892957,2020,6,2
2020-06-02 06:45:00+00:00,10096.42,10099.68,10095.0,10095.0,28.124505,2020,6,2
2020-06-02 06:46:00+00:00,10095.0,10096.44,10092.2,10095.06,25.936807,2020,6,2
2020-06-02 06:47:00+00:00,10095.06,10095.07,10090.03,10090.62,30.20833,2020,6,2
2020-06-02 06:48:00+00:00,10090.66,10098.39,10090.0,10097.37,47.331083,2020,6,2
2020-06-02 06:49:00+00:00,10097.37,10099.75,10097.35,10098.93,34.505442,2020,6,2
2020-06-02 06:50:00+00:00,10098.9,10104.84,10098.01,10104.6,23.880711,2020,6,2
2020-06-02 06:51:00+00:00,10104.64,10111.62,10103.88,10105.14,38.678611,2020,6,2
2020-06-02 06:52:00+00:00,10105.9,10108.89,10103.28,10105.72,37.9809,2020,6,2
2020-06-02 06:53:00+00:00,10105.03,10106.91,10098.02,10098.95,27.457289,2020,6,2
2020-06-02 06:54:00+00:00,10099.82,10103.6,10098.95,10101.77,54.465625,2020,6,2
2020-06-02 06:55:00+00:00,10101.85,10101.85,10099.27,10100.17,18.69065,2020,6,2
2020-06-02 06:56:00+00:00,10100.67,10100.67,10095.0,10098.16,14.473745,2020,6,2
2020-06-02 06:57:00+00:00,10098.14,10099.34,10095.68,10096.22,20.931279,2020,6,2
2020-06-02 06:58:00+00:00,10096.22,10098.23,10095.0,10095.24,28.377217,2020,6,2
2020-06-02 06:59:00+00:00,10095.56,10100.6,10095.0,10100.11,72.210685,2020,6,2
2020-06-02 07:00:00+00:00,10100.03,10100.03,10093.0,10094.64,27.019448,2020,6,2
2020-06-02 07:01:00+00:00,10094.15,10097.41,10092.43,10096.6,18.117641,2020,6,2
2020-06-02 07:02:00+00:00,10095.49,10099.99,10094.28,10096.59,37.471441,2020,6,2
2020-06-02 07:03:00+00:00,10096.55,10097.98,10094.87,10096.7,19.674496,2020,6,2
2020-06-02 07:04:00+00:00,10096.66,10097.37,10093.29,10094.33,20.733885,2020,6,2
2020-06-02 07:05:00+00:00,10094.19,10094.19,10090.0,10092.07,24.237512,2020,6,2
2020-06-02 07:06:00+00:00,10091.87,10094.24,10090.07,10094.17,49.201215,2020,6,2
2020-06-02 07:07:00+00:00,10094.18,10094.22,10091.0,10091.5,20.834679,2020,6,2
2020-06-02 07:08:00+00:00,10091.01,10095.92,10090.0,10093.81,44.511992,2020,6,2
2020-06-02 07:09:00+00:00,10094.3,10109.69,10093.82,10109.69,81.081965,2020,6,2
2020-06-02 07:10:00+00:00,10109.69,10110.45,10106.71,10107.72,24.006337,2020,6,2
2020-06-02 07:11:00+00:00,10107.73,10111.88,10104.38,10106.19,37.453588,2020,6,2
2020-06-02 07:12:00+00:00,10105.45,10108.24,10102.68,10104.82,29.982281,2020,6,2
2020-06-02 07:13:00+00:00,10104.84,10106.22,10101.46,10104.51,18.536113,2020,6,2
2020-06-02 07:14:00+00:00,10104.53,10107.49,10104.53,10106.06,18.679298,2020,6,2
2020-06-02 07:15:00+00:00,10106.25,10106.25,10097.26,10099.04,65.087232,2020,6,2
2020-06-02 07:16:00+00:00,10099.01,10099.11,10095.0,10097.14,19.236403,2020,6,2
2020-06-02 07:17:00+00:00,10097.14,10105.75,10097.14,10102.65,43.031872,2020,6,2
2020-06-02 07:18:00+00:00,10102.69,10105.75,10101.18,10105.27,18.336088,2020,6,2
2020-06-02 07:19:00+00:00,10105.26,10106.66,10102.87,10105.49,23.030721,2020,6,2
2020-06-02 07:20:00+00:00,10105.57,10112.61,10104.77,10106.19,48.566092,2020,6,2
2020-06-02 07:21:00+00:00,10106.07,10108.05,10105.0,10106.84,42.107513,2020,6,2
2020-06-02 07:22:00+00:00,10106.25,10111.62,10104.48,10107.57,56.55886,2020,6,2
2020-06-02 07:23:00+00:00,10107.37,10112.46,10105.78,10108.31,48.039122,2020,6,2
2020-06-02 07:24:00+00:00,10108.3,10118.0,10106.87,10115.72,36.827889,2020,6,2
2020-06-02 07:25:00+00:00,10116.81,10117.99,10110.84,10116.09,33.434867,2020,6,2
2020-06-02 07:26:00+00:00,10116.08,10116.09,10108.38,10109.06,41.738778,2020,6,2
2020-06-02 07:27:00+00:00,10108.36,10113.55,10106.57,10112.59,37.873866,2020,6,2
2020-06-02 07:28:00+00:00,10112.52,10113.82,10105.1,10112.71,42.439303,2020,6,2
2020-06-02 07:29:00+00:00,10111.75,10113.4,10107.0,10108.84,29.12459,2020,6,2
2020-06-02 07:30:00+00:00,10108.27,10109.84,10107.0,10107.0,26.917332,2020,6,2
2020-06-02 07:31:00+00:00,10107.0,10109.05,10105.0,10108.39,30.103124,2020,6,2
2020-06-02 07:32:00+00:00,10108.38,10108.96,10104.0,10104.21,34.174396,2020,6,2
2020-06-02 07:33:00+00:00,10104.22,10110.0,10104.11,10105.66,39.527724,2020,6,2
2020-06-02 07:34:00+00:00,10105.95,10108.27,10104.01,10105.0,36.086935,2020,6,2
2020-06-02 07:35:00+00:00,10105.01,10106.74,10104.09,10105.0,21.023468,2020,6,2
2020-06-02 07:36:00+00:00,10105.0,10107.8,10104.27,10107.31,29.67801,2020,6,2
2020-06-02 07:37:00+00:00,10106.72,10109.75,10106.61,10109.75,23.384421,2020,6,2
2020-06-02 07:38:00+00:00,10109.32,10110.0,10106.0,10106.45,61.336585,2020,6,2
2020-06-02 07:39:00+00:00,10106.6,10106.61,10105.5,10105.86,35.478794,2020,6,2
2020-06-02 07:40:00+00:00,10105.87,10109.99,10105.0,10109.43,27.737308,2020,6,2
2020-06-02 07:41:00+00:00,10109.44,10109.44,10100.77,10103.64,41.697414,2020,6,2
2020-06-02 07:42:00+00:00,10103.63,10103.69,10095.0,10095.01,65.472768,2020,6,2
2020-06-02 07:43:00+00:00,10095.0,10097.24,10090.01,10096.48,43.619281,2020,6,2
2020-06-02 07:44:00+00:00,10096.64,10102.13,10095.52,10101.61,24.973531,2020,6,2
2020-06-02 07:45:00+00:00,10102.02,10109.38,10100.31,10107.63,37.333643,2020,6,2
2020-06-02 07:46:00+00:00,10107.63,10107.97,10104.73,10107.0,28.60408,2020,6,2
2020-06-02 07:47:00+00:00,10107.0,10109.21,10107.0,10109.2,13.299731,2020,6,2
2020-06-02 07:48:00+00:00,10109.04,10114.04,10108.46,10114.0,31.847784,2020,6,2
2020-06-02 07:49:00+00:00,10114.01,10114.84,10110.02,10111.12,46.515862,2020,6,2
2020-06-02 07:50:00+00:00,10111.3,10117.69,10110.3,10115.71,43.17274,2020,6,2
2020-06-02 07:51:00+00:00,10115.7,10120.0,10115.23,10118.29,40.892698,2020,6,2
2020-06-02 07:52:00+00:00,10118.0,10123.53,10118.0,10120.09,54.074877,2020,6,2
2020-06-02 07:53:00+00:00,10119.58,10121.06,10114.33,10118.53,58.90486,2020,6,2
2020-06-02 07:54:00+00:00,10119.61,10128.38,10118.54,10125.42,69.611586,2020,6,2
2020-06-02 07:55:00+00:00,10125.42,10128.8,10122.35,10126.11,80.549466,2020,6,2
2020-06-02 07:56:00+00:00,10126.11,10128.94,10122.0,10122.0,70.763314,2020,6,2
2020-06-02 07:57:00+00:00,10122.01,10122.01,10117.01,10117.54,79.374532,2020,6,2
2020-06-02 07:58:00+00:00,10117.54,10124.31,10117.36,10120.39,56.632554,2020,6,2
2020-06-02 07:59:00+00:00,10120.43,10122.46,10116.17,10118.86,79.876919,2020,6,2
2020-06-02 08:00:00+00:00,10119.12,10123.8,10118.76,10118.76,65.429417,2020,6,2
2020-06-02 08:01:00+00:00,10118.77,10124.04,10118.0,10120.96,30.519602,2020,6,2
2020-06-02 08:02:00+00:00,10120.36,10124.83,10120.36,10123.14,46.129103,2020,6,2
2020-06-02 08:03:00+00:00,10123.21,10123.88,10120.97,10122.17,29.966726,2020,6,2
2020-06-02 08:04:00+00:00,10121.19,10130.0,10118.0,10129.99,76.346346,2020,6,2
2020-06-02 08:05:00+00:00,10130.0,10145.19,10129.85,10137.75,256.897598,2020,6,2
2020-06-02 08:06:00+00:00,10137.36,10138.0,10131.95,10137.5,52.852277,2020,6,2
2020-06-02 08:07:00+00:00,10136.96,10140.62,10135.28,10140.62,41.454495,2020,6,2
2020-06-02 08:08:00+00:00,10140.63,10145.49,10139.1,10143.03,40.216359,2020,6,2
2020-06-02 08:09:00+00:00,10143.1,10154.0,10142.66,10152.07,194.708181,2020,6,2
2020-06-02 08:10:00+00:00,10154.08,10156.78,10146.0,10146.0,118.379112,2020,6,2
2020-06-02 08:11:00+00:00,10146.01,10146.13,10130.46,10133.45,125.810647,2020,6,2
2020-06-02 08:12:00+00:00,10133.94,10138.29,10132.86,10134.49,55.614995,2020,6,2
2020-06-02 08:13:00+00:00,10134.49,10135.0,10130.0,10131.18,30.362113,2020,6,2
2020-06-02 08:14:00+00:00,10131.19,10131.19,10128.59,10129.11,22.30832,2020,6,2
2020-06-02 08:15:00+00:00,10128.9,10130.01,10121.29,10123.46,44.755833,2020,6,2
2020-06-02 08:16:00+00:00,10123.49,10127.19,10120.5,10122.1,29.241114,2020,6,2
2020-06-02 08:17:00+00:00,10122.31,10126.24,10120.44,10121.21,35.355379,2020,6,2
2020-06-02 08:18:00+00:00,10121.92,10127.77,10120.6,10125.0,37.68749,2020,6,2
2020-06-02 08:19:00+00:00,10125.0,10130.6,10123.33,10126.27,46.709106,2020,6,2
2020-06-02 08:20:00+00:00,10127.06,10135.0,10125.85,10134.03,27.9425,2020,6,2
2020-06-02 08:21:00+00:00,10134.81,10137.95,10132.55,10135.03,33.847305,2020,6,2
2020-06-02 08:22:00+00:00,10135.49,10145.0,10135.03,10139.45,61.943196,2020,6,2
2020-06-02 08:23:00+00:00,10140.0,10143.15,10135.89,10141.68,45.515463,2020,6,2
2020-06-02 08:24:00+00:00,10141.76,10144.27,10127.85,10128.43,126.193655,2020,6,2
2020-06-02 08:25:00+00:00,10127.66,10138.42,10126.73,10136.76,71.828201,2020,6,2
2020-06-02 08:26:00+00:00,10137.66,10138.54,10125.87,10129.16,47.432249,2020,6,2
2020-06-02 08:27:00+00:00,10129.28,10130.81,10126.12,10130.0,29.972438,2020,6,2
2020-06-02 08:28:00+00:00,10130.0,10130.01,10125.81,10128.49,27.563137,2020,6,2
2020-06-02 08:29:00+00:00,10128.49,10142.39,10128.0,10128.0,79.607748,2020,6,2
2020-06-02 08:30:00+00:00,10128.0,10132.22,10125.0,10130.93,35.213487,2020,6,2
2020-06-02 08:31:00+00:00,10131.26,10132.55,10125.0,10125.75,36.489178,2020,6,2
2020-06-02 08:32:00+00:00,10125.86,10130.5,10118.37,10125.48,103.080025,2020,6,2
2020-06-02 08:33:00+00:00,10125.88,10128.61,10123.23,10127.3,14.778758,2020,6,2
2020-06-02 08:34:00+00:00,10127.86,10129.68,10118.0,10118.88,26.320583,2020,6,2
2020-06-02 08:35:00+00:00,10118.87,10120.95,10114.5,10115.01,52.918494,2020,6,2
2020-06-02 08:36:00+00:00,10115.01,10118.79,10113.55,10118.2,30.149869,2020,6,2
2020-06-02 08:37:00+00:00,10117.95,10118.22,10112.32,10113.27,30.116187,2020,6,2
2020-06-02 08:38:00+00:00,10113.28,10116.48,10107.37,10112.07,71.409961,2020,6,2
2020-06-02 08:39:00+00:00,10112.06,10118.18,10109.63,10112.37,49.479474,2020,6,2
2020-06-02 08:40:00+00:00,10111.57,10117.82,10109.82,10113.04,42.414022,2020,6,2
2020-06-02 08:41:00+00:00,10113.0,10115.83,10105.0,10113.81,51.533529,2020,6,2
2020-06-02 08:42:00+00:00,10114.31,10114.59,10108.75,10113.0,28.16231,2020,6,2
2020-06-02 08:43:00+00:00,10113.0,10113.0,10109.99,10110.29,30.829406,2020,6,2
2020-06-02 08:44:00+00:00,10110.76,10118.18,10110.0,10117.3,41.788858,2020,6,2
2020-06-02 08:45:00+00:00,10117.6,10126.05,10114.17,10125.81,54.70202,2020,6,2
2020-06-02 08:46:00+00:00,10125.81,10126.28,10115.6,10117.77,39.801956,2020,6,2
2020-06-02 08:47:00+00:00,10117.76,10118.71,10107.91,10112.84,45.614557,2020,6,2
2020-06-02 08:48:00+00:00,10112.83,10113.99,10109.21,10110.81,25.104318,2020,6,2
2020-06-02 08:49:00+00:00,10110.81,10118.71,10110.81,10118.71,27.22978,2020,6,2
2020-06-02 08:50:00+00:00,10118.7,10121.15,10115.24,10115.41,36.867738,2020,6,2
2020-06-02 08:51:00+00:00,10115.42,10117.04,10107.3,10107.88,42.301372,2020,6,2
2020-06-02 08:52:00+00:00,10107.34,10108.82,10105.0,10107.33,49.739805,2020,6,2
2020-06-02 08:53:00+00:00,10107.33,10107.71,10102.04,10107.5,55.766335,2020,6,2
2020-06-02 08:54:00+00:00,10107.54,10107.54,10102.0,10104.06,46.917591,2020,6,2
2020-06-02 08:55:00+00:00,10103.9,10106.0,10102.59,10105.0,30.073019,2020,6,2
2020-06-02 08:56:00+00:00,10104.99,10121.81,10103.96,10115.0,79.060423,2020,6,2
2020-06-02 08:57:00+00:00,10114.99,10116.33,10102.52,10106.25,28.013947,2020,6,2
2020-06-02 08:58:00+00:00,10106.25,10109.81,10103.05,10106.51,21.677918,2020,6,2
2020-06-02 08:59:00+00:00,10108.52,10111.04,10103.57,10107.48,33.031557,2020,6,2
2020-06-02 09:00:00+00:00,10107.25,10107.25,10105.09,10106.03,40.882324,2020,6,2
2020-06-02 09:01:00+00:00,10105.76,10125.37,10103.12,10118.52,126.529724,2020,6,2
2020-06-02 09:02:00+00:00,10118.52,10121.66,10116.36,10117.16,31.416938,2020,6,2
2020-06-02 09:03:00+00:00,10117.16,10120.0,10116.15,10119.11,21.81875,2020,6,2
2020-06-02 09:04:00+00:00,10119.12,10120.5,10116.0,10116.86,22.57484,2020,6,2
2020-06-02 09:05:00+00:00,10117.02,10119.16,10112.5,10116.12,31.08723,2020,6,2
2020-06-02 09:06:00+00:00,10116.12,10122.35,10115.01,10122.15,28.244688,2020,6,2
2020-06-02 09:07:00+00:00,10121.54,10123.05,10115.13,10117.96,27.991436,2020,6,2
2020-06-02 09:08:00+00:00,10117.96,10120.32,10111.72,10118.28,40.316066,2020,6,2
2020-06-02 09:09:00+00:00,10118.28,10119.96,10115.01,10115.01,14.52979,2020,6,2
2020-06-02 09:10:00+00:00,10115.73,10116.49,10113.0,10113.0,20.712947,2020,6,2
2020-06-02 09:11:00+00:00,10113.01,10119.0,10113.0,10114.14,26.419943,2020,6,2
2020-06-02 09:12:00+00:00,10114.28,10118.21,10111.83,10117.87,33.099752,2020,6,2
2020-06-02 09:13:00+00:00,10117.98,10118.41,10116.78,10117.02,20.048328,2020,6,2
2020-06-02 09:14:00+00:00,10116.8,10116.8,10108.99,10110.01,35.015959,2020,6,2
2020-06-02 09:15:00+00:00,10110.0,10115.0,10108.99,10114.96,31.072673,2020,6,2
2020-06-02 09:16:00+00:00,10114.95,10120.0,10114.95,10118.67,30.033484,2020,6,2
2020-06-02 09:17:00+00:00,10117.8,10120.0,10117.51,10118.23,13.204354,2020,6,2
2020-06-02 09:18:00+00:00,10118.65,10125.0,10118.19,10123.4,70.044517,2020,6,2
2020-06-02 09:19:00+00:00,10123.08,10125.0,10122.0,10124.23,38.735458,2020,6,2
2020-06-02 09:20:00+00:00,10124.24,10128.32,10122.0,10124.18,96.013287,2020,6,2
2020-06-02 09:21:00+00:00,10124.18,10127.09,10117.0,10117.4,91.633796,2020,6,2
2020-06-02 09:22:00+00:00,10118.0,10120.0,10115.21,10116.49,43.047456,2020,6,2
2020-06-02 09:23:00+00:00,10116.05,10118.91,10116.0,10116.38,35.288613,2020,6,2
2020-06-02 09:24:00+00:00,10116.94,10122.64,10112.72,10118.52,62.846496,2020,6,2
2020-06-02 09:25:00+00:00,10118.58,10122.39,10115.0,10119.0,23.576309,2020,6,2
2020-06-02 09:26:00+00:00,10119.0,10126.97,10117.45,10126.0,33.537016,2020,6,2
2020-06-02 09:27:00+00:00,10126.0,10126.0,10115.02,10117.19,36.78278,2020,6,2
2020-06-02 09:28:00+00:00,10117.19,10122.43,10115.16,10116.38,19.099188,2020,6,2
2020-06-02 09:29:00+00:00,10116.38,10120.0,10116.31,10119.67,15.338473,2020,6,2
2020-06-02 09:30:00+00:00,10119.39,10119.68,10113.53,10117.15,22.423903,2020,6,2
2020-06-02 09:31:00+00:00,10117.02,10120.0,10115.1,10117.17,17.03026,2020,6,2
2020-06-02 09:32:00+00:00,10117.23,10118.33,10104.95,10109.43,123.18584,2020,6,2
2020-06-02 09:33:00+00:00,10109.41,10109.43,10103.82,10105.47,40.462556,2020,6,2
2020-06-02 09:34:00+00:00,10105.96,10110.5,10103.14,10109.59,25.124183,2020,6,2
2020-06-02 09:35:00+00:00,10109.38,10109.38,10101.61,10107.1,71.701752,2020,6,2
2020-06-02 09:36:00+00:00,10107.03,10107.11,10101.0,10104.51,53.59134,2020,6,2
2020-06-02 09:37:00+00:00,10104.52,10117.99,10103.06,10117.55,30.965278,2020,6,2
2020-06-02 09:38:00+00:00,10117.62,10120.0,10112.77,10119.11,23.534628,2020,6,2
2020-06-02 09:39:00+00:00,10119.1,10120.0,10114.35,10117.0,24.313756,2020,6,2
2020-06-02 09:40:00+00:00,10117.0,10124.0,10115.01,10117.17,53.717476,2020,6,2
2020-06-02 09:41:00+00:00,10117.17,10117.86,10107.1,10111.09,70.049296,2020,6,2
2020-06-02 09:42:00+00:00,10111.94,10112.36,10104.31,10105.0,36.379322,2020,6,2
2020-06-02 09:43:00+00:00,10104.99,10112.38,10104.29,10106.0,23.931109,2020,6,2
2020-06-02 09:44:00+00:00,10105.48,10108.78,10104.0,10107.76,40.726873,2020,6,2
2020-06-02 09:45:00+00:00,10108.31,10116.22,10107.72,10112.66,43.659981,2020,6,2
2020-06-02 09:46:00+00:00,10113.11,10117.12,10108.53,10110.0,40.813472,2020,6,2
2020-06-02 09:47:00+00:00,10110.0,10110.95,10108.53,10108.9,14.267637,2020,6,2
2020-06-02 09:48:00+00:00,10108.9,10110.0,10108.64,10110.0,23.801114,2020,6,2
2020-06-02 09:49:00+00:00,10109.99,10116.42,10109.99,10111.0,27.666713,2020,6,2
2020-06-02 09:50:00+00:00,10111.0,10114.3,10110.0,10110.53,8.298099,2020,6,2
2020-06-02 09:51:00+00:00,10110.98,10111.33,10104.0,10104.0,29.972614,2020,6,2
2020-06-02 09:52:00+00:00,10104.17,10112.15,10104.17,10107.42,19.808118,2020,6,2
2020-06-02 09:53:00+00:00,10107.01,10108.9,10104.04,10107.47,19.676609,2020,6,2
2020-06-02 09:54:00+00:00,10107.61,10109.89,10103.78,10103.78,27.949776,2020,6,2
2020-06-02 09:55:00+00:00,10103.4,10110.0,10100.0,10105.31,112.945729,2020,6,2
2020-06-02 09:56:00+00:00,10105.3,10106.36,10090.0,10104.65,198.449426,2020,6,2
2020-06-02 09:57:00+00:00,10104.65,10109.99,10098.2,10104.14,61.971521,2020,6,2
2020-06-02 09:58:00+00:00,10103.01,10104.5,10100.0,10103.01,24.449276,2020,6,2
2020-06-02 09:59:00+00:00,10103.01,10103.01,10100.0,10100.55,35.311089,2020,6,2
2020-06-02 10:00:00+00:00,10100.55,10105.71,10096.48,10100.06,80.245664,2020,6,2
2020-06-02 10:01:00+00:00,10100.09,10114.84,10097.93,10114.83,85.516798,2020,6,2
2020-06-02 10:02:00+00:00,10114.83,10119.07,10111.55,10112.78,38.429835,2020,6,2
2020-06-02 10:03:00+00:00,10112.98,10118.0,10112.09,10114.51,27.764777,2020,6,2
2020-06-02 10:04:00+00:00,10114.5,10115.37,10109.01,10114.47,43.913876,2020,6,2
2020-06-02 10:05:00+00:00,10114.45,10118.49,10111.57,10118.44,42.933586,2020,6,2
2020-06-02 10:06:00+00:00,10118.48,10118.49,10111.01,10117.05,29.219865,2020,6,2
2020-06-02 10:07:00+00:00,10116.53,10119.9,10112.14,10114.99,20.566795,2020,6,2
2020-06-02 10:08:00+00:00,10115.0,10119.0,10113.15,10114.75,16.790963,2020,6,2
2020-06-02 10:09:00+00:00,10114.75,10117.81,10111.8,10115.6,16.968608,2020,6,2
2020-06-02 10:10:00+00:00,10115.23,10118.0,10114.33,10117.36,19.058381,2020,6,2
2020-06-02 10:11:00+00:00,10117.36,10123.86,10113.64,10120.53,79.95498,2020,6,2
2020-06-02 10:12:00+00:00,10120.53,10122.18,10116.03,10116.87,47.391823,2020,6,2
2020-06-02 10:13:00+00:00,10117.23,10122.1,10115.79,10117.46,39.537825,2020,6,2
2020-06-02 10:14:00+00:00,10117.45,10117.71,10115.0,10115.25,21.114645,2020,6,2
2020-06-02 10:15:00+00:00,10115.08,10115.54,10105.54,10109.3,36.114753,2020,6,2
2020-06-02 10:16:00+00:00,10109.3,10113.59,10103.3,10109.23,43.825017,2020,6,2
2020-06-02 10:17:00+00:00,10109.23,10109.46,10105.63,10108.58,13.505856,2020,6,2
2020-06-02 10:18:00+00:00,10108.58,10110.0,10104.0,10108.16,23.964472,2020,6,2
2020-06-02 10:19:00+00:00,10108.15,10113.89,10107.84,10112.5,35.524129,2020,6,2
2020-06-02 10:20:00+00:00,10112.51,10114.53,10110.0,10112.24,15.923579,2020,6,2
2020-06-02 10:21:00+00:00,10112.11,10118.68,10111.77,10111.79,41.876435,2020,6,2
2020-06-02 10:22:00+00:00,10111.8,10112.0,10106.6,10110.93,30.565236,2020,6,2
2020-06-02 10:23:00+00:00,10110.92,10112.28,10108.71,10109.98,16.891336,2020,6,2
2020-06-02 10:24:00+00:00,10109.99,10110.0,10109.0,10110.0,9.863588,2020,6,2
2020-06-02 10:25:00+00:00,10109.85,10110.0,10104.96,10106.45,31.728302,2020,6,2
2020-06-02 10:26:00+00:00,10106.45,10113.0,10104.96,10112.21,50.237758,2020,6,2
2020-06-02 10:27:00+00:00,10112.21,10112.21,10106.85,10107.91,52.156196,2020,6,2
2020-06-02 10:28:00+00:00,10108.51,10112.21,10106.97,10106.97,36.39337,2020,6,2
2020-06-02 10:29:00+00:00,10106.98,10111.49,10106.97,10109.01,19.574211,2020,6,2
2020-06-02 10:30:00+00:00,10108.76,10109.27,10100.76,10103.81,65.752848,2020,6,2
2020-06-02 10:31:00+00:00,10104.74,10108.46,10102.73,10106.45,69.357637,2020,6,2
2020-06-02 10:32:00+00:00,10106.44,10109.37,10101.05,10104.93,36.902208,2020,6,2
2020-06-02 10:33:00+00:00,10104.93,10109.39,10103.08,10107.63,59.755831,2020,6,2
2020-06-02 10:34:00+00:00,10107.64,10111.0,10106.13,10110.0,19.370282,2020,6,2
2020-06-02 10:35:00+00:00,10110.0,10120.8,10110.0,10118.54,62.78455,2020,6,2
2020-06-02 10:36:00+00:00,10118.82,10127.24,10117.52,10125.69,54.29747,2020,6,2
2020-06-02 10:37:00+00:00,10126.28,10129.0,10119.4,10127.59,80.321367,2020,6,2
2020-06-02 10:38:00+00:00,10127.59,10128.59,10123.1,10124.75,74.305817,2020,6,2
2020-06-02 10:39:00+00:00,10126.26,10130.0,10122.47,10125.56,70.444807,2020,6,2
2020-06-02 10:40:00+00:00,10125.56,10129.0,10122.27,10128.33,34.135377,2020,6,2
2020-06-02 10:41:00+00:00,10128.84,10132.65,10120.6,10126.85,118.401425,2020,6,2
2020-06-02 10:42:00+00:00,10126.03,10133.45,10125.99,10132.73,66.623275,2020,6,2
2020-06-02 10:43:00+00:00,10131.55,10134.0,10129.65,10133.23,26.101575,2020,6,2
2020-06-02 10:44:00+00:00,10133.23,10134.52,10128.0,10131.48,58.731272,2020,6,2
2020-06-02 10:45:00+00:00,10131.48,10132.0,10120.0,10123.99,41.525869,2020,6,2
2020-06-02 10:46:00+00:00,10123.99,10126.88,10120.0,10124.92,25.086316,2020,6,2
2020-06-02 10:47:00+00:00,10124.04,10130.33,10123.92,10126.26,45.182475,2020,6,2
2020-06-02 10:48:00+00:00,10126.92,10130.0,10123.12,10126.0,41.201425,2020,6,2
2020-06-02 10:49:00+00:00,10126.0,10126.91,10119.38,10126.09,37.568734,2020,6,2
2020-06-02 10:50:00+00:00,10126.77,10133.19,10125.12,10130.45,43.708895,2020,6,2
2020-06-02 10:51:00+00:00,10130.4,10130.99,10125.17,10129.04,39.013244,2020,6,2
2020-06-02 10:52:00+00:00,10129.03,10136.0,10129.03,10130.63,99.510257,2020,6,2
2020-06-02 10:53:00+00:00,10130.63,10138.0,10130.63,10137.56,32.901833,2020,6,2
2020-06-02 10:54:00+00:00,10137.56,10140.0,10122.4,10123.86,55.679007,2020,6,2
2020-06-02 10:55:00+00:00,10123.86,10134.0,10123.52,10132.42,34.541117,2020,6,2
2020-06-02 10:56:00+00:00,10132.42,10142.8,10130.5,10140.29,79.416907,2020,6,2
2020-06-02 10:57:00+00:00,10140.29,10142.97,10135.78,10139.09,63.880772,2020,6,2
2020-06-02 10:58:00+00:00,10137.63,10138.54,10135.96,10136.14,27.724179,2020,6,2
2020-06-02 10:59:00+00:00,10136.64,10143.0,10135.0,10141.25,37.894896,2020,6,2
2020-06-02 11:00:00+00:00,10140.77,10147.53,10138.89,10139.6,79.441308,2020,6,2
2020-06-02 11:01:00+00:00,10139.61,10143.18,10135.0,10136.94,67.920499,2020,6,2
2020-06-02 11:02:00+00:00,10137.29,10141.74,10135.0,10137.13,47.585633,2020,6,2
2020-06-02 11:03:00+00:00,10135.57,10138.83,10135.0,10135.02,37.79069,2020,6,2
2020-06-02 11:04:00+00:00,10135.02,10135.72,10122.13,10124.24,136.349297,2020,6,2
2020-06-02 11:05:00+00:00,10124.24,10129.09,10120.7,10121.99,133.063351,2020,6,2
2020-06-02 11:06:00+00:00,10121.99,10125.0,10119.48,10125.0,48.214152,2020,6,2
2020-06-02 11:07:00+00:00,10125.0,10128.85,10117.63,10122.33,48.046639,2020,6,2
2020-06-02 11:08:00+00:00,10122.33,10124.98,10116.59,10117.09,39.281032,2020,6,2
2020-06-02 11:09:00+00:00,10117.09,10120.74,10116.12,10120.74,26.248304,2020,6,2
2020-06-02 11:10:00+00:00,10120.73,10120.73,10112.43,10115.62,39.015762,2020,6,2
2020-06-02 11:11:00+00:00,10115.9,10116.34,10105.78,10114.22,41.548022,2020,6,2
2020-06-02 11:12:00+00:00,10114.23,10118.17,10110.02,10118.16,40.218678,2020,6,2
2020-06-02 11:13:00+00:00,10118.16,10120.16,10114.19,10116.0,50.079608,2020,6,2
2020-06-02 11:14:00+00:00,10116.0,10117.18,10110.23,10113.97,37.924963,2020,6,2
2020-06-02 11:15:00+00:00,10113.97,10115.46,10110.02,10110.72,33.086842,2020,6,2
2020-06-02 11:16:00+00:00,10110.98,10116.46,10110.5,10113.8,24.406418,2020,6,2
2020-06-02 11:17:00+00:00,10113.02,10119.27,10113.0,10115.46,43.015372,2020,6,2
2020-06-02 11:18:00+00:00,10115.46,10119.61,10114.07,10114.67,30.761269,2020,6,2
2020-06-02 11:19:00+00:00,10114.68,10123.53,10114.68,10121.1,47.508217,2020,6,2
2020-06-02 11:20:00+00:00,10122.76,10125.48,10113.8,10115.01,73.958381,2020,6,2
2020-06-02 11:21:00+00:00,10115.0,10116.09,10108.43,10110.01,59.441158,2020,6,2
2020-06-02 11:22:00+00:00,10110.01,10117.14,10110.0,10112.07,28.598421,2020,6,2
2020-06-02 11:23:00+00:00,10112.89,10118.93,10112.88,10118.01,18.178938,2020,6,2
2020-06-02 11:24:00+00:00,10118.01,10121.83,10115.94,10119.63,13.622085,2020,6,2
2020-06-02 11:25:00+00:00,10119.18,10119.19,10111.99,10113.91,16.829376,2020,6,2
2020-06-02 11:26:00+00:00,10114.35,10117.4,10112.63,10116.8,14.955273,2020,6,2
2020-06-02 11:27:00+00:00,10116.79,10121.77,10116.4,10121.27,23.59956,2020,6,2
2020-06-02 11:28:00+00:00,10120.13,10121.68,10111.16,10114.71,71.76467,2020,6,2
2020-06-02 11:29:00+00:00,10114.71,10114.72,10108.58,10108.58,40.907296,2020,6,2
2020-06-02 11:30:00+00:00,10108.88,10119.82,10108.0,10117.36,32.243894,2020,6,2
2020-06-02 11:31:00+00:00,10116.56,10120.05,10111.38,10117.18,28.68277,2020,6,2
2020-06-02 11:32:00+00:00,10116.61,10116.61,10108.0,10108.0,51.663126,2020,6,2
2020-06-02 11:33:00+00:00,10108.0,10112.02,10105.5,10111.74,50.869796,2020,6,2
2020-06-02 11:34:00+00:00,10111.97,10116.42,10109.71,10115.45,56.362725,2020,6,2
2020-06-02 11:35:00+00:00,10115.44,10116.56,10110.0,10111.04,129.754275,2020,6,2
2020-06-02 11:36:00+00:00,10111.04,10111.04,10107.01,10108.22,25.800147,2020,6,2
2020-06-02 11:37:00+00:00,10108.18,10113.81,10107.5,10109.91,82.707484,2020,6,2
2020-06-02 11:38:00+00:00,10109.98,10113.1,10107.38,10109.95,51.833011,2020,6,2
2020-06-02 11:39:00+00:00,10109.95,10115.0,10109.95,10114.42,51.238417,2020,6,2
2020-06-02 11:40:00+00:00,10114.43,10114.97,10109.03,10110.83,19.63922,2020,6,2
2020-06-02 11:41:00+00:00,10110.83,10112.76,10109.33,10112.0,22.321313,2020,6,2
2020-06-02 11:42:00+00:00,10112.07,10113.74,10109.02,10109.55,38.142348,2020,6,2
2020-06-02 11:43:00+00:00,10109.03,10109.55,10104.0,10106.51,93.567518,2020,6,2
2020-06-02 11:44:00+00:00,10106.2,10112.48,10104.02,10106.99,52.411036,2020,6,2
2020-06-02 11:45:00+00:00,10107.3,10107.48,10101.6,10105.52,83.436004,2020,6,2
2020-06-02 11:46:00+00:00,10105.52,10105.92,10100.0,10101.01,74.911755,2020,6,2
2020-06-02 11:47:00+00:00,10101.98,10103.01,10100.0,10102.0,46.234409,2020,6,2
2020-06-02 11:48:00+00:00,10102.0,10110.96,10101.21,10109.0,39.346853,2020,6,2
2020-06-02 11:49:00+00:00,10108.11,10111.25,10107.65,10110.59,13.863841,2020,6,2
2020-06-02 11:50:00+00:00,10110.59,10111.97,10108.01,10111.23,19.421687,2020,6,2
2020-06-02 11:51:00+00:00,10110.86,10112.03,10110.0,10110.58,15.854439,2020,6,2
2020-06-02 11:52:00+00:00,10110.54,10111.67,10105.88,10107.23,31.17624,2020,6,2
2020-06-02 11:53:00+00:00,10107.23,10116.02,10107.22,10110.44,61.239915,2020,6,2
2020-06-02 11:54:00+00:00,10111.67,10113.2,10110.0,10113.0,26.380359,2020,6,2
2020-06-02 11:55:00+00:00,10113.0,10114.76,10109.01,10110.0,29.724747,2020,6,2
2020-06-02 11:56:00+00:00,10110.0,10112.33,10107.02,10107.02,26.59497,2020,6,2
2020-06-02 11:57:00+00:00,10107.01,10113.58,10104.0,10113.2,83.369585,2020,6,2
2020-06-02 11:58:00+00:00,10113.61,10114.74,10109.0,10110.01,33.948615,2020,6,2
2020-06-02 11:59:00+00:00,10110.01,10119.49,10110.01,10115.56,51.449643,2020,6,2
2020-06-02 12:00:00+00:00,10116.68,10125.0,10110.97,10118.0,54.42854,2020,6,2
2020-06-02 12:01:00+00:00,10118.0,10126.6,10118.0,10126.27,56.188382,2020,6,2
2020-06-02 12:02:00+00:00,10124.2,10128.0,10118.05,10119.51,48.103183,2020,6,2
2020-06-02 12:03:00+00:00,10119.28,10122.12,10117.68,10119.93,44.69625,2020,6,2
2020-06-02 12:04:00+00:00,10118.9,10122.61,10115.26,10120.42,44.194429,2020,6,2
2020-06-02 12:05:00+00:00,10120.45,10122.0,10118.51,10120.13,24.658777,2020,6,2
2020-06-02 12:06:00+00:00,10120.13,10120.86,10112.85,10119.36,58.902872,2020,6,2
2020-06-02 12:07:00+00:00,10118.1,10120.76,10117.67,10118.07,13.756718,2020,6,2
2020-06-02 12:08:00+00:00,10118.87,10120.0,10118.0,10119.45,20.719986,2020,6,2
2020-06-02 12:09:00+00:00,10119.44,10124.73,10117.07,10123.38,42.588342,2020,6,2
2020-06-02 12:10:00+00:00,10122.86,10124.86,10118.22,10122.03,16.916265,2020,6,2
2020-06-02 12:11:00+00:00,10122.69,10122.7,10119.3,10119.93,19.202092,2020,6,2
2020-06-02 12:12:00+00:00,10119.93,10122.71,10119.76,10122.14,25.054143,2020,6,2
2020-06-02 12:13:00+00:00,10120.97,10122.13,10117.01,10119.24,13.849109,2020,6,2
2020-06-02 12:14:00+00:00,10118.56,10129.82,10117.02,10128.64,106.851791,2020,6,2
2020-06-02 12:15:00+00:00,10127.92,10129.99,10124.53,10126.18,63.071914,2020,6,2
2020-06-02 12:16:00+00:00,10126.18,10130.0,10125.86,10128.32,62.228518,2020,6,2
2020-06-02 12:17:00+00:00,10128.32,10129.2,10120.92,10127.42,76.553239,2020,6,2
2020-06-02 12:18:00+00:00,10127.26,10132.64,10126.23,10130.92,83.688944,2020,6,2
2020-06-02 12:19:00+00:00,10129.92,10136.82,10129.88,10131.61,85.982772,2020,6,2
2020-06-02 12:20:00+00:00,10131.84,10134.06,10127.0,10127.0,75.737314,2020,6,2
2020-06-02 12:21:00+00:00,10127.0,10128.48,10123.0,10124.92,61.717217,2020,6,2
2020-06-02 12:22:00+00:00,10124.54,10127.01,10115.68,10116.84,29.977825,2020,6,2
2020-06-02 12:23:00+00:00,10116.42,10120.92,10115.48,10117.99,35.038642,2020,6,2
2020-06-02 12:24:00+00:00,10117.99,10118.0,10112.99,10117.25,41.622776,2020,6,2
2020-06-02 12:25:00+00:00,10117.25,10117.47,10112.03,10116.63,38.995714,2020,6,2
2020-06-02 12:26:00+00:00,10116.62,10116.73,10113.79,10115.81,29.094016,2020,6,2
2020-06-02 12:27:00+00:00,10115.82,10119.68,10110.0,10110.0,157.65813,2020,6,2
2020-06-02 12:28:00+00:00,10110.0,10113.09,10110.0,10110.01,40.050874,2020,6,2
2020-06-02 12:29:00+00:00,10110.01,10116.34,10110.01,10110.1,40.454806,2020,6,2
2020-06-02 12:30:00+00:00,10111.37,10114.67,10110.1,10113.58,8.968298,2020,6,2
2020-06-02 12:31:00+00:00,10113.58,10115.46,10113.0,10113.0,22.695901,2020,6,2
2020-06-02 12:32:00+00:00,10113.0,10113.52,10111.0,10111.5,38.783437,2020,6,2
2020-06-02 12:33:00+00:00,10112.43,10120.25,10111.48,10113.66,56.343368,2020,6,2
2020-06-02 12:34:00+00:00,10113.66,10120.8,10113.0,10117.52,22.177503,2020,6,2
2020-06-02 12:35:00+00:00,10117.48,10119.51,10114.13,10117.2,24.396489,2020,6,2
2020-06-02 12:36:00+00:00,10117.2,10119.14,10115.0,10115.12,17.840555,2020,6,2
2020-06-02 12:37:00+00:00,10115.0,10118.63,10114.32,10118.56,16.208625,2020,6,2
2020-06-02 12:38:00+00:00,10118.62,10120.0,10116.66,10119.18,12.572943,2020,6,2
2020-06-02 12:39:00+00:00,10119.19,10123.81,10118.27,10123.0,17.367575,2020,6,2
2020-06-02 12:40:00+00:00,10123.0,10129.0,10123.0,10128.54,57.652948,2020,6,2
2020-06-02 12:41:00+00:00,10128.53,10129.7,10118.17,10120.51,43.584017,2020,6,2
2020-06-02 12:42:00+00:00,10120.51,10125.56,10117.0,10123.33,56.365003,2020,6,2
2020-06-02 12:43:00+00:00,10123.0,10129.7,10122.1,10127.43,30.331273,2020,6,2
2020-06-02 12:44:00+00:00,10127.43,10127.44,10113.0,10116.99,123.500224,2020,6,2
2020-06-02 12:45:00+00:00,10117.0,10121.6,10114.0,10118.09,51.813465,2020,6,2
2020-06-02 12:46:00+00:00,10115.82,10118.92,10114.0,10117.67,19.514554,2020,6,2
2020-06-02 12:47:00+00:00,10117.67,10122.0,10114.95,10116.7,49.704911,2020,6,2
2020-06-02 12:48:00+00:00,10115.55,10120.94,10111.05,10116.48,94.004079,2020,6,2
2020-06-02 12:49:00+00:00,10116.48,10128.03,10115.66,10123.8,55.944344,2020,6,2
2020-06-02 12:50:00+00:00,10123.34,10127.5,10122.55,10125.42,26.178279,2020,6,2
2020-06-02 12:51:00+00:00,10125.42,10125.97,10117.06,10121.95,23.781308,2020,6,2
2020-06-02 12:52:00+00:00,10122.59,10128.0,10120.0,10122.43,27.31128,2020,6,2
2020-06-02 12:53:00+00:00,10123.78,10125.57,10120.18,10121.24,13.97468,2020,6,2
2020-06-02 12:54:00+00:00,10121.24,10121.24,10117.0,10118.27,16.333534,2020,6,2
2020-06-02 12:55:00+00:00,10118.69,10133.0,10118.49,10129.64,51.472149,2020,6,2
2020-06-02 12:56:00+00:00,10129.63,10129.64,10121.06,10123.14,23.796095,2020,6,2
2020-06-02 12:57:00+00:00,10122.82,10128.05,10117.23,10118.82,29.21029,2020,6,2
2020-06-02 12:58:00+00:00,10117.61,10124.73,10117.6,10122.0,18.365977,2020,6,2
2020-06-02 12:59:00+00:00,10122.0,10127.71,10122.0,10123.71,22.001526,2020,6,2
2020-06-02 13:00:00+00:00,10123.71,10130.0,10123.0,10123.79,25.563932,2020,6,2
2020-06-02 13:01:00+00:00,10124.06,10125.4,10122.0,10124.35,14.803296,2020,6,2
2020-06-02 13:02:00+00:00,10124.55,10129.5,10122.01,10127.38,24.712817,2020,6,2
2020-06-02 13:03:00+00:00,10127.93,10132.78,10125.93,10132.78,39.324477,2020,6,2
2020-06-02 13:04:00+00:00,10132.21,10137.0,10125.83,10136.41,33.69726,2020,6,2
2020-06-02 13:05:00+00:00,10136.41,10137.0,10131.24,10135.47,58.928577,2020,6,2
2020-06-02 13:06:00+00:00,10135.46,10136.95,10133.07,10133.58,18.693413,2020,6,2
2020-06-02 13:07:00+00:00,10133.29,10136.94,10133.07,10133.08,30.690486,2020,6,2
2020-06-02 13:08:00+00:00,10133.07,10135.8,10130.0,10135.57,45.1027,2020,6,2
2020-06-02 13:09:00+00:00,10135.31,10138.67,10133.23,10135.0,39.953732,2020,6,2
2020-06-02 13:10:00+00:00,10135.0,10138.73,10133.06,10133.94,49.753844,2020,6,2
2020-06-02 13:11:00+00:00,10133.29,10140.0,10131.89,10138.78,35.957649,2020,6,2
2020-06-02 13:12:00+00:00,10138.78,10139.99,10137.0,10138.7,37.576564,2020,6,2
2020-06-02 13:13:00+00:00,10138.71,10139.99,10134.97,10139.23,56.18727,2020,6,2
2020-06-02 13:14:00+00:00,10139.22,10144.0,10137.54,10139.66,53.284221,2020,6,2
2020-06-02 13:15:00+00:00,10140.31,10143.66,10139.31,10140.63,30.511365,2020,6,2
2020-06-02 13:16:00+00:00,10140.64,10145.46,10140.24,10141.72,31.964745,2020,6,2
2020-06-02 13:17:00+00:00,10141.72,10144.44,10133.67,10133.69,81.055214,2020,6,2
2020-06-02 13:18:00+00:00,10133.68,10134.25,10125.83,10127.04,34.752624,2020,6,2
2020-06-02 13:19:00+00:00,10126.88,10134.33,10125.87,10131.67,36.010908,2020,6,2
2020-06-02 13:20:00+00:00,10131.94,10138.39,10130.0,10131.8,25.274727,2020,6,2
2020-06-02 13:21:00+00:00,10131.84,10138.79,10131.81,10137.23,29.202871,2020,6,2
2020-06-02 13:22:00+00:00,10137.23,10139.57,10132.46,10138.22,35.560411,2020,6,2
2020-06-02 13:23:00+00:00,10138.35,10153.53,10137.0,10151.14,107.199737,2020,6,2
2020-06-02 13:24:00+00:00,10151.14,10168.0,10150.22,10167.99,171.059031,2020,6,2
2020-06-02 13:25:00+00:00,10168.0,10170.0,10160.68,10166.35,101.468985,2020,6,2
2020-06-02 13:26:00+00:00,10166.0,10167.31,10158.03,10163.82,50.424165,2020,6,2
2020-06-02 13:27:00+00:00,10164.99,10175.39,10164.0,10166.41,136.869371,2020,6,2
2020-06-02 13:28:00+00:00,10166.41,10172.49,10160.7,10161.67,74.216062,2020,6,2
2020-06-02 13:29:00+00:00,10161.71,10167.61,10158.4,10162.0,83.432126,2020,6,2
2020-06-02 13:30:00+00:00,10162.01,10171.01,10162.01,10163.0,134.752792,2020,6,2
2020-06-02 13:31:00+00:00,10163.27,10163.86,10150.0,10151.91,63.328707,2020,6,2
2020-06-02 13:32:00+00:00,10151.91,10163.96,10150.04,10160.85,41.002916,2020,6,2
2020-06-02 13:33:00+00:00,10160.84,10166.31,10160.0,10164.93,36.856807,2020,6,2
2020-06-02 13:34:00+00:00,10164.03,10175.46,10164.03,10172.4,73.263568,2020,6,2
2020-06-02 13:35:00+00:00,10172.23,10179.97,10172.2,10174.21,79.259291,2020,6,2
2020-06-02 13:36:00+00:00,10174.2,10190.0,10173.41,10179.65,175.2835,2020,6,2
2020-06-02 13:37:00+00:00,10179.82,10184.68,10172.78,10173.4,156.063612,2020,6,2
2020-06-02 13:38:00+00:00,10172.79,10179.0,10171.96,10175.29,44.243692,2020,6,2
2020-06-02 13:39:00+00:00,10176.04,10185.0,10176.04,10182.43,46.006468,2020,6,2
2020-06-02 13:40:00+00:00,10182.89,10184.79,10175.79,10178.45,53.065781,2020,6,2
2020-06-02 13:41:00+00:00,10177.18,10180.55,10175.76,10178.63,37.392073,2020,6,2
2020-06-02 13:42:00+00:00,10179.02,10188.47,10177.24,10183.82,57.242593,2020,6,2
2020-06-02 13:43:00+00:00,10183.0,10183.39,10175.77,10176.28,37.581705,2020,6,2
2020-06-02 13:44:00+00:00,10176.47,10180.87,10175.77,10178.36,47.933022,2020,6,2
2020-06-02 13:45:00+00:00,10178.29,10179.14,10172.78,10174.37,64.81559,2020,6,2
2020-06-02 13:46:00+00:00,10175.31,10179.49,10173.21,10174.4,33.767135,2020,6,2
2020-06-02 13:47:00+00:00,10174.4,10175.85,10170.39,10170.4,34.581649,2020,6,2
2020-06-02 13:48:00+00:00,10170.39,10174.98,10170.39,10172.78,39.70285,2020,6,2
2020-06-02 13:49:00+00:00,10172.78,10177.38,10170.96,10176.92,28.658929,2020,6,2
2020-06-02 13:50:00+00:00,10176.93,10177.0,10171.06,10176.62,21.652481,2020,6,2
2020-06-02 13:51:00+00:00,10176.63,10180.0,10175.0,10175.99,24.372277,2020,6,2
2020-06-02 13:52:00+00:00,10175.99,10176.62,10173.99,10173.99,20.606131,2020,6,2
2020-06-02 13:53:00+00:00,10174.0,10174.46,10166.64,10172.59,68.117007,2020,6,2
2020-06-02 13:54:00+00:00,10172.57,10172.73,10160.15,10161.52,40.045508,2020,6,2
2020-06-02 13:55:00+00:00,10161.52,10162.67,10155.55,10157.41,44.522794,2020,6,2
2020-06-02 13:56:00+00:00,10157.42,10165.0,10155.83,10161.32,31.643928,2020,6,2
2020-06-02 13:57:00+00:00,10160.84,10161.84,10158.0,10159.48,23.441964,2020,6,2
2020-06-02 13:58:00+00:00,10159.47,10159.64,10157.97,10157.97,15.592387,2020,6,2
2020-06-02 13:59:00+00:00,10157.97,10159.18,10152.73,10155.96,25.44228,2020,6,2
2020-06-02 14:00:00+00:00,10155.96,10164.75,10153.01,10163.28,34.829391,2020,6,2
2020-06-02 14:01:00+00:00,10163.09,10164.99,10158.51,10162.98,21.558595,2020,6,2
2020-06-02 14:02:00+00:00,10162.99,10171.0,10161.36,10165.86,35.703448,2020,6,2
2020-06-02 14:03:00+00:00,10165.87,10173.17,10165.86,10171.75,44.508566,2020,6,2
2020-06-02 14:04:00+00:00,10172.22,10174.13,10170.23,10173.15,23.440498,2020,6,2
2020-06-02 14:05:00+00:00,10172.64,10174.29,10170.99,10171.14,15.649127,2020,6,2
2020-06-02 14:06:00+00:00,10171.01,10171.96,10166.55,10170.0,21.080622,2020,6,2
2020-06-02 14:07:00+00:00,10169.83,10176.35,10168.59,10174.98,48.625754,2020,6,2
2020-06-02 14:08:00+00:00,10174.99,10183.27,10174.98,10179.53,41.065486,2020,6,2
2020-06-02 14:09:00+00:00,10179.52,10179.52,10172.41,10176.14,37.957867,2020,6,2
2020-06-02 14:10:00+00:00,10176.15,10179.42,10170.04,10179.19,67.508731,2020,6,2
2020-06-02 14:11:00+00:00,10178.42,10179.31,10170.18,10170.55,46.523328,2020,6,2
2020-06-02 14:12:00+00:00,10170.6,10170.6,10162.01,10165.09,46.703552,2020,6,2
2020-06-02 14:13:00+00:00,10164.23,10169.82,10164.05,10169.75,51.147406,2020,6,2
2020-06-02 14:14:00+00:00,10168.63,10169.83,10165.91,10167.98,17.430101,2020,6,2
2020-06-02 14:15:00+00:00,10167.99,10168.39,10164.08,10166.94,25.168173,2020,6,2
2020-06-02 14:16:00+00:00,10166.56,10166.97,10158.0,10161.09,40.400448,2020,6,2
2020-06-02 14:17:00+00:00,10160.01,10166.3,10158.61,10164.12,33.055684,2020,6,2
2020-06-02 14:18:00+00:00,10164.01,10165.03,10157.34,10159.17,29.306122,2020,6,2
2020-06-02 14:19:00+00:00,10159.17,10169.07,10158.75,10168.2,37.228516,2020,6,2
2020-06-02 14:20:00+00:00,10168.49,10177.93,10160.0,10161.49,89.529598,2020,6,2
2020-06-02 14:21:00+00:00,10162.28,10162.98,10156.0,10158.17,55.391939,2020,6,2
2020-06-02 14:22:00+00:00,10158.37,10162.95,10157.91,10162.91,35.578612,2020,6,2
2020-06-02 14:23:00+00:00,10162.38,10164.31,10158.21,10160.34,19.278728,2020,6,2
2020-06-02 14:24:00+00:00,10160.13,10163.23,10155.0,10160.04,47.295457,2020,6,2
2020-06-02 14:25:00+00:00,10160.04,10165.23,10157.51,10159.03,54.606477,2020,6,2
2020-06-02 14:26:00+00:00,10159.52,10162.12,10155.0,10158.63,29.6684,2020,6,2
2020-06-02 14:27:00+00:00,10158.63,10158.63,10148.33,10149.61,47.038863,2020,6,2
2020-06-02 14:28:00+00:00,10149.6,10152.3,10147.39,10149.99,36.623449,2020,6,2
2020-06-02 14:29:00+00:00,10149.6,10157.81,10149.54,10155.02,44.663872,2020,6,2
2020-06-02 14:30:00+00:00,10155.02,10155.02,10146.06,10148.81,96.611314,2020,6,2
2020-06-02 14:31:00+00:00,10148.8,10148.81,10142.0,10145.0,68.670246,2020,6,2
2020-06-02 14:32:00+00:00,10145.0,10150.0,10144.99,10146.8,41.721924,2020,6,2
2020-06-02 14:33:00+00:00,10147.05,10150.85,10146.22,10149.56,24.595766,2020,6,2
2020-06-02 14:34:00+00:00,10150.33,10150.9,10145.25,10146.0,27.883853,2020,6,2
2020-06-02 14:35:00+00:00,10146.0,10146.0,10141.39,10144.1,43.130944,2020,6,2
2020-06-02 14:36:00+00:00,10144.44,10153.48,10143.51,10152.76,42.811967,2020,6,2
2020-06-02 14:37:00+00:00,10152.69,10157.84,10152.53,10156.15,36.679132,2020,6,2
2020-06-02 14:38:00+00:00,10157.01,10157.99,10152.44,10157.99,25.284195,2020,6,2
2020-06-02 14:39:00+00:00,10157.99,10159.19,10154.16,10155.39,35.722481,2020,6,2
2020-06-02 14:40:00+00:00,10155.39,10159.34,10153.32,10154.96,28.15324,2020,6,2
2020-06-02 14:41:00+00:00,10154.95,10155.88,10151.51,10154.03,39.392878,2020,6,2
2020-06-02 14:42:00+00:00,10153.47,10159.44,10151.93,10156.15,43.742919,2020,6,2
2020-06-02 14:43:00+00:00,10156.34,10159.59,10141.46,10147.48,123.40358,2020,6,2
2020-06-02 14:44:00+00:00,10147.48,10149.2,10134.08,10136.4,54.285692,2020,6,2
2020-06-02 14:45:00+00:00,10137.84,10142.29,10112.0,10113.01,107.193544,2020,6,2
2020-06-02 14:46:00+00:00,10113.01,10115.62,9761.0,9783.5,3564.139435,2020,6,2
2020-06-02 14:47:00+00:00,9777.47,9861.47,9700.0,9762.78,1030.073589,2020,6,2
2020-06-02 14:48:00+00:00,9762.78,9890.0,9600.0,9600.01,1397.926844,2020,6,2
2020-06-02 14:49:00+00:00,9600.0,9600.49,9400.0,9533.22,1849.730294,2020,6,2
2020-06-02 14:50:00+00:00,9533.22,9619.91,9500.0,9612.58,881.335018,2020,6,2
2020-06-02 14:51:00+00:00,9612.2,9618.0,9467.76,9521.81,1051.155716,2020,6,2
2020-06-02 14:52:00+00:00,9536.41,9551.38,9400.0,9444.24,898.853057,2020,6,2
2020-06-02 14:53:00+00:00,9444.24,9565.0,9410.02,9505.57,866.64258,2020,6,2
2020-06-02 14:54:00+00:00,9512.64,9545.43,9466.32,9509.11,744.624533,2020,6,2
2020-06-02 14:55:00+00:00,9506.06,9563.13,9500.07,9544.5,540.591311,2020,6,2
2020-06-02 14:56:00+00:00,9548.66,9565.0,9538.71,9556.66,496.265269,2020,6,2
2020-06-02 14:57:00+00:00,9556.55,9639.31,9550.0,9605.19,623.663022,2020,6,2
2020-06-02 14:58:00+00:00,9605.13,9619.16,9560.0,9584.46,672.163811,2020,6,2
2020-06-02 14:59:00+00:00,9581.93,9600.0,9565.77,9581.47,502.347817,2020,6,2
2020-06-02 15:00:00+00:00,9582.17,9600.0,9546.88,9548.75,848.753926,2020,6,2
2020-06-02 15:01:00+00:00,9550.0,9570.0,9500.0,9500.0,944.068129,2020,6,2
2020-06-02 15:02:00+00:00,9500.0,9548.29,9493.33,9532.71,497.24482,2020,6,2
2020-06-02 15:03:00+00:00,9532.71,9575.86,9512.34,9534.65,515.070948,2020,6,2
2020-06-02 15:04:00+00:00,9531.67,9560.01,9520.8,9547.47,367.074713,2020,6,2
2020-06-02 15:05:00+00:00,9548.12,9553.47,9526.46,9547.95,254.108835,2020,6,2
2020-06-02 15:06:00+00:00,9547.95,9566.5,9541.37,9552.33,270.394252,2020,6,2
2020-06-02 15:07:00+00:00,9550.84,9565.76,9547.85,9554.09,322.846038,2020,6,2
2020-06-02 15:08:00+00:00,9554.18,9560.0,9528.43,9528.43,432.831061,2020,6,2
2020-06-02 15:09:00+00:00,9528.43,9558.04,9525.0,9550.01,368.225466,2020,6,2
2020-06-02 15:10:00+00:00,9550.01,9573.54,9542.82,9570.55,260.911579,2020,6,2
2020-06-02 15:11:00+00:00,9569.75,9570.0,9550.0,9551.04,264.579407,2020,6,2
2020-06-02 15:12:00+00:00,9551.04,9554.75,9521.03,9539.99,273.884309,2020,6,2
2020-06-02 15:13:00+00:00,9540.0,9557.29,9530.0,9535.07,158.021084,2020,6,2
2020-06-02 15:14:00+00:00,9534.0,9543.16,9520.0,9521.53,257.357361,2020,6,2
2020-06-02 15:15:00+00:00,9520.04,9524.92,9500.02,9508.69,375.298879,2020,6,2
2020-06-02 15:16:00+00:00,9508.69,9550.0,9500.0,9539.98,325.212659,2020,6,2
2020-06-02 15:17:00+00:00,9540.46,9545.0,9515.07,9515.25,136.319656,2020,6,2
2020-06-02 15:18:00+00:00,9517.02,9519.71,9506.18,9509.54,191.658493,2020,6,2
2020-06-02 15:19:00+00:00,9509.54,9518.32,9488.33,9492.64,253.698507,2020,6,2
2020-06-02 15:20:00+00:00,9492.64,9498.11,9460.0,9476.01,485.369836,2020,6,2
2020-06-02 15:21:00+00:00,9477.52,9500.0,9470.32,9497.4,173.897632,2020,6,2
2020-06-02 15:22:00+00:00,9497.4,9498.85,9480.0,9486.21,135.307596,2020,6,2
2020-06-02 15:23:00+00:00,9486.21,9487.79,9473.26,9487.01,143.962344,2020,6,2
2020-06-02 15:24:00+00:00,9487.01,9509.65,9486.0,9503.26,248.513733,2020,6,2
2020-06-02 15:25:00+00:00,9503.26,9503.3,9464.8,9469.24,335.496091,2020,6,2
2020-06-02 15:26:00+00:00,9468.08,9477.33,9434.0,9448.28,813.838069,2020,6,2
2020-06-02 15:27:00+00:00,9448.77,9462.57,9437.39,9449.75,256.680523,2020,6,2
2020-06-02 15:28:00+00:00,9450.0,9451.12,9365.0,9367.69,1253.638112,2020,6,2
2020-06-02 15:29:00+00:00,9367.66,9392.25,9266.0,9380.53,1549.286224,2020,6,2
2020-06-02 15:30:00+00:00,9378.22,9380.04,9330.01,9365.6,901.501081,2020,6,2
2020-06-02 15:31:00+00:00,9365.63,9417.8,9359.66,9416.5,390.115776,2020,6,2
2020-06-02 15:32:00+00:00,9415.09,9436.99,9400.0,9427.99,619.881432,2020,6,2
2020-06-02 15:33:00+00:00,9428.44,9439.26,9414.28,9435.0,421.073933,2020,6,2
2020-06-02 15:34:00+00:00,9435.01,9449.0,9430.0,9439.45,216.873864,2020,6,2
2020-06-02 15:35:00+00:00,9439.45,9448.16,9439.45,9442.52,224.570144,2020,6,2
2020-06-02 15:36:00+00:00,9442.62,9443.49,9425.0,9428.6,215.846583,2020,6,2
2020-06-02 15:37:00+00:00,9428.61,9467.11,9428.6,9461.5,268.354554,2020,6,2
2020-06-02 15:38:00+00:00,9461.5,9502.71,9460.0,9486.93,308.129705,2020,6,2
2020-06-02 15:39:00+00:00,9490.25,9503.01,9469.0,9470.0,254.401788,2020,6,2
2020-06-02 15:40:00+00:00,9470.0,9480.78,9462.79,9478.27,129.32342,2020,6,2
2020-06-02 15:41:00+00:00,9479.95,9489.5,9463.02,9483.01,178.205169,2020,6,2
2020-06-02 15:42:00+00:00,9483.02,9483.02,9443.11,9458.08,218.62313,2020,6,2
2020-06-02 15:43:00+00:00,9458.08,9475.0,9455.87,9470.77,129.768659,2020,6,2
2020-06-02 15:44:00+00:00,9470.0,9472.86,9458.16,9458.16,104.129161,2020,6,2
2020-06-02 15:45:00+00:00,9458.16,9481.65,9450.01,9476.31,175.076027,2020,6,2
2020-06-02 15:46:00+00:00,9476.31,9492.34,9443.15,9454.97,202.70366,2020,6,2
2020-06-02 15:47:00+00:00,9454.97,9478.04,9454.97,9465.79,166.270231,2020,6,2
2020-06-02 15:48:00+00:00,9465.8,9477.16,9465.65,9475.2,172.635215,2020,6,2
2020-06-02 15:49:00+00:00,9475.2,9482.65,9470.0,9482.13,157.636023,2020,6,2
2020-06-02 15:50:00+00:00,9482.13,9482.31,9468.79,9470.97,176.51497,2020,6,2
2020-06-02 15:51:00+00:00,9470.98,9489.0,9470.97,9488.99,79.055939,2020,6,2
2020-06-02 15:52:00+00:00,9488.99,9507.0,9488.0,9493.56,208.303966,2020,6,2
2020-06-02 15:53:00+00:00,9492.41,9501.5,9465.0,9485.06,252.143611,2020,6,2
2020-06-02 15:54:00+00:00,9486.52,9500.26,9475.0,9477.89,144.836149,2020,6,2
2020-06-02 15:55:00+00:00,9477.9,9484.8,9463.3,9475.7,182.113795,2020,6,2
2020-06-02 15:56:00+00:00,9475.7,9490.8,9468.43,9483.2,125.334243,2020,6,2
2020-06-02 15:57:00+00:00,9483.19,9484.43,9468.54,9473.54,70.002953,2020,6,2
2020-06-02 15:58:00+00:00,9472.63,9485.4,9468.99,9480.71,99.43977,2020,6,2
2020-06-02 15:59:00+00:00,9480.88,9488.66,9466.0,9468.81,154.880786,2020,6,2
2020-06-02 16:00:00+00:00,9468.08,9487.0,9425.0,9483.26,427.844257,2020,6,2
2020-06-02 16:01:00+00:00,9483.27,9515.24,9481.0,9510.12,261.423848,2020,6,2
2020-06-02 16:02:00+00:00,9510.12,9510.12,9483.98,9504.14,143.338136,2020,6,2
2020-06-02 16:03:00+00:00,9506.02,9510.0,9480.15,9500.2,159.753877,2020,6,2
2020-06-02 16:04:00+00:00,9500.3,9504.66,9494.11,9500.05,86.548817,2020,6,2
2020-06-02 16:05:00+00:00,9501.77,9508.03,9491.95,9498.28,113.735699,2020,6,2
2020-06-02 16:06:00+00:00,9498.29,9502.5,9495.0,9496.0,53.219608,2020,6,2
2020-06-02 16:07:00+00:00,9496.0,9501.18,9491.79,9493.03,98.879534,2020,6,2
2020-06-02 16:08:00+00:00,9493.03,9494.14,9475.09,9487.07,80.213633,2020,6,2
2020-06-02 16:09:00+00:00,9485.54,9491.22,9480.01,9480.83,74.268375,2020,6,2
2020-06-02 16:10:00+00:00,9480.66,9489.77,9476.09,9482.58,87.204711,2020,6,2
2020-06-02 16:11:00+00:00,9482.21,9488.4,9472.03,9483.83,86.211808,2020,6,2
2020-06-02 16:12:00+00:00,9483.99,9489.13,9476.98,9486.21,67.386134,2020,6,2
2020-06-02 16:13:00+00:00,9486.21,9493.0,9483.5,9486.08,46.436151,2020,6,2
2020-06-02 16:14:00+00:00,9486.09,9490.22,9477.0,9481.38,81.570808,2020,6,2
2020-06-02 16:15:00+00:00,9481.38,9486.37,9460.0,9460.01,107.45088,2020,6,2
2020-06-02 16:16:00+00:00,9460.01,9481.98,9450.0,9476.53,140.709954,2020,6,2
2020-06-02 16:17:00+00:00,9476.0,9482.67,9470.0,9475.01,30.516529,2020,6,2
2020-06-02 16:18:00+00:00,9475.01,9478.07,9453.6,9455.91,136.607119,2020,6,2
2020-06-02 16:19:00+00:00,9455.0,9467.93,9455.0,9459.7,121.934118,2020,6,2
2020-06-02 16:20:00+00:00,9459.7,9467.78,9458.01,9463.68,63.946735,2020,6,2
2020-06-02 16:21:00+00:00,9463.67,9471.61,9454.06,9464.08,66.927318,2020,6,2
2020-06-02 16:22:00+00:00,9464.08,9480.0,9455.0,9476.09,86.545767,2020,6,2
2020-06-02 16:23:00+00:00,9477.43,9478.19,9469.92,9476.18,27.030543,2020,6,2
2020-06-02 16:24:00+00:00,9476.18,9482.51,9476.07,9481.23,32.84298,2020,6,2
2020-06-02 16:25:00+00:00,9481.23,9482.83,9480.0,9480.83,47.043036,2020,6,2
2020-06-02 16:26:00+00:00,9480.98,9481.84,9470.0,9471.23,121.123682,2020,6,2
2020-06-02 16:27:00+00:00,9470.05,9479.99,9470.0,9479.9,39.752061,2020,6,2
2020-06-02 16:28:00+00:00,9479.9,9484.98,9477.22,9484.0,70.522308,2020,6,2
2020-06-02 16:29:00+00:00,9483.99,9491.31,9483.99,9489.07,61.333571,2020,6,2
2020-06-02 16:30:00+00:00,9489.07,9490.5,9473.39,9480.9,73.751105,2020,6,2
2020-06-02 16:31:00+00:00,9481.19,9483.3,9474.27,9477.02,65.146478,2020,6,2
2020-06-02 16:32:00+00:00,9478.29,9479.61,9461.44,9466.09,114.857153,2020,6,2
2020-06-02 16:33:00+00:00,9466.08,9476.0,9465.0,9473.73,55.096117,2020,6,2
2020-06-02 16:34:00+00:00,9474.61,9476.06,9461.01,9463.25,40.130842,2020,6,2
2020-06-02 16:35:00+00:00,9464.01,9470.28,9460.25,9462.91,77.344194,2020,6,2
2020-06-02 16:36:00+00:00,9463.74,9475.0,9462.42,9472.55,72.359948,2020,6,2
2020-06-02 16:37:00+00:00,9472.56,9477.44,9470.07,9474.99,66.384186,2020,6,2
2020-06-02 16:38:00+00:00,9474.99,9477.72,9465.89,9465.93,48.149021,2020,6,2
2020-06-02 16:39:00+00:00,9465.91,9472.6,9465.0,9472.6,58.501064,2020,6,2
2020-06-02 16:40:00+00:00,9472.7,9473.71,9465.0,9468.52,133.166347,2020,6,2
2020-06-02 16:41:00+00:00,9468.45,9470.69,9424.17,9436.88,447.246274,2020,6,2
2020-06-02 16:42:00+00:00,9436.92,9457.99,9435.0,9438.88,103.861374,2020,6,2
2020-06-02 16:43:00+00:00,9438.88,9453.92,9425.4,9427.5,235.597367,2020,6,2
2020-06-02 16:44:00+00:00,9427.5,9445.37,9427.5,9444.85,135.326978,2020,6,2
2020-06-02 16:45:00+00:00,9443.86,9447.37,9437.72,9445.1,88.687622,2020,6,2
2020-06-02 16:46:00+00:00,9445.1,9458.01,9440.45,9451.26,173.076709,2020,6,2
2020-06-02 16:47:00+00:00,9451.25,9458.23,9445.17,9450.82,96.297159,2020,6,2
2020-06-02 16:48:00+00:00,9450.22,9458.26,9447.91,9455.0,58.595413,2020,6,2
2020-06-02 16:49:00+00:00,9455.0,9462.8,9455.0,9458.52,77.886271,2020,6,2
2020-06-02 16:50:00+00:00,9458.52,9458.52,9451.16,9455.43,90.714016,2020,6,2
2020-06-02 16:51:00+00:00,9455.43,9458.64,9447.22,9457.5,69.141184,2020,6,2
2020-06-02 16:52:00+00:00,9457.85,9474.58,9456.92,9469.85,41.582071,2020,6,2
2020-06-02 16:53:00+00:00,9469.85,9472.11,9465.78,9471.08,34.891004,2020,6,2
2020-06-02 16:54:00+00:00,9471.08,9474.88,9468.4,9472.84,39.172986,2020,6,2
2020-06-02 16:55:00+00:00,9472.34,9477.86,9470.0,9472.15,62.297015,2020,6,2
2020-06-02 16:56:00+00:00,9472.14,9480.1,9472.14,9480.0,67.536248,2020,6,2
2020-06-02 16:57:00+00:00,9480.0,9482.19,9477.3,9479.32,41.548758,2020,6,2
2020-06-02 16:58:00+00:00,9479.74,9484.96,9475.94,9479.99,56.549023,2020,6,2
2020-06-02 16:59:00+00:00,9479.96,9479.97,9474.0,9478.29,45.833656,2020,6,2
2020-06-02 17:00:00+00:00,9478.03,9478.47,9464.93,9464.93,44.383252,2020,6,2
2020-06-02 17:01:00+00:00,9464.93,9468.14,9460.0,9468.14,26.927139,2020,6,2
2020-06-02 17:02:00+00:00,9468.58,9469.03,9464.0,9464.01,34.593147,2020,6,2
2020-06-02 17:03:00+00:00,9464.0,9471.11,9460.0,9470.99,30.56843,2020,6,2
2020-06-02 17:04:00+00:00,9470.98,9488.89,9470.55,9481.61,67.381565,2020,6,2
2020-06-02 17:05:00+00:00,9481.62,9483.03,9474.66,9481.37,33.254765,2020,6,2
2020-06-02 17:06:00+00:00,9481.46,9483.03,9480.41,9483.03,22.888597,2020,6,2
2020-06-02 17:07:00+00:00,9483.03,9489.25,9480.41,9484.37,79.293578,2020,6,2
2020-06-02 17:08:00+00:00,9484.37,9486.55,9481.12,9485.48,75.32699,2020,6,2
2020-06-02 17:09:00+00:00,9485.48,9490.0,9485.48,9490.0,80.937392,2020,6,2
2020-06-02 17:10:00+00:00,9490.0,9493.61,9485.48,9485.48,55.289689,2020,6,2
2020-06-02 17:11:00+00:00,9485.49,9491.89,9485.48,9490.46,42.13536,2020,6,2
2020-06-02 17:12:00+00:00,9490.45,9494.26,9487.17,9490.45,45.882569,2020,6,2
2020-06-02 17:13:00+00:00,9490.45,9492.96,9485.71,9491.47,28.156584,2020,6,2
2020-06-02 17:14:00+00:00,9492.08,9493.0,9486.2,9486.52,53.661072,2020,6,2
2020-06-02 17:15:00+00:00,9486.54,9487.59,9478.39,9482.03,71.177621,2020,6,2
2020-06-02 17:16:00+00:00,9483.22,9486.0,9482.01,9484.01,41.934785,2020,6,2
2020-06-02 17:17:00+00:00,9484.0,9489.0,9481.64,9485.72,29.460052,2020,6,2
2020-06-02 17:18:00+00:00,9486.94,9491.0,9485.21,9488.06,25.291966,2020,6,2
2020-06-02 17:19:00+00:00,9487.9,9491.0,9486.33,9486.33,23.811744,2020,6,2
2020-06-02 17:20:00+00:00,9486.33,9487.96,9481.11,9486.64,29.394697,2020,6,2
2020-06-02 17:21:00+00:00,9486.24,9486.79,9471.72,9478.53,59.07676,2020,6,2
2020-06-02 17:22:00+00:00,9478.61,9479.61,9474.0,9479.59,30.808151,2020,6,2
2020-06-02 17:23:00+00:00,9479.59,9480.71,9477.47,9480.34,13.58169,2020,6,2
2020-06-02 17:24:00+00:00,9480.4,9483.59,9478.42,9480.04,31.512607,2020,6,2
2020-06-02 17:25:00+00:00,9480.3,9485.0,9478.99,9481.23,37.657177,2020,6,2
2020-06-02 17:26:00+00:00,9481.23,9489.97,9481.23,9486.63,40.275212,2020,6,2
2020-06-02 17:27:00+00:00,9488.58,9489.89,9481.39,9484.9,29.809853,2020,6,2
2020-06-02 17:28:00+00:00,9484.91,9485.49,9482.0,9483.78,27.193924,2020,6,2
2020-06-02 17:29:00+00:00,9483.84,9484.74,9480.34,9482.29,17.685393,2020,6,2
2020-06-02 17:30:00+00:00,9482.05,9482.72,9473.83,9475.67,45.572755,2020,6,2
2020-06-02 17:31:00+00:00,9475.25,9478.17,9472.0,9476.53,28.626022,2020,6,2
2020-06-02 17:32:00+00:00,9476.54,9480.0,9475.0,9475.01,19.333836,2020,6,2
2020-06-02 17:33:00+00:00,9475.0,9483.54,9475.0,9478.71,34.546331,2020,6,2
2020-06-02 17:34:00+00:00,9478.72,9480.0,9475.32,9476.48,36.728014,2020,6,2
2020-06-02 17:35:00+00:00,9477.34,9487.27,9476.39,9484.77,81.157073,2020,6,2
2020-06-02 17:36:00+00:00,9485.06,9493.37,9482.97,9492.39,35.588097,2020,6,2
2020-06-02 17:37:00+00:00,9492.1,9493.98,9487.25,9493.35,39.96664,2020,6,2
2020-06-02 17:38:00+00:00,9492.62,9494.9,9489.0,9489.01,24.976888,2020,6,2
2020-06-02 17:39:00+00:00,9489.01,9496.17,9489.0,9494.61,25.022465,2020,6,2
2020-06-02 17:40:00+00:00,9494.61,9494.61,9487.25,9490.76,47.448903,2020,6,2
2020-06-02 17:41:00+00:00,9491.25,9496.0,9489.07,9493.63,15.192616,2020,6,2
2020-06-02 17:42:00+00:00,9493.15,9497.7,9493.15,9493.51,43.910212,2020,6,2
2020-06-02 17:43:00+00:00,9493.51,9496.0,9492.2,9494.14,39.363255,2020,6,2
2020-06-02 17:44:00+00:00,9494.2,9498.75,9493.7,9496.63,45.019291,2020,6,2
2020-06-02 17:45:00+00:00,9496.64,9499.0,9495.3,9495.62,44.508608,2020,6,2
2020-06-02 17:46:00+00:00,9495.61,9498.12,9495.59,9496.84,19.244433,2020,6,2
2020-06-02 17:47:00+00:00,9496.84,9503.15,9495.53,9502.41,40.432767,2020,6,2
2020-06-02 17:48:00+00:00,9502.41,9523.65,9501.27,9521.03,199.724397,2020,6,2
2020-06-02 17:49:00+00:00,9521.04,9536.81,9515.26,9516.74,228.236227,2020,6,2
2020-06-02 17:50:00+00:00,9515.31,9526.59,9511.34,9524.31,46.010578,2020,6,2
2020-06-02 17:51:00+00:00,9524.31,9539.0,9523.95,9532.7,63.464671,2020,6,2
2020-06-02 17:52:00+00:00,9532.19,9533.54,9525.89,9532.18,34.411105,2020,6,2
2020-06-02 17:53:00+00:00,9532.6,9533.59,9522.05,9525.03,57.756988,2020,6,2
2020-06-02 17:54:00+00:00,9525.03,9528.25,9518.43,9522.24,43.852277,2020,6,2
2020-06-02 17:55:00+00:00,9521.08,9527.0,9520.32,9526.74,37.607745,2020,6,2
2020-06-02 17:56:00+00:00,9526.73,9527.0,9522.3,9523.55,59.137749,2020,6,2
2020-06-02 17:57:00+00:00,9523.82,9524.0,9520.32,9520.77,26.295807,2020,6,2
2020-06-02 17:58:00+00:00,9520.83,9534.51,9520.0,9534.44,119.476437,2020,6,2
2020-06-02 17:59:00+00:00,9534.47,9535.0,9529.05,9530.71,61.166086,2020,6,2
2020-06-02 18:00:00+00:00,9530.55,9530.59,9518.91,9520.33,89.062547,2020,6,2
2020-06-02 18:01:00+00:00,9520.34,9523.94,9515.24,9518.0,34.990788,2020,6,2
2020-06-02 18:02:00+00:00,9518.01,9519.73,9518.0,9519.05,20.745888,2020,6,2
2020-06-02 18:03:00+00:00,9519.0,9529.55,9519.0,9527.0,30.925342,2020,6,2
2020-06-02 18:04:00+00:00,9527.0,9528.87,9522.36,9522.77,30.76323,2020,6,2
2020-06-02 18:05:00+00:00,9523.69,9530.0,9521.68,9524.75,26.101311,2020,6,2
2020-06-02 18:06:00+00:00,9524.76,9525.23,9516.77,9517.9,30.923467,2020,6,2
2020-06-02 18:07:00+00:00,9517.67,9522.75,9516.77,9520.01,25.725836,2020,6,2
2020-06-02 18:08:00+00:00,9520.01,9522.46,9512.08,9515.31,51.84979,2020,6,2
2020-06-02 18:09:00+00:00,9515.31,9520.0,9510.48,9513.87,78.639977,2020,6,2
2020-06-02 18:10:00+00:00,9514.59,9520.0,9514.58,9520.0,21.142802,2020,6,2
2020-06-02 18:11:00+00:00,9520.0,9527.45,9519.99,9524.98,38.266623,2020,6,2
2020-06-02 18:12:00+00:00,9525.01,9527.99,9521.42,9525.09,16.308909,2020,6,2
2020-06-02 18:13:00+00:00,9525.09,9534.21,9525.0,9534.21,26.172921,2020,6,2
2020-06-02 18:14:00+00:00,9534.21,9537.46,9526.89,9531.52,56.719087,2020,6,2
2020-06-02 18:15:00+00:00,9531.81,9533.48,9527.02,9528.54,35.248391,2020,6,2
2020-06-02 18:16:00+00:00,9528.54,9536.54,9528.15,9533.84,27.20446,2020,6,2
2020-06-02 18:17:00+00:00,9533.85,9540.0,9532.54,9537.96,42.058509,2020,6,2
2020-06-02 18:18:00+00:00,9537.97,9540.0,9533.23,9535.16,52.349839,2020,6,2
2020-06-02 18:19:00+00:00,9535.16,9538.17,9531.6,9532.9,32.843122,2020,6,2
2020-06-02 18:20:00+00:00,9532.07,9535.0,9531.27,9532.0,26.124177,2020,6,2
2020-06-02 18:21:00+00:00,9532.3,9535.0,9530.01,9532.89,25.7838,2020,6,2
2020-06-02 18:22:00+00:00,9532.89,9532.89,9529.5,9530.56,32.856762,2020,6,2
2020-06-02 18:23:00+00:00,9530.62,9535.03,9528.16,9534.65,27.198582,2020,6,2
2020-06-02 18:24:00+00:00,9534.65,9537.16,9529.73,9532.87,22.570443,2020,6,2
2020-06-02 18:25:00+00:00,9532.87,9538.27,9531.5,9534.53,25.915538,2020,6,2
2020-06-02 18:26:00+00:00,9534.81,9537.0,9534.01,9535.01,18.948677,2020,6,2
2020-06-02 18:27:00+00:00,9535.0,9537.32,9487.43,9493.92,271.288891,2020,6,2
2020-06-02 18:28:00+00:00,9493.92,9504.16,9491.84,9502.48,51.271283,2020,6,2
2020-06-02 18:29:00+00:00,9502.49,9508.97,9500.0,9505.68,85.974952,2020,6,2
2020-06-02 18:30:00+00:00,9505.68,9505.68,9495.26,9500.0,40.429233,2020,6,2
2020-06-02 18:31:00+00:00,9500.0,9504.99,9496.45,9502.61,32.468968,2020,6,2
2020-06-02 18:32:00+00:00,9503.35,9506.75,9502.9,9505.0,23.367369,2020,6,2
2020-06-02 18:33:00+00:00,9505.0,9505.0,9498.74,9502.28,43.975621,2020,6,2
2020-06-02 18:34:00+00:00,9502.28,9505.0,9500.0,9501.38,15.222685,2020,6,2
2020-06-02 18:35:00+00:00,9501.38,9504.84,9500.0,9502.31,24.126285,2020,6,2
2020-06-02 18:36:00+00:00,9502.39,9514.99,9501.9,9510.47,42.828623,2020,6,2
2020-06-02 18:37:00+00:00,9510.46,9511.0,9503.61,9510.36,57.620616,2020,6,2
2020-06-02 18:38:00+00:00,9510.33,9511.0,9506.53,9511.0,38.915094,2020,6,2
2020-06-02 18:39:00+00:00,9511.0,9513.16,9508.02,9512.7,60.688921,2020,6,2
2020-06-02 18:40:00+00:00,9512.67,9518.56,9512.66,9517.01,30.170043,2020,6,2
2020-06-02 18:41:00+00:00,9517.0,9518.28,9515.01,9517.95,20.44071,2020,6,2
2020-06-02 18:42:00+00:00,9517.91,9519.68,9516.92,9518.05,12.019577,2020,6,2
2020-06-02 18:43:00+00:00,9518.05,9520.0,9518.04,9520.0,13.973368,2020,6,2
2020-06-02 18:44:00+00:00,9520.0,9522.61,9519.0,9520.94,31.329186,2020,6,2
2020-06-02 18:45:00+00:00,9520.94,9522.86,9511.51,9514.29,31.52717,2020,6,2
2020-06-02 18:46:00+00:00,9513.75,9517.34,9512.11,9512.11,14.845566,2020,6,2
2020-06-02 18:47:00+00:00,9512.53,9517.01,9512.05,9513.03,22.988248,2020,6,2
2020-06-02 18:48:00+00:00,9513.03,9513.53,9500.0,9502.25,48.161111,2020,6,2
2020-06-02 18:49:00+00:00,9501.99,9507.17,9500.1,9505.27,15.493831,2020,6,2
2020-06-02 18:50:00+00:00,9506.56,9510.0,9506.14,9508.42,16.913485,2020,6,2
2020-06-02 18:51:00+00:00,9508.42,9509.44,9500.49,9502.58,21.358136,2020,6,2
2020-06-02 18:52:00+00:00,9502.63,9506.17,9501.0,9505.01,21.296224,2020,6,2
2020-06-02 18:53:00+00:00,9505.0,9507.0,9505.0,9506.01,17.738557,2020,6,2
2020-06-02 18:54:00+00:00,9506.04,9506.67,9506.0,9506.0,13.882055,2020,6,2
2020-06-02 18:55:00+00:00,9506.0,9509.08,9503.87,9505.02,18.128567,2020,6,2
2020-06-02 18:56:00+00:00,9505.01,9508.92,9501.26,9507.34,26.601464,2020,6,2
2020-06-02 18:57:00+00:00,9507.33,9514.99,9507.33,9509.53,52.110681,2020,6,2
2020-06-02 18:58:00+00:00,9509.61,9515.0,9508.95,9512.74,28.088506,2020,6,2
2020-06-02 18:59:00+00:00,9512.74,9515.1,9506.44,9513.04,40.549484,2020,6,2
2020-06-02 19:00:00+00:00,9513.04,9513.29,9497.0,9498.03,134.794213,2020,6,2
2020-06-02 19:01:00+00:00,9498.59,9505.69,9496.93,9502.0,27.112069,2020,6,2
2020-06-02 19:02:00+00:00,9502.0,9503.01,9491.0,9495.88,51.07191,2020,6,2
2020-06-02 19:03:00+00:00,9496.0,9497.64,9492.82,9493.75,13.500024,2020,6,2
2020-06-02 19:04:00+00:00,9493.75,9499.5,9490.0,9496.53,34.118599,2020,6,2
2020-06-02 19:05:00+00:00,9496.87,9497.63,9493.52,9494.17,19.147875,2020,6,2
2020-06-02 19:06:00+00:00,9494.17,9496.12,9492.4,9492.53,13.54542,2020,6,2
2020-06-02 19:07:00+00:00,9493.1,9498.12,9490.55,9497.14,16.206663,2020,6,2
2020-06-02 19:08:00+00:00,9497.72,9500.0,9495.0,9500.0,30.092555,2020,6,2
2020-06-02 19:09:00+00:00,9499.99,9499.99,9495.06,9497.03,9.904647,2020,6,2
2020-06-02 19:10:00+00:00,9496.86,9498.69,9494.62,9498.69,16.671242,2020,6,2
2020-06-02 19:11:00+00:00,9497.87,9515.34,9497.83,9508.32,54.124455,2020,6,2
2020-06-02 19:12:00+00:00,9508.39,9512.58,9506.59,9511.16,22.10301,2020,6,2
2020-06-02 19:13:00+00:00,9511.16,9511.17,9506.64,9508.42,14.470182,2020,6,2
2020-06-02 19:14:00+00:00,9508.42,9510.78,9500.13,9500.63,33.814905,2020,6,2
2020-06-02 19:15:00+00:00,9501.01,9503.45,9500.0,9502.76,21.213589,2020,6,2
2020-06-02 19:16:00+00:00,9502.88,9507.73,9500.0,9503.02,19.253929,2020,6,2
2020-06-02 19:17:00+00:00,9502.97,9506.8,9502.01,9506.79,18.338925,2020,6,2
2020-06-02 19:18:00+00:00,9506.79,9506.8,9504.0,9506.8,13.700811,2020,6,2
2020-06-02 19:19:00+00:00,9506.8,9510.39,9506.0,9510.39,15.847972,2020,6,2
2020-06-02 19:20:00+00:00,9510.39,9523.76,9509.88,9522.63,38.594877,2020,6,2
2020-06-02 19:21:00+00:00,9522.64,9529.49,9520.99,9523.29,41.619294,2020,6,2
2020-06-02 19:22:00+00:00,9523.3,9526.35,9516.74,9521.12,42.245733,2020,6,2
2020-06-02 19:23:00+00:00,9521.26,9522.45,9515.0,9521.89,25.740342,2020,6,2
2020-06-02 19:24:00+00:00,9521.9,9525.0,9517.73,9524.99,73.742394,2020,6,2
2020-06-02 19:25:00+00:00,9525.0,9527.99,9520.0,9526.2,32.61165,2020,6,2
2020-06-02 19:26:00+00:00,9525.93,9526.12,9520.0,9521.42,25.897039,2020,6,2
2020-06-02 19:27:00+00:00,9521.46,9524.86,9520.28,9522.0,14.77915,2020,6,2
2020-06-02 19:28:00+00:00,9521.99,9526.81,9517.44,9523.99,34.372013,2020,6,2
2020-06-02 19:29:00+00:00,9523.87,9533.0,9521.32,9529.68,37.349367,2020,6,2
2020-06-02 19:30:00+00:00,9530.41,9535.0,9526.25,9529.8,28.402401,2020,6,2
2020-06-02 19:31:00+00:00,9529.85,9531.6,9520.32,9526.99,27.237383,2020,6,2
2020-06-02 19:32:00+00:00,9526.2,9528.24,9522.25,9524.67,9.021331,2020,6,2
2020-06-02 19:33:00+00:00,9524.67,9528.39,9524.67,9527.06,7.962837,2020,6,2
2020-06-02 19:34:00+00:00,9527.06,9530.0,9524.79,9524.8,16.591641,2020,6,2
2020-06-02 19:35:00+00:00,9524.79,9524.79,9512.39,9517.78,27.200902,2020,6,2
2020-06-02 19:36:00+00:00,9517.71,9519.23,9515.35,9518.0,7.782574,2020,6,2
2020-06-02 19:37:00+00:00,9518.0,9526.8,9517.64,9520.59,24.685599,2020,6,2
2020-06-02 19:38:00+00:00,9521.31,9527.17,9521.31,9523.72,11.467616,2020,6,2
2020-06-02 19:39:00+00:00,9524.56,9527.4,9522.53,9526.0,14.628472,2020,6,2
2020-06-02 19:40:00+00:00,9525.69,9526.17,9518.88,9524.83,15.725738,2020,6,2
2020-06-02 19:41:00+00:00,9524.83,9526.09,9514.59,9514.66,21.074206,2020,6,2
2020-06-02 19:42:00+00:00,9515.68,9518.94,9512.0,9514.28,26.285287,2020,6,2
2020-06-02 19:43:00+00:00,9514.29,9520.0,9512.85,9519.71,23.041646,2020,6,2
2020-06-02 19:44:00+00:00,9519.7,9520.0,9518.94,9519.93,21.374815,2020,6,2
2020-06-02 19:45:00+00:00,9519.94,9520.0,9519.89,9519.92,15.26342,2020,6,2
2020-06-02 19:46:00+00:00,9519.93,9520.0,9515.78,9516.75,53.67166,2020,6,2
2020-06-02 19:47:00+00:00,9516.75,9527.77,9516.75,9525.13,63.058599,2020,6,2
2020-06-02 19:48:00+00:00,9525.13,9530.0,9524.97,9529.48,34.238347,2020,6,2
2020-06-02 19:49:00+00:00,9529.48,9530.0,9524.99,9527.49,40.814859,2020,6,2
2020-06-02 19:50:00+00:00,9527.82,9533.72,9524.0,9527.55,40.648346,2020,6,2
2020-06-02 19:51:00+00:00,9527.37,9529.99,9523.7,9526.28,30.77221,2020,6,2
2020-06-02 19:52:00+00:00,9526.28,9527.96,9520.56,9521.27,27.58435,2020,6,2
2020-06-02 19:53:00+00:00,9521.03,9525.0,9520.08,9520.87,21.377022,2020,6,2
2020-06-02 19:54:00+00:00,9520.86,9528.7,9520.85,9528.19,18.048656,2020,6,2
2020-06-02 19:55:00+00:00,9528.19,9529.87,9517.02,9521.7,45.311143,2020,6,2
2020-06-02 19:56:00+00:00,9521.65,9523.47,9518.01,9523.26,17.251979,2020,6,2
2020-06-02 19:57:00+00:00,9523.32,9527.0,9522.33,9524.0,16.31053,2020,6,2
2020-06-02 19:58:00+00:00,9524.01,9527.53,9524.0,9526.84,16.916788,2020,6,2
2020-06-02 19:59:00+00:00,9526.84,9529.2,9502.72,9508.83,62.592908,2020,6,2
2020-06-02 20:00:00+00:00,9507.69,9508.38,9495.0,9498.4,88.3679,2020,6,2
2020-06-02 20:01:00+00:00,9498.56,9505.79,9497.9,9497.9,33.604787,2020,6,2
2020-06-02 20:02:00+00:00,9498.87,9507.4,9498.31,9502.67,31.225681,2020,6,2
2020-06-02 20:03:00+00:00,9502.49,9508.83,9500.28,9501.98,36.90872,2020,6,2
2020-06-02 20:04:00+00:00,9501.52,9501.99,9495.0,9501.98,41.201127,2020,6,2
2020-06-02 20:05:00+00:00,9501.98,9502.62,9496.96,9498.0,23.893364,2020,6,2
2020-06-02 20:06:00+00:00,9498.0,9501.49,9494.0,9499.23,24.448694,2020,6,2
2020-06-02 20:07:00+00:00,9499.23,9502.29,9495.0,9495.87,28.419844,2020,6,2
2020-06-02 20:08:00+00:00,9495.87,9497.82,9495.01,9496.06,9.421888,2020,6,2
2020-06-02 20:09:00+00:00,9496.1,9501.46,9495.0,9497.77,35.19942,2020,6,2
2020-06-02 20:10:00+00:00,9498.14,9499.47,9495.0,9496.26,18.961276,2020,6,2
2020-06-02 20:11:00+00:00,9496.26,9500.0,9495.01,9496.54,20.114912,2020,6,2
2020-06-02 20:12:00+00:00,9496.55,9497.31,9451.0,9465.74,298.319019,2020,6,2
2020-06-02 20:13:00+00:00,9465.74,9476.0,9462.86,9474.98,70.644589,2020,6,2
2020-06-02 20:14:00+00:00,9474.99,9477.97,9470.59,9471.89,23.686736,2020,6,2
2020-06-02 20:15:00+00:00,9470.59,9475.0,9468.03,9473.49,23.399223,2020,6,2
2020-06-02 20:16:00+00:00,9473.61,9491.16,9470.96,9489.12,83.59926,2020,6,2
2020-06-02 20:17:00+00:00,9489.13,9492.26,9483.19,9486.18,33.148915,2020,6,2
2020-06-02 20:18:00+00:00,9486.18,9490.0,9482.55,9488.38,26.142756,2020,6,2
2020-06-02 20:19:00+00:00,9488.87,9493.37,9480.39,9486.33,49.535331,2020,6,2
2020-06-02 20:20:00+00:00,9486.44,9490.29,9485.3,9489.25,26.310412,2020,6,2
2020-06-02 20:21:00+00:00,9489.26,9489.4,9477.73,9479.5,95.196857,2020,6,2
2020-06-02 20:22:00+00:00,9479.56,9480.99,9472.57,9476.32,27.137772,2020,6,2
2020-06-02 20:23:00+00:00,9476.35,9480.33,9473.91,9477.41,26.571064,2020,6,2
2020-06-02 20:24:00+00:00,9477.97,9481.9,9475.0,9481.9,47.260371,2020,6,2
2020-06-02 20:25:00+00:00,9481.9,9492.17,9481.89,9490.68,28.738909,2020,6,2
2020-06-02 20:26:00+00:00,9490.9,9495.73,9488.83,9495.0,39.824477,2020,6,2
2020-06-02 20:27:00+00:00,9495.0,9495.01,9482.21,9494.04,117.773749,2020,6,2
2020-06-02 20:28:00+00:00,9493.21,9493.71,9489.1,9489.87,16.409165,2020,6,2
2020-06-02 20:29:00+00:00,9490.0,9494.79,9488.48,9493.27,25.352041,2020,6,2
2020-06-02 20:30:00+00:00,9493.27,9494.11,9489.18,9491.3,15.78007,2020,6,2
2020-06-02 20:31:00+00:00,9491.14,9493.24,9489.08,9491.2,20.052441,2020,6,2
2020-06-02 20:32:00+00:00,9491.19,9494.95,9488.0,9488.85,34.170555,2020,6,2
2020-06-02 20:33:00+00:00,9489.81,9492.68,9488.35,9492.68,10.311405,2020,6,2
2020-06-02 20:34:00+00:00,9490.3,9493.58,9488.22,9491.59,16.898383,2020,6,2
2020-06-02 20:35:00+00:00,9492.28,9494.99,9490.69,9492.59,14.743531,2020,6,2
2020-06-02 20:36:00+00:00,9493.21,9498.98,9492.11,9498.52,13.1293,2020,6,2
2020-06-02 20:37:00+00:00,9498.52,9500.0,9495.0,9495.37,9.437026,2020,6,2
2020-06-02 20:38:00+00:00,9495.28,9495.36,9492.93,9493.99,13.857743,2020,6,2
2020-06-02 20:39:00+00:00,9493.67,9496.91,9493.28,9495.08,23.934304,2020,6,2
2020-06-02 20:40:00+00:00,9495.33,9495.37,9493.78,9493.79,12.899972,2020,6,2
2020-06-02 20:41:00+00:00,9493.78,9494.49,9491.26,9494.49,11.043887,2020,6,2
2020-06-02 20:42:00+00:00,9494.48,9495.37,9492.64,9495.26,10.072031,2020,6,2
2020-06-02 20:43:00+00:00,9495.25,9495.37,9494.0,9494.04,7.404751,2020,6,2
2020-06-02 20:44:00+00:00,9494.0,9495.37,9493.0,9495.37,17.012886,2020,6,2
2020-06-02 20:45:00+00:00,9495.36,9497.92,9492.22,9493.18,23.16571,2020,6,2
2020-06-02 20:46:00+00:00,9492.99,9494.49,9491.97,9493.55,13.986886,2020,6,2
2020-06-02 20:47:00+00:00,9493.18,9494.49,9490.86,9491.49,21.382938,2020,6,2
2020-06-02 20:48:00+00:00,9491.69,9492.0,9490.0,9491.06,19.260098,2020,6,2
2020-06-02 20:49:00+00:00,9491.49,9491.61,9488.81,9489.25,13.183606,2020,6,2
2020-06-02 20:50:00+00:00,9489.33,9491.0,9488.24,9490.1,15.318254,2020,6,2
2020-06-02 20:51:00+00:00,9489.87,9491.61,9488.0,9488.15,25.881812,2020,6,2
2020-06-02 20:52:00+00:00,9488.61,9490.11,9488.0,9489.9,17.728366,2020,6,2
2020-06-02 20:53:00+00:00,9489.42,9495.0,9489.09,9495.0,34.648318,2020,6,2
2020-06-02 20:54:00+00:00,9495.0,9529.37,9494.04,9515.88,143.686758,2020,6,2
2020-06-02 20:55:00+00:00,9515.9,9521.64,9509.75,9517.65,34.202612,2020,6,2
2020-06-02 20:56:00+00:00,9517.65,9522.38,9517.28,9522.37,10.270848,2020,6,2
2020-06-02 20:57:00+00:00,9522.38,9524.55,9519.7,9522.44,32.232117,2020,6,2
2020-06-02 20:58:00+00:00,9522.94,9524.98,9522.5,9524.16,8.82018,2020,6,2
2020-06-02 20:59:00+00:00,9524.16,9525.0,9521.0,9521.0,17.133771,2020,6,2
2020-06-02 21:00:00+00:00,9521.0,9522.36,9511.02,9512.08,25.930109,2020,6,2
2020-06-02 21:01:00+00:00,9513.25,9515.01,9511.37,9514.01,10.680253,2020,6,2
2020-06-02 21:02:00+00:00,9514.01,9515.01,9510.41,9512.45,13.267638,2020,6,2
2020-06-02 21:03:00+00:00,9512.4,9516.24,9512.02,9513.48,7.277771,2020,6,2
2020-06-02 21:04:00+00:00,9513.08,9514.0,9512.82,9513.2,7.112451,2020,6,2
2020-06-02 21:05:00+00:00,9513.51,9519.5,9513.51,9518.82,12.686622,2020,6,2
2020-06-02 21:06:00+00:00,9517.44,9522.0,9517.44,9520.71,19.007819,2020,6,2
2020-06-02 21:07:00+00:00,9520.58,9522.97,9519.03,9521.35,12.000828,2020,6,2
2020-06-02 21:08:00+00:00,9521.11,9522.94,9516.28,9516.89,13.870265,2020,6,2
2020-06-02 21:09:00+00:00,9516.97,9518.97,9516.67,9517.7,14.831341,2020,6,2
2020-06-02 21:10:00+00:00,9517.7,9518.64,9516.01,9516.93,13.712421,2020,6,2
2020-06-02 21:11:00+00:00,9516.07,9519.0,9516.0,9517.96,13.243953,2020,6,2
2020-06-02 21:12:00+00:00,9517.98,9518.0,9516.81,9517.17,9.511935,2020,6,2
2020-06-02 21:13:00+00:00,9517.18,9520.88,9517.13,9520.84,12.501399,2020,6,2
2020-06-02 21:14:00+00:00,9520.81,9520.87,9517.59,9520.81,18.816115,2020,6,2
2020-06-02 21:15:00+00:00,9520.87,9520.87,9507.85,9512.66,36.396475,2020,6,2
2020-06-02 21:16:00+00:00,9513.13,9513.57,9510.0,9512.0,12.347384,2020,6,2
2020-06-02 21:17:00+00:00,9511.93,9513.38,9510.9,9511.98,9.651056,2020,6,2
2020-06-02 21:18:00+00:00,9512.63,9514.47,9510.9,9511.52,10.04455,2020,6,2
2020-06-02 21:19:00+00:00,9512.13,9517.82,9510.0,9515.41,28.396845,2020,6,2
2020-06-02 21:20:00+00:00,9517.41,9521.35,9514.56,9518.28,14.612902,2020,6,2
2020-06-02 21:21:00+00:00,9518.28,9520.0,9516.4,9518.65,21.310611,2020,6,2
2020-06-02 21:22:00+00:00,9518.62,9520.0,9517.92,9519.78,9.27465,2020,6,2
2020-06-02 21:23:00+00:00,9519.77,9520.0,9518.15,9519.97,21.651179,2020,6,2
2020-06-02 21:24:00+00:00,9519.98,9524.98,9518.15,9522.81,41.80075,2020,6,2
2020-06-02 21:25:00+00:00,9522.95,9527.0,9522.81,9524.99,19.391535,2020,6,2
2020-06-02 21:26:00+00:00,9524.99,9525.6,9523.66,9524.82,8.718553,2020,6,2
2020-06-02 21:27:00+00:00,9524.85,9525.26,9524.23,9525.25,9.096628,2020,6,2
2020-06-02 21:28:00+00:00,9525.25,9530.0,9525.23,9529.34,44.429019,2020,6,2
2020-06-02 21:29:00+00:00,9530.0,9532.98,9528.11,9532.98,26.328034,2020,6,2
2020-06-02 21:30:00+00:00,9532.49,9535.33,9532.29,9534.09,17.472288,2020,6,2
2020-06-02 21:31:00+00:00,9534.09,9536.81,9533.45,9533.79,34.524919,2020,6,2
2020-06-02 21:32:00+00:00,9533.79,9536.41,9530.0,9530.67,43.571826,2020,6,2
2020-06-02 21:33:00+00:00,9531.52,9532.71,9526.1,9528.01,43.528241,2020,6,2
2020-06-02 21:34:00+00:00,9529.65,9534.95,9529.26,9532.96,16.248189,2020,6,2
2020-06-02 21:35:00+00:00,9532.72,9536.04,9532.72,9535.96,34.314561,2020,6,2
2020-06-02 21:36:00+00:00,9535.96,9537.98,9535.87,9536.44,15.620717,2020,6,2
2020-06-02 21:37:00+00:00,9536.43,9540.0,9536.41,9538.0,36.285577,2020,6,2
2020-06-02 21:38:00+00:00,9538.0,9539.89,9535.47,9538.0,29.673295,2020,6,2
2020-06-02 21:39:00+00:00,9535.48,9539.99,9535.02,9539.0,33.33613,2020,6,2
2020-06-02 21:40:00+00:00,9539.0,9539.99,9537.04,9539.73,13.274275,2020,6,2
2020-06-02 21:41:00+00:00,9539.43,9548.0,9539.43,9547.76,62.55805,2020,6,2
2020-06-02 21:42:00+00:00,9547.94,9551.8,9545.24,9546.99,134.832746,2020,6,2
2020-06-02 21:43:00+00:00,9546.99,9551.47,9546.78,9548.0,33.908277,2020,6,2
2020-06-02 21:44:00+00:00,9548.0,9549.97,9544.93,9544.96,28.653545,2020,6,2
2020-06-02 21:45:00+00:00,9545.23,9548.55,9540.12,9540.12,31.882978,2020,6,2
2020-06-02 21:46:00+00:00,9540.12,9540.53,9520.0,9527.95,97.977138,2020,6,2
2020-06-02 21:47:00+00:00,9526.31,9533.18,9526.16,9531.39,18.104459,2020,6,2
2020-06-02 21:48:00+00:00,9531.96,9535.38,9530.0,9531.43,15.593361,2020,6,2
2020-06-02 21:49:00+00:00,9531.33,9532.0,9528.13,9528.39,19.494664,2020,6,2
2020-06-02 21:50:00+00:00,9529.13,9536.16,9526.96,9532.42,34.97165,2020,6,2
2020-06-02 21:51:00+00:00,9531.45,9534.99,9530.72,9532.74,19.84469,2020,6,2
2020-06-02 21:52:00+00:00,9532.74,9533.2,9532.0,9532.03,11.44859,2020,6,2
2020-06-02 21:53:00+00:00,9532.0,9532.75,9532.0,9532.0,9.935642,2020,6,2
2020-06-02 21:54:00+00:00,9532.0,9534.0,9531.98,9531.99,11.274483,2020,6,2
2020-06-02 21:55:00+00:00,9531.98,9532.31,9520.0,9520.01,35.809135,2020,6,2
2020-06-02 21:56:00+00:00,9520.01,9525.72,9520.0,9523.52,22.541502,2020,6,2
2020-06-02 21:57:00+00:00,9523.51,9524.49,9520.58,9520.58,25.022919,2020,6,2
2020-06-02 21:58:00+00:00,9521.19,9524.35,9520.0,9522.01,17.205383,2020,6,2
2020-06-02 21:59:00+00:00,9522.01,9522.93,9520.0,9522.0,19.401748,2020,6,2
2020-06-02 22:00:00+00:00,9522.0,9537.36,9521.0,9535.3,32.057479,2020,6,2
2020-06-02 22:01:00+00:00,9536.25,9544.44,9534.19,9542.0,37.957326,2020,6,2
2020-06-02 22:02:00+00:00,9542.01,9542.49,9536.0,9536.28,17.681139,2020,6,2
2020-06-02 22:03:00+00:00,9536.73,9539.11,9532.87,9538.95,49.115852,2020,6,2
2020-06-02 22:04:00+00:00,9538.74,9544.55,9533.53,9535.78,36.296985,2020,6,2
2020-06-02 22:05:00+00:00,9535.69,9538.96,9532.96,9538.95,12.835744,2020,6,2
2020-06-02 22:06:00+00:00,9538.96,9544.56,9537.18,9543.62,9.69968,2020,6,2
2020-06-02 22:07:00+00:00,9543.62,9546.95,9541.76,9545.91,8.967468,2020,6,2
2020-06-02 22:08:00+00:00,9545.54,9546.68,9542.3,9542.81,21.323678,2020,6,2
2020-06-02 22:09:00+00:00,9542.82,9549.23,9540.0,9543.94,48.758488,2020,6,2
2020-06-02 22:10:00+00:00,9544.87,9550.0,9542.99,9547.97,42.246315,2020,6,2
2020-06-02 22:11:00+00:00,9548.13,9549.55,9541.03,9544.07,16.628851,2020,6,2
2020-06-02 22:12:00+00:00,9543.37,9547.16,9543.36,9544.68,10.947565,2020,6,2
2020-06-02 22:13:00+00:00,9545.28,9547.54,9544.69,9545.51,7.519217,2020,6,2
2020-06-02 22:14:00+00:00,9545.78,9547.76,9544.85,9547.41,12.904073,2020,6,2
2020-06-02 22:15:00+00:00,9547.4,9552.91,9540.0,9540.01,73.072443,2020,6,2
2020-06-02 22:16:00+00:00,9540.0,9540.01,9493.05,9515.93,234.32608,2020,6,2
2020-06-02 22:17:00+00:00,9515.92,9525.61,9513.28,9525.61,35.755721,2020,6,2
2020-06-02 22:18:00+00:00,9525.95,9527.18,9517.92,9524.0,15.164144,2020,6,2
2020-06-02 22:19:00+00:00,9524.01,9529.89,9521.13,9525.67,29.547673,2020,6,2
2020-06-02 22:20:00+00:00,9525.18,9530.61,9524.5,9525.25,11.740121,2020,6,2
2020-06-02 22:21:00+00:00,9525.19,9532.84,9524.51,9529.33,21.595439,2020,6,2
2020-06-02 22:22:00+00:00,9529.15,9530.49,9526.54,9529.48,10.195032,2020,6,2
2020-06-02 22:23:00+00:00,9529.47,9529.52,9528.0,9528.94,4.962249,2020,6,2
2020-06-02 22:24:00+00:00,9528.94,9531.42,9528.94,9530.09,8.519555,2020,6,2
2020-06-02 22:25:00+00:00,9530.07,9530.07,9525.0,9526.09,49.238086,2020,6,2
2020-06-02 22:26:00+00:00,9525.67,9527.0,9518.07,9519.52,27.381691,2020,6,2
2020-06-02 22:27:00+00:00,9519.81,9524.0,9515.5,9519.99,21.195882,2020,6,2
2020-06-02 22:28:00+00:00,9519.55,9521.07,9516.0,9518.8,11.849805,2020,6,2
2020-06-02 22:29:00+00:00,9518.8,9520.99,9515.54,9519.21,15.151213,2020,6,2
2020-06-02 22:30:00+00:00,9518.78,9519.04,9503.07,9504.68,47.275234,2020,6,2
2020-06-02 22:31:00+00:00,9504.61,9508.48,9496.97,9503.62,48.798629,2020,6,2
2020-06-02 22:32:00+00:00,9503.62,9508.13,9502.61,9503.94,21.473385,2020,6,2
2020-06-02 22:33:00+00:00,9504.08,9504.61,9497.57,9504.47,44.95946,2020,6,2
2020-06-02 22:34:00+00:00,9504.47,9508.25,9501.01,9504.0,23.909723,2020,6,2
2020-06-02 22:35:00+00:00,9504.0,9510.85,9503.94,9510.85,31.300182,2020,6,2
2020-06-02 22:36:00+00:00,9510.84,9513.58,9507.51,9511.95,15.852853,2020,6,2
2020-06-02 22:37:00+00:00,9511.95,9518.0,9511.23,9516.99,9.203747,2020,6,2
2020-06-02 22:38:00+00:00,9517.0,9528.0,9517.0,9526.18,17.793738,2020,6,2
2020-06-02 22:39:00+00:00,9526.18,9526.81,9517.0,9522.01,27.134874,2020,6,2
2020-06-02 22:40:00+00:00,9522.01,9524.28,9520.04,9522.38,9.682088,2020,6,2
2020-06-02 22:41:00+00:00,9520.88,9535.71,9518.48,9533.94,32.730408,2020,6,2
2020-06-02 22:42:00+00:00,9534.48,9535.61,9527.01,9530.01,17.140643,2020,6,2
2020-06-02 22:43:00+00:00,9530.01,9533.66,9529.39,9531.09,16.337815,2020,6,2
2020-06-02 22:44:00+00:00,9531.09,9535.0,9526.66,9526.73,24.747427,2020,6,2
2020-06-02 22:45:00+00:00,9526.74,9526.74,9523.71,9524.78,24.63225,2020,6,2
2020-06-02 22:46:00+00:00,9524.78,9529.49,9523.7,9529.11,17.328312,2020,6,2
2020-06-02 22:47:00+00:00,9528.14,9528.56,9526.19,9526.64,21.232925,2020,6,2
2020-06-02 22:48:00+00:00,9526.64,9530.0,9526.64,9528.55,17.148872,2020,6,2
2020-06-02 22:49:00+00:00,9528.55,9528.55,9525.2,9526.21,9.983299,2020,6,2
2020-06-02 22:50:00+00:00,9526.29,9526.29,9518.14,9520.4,17.03028,2020,6,2
2020-06-02 22:51:00+00:00,9520.37,9521.82,9513.52,9515.42,18.453348,2020,6,2
2020-06-02 22:52:00+00:00,9515.22,9515.22,9400.0,9451.55,691.156553,2020,6,2
2020-06-02 22:53:00+00:00,9451.55,9482.92,9451.55,9477.76,221.584167,2020,6,2
2020-06-02 22:54:00+00:00,9477.76,9489.53,9465.5,9482.08,93.317304,2020,6,2
2020-06-02 22:55:00+00:00,9482.09,9491.47,9477.56,9487.32,46.990162,2020,6,2
2020-06-02 22:56:00+00:00,9486.86,9491.0,9481.14,9488.34,31.375931,2020,6,2
2020-06-02 22:57:00+00:00,9488.65,9490.0,9476.0,9476.47,31.008108,2020,6,2
2020-06-02 22:58:00+00:00,9476.92,9485.97,9476.92,9484.97,37.565475,2020,6,2
2020-06-02 22:59:00+00:00,9484.43,9498.58,9482.53,9493.42,34.679094,2020,6,2
2020-06-02 23:00:00+00:00,9493.35,9501.73,9485.65,9497.38,46.154827,2020,6,2
2020-06-02 23:01:00+00:00,9497.37,9500.0,9482.07,9486.03,31.575464,2020,6,2
2020-06-02 23:02:00+00:00,9486.12,9488.96,9479.6,9479.82,28.792794,2020,6,2
2020-06-02 23:03:00+00:00,9479.76,9488.32,9478.92,9483.55,53.205806,2020,6,2
2020-06-02 23:04:00+00:00,9483.55,9489.19,9482.83,9483.84,45.580234,2020,6,2
2020-06-02 23:05:00+00:00,9483.84,9487.34,9481.06,9481.75,44.443291,2020,6,2
2020-06-02 23:06:00+00:00,9481.91,9488.54,9475.61,9475.64,55.496656,2020,6,2
2020-06-02 23:07:00+00:00,9475.64,9485.21,9475.0,9481.96,74.239495,2020,6,2
2020-06-02 23:08:00+00:00,9481.97,9484.93,9477.73,9479.55,21.209681,2020,6,2
2020-06-02 23:09:00+00:00,9479.6,9488.13,9478.77,9481.9,54.489626,2020,6,2
2020-06-02 23:10:00+00:00,9482.06,9483.26,9476.94,9476.94,16.17333,2020,6,2
2020-06-02 23:11:00+00:00,9476.93,9476.94,9460.0,9470.52,68.435168,2020,6,2
2020-06-02 23:12:00+00:00,9470.52,9481.41,9461.55,9477.2,47.759679,2020,6,2
2020-06-02 23:13:00+00:00,9476.82,9483.25,9473.76,9481.73,27.360862,2020,6,2
2020-06-02 23:14:00+00:00,9481.99,9488.29,9480.85,9486.81,29.404584,2020,6,2
2020-06-02 23:15:00+00:00,9486.97,9493.14,9486.55,9490.46,29.539284,2020,6,2
2020-06-02 23:16:00+00:00,9490.71,9492.24,9486.58,9492.13,12.7495,2020,6,2
2020-06-02 23:17:00+00:00,9491.66,9495.0,9484.99,9492.41,32.449145,2020,6,2
2020-06-02 23:18:00+00:00,9492.26,9492.75,9481.12,9483.39,20.986636,2020,6,2
2020-06-02 23:19:00+00:00,9482.15,9485.27,9478.52,9483.36,19.889269,2020,6,2
2020-06-02 23:20:00+00:00,9483.36,9485.62,9474.77,9481.62,49.124541,2020,6,2
2020-06-02 23:21:00+00:00,9481.62,9489.91,9480.75,9489.55,15.737018,2020,6,2
2020-06-02 23:22:00+00:00,9489.55,9489.92,9473.87,9478.87,42.95745,2020,6,2
2020-06-02 23:23:00+00:00,9479.01,9479.01,9470.39,9475.01,26.864974,2020,6,2
2020-06-02 23:24:00+00:00,9475.02,9484.88,9471.86,9482.0,53.834768,2020,6,2
2020-06-02 23:25:00+00:00,9481.99,9490.67,9481.59,9490.65,33.02982,2020,6,2
2020-06-02 23:26:00+00:00,9490.65,9513.91,9485.65,9508.33,61.731916,2020,6,2
2020-06-02 23:27:00+00:00,9508.33,9510.44,9501.87,9508.28,70.256735,2020,6,2
2020-06-02 23:28:00+00:00,9507.8,9510.97,9502.56,9506.51,24.596955,2020,6,2
2020-06-02 23:29:00+00:00,9506.5,9508.61,9500.86,9505.34,20.45074,2020,6,2
2020-06-02 23:30:00+00:00,9505.34,9507.29,9501.39,9507.29,24.607189,2020,6,2
2020-06-02 23:31:00+00:00,9506.98,9509.49,9500.68,9509.36,23.28632,2020,6,2
2020-06-02 23:32:00+00:00,9509.36,9512.94,9507.0,9511.65,20.314044,2020,6,2
2020-06-02 23:33:00+00:00,9511.65,9518.01,9510.41,9517.24,19.384253,2020,6,2
2020-06-02 23:34:00+00:00,9517.24,9518.49,9514.94,9517.59,19.629011,2020,6,2
2020-06-02 23:35:00+00:00,9518.0,9518.0,9508.53,9510.64,25.069472,2020,6,2
2020-06-02 23:36:00+00:00,9510.63,9515.49,9508.67,9508.67,18.777863,2020,6,2
2020-06-02 23:37:00+00:00,9508.67,9517.45,9508.63,9517.43,14.359826,2020,6,2
2020-06-02 23:38:00+00:00,9517.43,9518.01,9511.82,9514.04,36.155578,2020,6,2
2020-06-02 23:39:00+00:00,9514.04,9518.51,9514.0,9518.25,16.858096,2020,6,2
2020-06-02 23:40:00+00:00,9518.26,9518.26,9507.26,9509.05,17.331521,2020,6,2
2020-06-02 23:41:00+00:00,9507.85,9511.55,9507.01,9509.49,13.769013,2020,6,2
2020-06-02 23:42:00+00:00,9509.49,9515.82,9507.0,9507.49,24.703848,2020,6,2
2020-06-02 23:43:00+00:00,9507.49,9512.68,9507.0,9510.74,27.162393,2020,6,2
2020-06-02 23:44:00+00:00,9510.74,9510.74,9507.0,9507.29,11.094561,2020,6,2
2020-06-02 23:45:00+00:00,9507.29,9514.99,9507.0,9510.18,26.1716,2020,6,2
2020-06-02 23:46:00+00:00,9510.19,9514.99,9510.15,9513.68,15.723318,2020,6,2
2020-06-02 23:47:00+00:00,9513.67,9521.87,9507.84,9521.87,41.29,2020,6,2
2020-06-02 23:48:00+00:00,9521.86,9532.0,9519.0,9526.92,48.625735,2020,6,2
2020-06-02 23:49:00+00:00,9526.77,9531.11,9515.51,9517.44,42.415712,2020,6,2
2020-06-02 23:50:00+00:00,9517.43,9523.0,9517.43,9521.82,15.660922,2020,6,2
2020-06-02 23:51:00+00:00,9521.81,9525.0,9515.83,9523.84,29.704135,2020,6,2
2020-06-02 23:52:00+00:00,9523.46,9542.22,9523.36,9527.83,81.034879,2020,6,2
2020-06-02 23:53:00+00:00,9527.82,9527.82,9520.0,9520.01,19.292018,2020,6,2
2020-06-02 23:54:00+00:00,9520.01,9523.95,9515.53,9519.13,24.822053,2020,6,2
2020-06-02 23:55:00+00:00,9519.14,9521.85,9509.0,9512.0,64.517001,2020,6,2
2020-06-02 23:56:00+00:00,9512.0,9516.77,9507.6,9516.04,29.155291,2020,6,2
2020-06-02 23:57:00+00:00,9516.04,9523.63,9514.49,9520.92,18.249944,2020,6,2
2020-06-02 23:58:00+00:00,9521.69,9534.94,9520.6,9529.75,36.916396,2020,6,2
2020-06-02 23:59:00+00:00,9529.75,9531.25,9517.64,9518.04,31.469989,2020,6,2
2020-06-03 00:00:00+00:00,9518.02,9526.03,9506.57,9509.5,89.07256,2020,6,3
2020-06-03 00:01:00+00:00,9509.5,9509.5,9501.11,9502.56,25.33361,2020,6,3
2020-06-03 00:02:00+00:00,9502.47,9508.8,9496.71,9508.8,32.731446,2020,6,3
2020-06-03 00:03:00+00:00,9508.03,9514.55,9502.96,9506.74,21.68692,2020,6,3
2020-06-03 00:04:00+00:00,9506.51,9515.66,9506.5,9513.28,21.260618,2020,6,3
2020-06-03 00:05:00+00:00,9513.8,9514.67,9509.9,9512.62,12.995047,2020,6,3
2020-06-03 00:06:00+00:00,9512.32,9512.95,9500.0,9502.05,15.457762,2020,6,3
2020-06-03 00:07:00+00:00,9502.64,9507.97,9500.94,9506.93,13.068645,2020,6,3
2020-06-03 00:08:00+00:00,9506.93,9508.47,9500.0,9503.61,40.823095,2020,6,3
2020-06-03 00:09:00+00:00,9503.88,9515.76,9503.88,9513.63,26.789773,2020,6,3
2020-06-03 00:10:00+00:00,9513.41,9520.0,9512.93,9519.99,19.771456,2020,6,3
2020-06-03 00:11:00+00:00,9519.99,9530.88,9519.99,9529.51,23.02557,2020,6,3
2020-06-03 00:12:00+00:00,9529.52,9535.0,9525.43,9526.0,64.272384,2020,6,3
2020-06-03 00:13:00+00:00,9526.0,9528.87,9515.3,9528.2,58.287979,2020,6,3
2020-06-03 00:14:00+00:00,9528.19,9528.67,9520.01,9521.32,15.92997,2020,6,3
2020-06-03 00:15:00+00:00,9521.31,9526.4,9518.0,9522.31,20.662663,2020,6,3
2020-06-03 00:16:00+00:00,9522.62,9526.78,9514.7,9517.41,17.611772,2020,6,3
2020-06-03 00:17:00+00:00,9516.42,9523.7,9516.13,9519.89,17.232708,2020,6,3
2020-06-03 00:18:00+00:00,9519.39,9535.0,9518.1,9533.18,152.018543,2020,6,3
2020-06-03 00:19:00+00:00,9534.18,9537.52,9530.78,9533.74,37.902288,2020,6,3
2020-06-03 00:20:00+00:00,9533.74,9534.77,9525.92,9531.52,30.538051,2020,6,3
2020-06-03 00:21:00+00:00,9531.28,9540.0,9526.1,9537.41,32.361323,2020,6,3
2020-06-03 00:22:00+00:00,9536.72,9538.59,9527.94,9529.73,15.55404,2020,6,3
2020-06-03 00:23:00+00:00,9529.33,9532.05,9521.14,9525.64,31.12793,2020,6,3
2020-06-03 00:24:00+00:00,9525.64,9529.0,9524.75,9528.29,10.176577,2020,6,3
2020-06-03 00:25:00+00:00,9528.08,9533.58,9523.16,9527.5,37.311098,2020,6,3
2020-06-03 00:26:00+00:00,9526.96,9534.17,9526.73,9528.09,17.79661,2020,6,3
2020-06-03 00:27:00+00:00,9528.09,9531.9,9521.19,9525.59,34.732144,2020,6,3
2020-06-03 00:28:00+00:00,9524.47,9526.18,9517.41,9519.61,16.664066,2020,6,3
2020-06-03 00:29:00+00:00,9519.78,9524.25,9519.38,9523.0,8.543999,2020,6,3
2020-06-03 00:30:00+00:00,9523.22,9526.11,9521.22,9523.31,13.537338,2020,6,3
2020-06-03 00:31:00+00:00,9524.19,9529.33,9522.35,9524.41,17.590622,2020,6,3
2020-06-03 00:32:00+00:00,9525.4,9527.96,9523.96,9524.47,13.932337,2020,6,3
2020-06-03 00:33:00+00:00,9524.47,9530.72,9523.95,9525.59,17.185378,2020,6,3
2020-06-03 00:34:00+00:00,9525.6,9529.98,9525.6,9529.53,16.005341,2020,6,3
2020-06-03 00:35:00+00:00,9529.29,9530.9,9526.0,9527.65,13.251332,2020,6,3
2020-06-03 00:36:00+00:00,9527.65,9530.86,9526.0,9528.75,12.041878,2020,6,3
2020-06-03 00:37:00+00:00,9528.68,9529.0,9526.0,9528.76,9.323061,2020,6,3
2020-06-03 00:38:00+00:00,9528.59,9529.13,9527.0,9528.02,9.232422,2020,6,3
2020-06-03 00:39:00+00:00,9528.01,9529.99,9510.56,9510.7,37.735332,2020,6,3
2020-06-03 00:40:00+00:00,9511.06,9516.4,9503.74,9505.64,32.165543,2020,6,3
2020-06-03 00:41:00+00:00,9506.27,9507.0,9496.0,9506.93,78.837597,2020,6,3
2020-06-03 00:42:00+00:00,9505.94,9513.18,9505.63,9509.0,16.510601,2020,6,3
2020-06-03 00:43:00+00:00,9508.19,9511.0,9507.02,9508.95,12.987972,2020,6,3
2020-06-03 00:44:00+00:00,9509.4,9518.91,9509.4,9517.09,17.923309,2020,6,3
2020-06-03 00:45:00+00:00,9517.17,9520.0,9515.94,9519.36,4.851678,2020,6,3
2020-06-03 00:46:00+00:00,9519.36,9520.85,9513.57,9515.03,18.961413,2020,6,3
2020-06-03 00:47:00+00:00,9515.04,9524.46,9513.04,9522.59,12.086873,2020,6,3
2020-06-03 00:48:00+00:00,9521.95,9523.98,9519.63,9522.91,12.413992,2020,6,3
2020-06-03 00:49:00+00:00,9522.66,9524.53,9519.28,9519.28,13.438618,2020,6,3
2020-06-03 00:50:00+00:00,9520.34,9523.25,9510.18,9512.56,44.97457,2020,6,3
2020-06-03 00:51:00+00:00,9513.07,9522.0,9511.59,9522.0,35.309033,2020,6,3
2020-06-03 00:52:00+00:00,9522.0,9522.0,9519.19,9522.0,11.098073,2020,6,3
2020-06-03 00:53:00+00:00,9522.0,9522.0,9521.99,9521.99,3.73774,2020,6,3
2020-06-03 00:54:00+00:00,9521.99,9529.0,9521.99,9526.19,30.407191,2020,6,3
2020-06-03 00:55:00+00:00,9526.19,9529.61,9520.29,9521.45,27.452383,2020,6,3
2020-06-03 00:56:00+00:00,9521.28,9526.47,9520.26,9525.37,14.906736,2020,6,3
2020-06-03 00:57:00+00:00,9525.37,9528.68,9520.02,9522.16,22.049207,2020,6,3
2020-06-03 00:58:00+00:00,9522.15,9527.78,9520.3,9526.8,10.276943,2020,6,3
2020-06-03 00:59:00+00:00,9526.6,9528.78,9523.23,9527.2,8.452541,2020,6,3
2020-06-03 01:00:00+00:00,9527.33,9530.0,9521.72,9525.31,126.137196,2020,6,3
2020-06-03 01:01:00+00:00,9525.32,9529.42,9523.0,9525.33,11.776606,2020,6,3
2020-06-03 01:02:00+00:00,9525.34,9527.33,9524.24,9527.33,7.91589,2020,6,3
2020-06-03 01:03:00+00:00,9527.09,9527.1,9523.0,9523.01,10.079602,2020,6,3
2020-06-03 01:04:00+00:00,9523.01,9525.45,9518.36,9520.72,20.559127,2020,6,3
2020-06-03 01:05:00+00:00,9520.75,9525.0,9520.6,9520.72,12.508957,2020,6,3
2020-06-03 01:06:00+00:00,9520.72,9521.96,9516.99,9517.84,17.730858,2020,6,3
2020-06-03 01:07:00+00:00,9517.84,9519.97,9517.84,9519.55,7.397714,2020,6,3
2020-06-03 01:08:00+00:00,9519.56,9519.56,9514.62,9514.63,25.322527,2020,6,3
2020-06-03 01:09:00+00:00,9514.63,9519.9,9514.27,9518.68,12.377815,2020,6,3
2020-06-03 01:10:00+00:00,9518.67,9522.0,9516.13,9519.78,25.323301,2020,6,3
2020-06-03 01:11:00+00:00,9519.79,9520.19,9513.78,9513.78,13.589636,2020,6,3
2020-06-03 01:12:00+00:00,9513.78,9513.78,9509.98,9510.25,39.095747,2020,6,3
2020-06-03 01:13:00+00:00,9510.24,9517.44,9510.0,9510.41,22.253101,2020,6,3
2020-06-03 01:14:00+00:00,9510.41,9514.3,9508.92,9510.4,10.04707,2020,6,3
2020-06-03 01:15:00+00:00,9510.39,9514.49,9510.0,9510.99,6.180393,2020,6,3
2020-06-03 01:16:00+00:00,9510.98,9514.29,9509.04,9512.25,13.444024,2020,6,3
2020-06-03 01:17:00+00:00,9512.47,9514.94,9509.0,9509.01,34.117748,2020,6,3
2020-06-03 01:18:00+00:00,9509.01,9509.72,9503.0,9506.14,34.926954,2020,6,3
2020-06-03 01:19:00+00:00,9506.05,9506.08,9501.4,9502.57,17.190476,2020,6,3
2020-06-03 01:20:00+00:00,9502.57,9514.28,9502.57,9512.56,26.043161,2020,6,3
2020-06-03 01:21:00+00:00,9512.57,9512.74,9505.56,9506.92,21.052614,2020,6,3
2020-06-03 01:22:00+00:00,9506.91,9510.14,9504.64,9508.71,18.142851,2020,6,3
2020-06-03 01:23:00+00:00,9508.72,9512.62,9503.57,9504.66,14.525951,2020,6,3
2020-06-03 01:24:00+00:00,9504.55,9506.53,9496.38,9500.01,61.462603,2020,6,3
2020-06-03 01:25:00+00:00,9500.0,9506.53,9498.51,9506.53,24.232857,2020,6,3
2020-06-03 01:26:00+00:00,9506.53,9506.97,9500.01,9501.93,30.864506,2020,6,3
2020-06-03 01:27:00+00:00,9501.93,9503.97,9497.64,9499.05,30.332202,2020,6,3
2020-06-03 01:28:00+00:00,9499.08,9501.94,9493.1,9494.2,32.485271,2020,6,3
2020-06-03 01:29:00+00:00,9494.2,9500.43,9494.2,9495.38,32.969163,2020,6,3
2020-06-03 01:30:00+00:00,9495.4,9501.38,9495.0,9501.38,36.497159,2020,6,3
2020-06-03 01:31:00+00:00,9501.12,9504.02,9497.45,9497.47,23.853832,2020,6,3
2020-06-03 01:32:00+00:00,9497.47,9498.9,9495.63,9497.23,8.971859,2020,6,3
2020-06-03 01:33:00+00:00,9497.68,9503.68,9496.48,9501.5,18.741849,2020,6,3
2020-06-03 01:34:00+00:00,9501.02,9503.7,9496.6,9499.98,26.363273,2020,6,3
2020-06-03 01:35:00+00:00,9499.98,9502.29,9495.67,9498.73,19.347769,2020,6,3
2020-06-03 01:36:00+00:00,9498.3,9499.97,9497.61,9499.4,13.014981,2020,6,3
2020-06-03 01:37:00+00:00,9499.26,9504.38,9498.36,9504.38,26.03501,2020,6,3
2020-06-03 01:38:00+00:00,9503.31,9505.0,9497.51,9499.77,20.892455,2020,6,3
2020-06-03 01:39:00+00:00,9500.0,9504.94,9499.77,9502.17,9.399559,2020,6,3
2020-06-03 01:40:00+00:00,9502.43,9503.53,9500.0,9500.0,13.243885,2020,6,3
2020-06-03 01:41:00+00:00,9500.29,9500.56,9491.0,9499.99,40.218865,2020,6,3
2020-06-03 01:42:00+00:00,9500.0,9509.34,9499.61,9508.66,25.628986,2020,6,3
2020-06-03 01:43:00+00:00,9508.66,9508.67,9505.79,9505.89,10.206989,2020,6,3
2020-06-03 01:44:00+00:00,9507.15,9509.58,9506.15,9506.68,13.919809,2020,6,3
2020-06-03 01:45:00+00:00,9506.77,9509.77,9505.0,9508.5,8.931956,2020,6,3
2020-06-03 01:46:00+00:00,9508.37,9508.96,9503.08,9504.76,7.297157,2020,6,3
2020-06-03 01:47:00+00:00,9504.77,9509.62,9503.49,9504.22,19.668868,2020,6,3
2020-06-03 01:48:00+00:00,9504.22,9506.81,9492.74,9495.66,31.957702,2020,6,3
2020-06-03 01:49:00+00:00,9495.66,9500.85,9495.66,9500.3,17.502481,2020,6,3
2020-06-03 01:50:00+00:00,9500.3,9500.82,9495.68,9496.16,20.621442,2020,6,3
2020-06-03 01:51:00+00:00,9495.69,9500.0,9495.69,9499.97,17.924824,2020,6,3
2020-06-03 01:52:00+00:00,9500.0,9507.84,9499.93,9507.84,22.552819,2020,6,3
2020-06-03 01:53:00+00:00,9507.83,9507.83,9505.17,9505.17,16.269242,2020,6,3
2020-06-03 01:54:00+00:00,9505.18,9507.42,9505.15,9506.99,9.341341,2020,6,3
2020-06-03 01:55:00+00:00,9506.99,9506.99,9503.71,9505.64,5.510186,2020,6,3
2020-06-03 01:56:00+00:00,9506.06,9512.0,9506.06,9508.07,27.357304,2020,6,3
2020-06-03 01:57:00+00:00,9508.07,9508.17,9505.1,9506.14,8.37464,2020,6,3
2020-06-03 01:58:00+00:00,9506.0,9507.14,9500.91,9506.04,13.559046,2020,6,3
2020-06-03 01:59:00+00:00,9505.66,9507.9,9501.39,9504.17,10.299626,2020,6,3
2020-06-03 02:00:00+00:00,9504.12,9514.82,9503.54,9509.45,29.748299,2020,6,3
2020-06-03 02:01:00+00:00,9509.66,9515.77,9507.01,9509.59,18.538444,2020,6,3
2020-06-03 02:02:00+00:00,9509.59,9510.96,9505.42,9507.06,30.876723,2020,6,3
2020-06-03 02:03:00+00:00,9507.87,9510.28,9502.66,9505.27,10.474022,2020,6,3
2020-06-03 02:04:00+00:00,9505.31,9505.48,9499.77,9500.59,12.540591,2020,6,3
2020-06-03 02:05:00+00:00,9500.02,9501.91,9496.25,9498.45,17.817648,2020,6,3
2020-06-03 02:06:00+00:00,9499.52,9502.42,9496.59,9498.31,13.218152,2020,6,3
2020-06-03 02:07:00+00:00,9498.31,9498.53,9481.25,9493.88,74.20224,2020,6,3
2020-06-03 02:08:00+00:00,9494.14,9499.22,9469.63,9483.82,72.201111,2020,6,3
2020-06-03 02:09:00+00:00,9483.82,9493.28,9479.99,9483.75,33.156158,2020,6,3
2020-06-03 02:10:00+00:00,9483.65,9493.46,9483.65,9492.78,34.727391,2020,6,3
2020-06-03 02:11:00+00:00,9492.78,9492.82,9486.27,9490.31,14.408902,2020,6,3
2020-06-03 02:12:00+00:00,9489.98,9491.63,9483.1,9483.42,31.515104,2020,6,3
2020-06-03 02:13:00+00:00,9483.41,9497.06,9481.7,9490.73,39.278714,2020,6,3
2020-06-03 02:14:00+00:00,9490.73,9492.92,9485.05,9488.47,23.038174,2020,6,3
2020-06-03 02:15:00+00:00,9487.94,9492.17,9481.71,9484.9,14.246136,2020,6,3
2020-06-03 02:16:00+00:00,9484.9,9499.25,9484.9,9498.0,40.24122,2020,6,3
2020-06-03 02:17:00+00:00,9498.0,9498.0,9490.29,9493.52,19.792582,2020,6,3
2020-06-03 02:18:00+00:00,9493.5,9500.0,9493.5,9497.96,10.70326,2020,6,3
2020-06-03 02:19:00+00:00,9497.73,9497.75,9493.12,9493.94,8.24052,2020,6,3
2020-06-03 02:20:00+00:00,9493.94,9497.75,9492.88,9497.3,8.63542,2020,6,3
2020-06-03 02:21:00+00:00,9497.0,9505.27,9497.0,9497.79,29.60131,2020,6,3
2020-06-03 02:22:00+00:00,9497.79,9499.41,9493.67,9495.01,19.940701,2020,6,3
2020-06-03 02:23:00+00:00,9495.0,9498.7,9492.43,9494.29,11.409657,2020,6,3
2020-06-03 02:24:00+00:00,9494.52,9497.87,9492.0,9492.0,21.087803,2020,6,3
2020-06-03 02:25:00+00:00,9492.0,9492.62,9480.6,9484.01,17.580017,2020,6,3
2020-06-03 02:26:00+00:00,9484.01,9488.78,9483.01,9484.55,14.795334,2020,6,3
2020-06-03 02:27:00+00:00,9484.54,9489.23,9476.62,9478.78,33.124155,2020,6,3
2020-06-03 02:28:00+00:00,9478.79,9487.25,9477.39,9486.48,24.074315,2020,6,3
2020-06-03 02:29:00+00:00,9486.49,9496.13,9481.11,9489.08,28.022563,2020,6,3
2020-06-03 02:30:00+00:00,9489.19,9491.89,9484.98,9491.12,21.878539,2020,6,3
2020-06-03 02:31:00+00:00,9491.12,9495.8,9487.51,9492.2,23.656791,2020,6,3
2020-06-03 02:32:00+00:00,9492.2,9500.28,9492.2,9495.54,46.99657,2020,6,3
2020-06-03 02:33:00+00:00,9495.57,9501.09,9495.57,9496.63,27.465808,2020,6,3
2020-06-03 02:34:00+00:00,9496.8,9500.0,9490.01,9490.89,59.179477,2020,6,3
2020-06-03 02:35:00+00:00,9490.88,9506.79,9490.84,9502.33,27.171797,2020,6,3
2020-06-03 02:36:00+00:00,9503.16,9504.46,9496.12,9498.94,26.182484,2020,6,3
2020-06-03 02:37:00+00:00,9500.33,9502.39,9497.71,9500.0,29.179222,2020,6,3
2020-06-03 02:38:00+00:00,9500.0,9503.36,9495.77,9500.4,18.625704,2020,6,3
2020-06-03 02:39:00+00:00,9500.41,9500.75,9494.75,9498.35,12.829466,2020,6,3
2020-06-03 02:40:00+00:00,9498.85,9500.0,9494.65,9497.3,9.842028,2020,6,3
2020-06-03 02:41:00+00:00,9497.58,9504.49,9497.07,9500.21,18.391028,2020,6,3
2020-06-03 02:42:00+00:00,9500.22,9500.97,9494.55,9499.36,60.672162,2020,6,3
2020-06-03 02:43:00+00:00,9499.36,9499.99,9495.63,9496.99,26.839553,2020,6,3
2020-06-03 02:44:00+00:00,9496.99,9502.42,9496.99,9498.0,30.38879,2020,6,3
2020-06-03 02:45:00+00:00,9497.49,9500.61,9497.49,9498.5,10.967564,2020,6,3
2020-06-03 02:46:00+00:00,9498.7,9504.67,9497.83,9499.56,79.215281,2020,6,3
2020-06-03 02:47:00+00:00,9499.56,9502.61,9497.19,9502.6,9.441024,2020,6,3
2020-06-03 02:48:00+00:00,9502.59,9505.48,9501.58,9503.16,11.786228,2020,6,3
2020-06-03 02:49:00+00:00,9503.15,9505.83,9502.72,9505.83,11.210093,2020,6,3
2020-06-03 02:50:00+00:00,9505.83,9506.92,9505.07,9506.02,16.786526,2020,6,3
2020-06-03 02:51:00+00:00,9506.25,9508.0,9502.99,9504.24,33.978346,2020,6,3
2020-06-03 02:52:00+00:00,9504.51,9504.52,9502.23,9503.34,12.351609,2020,6,3
2020-06-03 02:53:00+00:00,9503.22,9508.71,9503.09,9507.97,18.521594,2020,6,3
2020-06-03 02:54:00+00:00,9507.97,9507.97,9497.0,9497.0,21.920172,2020,6,3
2020-06-03 02:55:00+00:00,9497.0,9502.96,9495.11,9495.11,27.929927,2020,6,3
2020-06-03 02:56:00+00:00,9496.22,9500.2,9494.85,9496.5,24.036583,2020,6,3
2020-06-03 02:57:00+00:00,9496.09,9496.16,9490.01,9492.95,29.022187,2020,6,3
2020-06-03 02:58:00+00:00,9492.31,9494.48,9488.43,9494.34,57.100548,2020,6,3
2020-06-03 02:59:00+00:00,9494.34,9494.34,9487.64,9489.63,26.878795,2020,6,3
2020-06-03 03:00:00+00:00,9489.62,9489.62,9484.49,9485.58,27.25621,2020,6,3
2020-06-03 03:01:00+00:00,9486.05,9489.38,9482.98,9483.45,10.237858,2020,6,3
2020-06-03 03:02:00+00:00,9484.01,9488.24,9482.61,9486.93,9.424318,2020,6,3
2020-06-03 03:03:00+00:00,9486.93,9491.74,9486.24,9489.27,16.040447,2020,6,3
2020-06-03 03:04:00+00:00,9489.9,9491.12,9483.47,9487.73,25.265253,2020,6,3
2020-06-03 03:05:00+00:00,9487.98,9490.53,9485.69,9488.79,9.597452,2020,6,3
2020-06-03 03:06:00+00:00,9487.54,9493.81,9484.23,9492.8,30.055511,2020,6,3
2020-06-03 03:07:00+00:00,9492.68,9494.5,9488.26,9493.68,13.404109,2020,6,3
2020-06-03 03:08:00+00:00,9493.68,9494.01,9488.0,9488.97,8.478757,2020,6,3
2020-06-03 03:09:00+00:00,9489.41,9493.78,9488.35,9493.46,9.290811,2020,6,3
2020-06-03 03:10:00+00:00,9493.47,9493.47,9488.28,9488.69,21.63663,2020,6,3
2020-06-03 03:11:00+00:00,9488.72,9489.02,9486.38,9487.54,9.647097,2020,6,3
2020-06-03 03:12:00+00:00,9487.54,9493.47,9487.06,9491.16,21.628713,2020,6,3
2020-06-03 03:13:00+00:00,9491.17,9491.17,9488.02,9489.93,6.775246,2020,6,3
2020-06-03 03:14:00+00:00,9489.63,9491.0,9481.29,9491.0,37.088863,2020,6,3
2020-06-03 03:15:00+00:00,9491.06,9493.09,9489.34,9490.92,20.202006,2020,6,3
2020-06-03 03:16:00+00:00,9490.92,9498.21,9490.92,9496.0,28.334174,2020,6,3
2020-06-03 03:17:00+00:00,9496.02,9498.22,9491.29,9497.1,14.03751,2020,6,3
2020-06-03 03:18:00+00:00,9497.16,9498.22,9493.49,9495.29,28.877708,2020,6,3
2020-06-03 03:19:00+00:00,9495.01,9502.0,9494.74,9498.82,19.750416,2020,6,3
2020-06-03 03:20:00+00:00,9498.73,9500.07,9494.0,9495.14,17.768515,2020,6,3
2020-06-03 03:21:00+00:00,9495.15,9499.75,9494.48,9496.78,14.18216,2020,6,3
2020-06-03 03:22:00+00:00,9496.24,9497.79,9495.4,9495.41,8.798497,2020,6,3
2020-06-03 03:23:00+00:00,9495.4,9498.11,9492.68,9493.98,10.005681,2020,6,3
2020-06-03 03:24:00+00:00,9493.98,9495.92,9492.76,9494.83,5.469886,2020,6,3
2020-06-03 03:25:00+00:00,9494.82,9496.09,9492.38,9493.04,12.475316,2020,6,3
2020-06-03 03:26:00+00:00,9493.04,9494.15,9489.0,9489.01,7.298852,2020,6,3
2020-06-03 03:27:00+00:00,9489.01,9491.7,9485.81,9489.71,9.68459,2020,6,3
2020-06-03 03:28:00+00:00,9491.28,9492.53,9488.61,9490.28,20.485127,2020,6,3
2020-06-03 03:29:00+00:00,9490.0,9490.0,9487.18,9488.59,25.503245,2020,6,3
2020-06-03 03:30:00+00:00,9488.59,9495.0,9488.59,9494.0,14.026066,2020,6,3
2020-06-03 03:31:00+00:00,9494.13,9494.99,9489.65,9492.45,24.255009,2020,6,3
2020-06-03 03:32:00+00:00,9492.45,9495.36,9490.0,9490.7,30.551487,2020,6,3
2020-06-03 03:33:00+00:00,9490.35,9495.86,9490.0,9491.72,11.115404,2020,6,3
2020-06-03 03:34:00+00:00,9491.74,9494.74,9490.43,9492.34,8.114652,2020,6,3
2020-06-03 03:35:00+00:00,9492.36,9496.03,9491.16,9492.08,9.660614,2020,6,3
2020-06-03 03:36:00+00:00,9492.08,9496.84,9492.08,9495.08,13.197512,2020,6,3
2020-06-03 03:37:00+00:00,9495.08,9496.53,9492.25,9494.66,13.226013,2020,6,3
2020-06-03 03:38:00+00:00,9494.66,9496.44,9494.66,9496.39,4.809273,2020,6,3
2020-06-03 03:39:00+00:00,9496.39,9498.21,9496.38,9498.14,4.932838,2020,6,3
2020-06-03 03:40:00+00:00,9498.14,9498.96,9494.45,9494.45,16.836388,2020,6,3
2020-06-03 03:41:00+00:00,9494.45,9494.45,9486.6,9486.61,42.702241,2020,6,3
2020-06-03 03:42:00+00:00,9486.6,9489.27,9485.3,9487.09,17.971431,2020,6,3
2020-06-03 03:43:00+00:00,9488.67,9490.92,9483.03,9484.86,78.516405,2020,6,3
2020-06-03 03:44:00+00:00,9485.89,9488.89,9484.16,9484.65,27.332072,2020,6,3
2020-06-03 03:45:00+00:00,9485.0,9490.29,9485.0,9486.13,22.098617,2020,6,3
2020-06-03 03:46:00+00:00,9486.11,9486.11,9483.4,9485.8,9.855778,2020,6,3
2020-06-03 03:47:00+00:00,9485.44,9487.48,9485.42,9485.92,7.998098,2020,6,3
2020-06-03 03:48:00+00:00,9485.92,9490.0,9485.92,9489.27,13.555555,2020,6,3
2020-06-03 03:49:00+00:00,9489.32,9491.62,9489.31,9490.88,10.096085,2020,6,3
2020-06-03 03:50:00+00:00,9490.87,9493.39,9490.87,9491.17,16.14672,2020,6,3
2020-06-03 03:51:00+00:00,9491.31,9501.97,9491.17,9497.62,28.352574,2020,6,3
2020-06-03 03:52:00+00:00,9497.85,9499.74,9492.61,9493.16,30.505293,2020,6,3
2020-06-03 03:53:00+00:00,9493.15,9493.56,9489.17,9489.26,15.622443,2020,6,3
2020-06-03 03:54:00+00:00,9489.25,9493.68,9487.99,9491.26,37.064281,2020,6,3
2020-06-03 03:55:00+00:00,9491.26,9494.98,9491.24,9493.85,17.463922,2020,6,3
2020-06-03 03:56:00+00:00,9493.98,9493.99,9490.19,9491.57,42.269188,2020,6,3
2020-06-03 03:57:00+00:00,9491.57,9491.58,9488.44,9489.34,11.7788,2020,6,3
2020-06-03 03:58:00+00:00,9489.21,9493.96,9487.8,9493.04,28.765915,2020,6,3
2020-06-03 03:59:00+00:00,9493.47,9493.57,9488.61,9491.99,4.354523,2020,6,3
2020-06-03 04:00:00+00:00,9491.58,9492.45,9485.95,9486.35,21.388371,2020,6,3
2020-06-03 04:01:00+00:00,9486.35,9489.93,9485.95,9486.61,12.697814,2020,6,3
2020-06-03 04:02:00+00:00,9487.08,9487.11,9480.17,9480.61,13.483732,2020,6,3
2020-06-03 04:03:00+00:00,9480.61,9486.81,9480.2,9483.91,35.032885,2020,6,3
2020-06-03 04:04:00+00:00,9484.17,9488.0,9483.48,9485.36,8.904872,2020,6,3
2020-06-03 04:05:00+00:00,9485.19,9485.19,9480.0,9482.59,28.174671,2020,6,3
2020-06-03 04:06:00+00:00,9482.62,9482.92,9480.25,9481.69,24.422364,2020,6,3
2020-06-03 04:07:00+00:00,9481.69,9490.29,9477.17,9488.62,56.015376,2020,6,3
2020-06-03 04:08:00+00:00,9488.75,9493.98,9486.09,9493.35,13.496986,2020,6,3
2020-06-03 04:09:00+00:00,9493.35,9493.99,9490.4,9492.0,10.710249,2020,6,3
2020-06-03 04:10:00+00:00,9492.0,9499.53,9492.0,9498.87,37.773365,2020,6,3
2020-06-03 04:11:00+00:00,9498.87,9502.14,9498.87,9499.53,39.882725,2020,6,3
2020-06-03 04:12:00+00:00,9499.53,9502.3,9495.17,9498.86,28.440673,2020,6,3
2020-06-03 04:13:00+00:00,9498.86,9499.98,9493.01,9495.12,23.702889,2020,6,3
2020-06-03 04:14:00+00:00,9495.13,9508.2,9495.0,9507.7,49.600614,2020,6,3
2020-06-03 04:15:00+00:00,9507.69,9508.22,9504.17,9507.15,27.550706,2020,6,3
2020-06-03 04:16:00+00:00,9506.2,9507.69,9504.58,9506.87,11.875142,2020,6,3
2020-06-03 04:17:00+00:00,9506.93,9507.57,9504.17,9504.5,12.676678,2020,6,3
2020-06-03 04:18:00+00:00,9504.7,9507.0,9504.68,9506.87,17.128859,2020,6,3
2020-06-03 04:19:00+00:00,9506.86,9508.48,9506.86,9506.97,7.476047,2020,6,3
2020-06-03 04:20:00+00:00,9506.97,9520.0,9504.83,9513.16,66.642364,2020,6,3
2020-06-03 04:21:00+00:00,9513.62,9518.81,9506.78,9508.7,28.798886,2020,6,3
2020-06-03 04:22:00+00:00,9508.83,9512.98,9506.98,9512.98,14.10938,2020,6,3
2020-06-03 04:23:00+00:00,9512.97,9520.0,9512.23,9512.48,27.784653,2020,6,3
2020-06-03 04:24:00+00:00,9512.48,9516.61,9512.48,9515.2,11.125088,2020,6,3
2020-06-03 04:25:00+00:00,9515.19,9515.2,9511.83,9512.77,24.153699,2020,6,3
2020-06-03 04:26:00+00:00,9512.75,9514.23,9507.0,9510.73,26.258855,2020,6,3
2020-06-03 04:27:00+00:00,9510.73,9516.34,9510.57,9512.68,34.150082,2020,6,3
2020-06-03 04:28:00+00:00,9512.68,9516.35,9512.68,9512.93,29.61019,2020,6,3
2020-06-03 04:29:00+00:00,9512.96,9519.0,9511.05,9515.0,26.272213,2020,6,3
2020-06-03 04:30:00+00:00,9515.39,9519.0,9515.06,9517.6,20.788716,2020,6,3
2020-06-03 04:31:00+00:00,9517.42,9523.83,9514.84,9516.61,83.080509,2020,6,3
2020-06-03 04:32:00+00:00,9516.61,9517.07,9512.2,9512.9,35.379295,2020,6,3
2020-06-03 04:33:00+00:00,9512.91,9513.45,9509.01,9510.78,29.507847,2020,6,3
2020-06-03 04:34:00+00:00,9511.42,9512.89,9509.93,9512.07,5.661062,2020,6,3
2020-06-03 04:35:00+00:00,9512.07,9512.15,9507.23,9510.96,17.034891,2020,6,3
2020-06-03 04:36:00+00:00,9510.95,9512.9,9509.63,9512.9,9.624225,2020,6,3
2020-06-03 04:37:00+00:00,9512.89,9512.9,9510.28,9510.29,13.788069,2020,6,3
2020-06-03 04:38:00+00:00,9510.28,9515.78,9510.17,9512.93,24.676252,2020,6,3
2020-06-03 04:39:00+00:00,9512.92,9515.21,9507.01,9509.92,38.55109,2020,6,3
2020-06-03 04:40:00+00:00,9509.92,9510.0,9505.19,9509.45,11.117669,2020,6,3
2020-06-03 04:41:00+00:00,9509.45,9513.9,9508.42,9509.66,22.542424,2020,6,3
2020-06-03 04:42:00+00:00,9509.66,9520.0,9509.66,9512.0,41.839011,2020,6,3
2020-06-03 04:43:00+00:00,9512.01,9516.99,9511.4,9511.66,6.412241,2020,6,3
2020-06-03 04:44:00+00:00,9511.84,9516.56,9511.7,9514.65,10.940329,2020,6,3
2020-06-03 04:45:00+00:00,9514.66,9514.99,9511.2,9511.81,9.020879,2020,6,3
2020-06-03 04:46:00+00:00,9511.31,9516.18,9510.17,9513.62,7.827929,2020,6,3
2020-06-03 04:47:00+00:00,9513.62,9514.49,9510.0,9512.54,7.843878,2020,6,3
2020-06-03 04:48:00+00:00,9512.12,9512.12,9510.1,9511.0,9.726817,2020,6,3
2020-06-03 04:49:00+00:00,9511.01,9512.87,9506.0,9511.12,14.900531,2020,6,3
2020-06-03 04:50:00+00:00,9510.85,9514.41,9508.04,9509.91,16.803744,2020,6,3
2020-06-03 04:51:00+00:00,9510.13,9512.03,9500.0,9501.61,30.811039,2020,6,3
2020-06-03 04:52:00+00:00,9502.02,9506.21,9500.37,9504.0,18.766992,2020,6,3
2020-06-03 04:53:00+00:00,9504.01,9505.92,9492.58,9500.01,32.538952,2020,6,3
2020-06-03 04:54:00+00:00,9500.01,9504.55,9496.35,9500.87,21.398585,2020,6,3
2020-06-03 04:55:00+00:00,9500.49,9505.0,9499.83,9499.88,13.088909,2020,6,3
2020-06-03 04:56:00+00:00,9499.88,9504.14,9498.67,9502.75,14.983145,2020,6,3
2020-06-03 04:57:00+00:00,9501.64,9504.13,9499.53,9503.46,6.071154,2020,6,3
2020-06-03 04:58:00+00:00,9502.81,9502.81,9494.98,9497.63,15.605181,2020,6,3
2020-06-03 04:59:00+00:00,9497.63,9500.36,9495.76,9497.15,7.522039,2020,6,3
2020-06-03 05:00:00+00:00,9497.63,9500.04,9494.96,9498.14,17.362951,2020,6,3
2020-06-03 05:01:00+00:00,9498.14,9502.89,9495.54,9502.12,11.903623,2020,6,3
2020-06-03 05:02:00+00:00,9502.49,9502.66,9498.68,9500.01,7.980266,2020,6,3
2020-06-03 05:03:00+00:00,9500.01,9503.76,9498.36,9502.58,8.053448,2020,6,3
2020-06-03 05:04:00+00:00,9502.87,9507.03,9501.41,9506.13,14.629991,2020,6,3
2020-06-03 05:05:00+00:00,9506.13,9506.69,9501.98,9503.58,11.509588,2020,6,3
2020-06-03 05:06:00+00:00,9503.25,9506.83,9499.41,9502.27,37.021474,2020,6,3
2020-06-03 05:07:00+00:00,9501.98,9504.59,9500.31,9502.07,6.306057,2020,6,3
2020-06-03 05:08:00+00:00,9502.07,9506.49,9497.1,9504.39,21.284037,2020,6,3
2020-06-03 05:09:00+00:00,9504.09,9506.97,9502.47,9506.26,12.387259,2020,6,3
2020-06-03 05:10:00+00:00,9505.5,9505.5,9499.0,9499.0,12.15671,2020,6,3
2020-06-03 05:11:00+00:00,9499.0,9501.06,9494.96,9495.0,11.598571,2020,6,3
2020-06-03 05:12:00+00:00,9495.01,9498.38,9494.25,9494.26,8.629295,2020,6,3
2020-06-03 05:13:00+00:00,9494.26,9497.8,9491.0,9495.85,19.485741,2020,6,3
2020-06-03 05:14:00+00:00,9495.86,9496.46,9490.94,9493.14,10.339898,2020,6,3
2020-06-03 05:15:00+00:00,9493.14,9493.15,9475.0,9483.87,125.751293,2020,6,3
2020-06-03 05:16:00+00:00,9483.87,9485.7,9478.0,9483.33,29.552388,2020,6,3
2020-06-03 05:17:00+00:00,9483.32,9485.27,9450.0,9450.0,182.037959,2020,6,3
2020-06-03 05:18:00+00:00,9450.35,9468.93,9450.35,9467.3,52.186706,2020,6,3
2020-06-03 05:19:00+00:00,9467.3,9467.3,9453.15,9460.0,111.069679,2020,6,3
2020-06-03 05:20:00+00:00,9460.0,9469.5,9459.99,9463.79,113.059214,2020,6,3
2020-06-03 05:21:00+00:00,9464.84,9471.21,9463.0,9465.45,46.367995,2020,6,3
2020-06-03 05:22:00+00:00,9465.49,9466.47,9456.13,9458.71,60.124769,2020,6,3
2020-06-03 05:23:00+00:00,9458.0,9458.01,9448.87,9453.11,75.675497,2020,6,3
2020-06-03 05:24:00+00:00,9452.7,9459.95,9450.0,9453.37,57.762996,2020,6,3
2020-06-03 05:25:00+00:00,9453.39,9453.66,9446.55,9448.93,53.93121,2020,6,3
2020-06-03 05:26:00+00:00,9448.93,9453.66,9446.06,9446.06,41.182305,2020,6,3
2020-06-03 05:27:00+00:00,9446.06,9447.96,9365.21,9433.86,681.868997,2020,6,3
2020-06-03 05:28:00+00:00,9433.87,9453.0,9433.86,9449.75,86.462584,2020,6,3
2020-06-03 05:29:00+00:00,9447.76,9455.85,9444.26,9449.55,80.286212,2020,6,3
2020-06-03 05:30:00+00:00,9450.06,9462.01,9447.49,9460.89,104.243625,2020,6,3
2020-06-03 05:31:00+00:00,9461.59,9495.05,9450.0,9491.61,90.548393,2020,6,3
2020-06-03 05:32:00+00:00,9492.82,9501.98,9488.68,9491.83,107.987703,2020,6,3
2020-06-03 05:33:00+00:00,9490.06,9496.6,9490.0,9495.73,39.956085,2020,6,3
2020-06-03 05:34:00+00:00,9495.45,9513.18,9493.48,9513.18,94.260954,2020,6,3
2020-06-03 05:35:00+00:00,9513.17,9515.0,9498.29,9500.65,51.154676,2020,6,3
2020-06-03 05:36:00+00:00,9500.53,9507.67,9494.18,9503.03,38.338605,2020,6,3
2020-06-03 05:37:00+00:00,9503.03,9505.53,9494.82,9496.22,33.824215,2020,6,3
2020-06-03 05:38:00+00:00,9496.22,9503.11,9496.22,9497.51,61.820663,2020,6,3
2020-06-03 05:39:00+00:00,9497.48,9509.99,9490.01,9509.99,78.275866,2020,6,3
2020-06-03 05:40:00+00:00,9509.7,9513.24,9499.25,9506.21,76.379376,2020,6,3
2020-06-03 05:41:00+00:00,9506.07,9507.42,9500.49,9503.28,56.485159,2020,6,3
2020-06-03 05:42:00+00:00,9504.99,9505.97,9496.3,9497.78,29.462952,2020,6,3
2020-06-03 05:43:00+00:00,9497.5,9502.63,9492.61,9499.24,63.444802,2020,6,3
2020-06-03 05:44:00+00:00,9499.56,9500.0,9491.69,9494.14,31.497023,2020,6,3
2020-06-03 05:45:00+00:00,9494.14,9524.08,9494.14,9518.48,79.516898,2020,6,3
2020-06-03 05:46:00+00:00,9518.48,9520.45,9510.8,9520.36,73.329914,2020,6,3
2020-06-03 05:47:00+00:00,9519.01,9519.26,9510.82,9516.0,30.72887,2020,6,3
2020-06-03 05:48:00+00:00,9516.04,9522.99,9505.77,9506.82,53.791812,2020,6,3
2020-06-03 05:49:00+00:00,9506.81,9513.49,9506.33,9506.4,38.674863,2020,6,3
2020-06-03 05:50:00+00:00,9506.39,9513.53,9506.39,9511.28,21.240566,2020,6,3
2020-06-03 05:51:00+00:00,9510.59,9528.42,9510.0,9526.58,66.805547,2020,6,3
2020-06-03 05:52:00+00:00,9527.34,9527.42,9517.4,9518.97,75.149228,2020,6,3
2020-06-03 05:53:00+00:00,9519.66,9519.66,9510.54,9512.25,13.371139,2020,6,3
2020-06-03 05:54:00+00:00,9512.29,9519.84,9512.0,9514.81,18.639896,2020,6,3
2020-06-03 05:55:00+00:00,9516.23,9519.0,9513.0,9517.0,7.278059,2020,6,3
2020-06-03 05:56:00+00:00,9517.0,9518.39,9516.41,9517.0,19.771349,2020,6,3
2020-06-03 05:57:00+00:00,9516.99,9524.02,9516.65,9517.49,58.334194,2020,6,3
2020-06-03 05:58:00+00:00,9518.52,9518.52,9510.69,9511.6,16.55353,2020,6,3
2020-06-03 05:59:00+00:00,9511.36,9515.0,9510.0,9515.0,14.034677,2020,6,3
2020-06-03 06:00:00+00:00,9514.99,9523.32,9514.99,9520.71,28.405334,2020,6,3
2020-06-03 06:01:00+00:00,9521.14,9525.51,9519.37,9520.69,55.225274,2020,6,3
2020-06-03 06:02:00+00:00,9520.12,9521.48,9512.03,9513.67,15.555745,2020,6,3
2020-06-03 06:03:00+00:00,9513.83,9523.08,9513.83,9521.29,15.027324,2020,6,3
2020-06-03 06:04:00+00:00,9521.29,9522.7,9515.26,9520.07,23.453432,2020,6,3
2020-06-03 06:05:00+00:00,9519.91,9522.66,9515.64,9521.78,27.271212,2020,6,3
2020-06-03 06:06:00+00:00,9521.77,9521.77,9511.25,9512.27,23.171811,2020,6,3
2020-06-03 06:07:00+00:00,9511.04,9516.45,9509.0,9511.35,21.775851,2020,6,3
2020-06-03 06:08:00+00:00,9511.35,9514.83,9509.19,9511.19,16.32402,2020,6,3
2020-06-03 06:09:00+00:00,9512.42,9519.99,9510.73,9519.99,8.974623,2020,6,3
2020-06-03 06:10:00+00:00,9519.99,9520.0,9515.52,9520.0,7.376161,2020,6,3
2020-06-03 06:11:00+00:00,9519.99,9520.88,9513.23,9518.21,16.418106,2020,6,3
2020-06-03 06:12:00+00:00,9518.92,9522.0,9517.77,9521.64,14.332214,2020,6,3
2020-06-03 06:13:00+00:00,9521.22,9528.11,9518.42,9526.06,29.868377,2020,6,3
2020-06-03 06:14:00+00:00,9526.05,9526.06,9518.47,9519.33,15.232568,2020,6,3
2020-06-03 06:15:00+00:00,9519.33,9528.45,9519.33,9524.24,13.99243,2020,6,3
2020-06-03 06:16:00+00:00,9524.24,9530.0,9522.2,9525.88,19.365849,2020,6,3
2020-06-03 06:17:00+00:00,9526.18,9526.94,9521.99,9522.3,25.148853,2020,6,3
2020-06-03 06:18:00+00:00,9521.99,9525.99,9518.41,9519.69,55.193265,2020,6,3
2020-06-03 06:19:00+00:00,9519.31,9521.08,9516.51,9518.15,12.206501,2020,6,3
2020-06-03 06:20:00+00:00,9518.53,9520.0,9515.0,9517.74,53.758203,2020,6,3
2020-06-03 06:21:00+00:00,9517.21,9520.0,9515.0,9515.0,12.325529,2020,6,3
2020-06-03 06:22:00+00:00,9515.01,9517.0,9515.0,9515.37,11.511327,2020,6,3
2020-06-03 06:23:00+00:00,9515.53,9515.53,9509.0,9510.16,51.252258,2020,6,3
2020-06-03 06:24:00+00:00,9510.16,9515.37,9510.16,9514.23,16.669727,2020,6,3
2020-06-03 06:25:00+00:00,9514.22,9517.07,9514.22,9515.01,16.194308,2020,6,3
2020-06-03 06:26:00+00:00,9515.0,9515.01,9513.71,9514.61,19.401813,2020,6,3
2020-06-03 06:27:00+00:00,9514.6,9520.0,9514.6,9519.99,20.650987,2020,6,3
2020-06-03 06:28:00+00:00,9519.99,9520.0,9516.24,9519.3,18.141096,2020,6,3
2020-06-03 06:29:00+00:00,9519.35,9519.92,9515.66,9517.04,25.161056,2020,6,3
2020-06-03 06:30:00+00:00,9517.04,9520.46,9517.04,9519.99,17.087009,2020,6,3
2020-06-03 06:31:00+00:00,9519.99,9520.51,9515.62,9517.03,25.912848,2020,6,3
2020-06-03 06:32:00+00:00,9517.0,9517.0,9498.89,9499.68,56.961098,2020,6,3
2020-06-03 06:33:00+00:00,9499.69,9507.12,9499.47,9500.01,46.827615,2020,6,3
2020-06-03 06:34:00+00:00,9500.11,9505.0,9499.11,9504.41,23.575077,2020,6,3
2020-06-03 06:35:00+00:00,9504.8,9512.44,9502.26,9509.6,34.684081,2020,6,3
2020-06-03 06:36:00+00:00,9510.39,9513.91,9507.98,9509.07,17.921782,2020,6,3
2020-06-03 06:37:00+00:00,9509.07,9513.52,9505.13,9511.25,15.38187,2020,6,3
2020-06-03 06:38:00+00:00,9511.25,9511.67,9506.48,9507.91,6.365897,2020,6,3
2020-06-03 06:39:00+00:00,9508.42,9509.75,9504.72,9509.0,13.375068,2020,6,3
2020-06-03 06:40:00+00:00,9509.01,9509.01,9506.61,9506.64,5.703552,2020,6,3
2020-06-03 06:41:00+00:00,9506.18,9508.0,9503.42,9505.4,7.452128,2020,6,3
2020-06-03 06:42:00+00:00,9505.53,9507.02,9505.53,9505.88,7.81852,2020,6,3
2020-06-03 06:43:00+00:00,9505.85,9524.33,9505.84,9515.77,50.19683,2020,6,3
2020-06-03 06:44:00+00:00,9515.77,9525.26,9515.76,9523.99,42.050259,2020,6,3
2020-06-03 06:45:00+00:00,9523.99,9524.79,9520.22,9520.98,21.241771,2020,6,3
2020-06-03 06:46:00+00:00,9520.9,9521.38,9514.3,9516.5,30.89101,2020,6,3
2020-06-03 06:47:00+00:00,9516.5,9517.19,9514.6,9515.08,11.550883,2020,6,3
2020-06-03 06:48:00+00:00,9514.82,9524.98,9514.43,9522.58,15.281393,2020,6,3
2020-06-03 06:49:00+00:00,9522.29,9523.52,9517.5,9520.35,16.245608,2020,6,3
2020-06-03 06:50:00+00:00,9520.76,9521.91,9517.07,9519.98,28.258757,2020,6,3
2020-06-03 06:51:00+00:00,9519.98,9520.49,9519.17,9519.98,12.985198,2020,6,3
2020-06-03 06:52:00+00:00,9519.98,9524.01,9519.98,9521.59,16.665212,2020,6,3
2020-06-03 06:53:00+00:00,9521.59,9521.6,9515.12,9517.15,18.238073,2020,6,3
2020-06-03 06:54:00+00:00,9517.15,9517.15,9506.51,9509.41,15.257141,2020,6,3
2020-06-03 06:55:00+00:00,9508.94,9519.6,9506.63,9515.6,26.623294,2020,6,3
2020-06-03 06:56:00+00:00,9515.6,9520.0,9514.42,9519.5,24.088743,2020,6,3
2020-06-03 06:57:00+00:00,9519.5,9519.57,9519.48,9519.48,12.726076,2020,6,3
2020-06-03 06:58:00+00:00,9519.48,9520.0,9518.59,9519.44,18.032502,2020,6,3
2020-06-03 06:59:00+00:00,9519.43,9519.45,9514.65,9517.63,21.299623,2020,6,3
2020-06-03 07:00:00+00:00,9517.64,9526.99,9517.63,9523.0,50.490754,2020,6,3
2020-06-03 07:01:00+00:00,9522.99,9522.99,9509.93,9509.93,66.196339,2020,6,3
2020-06-03 07:02:00+00:00,9509.34,9509.34,9485.98,9504.21,135.636023,2020,6,3
2020-06-03 07:03:00+00:00,9504.21,9512.49,9496.16,9506.6,36.142586,2020,6,3
2020-06-03 07:04:00+00:00,9506.59,9507.8,9498.86,9507.51,34.492843,2020,6,3
2020-06-03 07:05:00+00:00,9507.51,9510.0,9505.16,9505.85,35.210474,2020,6,3
2020-06-03 07:06:00+00:00,9506.6,9509.32,9503.71,9505.99,26.663951,2020,6,3
2020-06-03 07:07:00+00:00,9506.0,9508.99,9505.45,9507.71,15.009606,2020,6,3
2020-06-03 07:08:00+00:00,9507.89,9512.79,9507.66,9508.96,18.237985,2020,6,3
2020-06-03 07:09:00+00:00,9508.96,9508.96,9504.51,9508.55,23.281477,2020,6,3
2020-06-03 07:10:00+00:00,9508.56,9510.47,9502.56,9509.1,36.347898,2020,6,3
2020-06-03 07:11:00+00:00,9509.1,9514.27,9509.08,9513.2,15.538418,2020,6,3
2020-06-03 07:12:00+00:00,9513.2,9513.84,9502.06,9503.88,35.4704,2020,6,3
2020-06-03 07:13:00+00:00,9504.2,9506.01,9503.0,9503.25,16.547781,2020,6,3
2020-06-03 07:14:00+00:00,9503.54,9507.6,9501.87,9505.34,14.874469,2020,6,3
2020-06-03 07:15:00+00:00,9505.22,9505.23,9502.09,9502.16,8.174514,2020,6,3
2020-06-03 07:16:00+00:00,9502.17,9503.26,9502.16,9503.0,18.575566,2020,6,3
2020-06-03 07:17:00+00:00,9503.0,9503.08,9502.98,9502.99,10.548709,2020,6,3
2020-06-03 07:18:00+00:00,9502.99,9509.54,9502.99,9507.45,13.572876,2020,6,3
2020-06-03 07:19:00+00:00,9507.45,9511.38,9504.55,9511.38,13.134076,2020,6,3
2020-06-03 07:20:00+00:00,9510.75,9511.48,9505.94,9505.94,33.320652,2020,6,3
2020-06-03 07:21:00+00:00,9505.95,9505.95,9504.55,9505.53,16.754317,2020,6,3
2020-06-03 07:22:00+00:00,9505.53,9505.74,9492.56,9497.53,49.267679,2020,6,3
2020-06-03 07:23:00+00:00,9497.65,9502.88,9496.0,9502.25,18.332849,2020,6,3
2020-06-03 07:24:00+00:00,9502.47,9502.85,9496.11,9500.98,27.359338,2020,6,3
2020-06-03 07:25:00+00:00,9501.15,9501.62,9499.62,9501.62,12.5964,2020,6,3
2020-06-03 07:26:00+00:00,9501.61,9505.54,9499.62,9505.51,30.788682,2020,6,3
2020-06-03 07:27:00+00:00,9505.52,9508.26,9504.37,9506.62,33.067586,2020,6,3
2020-06-03 07:28:00+00:00,9506.61,9507.42,9504.16,9505.24,8.800845,2020,6,3
2020-06-03 07:29:00+00:00,9505.16,9506.98,9505.0,9505.61,12.037355,2020,6,3
2020-06-03 07:30:00+00:00,9505.6,9524.0,9505.6,9524.0,165.276935,2020,6,3
2020-06-03 07:31:00+00:00,9523.72,9539.0,9523.72,9534.59,128.274224,2020,6,3
2020-06-03 07:32:00+00:00,9534.59,9535.0,9528.76,9532.63,24.149957,2020,6,3
2020-06-03 07:33:00+00:00,9532.64,9536.89,9512.39,9516.86,97.102089,2020,6,3
2020-06-03 07:34:00+00:00,9516.86,9524.11,9514.02,9517.15,36.450041,2020,6,3
2020-06-03 07:35:00+00:00,9517.59,9524.05,9516.72,9521.66,18.559451,2020,6,3
2020-06-03 07:36:00+00:00,9523.92,9527.07,9519.92,9524.87,26.965812,2020,6,3
2020-06-03 07:37:00+00:00,9524.86,9532.29,9523.92,9528.92,31.740802,2020,6,3
2020-06-03 07:38:00+00:00,9528.45,9530.1,9502.58,9509.69,79.334148,2020,6,3
2020-06-03 07:39:00+00:00,9510.79,9518.58,9509.17,9516.67,14.02991,2020,6,3
2020-06-03 07:40:00+00:00,9516.67,9519.18,9512.0,9517.51,17.158124,2020,6,3
2020-06-03 07:41:00+00:00,9518.02,9519.71,9513.5,9517.11,28.236058,2020,6,3
2020-06-03 07:42:00+00:00,9517.11,9518.48,9514.74,9514.74,6.86215,2020,6,3
2020-06-03 07:43:00+00:00,9514.74,9514.99,9507.38,9510.95,23.333303,2020,6,3
2020-06-03 07:44:00+00:00,9511.6,9517.67,9509.81,9514.94,23.526519,2020,6,3
2020-06-03 07:45:00+00:00,9514.95,9515.98,9512.05,9515.2,13.167538,2020,6,3
2020-06-03 07:46:00+00:00,9515.39,9518.05,9510.0,9516.78,13.497712,2020,6,3
2020-06-03 07:47:00+00:00,9516.71,9519.14,9515.35,9518.49,12.838013,2020,6,3
2020-06-03 07:48:00+00:00,9518.78,9518.93,9509.48,9512.76,18.129576,2020,6,3
2020-06-03 07:49:00+00:00,9512.87,9515.99,9510.52,9512.7,10.645181,2020,6,3
2020-06-03 07:50:00+00:00,9512.7,9514.83,9511.74,9513.91,13.16763,2020,6,3
2020-06-03 07:51:00+00:00,9513.9,9515.14,9509.63,9509.63,12.375901,2020,6,3
2020-06-03 07:52:00+00:00,9510.52,9512.77,9509.63,9510.34,7.438183,2020,6,3
2020-06-03 07:53:00+00:00,9510.66,9513.9,9509.96,9513.34,11.190839,2020,6,3
2020-06-03 07:54:00+00:00,9513.34,9513.88,9511.05,9513.18,9.015358,2020,6,3
2020-06-03 07:55:00+00:00,9512.77,9514.44,9511.14,9512.0,16.389146,2020,6,3
2020-06-03 07:56:00+00:00,9512.0,9513.13,9508.57,9508.7,9.308504,2020,6,3
2020-06-03 07:57:00+00:00,9508.7,9513.41,9505.41,9512.68,18.376776,2020,6,3
2020-06-03 07:58:00+00:00,9512.58,9513.5,9510.81,9512.78,4.669168,2020,6,3
2020-06-03 07:59:00+00:00,9512.78,9512.79,9506.0,9506.32,23.725902,2020,6,3
2020-06-03 08:00:00+00:00,9506.94,9514.95,9506.75,9512.99,22.394922,2020,6,3
2020-06-03 08:01:00+00:00,9512.93,9523.58,9512.86,9519.06,33.59838,2020,6,3
2020-06-03 08:02:00+00:00,9519.07,9521.47,9516.66,9518.85,17.931302,2020,6,3
2020-06-03 08:03:00+00:00,9518.6,9519.04,9517.19,9519.04,9.653131,2020,6,3
2020-06-03 08:04:00+00:00,9518.98,9520.67,9517.01,9519.99,11.812588,2020,6,3
2020-06-03 08:05:00+00:00,9519.98,9521.63,9519.95,9521.63,14.996276,2020,6,3
2020-06-03 08:06:00+00:00,9521.63,9522.0,9520.0,9521.56,9.388892,2020,6,3
2020-06-03 08:07:00+00:00,9522.0,9522.0,9520.5,9521.75,10.521377,2020,6,3
2020-06-03 08:08:00+00:00,9521.75,9521.75,9519.08,9520.99,26.942044,2020,6,3
2020-06-03 08:09:00+00:00,9521.0,9527.19,9520.99,9526.52,36.19304,2020,6,3
2020-06-03 08:10:00+00:00,9526.59,9528.93,9525.03,9527.96,21.055416,2020,6,3
2020-06-03 08:11:00+00:00,9527.25,9528.05,9520.0,9523.2,30.736713,2020,6,3
2020-06-03 08:12:00+00:00,9523.2,9528.53,9522.7,9525.81,17.238125,2020,6,3
2020-06-03 08:13:00+00:00,9525.48,9525.48,9519.21,9520.0,14.281215,2020,6,3
2020-06-03 08:14:00+00:00,9520.0,9523.95,9519.52,9521.27,10.400207,2020,6,3
2020-06-03 08:15:00+00:00,9521.27,9526.47,9521.27,9522.25,19.293871,2020,6,3
2020-06-03 08:16:00+00:00,9522.25,9524.45,9520.02,9524.45,13.478598,2020,6,3
2020-06-03 08:17:00+00:00,9524.47,9525.0,9522.49,9523.51,10.849051,2020,6,3
2020-06-03 08:18:00+00:00,9523.51,9523.81,9520.14,9522.23,7.18969,2020,6,3
2020-06-03 08:19:00+00:00,9522.37,9524.94,9520.01,9520.73,14.266162,2020,6,3
2020-06-03 08:20:00+00:00,9520.47,9522.68,9520.01,9521.38,16.974845,2020,6,3
2020-06-03 08:21:00+00:00,9521.06,9523.87,9520.01,9522.76,14.654544,2020,6,3
2020-06-03 08:22:00+00:00,9523.16,9526.92,9521.93,9523.36,31.331581,2020,6,3
2020-06-03 08:23:00+00:00,9523.42,9524.97,9520.84,9520.85,11.34831,2020,6,3
2020-06-03 08:24:00+00:00,9520.84,9520.84,9513.18,9520.12,41.94823,2020,6,3
2020-06-03 08:25:00+00:00,9520.13,9522.89,9520.12,9521.11,24.145385,2020,6,3
2020-06-03 08:26:00+00:00,9522.06,9522.94,9515.68,9520.46,19.125249,2020,6,3
2020-06-03 08:27:00+00:00,9520.46,9521.11,9517.72,9519.53,21.184397,2020,6,3
2020-06-03 08:28:00+00:00,9519.02,9524.9,9513.01,9522.59,29.251673,2020,6,3
2020-06-03 08:29:00+00:00,9522.12,9524.43,9521.21,9522.99,10.352397,2020,6,3
2020-06-03 08:30:00+00:00,9522.99,9527.0,9522.99,9525.27,9.667379,2020,6,3
2020-06-03 08:31:00+00:00,9525.55,9527.0,9525.23,9526.99,11.640476,2020,6,3
2020-06-03 08:32:00+00:00,9526.99,9529.35,9525.84,9527.54,42.584431,2020,6,3
2020-06-03 08:33:00+00:00,9527.01,9527.45,9524.16,9524.35,18.155447,2020,6,3
2020-06-03 08:34:00+00:00,9524.36,9525.76,9522.27,9524.3,16.432047,2020,6,3
2020-06-03 08:35:00+00:00,9524.66,9525.73,9521.69,9521.69,12.48026,2020,6,3
2020-06-03 08:36:00+00:00,9521.81,9523.68,9521.16,9521.62,9.993083,2020,6,3
2020-06-03 08:37:00+00:00,9521.78,9521.82,9516.7,9520.82,27.430011,2020,6,3
2020-06-03 08:38:00+00:00,9521.25,9526.61,9521.25,9525.16,29.383211,2020,6,3
2020-06-03 08:39:00+00:00,9525.16,9529.02,9523.92,9527.53,22.219076,2020,6,3
2020-06-03 08:40:00+00:00,9527.53,9531.34,9523.36,9524.44,60.36243,2020,6,3
2020-06-03 08:41:00+00:00,9524.23,9525.88,9520.51,9522.0,44.054602,2020,6,3
2020-06-03 08:42:00+00:00,9522.0,9524.05,9520.0,9521.02,25.374115,2020,6,3
2020-06-03 08:43:00+00:00,9521.02,9524.04,9521.02,9522.23,10.634782,2020,6,3
2020-06-03 08:44:00+00:00,9522.88,9522.99,9517.21,9518.74,57.673299,2020,6,3
2020-06-03 08:45:00+00:00,9518.78,9521.82,9518.78,9519.0,21.369464,2020,6,3
2020-06-03 08:46:00+00:00,9518.99,9520.62,9511.48,9515.01,55.852944,2020,6,3
2020-06-03 08:47:00+00:00,9515.01,9517.66,9514.63,9516.7,32.403017,2020,6,3
2020-06-03 08:48:00+00:00,9516.7,9518.18,9514.63,9515.84,19.102095,2020,6,3
2020-06-03 08:49:00+00:00,9515.97,9518.06,9514.63,9514.63,37.327942,2020,6,3
2020-06-03 08:50:00+00:00,9514.63,9517.46,9513.26,9517.46,60.935122,2020,6,3
2020-06-03 08:51:00+00:00,9516.98,9521.65,9516.98,9519.56,39.873033,2020,6,3
2020-06-03 08:52:00+00:00,9520.0,9520.0,9513.6,9514.46,16.199534,2020,6,3
2020-06-03 08:53:00+00:00,9513.78,9516.38,9511.19,9514.99,16.431248,2020,6,3
2020-06-03 08:54:00+00:00,9514.99,9515.0,9492.06,9504.27,152.60062,2020,6,3
2020-06-03 08:55:00+00:00,9504.22,9506.45,9493.12,9499.18,20.786076,2020,6,3
2020-06-03 08:56:00+00:00,9499.04,9503.56,9498.28,9500.5,27.164701,2020,6,3
2020-06-03 08:57:00+00:00,9500.84,9507.02,9498.02,9504.56,24.236334,2020,6,3
2020-06-03 08:58:00+00:00,9504.14,9507.82,9502.92,9505.0,19.581885,2020,6,3
2020-06-03 08:59:00+00:00,9504.39,9507.25,9503.0,9507.0,19.71791,2020,6,3
2020-06-03 09:00:00+00:00,9506.84,9511.3,9502.14,9502.62,20.373594,2020,6,3
2020-06-03 09:01:00+00:00,9504.36,9507.0,9502.41,9503.58,5.771143,2020,6,3
2020-06-03 09:02:00+00:00,9503.11,9506.99,9500.79,9502.16,61.691219,2020,6,3
2020-06-03 09:03:00+00:00,9502.15,9508.17,9502.15,9506.28,29.507236,2020,6,3
2020-06-03 09:04:00+00:00,9507.09,9512.21,9502.78,9504.69,32.748229,2020,6,3
2020-06-03 09:05:00+00:00,9504.69,9511.85,9504.69,9511.11,10.364494,2020,6,3
2020-06-03 09:06:00+00:00,9511.0,9511.81,9504.05,9504.07,20.839479,2020,6,3
2020-06-03 09:07:00+00:00,9504.06,9521.13,9504.06,9521.13,64.986784,2020,6,3
2020-06-03 09:08:00+00:00,9521.13,9538.0,9520.7,9526.4,132.106852,2020,6,3
2020-06-03 09:09:00+00:00,9526.87,9527.0,9518.99,9522.37,17.22157,2020,6,3
2020-06-03 09:10:00+00:00,9522.36,9523.84,9518.75,9522.59,18.243634,2020,6,3
2020-06-03 09:11:00+00:00,9522.13,9522.49,9515.0,9517.65,43.069764,2020,6,3
2020-06-03 09:12:00+00:00,9517.46,9522.82,9515.0,9519.22,30.291733,2020,6,3
2020-06-03 09:13:00+00:00,9519.45,9523.42,9518.76,9521.49,11.969652,2020,6,3
2020-06-03 09:14:00+00:00,9521.71,9523.54,9520.44,9523.37,6.277114,2020,6,3
2020-06-03 09:15:00+00:00,9523.37,9529.47,9523.36,9523.79,31.502971,2020,6,3
2020-06-03 09:16:00+00:00,9523.81,9528.05,9523.78,9527.41,10.55875,2020,6,3
2020-06-03 09:17:00+00:00,9527.41,9532.33,9525.77,9531.63,27.972931,2020,6,3
2020-06-03 09:18:00+00:00,9531.66,9532.41,9525.66,9526.14,15.338395,2020,6,3
2020-06-03 09:19:00+00:00,9526.14,9527.38,9525.0,9527.04,11.828221,2020,6,3
2020-06-03 09:20:00+00:00,9527.04,9527.05,9525.94,9526.58,16.865425,2020,6,3
2020-06-03 09:21:00+00:00,9526.94,9527.46,9521.0,9525.6,22.443569,2020,6,3
2020-06-03 09:22:00+00:00,9525.58,9527.23,9524.07,9527.0,9.41554,2020,6,3
2020-06-03 09:23:00+00:00,9526.99,9527.0,9524.1,9525.2,11.7704,2020,6,3
2020-06-03 09:24:00+00:00,9525.54,9527.0,9520.0,9524.61,21.565541,2020,6,3
2020-06-03 09:25:00+00:00,9525.07,9526.09,9520.01,9521.56,16.56403,2020,6,3
2020-06-03 09:26:00+00:00,9521.23,9524.0,9521.23,9522.66,9.977662,2020,6,3
2020-06-03 09:27:00+00:00,9522.17,9522.66,9520.61,9522.65,9.191873,2020,6,3
2020-06-03 09:28:00+00:00,9522.63,9525.9,9520.0,9525.84,21.819312,2020,6,3
2020-06-03 09:29:00+00:00,9525.84,9525.85,9520.0,9522.85,15.217958,2020,6,3
2020-06-03 09:30:00+00:00,9522.85,9531.49,9522.84,9529.93,58.863783,2020,6,3
2020-06-03 09:31:00+00:00,9529.92,9529.99,9524.18,9529.12,16.542617,2020,6,3
2020-06-03 09:32:00+00:00,9528.76,9530.01,9526.57,9528.36,12.804633,2020,6,3
2020-06-03 09:33:00+00:00,9528.36,9530.82,9525.89,9528.91,19.628119,2020,6,3
2020-06-03 09:34:00+00:00,9528.48,9529.11,9525.48,9525.81,9.951548,2020,6,3
2020-06-03 09:35:00+00:00,9525.81,9525.86,9522.19,9524.63,12.40315,2020,6,3
2020-06-03 09:36:00+00:00,9524.63,9525.0,9523.0,9524.72,7.635892,2020,6,3
2020-06-03 09:37:00+00:00,9524.84,9525.0,9518.0,9519.55,33.117765,2020,6,3
2020-06-03 09:38:00+00:00,9519.54,9523.09,9515.0,9523.09,26.150117,2020,6,3
2020-06-03 09:39:00+00:00,9523.26,9531.0,9523.13,9526.7,20.523524,2020,6,3
2020-06-03 09:40:00+00:00,9526.83,9532.43,9526.81,9530.43,24.583663,2020,6,3
2020-06-03 09:41:00+00:00,9530.43,9530.53,9524.65,9526.22,20.905722,2020,6,3
2020-06-03 09:42:00+00:00,9526.21,9529.06,9524.49,9528.78,6.322264,2020,6,3
2020-06-03 09:43:00+00:00,9526.98,9528.02,9526.22,9526.26,7.384512,2020,6,3
2020-06-03 09:44:00+00:00,9526.25,9533.62,9526.22,9530.1,33.149447,2020,6,3
2020-06-03 09:45:00+00:00,9530.09,9533.63,9529.41,9530.75,10.854706,2020,6,3
2020-06-03 09:46:00+00:00,9530.75,9532.57,9526.22,9526.22,8.064386,2020,6,3
2020-06-03 09:47:00+00:00,9526.31,9527.69,9522.27,9522.27,23.326923,2020,6,3
2020-06-03 09:48:00+00:00,9522.01,9525.0,9519.09,9521.31,27.990877,2020,6,3
2020-06-03 09:49:00+00:00,9520.79,9525.0,9520.79,9523.7,30.481778,2020,6,3
2020-06-03 09:50:00+00:00,9522.99,9529.82,9521.89,9529.81,27.167477,2020,6,3
2020-06-03 09:51:00+00:00,9529.81,9529.82,9525.4,9529.0,16.945424,2020,6,3
2020-06-03 09:52:00+00:00,9529.04,9530.2,9527.51,9529.58,14.295475,2020,6,3
2020-06-03 09:53:00+00:00,9529.23,9530.8,9527.1,9528.08,9.170127,2020,6,3
2020-06-03 09:54:00+00:00,9528.72,9528.74,9524.55,9527.15,17.473827,2020,6,3
2020-06-03 09:55:00+00:00,9527.16,9527.16,9520.24,9522.31,29.447093,2020,6,3
2020-06-03 09:56:00+00:00,9524.03,9528.99,9522.52,9528.99,26.317445,2020,6,3
2020-06-03 09:57:00+00:00,9528.98,9530.6,9528.21,9528.71,11.253139,2020,6,3
2020-06-03 09:58:00+00:00,9528.59,9532.53,9521.34,9523.87,39.523835,2020,6,3
2020-06-03 09:59:00+00:00,9524.08,9528.28,9522.8,9523.79,49.131328,2020,6,3
2020-06-03 10:00:00+00:00,9523.07,9536.52,9522.18,9534.99,71.089317,2020,6,3
2020-06-03 10:01:00+00:00,9536.18,9538.0,9534.17,9535.66,34.422416,2020,6,3
2020-06-03 10:02:00+00:00,9535.66,9600.0,9535.31,9580.0,693.922158,2020,6,3
2020-06-03 10:03:00+00:00,9581.34,9581.81,9556.69,9571.31,157.700295,2020,6,3
2020-06-03 10:04:00+00:00,9571.32,9581.12,9571.32,9576.09,78.507935,2020,6,3
2020-06-03 10:05:00+00:00,9577.51,9579.49,9560.15,9563.87,76.962646,2020,6,3
2020-06-03 10:06:00+00:00,9565.0,9572.29,9562.64,9569.1,31.953624,2020,6,3
2020-06-03 10:07:00+00:00,9568.45,9571.2,9562.54,9562.54,24.705918,2020,6,3
2020-06-03 10:08:00+00:00,9562.01,9574.19,9560.0,9568.27,50.949053,2020,6,3
2020-06-03 10:09:00+00:00,9568.23,9571.15,9561.96,9564.11,20.710268,2020,6,3
2020-06-03 10:10:00+00:00,9565.22,9571.14,9564.07,9565.99,53.52184,2020,6,3
2020-06-03 10:11:00+00:00,9566.0,9568.79,9561.27,9568.78,30.583502,2020,6,3
2020-06-03 10:12:00+00:00,9568.78,9582.79,9568.78,9574.13,121.239191,2020,6,3
2020-06-03 10:13:00+00:00,9574.84,9576.98,9570.0,9570.46,37.37807,2020,6,3
2020-06-03 10:14:00+00:00,9570.0,9577.94,9569.71,9575.86,38.289084,2020,6,3
2020-06-03 10:15:00+00:00,9575.85,9585.77,9575.85,9582.73,58.649759,2020,6,3
2020-06-03 10:16:00+00:00,9582.72,9589.92,9581.17,9586.94,64.407462,2020,6,3
2020-06-03 10:17:00+00:00,9586.45,9592.71,9584.7,9585.01,82.866233,2020,6,3
2020-06-03 10:18:00+00:00,9585.91,9588.9,9583.07,9585.31,46.387172,2020,6,3
2020-06-03 10:19:00+00:00,9585.32,9589.04,9582.0,9585.51,36.458957,2020,6,3
2020-06-03 10:20:00+00:00,9585.49,9598.97,9584.67,9592.5,69.060338,2020,6,3
2020-06-03 10:21:00+00:00,9592.49,9597.81,9590.64,9597.1,49.300741,2020,6,3
2020-06-03 10:22:00+00:00,9597.1,9597.81,9585.0,9587.88,123.519793,2020,6,3
2020-06-03 10:23:00+00:00,9587.88,9598.01,9587.0,9591.86,70.513656,2020,6,3
2020-06-03 10:24:00+00:00,9591.87,9591.87,9577.26,9582.0,91.298833,2020,6,3
2020-06-03 10:25:00+00:00,9581.93,9586.97,9578.0,9579.0,42.634178,2020,6,3
2020-06-03 10:26:00+00:00,9579.01,9579.01,9562.23,9575.94,66.320209,2020,6,3
2020-06-03 10:27:00+00:00,9575.76,9579.74,9573.39,9577.27,47.344466,2020,6,3
2020-06-03 10:28:00+00:00,9577.26,9577.26,9563.58,9569.99,46.534826,2020,6,3
2020-06-03 10:29:00+00:00,9570.0,9576.92,9569.7,9572.82,21.689014,2020,6,3
2020-06-03 10:30:00+00:00,9572.83,9586.71,9572.83,9586.71,69.865843,2020,6,3
2020-06-03 10:31:00+00:00,9586.71,9588.15,9583.68,9585.08,42.478924,2020,6,3
2020-06-03 10:32:00+00:00,9585.08,9593.46,9583.01,9591.54,52.930668,2020,6,3
2020-06-03 10:33:00+00:00,9591.35,9593.91,9589.16,9590.58,40.912919,2020,6,3
2020-06-03 10:34:00+00:00,9590.17,9591.3,9580.71,9582.16,58.642771,2020,6,3
2020-06-03 10:35:00+00:00,9581.15,9588.71,9580.77,9581.24,38.126906,2020,6,3
2020-06-03 10:36:00+00:00,9581.28,9586.29,9580.24,9582.2,47.872969,2020,6,3
2020-06-03 10:37:00+00:00,9582.5,9590.0,9581.63,9585.62,51.402505,2020,6,3
2020-06-03 10:38:00+00:00,9586.11,9588.95,9582.3,9582.3,33.760896,2020,6,3
2020-06-03 10:39:00+00:00,9582.3,9584.39,9570.98,9575.0,37.298609,2020,6,3
2020-06-03 10:40:00+00:00,9575.67,9576.89,9573.01,9575.46,14.884803,2020,6,3
2020-06-03 10:41:00+00:00,9575.66,9579.05,9570.03,9572.43,20.768561,2020,6,3
2020-06-03 10:42:00+00:00,9571.59,9572.91,9567.33,9568.37,19.657849,2020,6,3
2020-06-03 10:43:00+00:00,9568.37,9575.75,9560.0,9575.42,50.904117,2020,6,3
2020-06-03 10:44:00+00:00,9574.95,9577.53,9571.01,9573.8,33.809319,2020,6,3
2020-06-03 10:45:00+00:00,9574.47,9580.0,9574.15,9577.73,42.235684,2020,6,3
2020-06-03 10:46:00+00:00,9577.72,9579.97,9574.16,9578.89,19.171554,2020,6,3
2020-06-03 10:47:00+00:00,9578.97,9583.98,9577.22,9580.91,31.453519,2020,6,3
2020-06-03 10:48:00+00:00,9580.9,9582.44,9577.01,9578.11,38.24475,2020,6,3
2020-06-03 10:49:00+00:00,9579.38,9583.71,9578.87,9580.98,21.958173,2020,6,3
2020-06-03 10:50:00+00:00,9580.68,9584.99,9579.0,9584.96,24.543861,2020,6,3
2020-06-03 10:51:00+00:00,9584.86,9585.0,9580.57,9580.57,26.817504,2020,6,3
2020-06-03 10:52:00+00:00,9581.3,9584.57,9578.02,9580.1,33.67817,2020,6,3
2020-06-03 10:53:00+00:00,9580.13,9587.77,9580.13,9585.41,44.541418,2020,6,3
2020-06-03 10:54:00+00:00,9585.27,9587.21,9583.6,9586.31,21.466408,2020,6,3
2020-06-03 10:55:00+00:00,9586.42,9593.71,9586.3,9588.38,67.762317,2020,6,3
2020-06-03 10:56:00+00:00,9588.37,9593.67,9580.99,9591.63,150.908521,2020,6,3
2020-06-03 10:57:00+00:00,9591.99,9622.01,9591.99,9615.1,368.314363,2020,6,3
2020-06-03 10:58:00+00:00,9615.6,9617.8,9600.0,9600.11,90.916338,2020,6,3
2020-06-03 10:59:00+00:00,9602.0,9602.0,9582.51,9591.07,115.003121,2020,6,3
2020-06-03 11:00:00+00:00,9591.77,9597.58,9586.95,9595.41,64.319108,2020,6,3
2020-06-03 11:01:00+00:00,9595.41,9600.0,9591.6,9597.83,65.85016,2020,6,3
2020-06-03 11:02:00+00:00,9597.83,9597.84,9594.09,9594.15,47.860267,2020,6,3
2020-06-03 11:03:00+00:00,9594.15,9597.0,9587.21,9596.39,40.670875,2020,6,3
2020-06-03 11:04:00+00:00,9596.58,9597.0,9587.94,9589.71,50.43274,2020,6,3
2020-06-03 11:05:00+00:00,9590.81,9591.94,9581.91,9584.53,54.947762,2020,6,3
2020-06-03 11:06:00+00:00,9583.73,9590.25,9580.01,9584.63,21.882235,2020,6,3
2020-06-03 11:07:00+00:00,9585.22,9585.37,9574.6,9580.0,42.970488,2020,6,3
2020-06-03 11:08:00+00:00,9579.73,9582.43,9576.65,9581.09,20.718589,2020,6,3
2020-06-03 11:09:00+00:00,9581.99,9583.8,9578.0,9578.98,17.568023,2020,6,3
2020-06-03 11:10:00+00:00,9578.88,9583.5,9576.95,9579.87,8.222642,2020,6,3
2020-06-03 11:11:00+00:00,9579.87,9584.0,9577.42,9582.38,20.725487,2020,6,3
2020-06-03 11:12:00+00:00,9582.38,9589.0,9582.14,9588.39,19.344807,2020,6,3
2020-06-03 11:13:00+00:00,9588.33,9589.98,9582.94,9584.71,21.013804,2020,6,3
2020-06-03 11:14:00+00:00,9584.61,9586.85,9583.83,9585.99,27.548806,2020,6,3
2020-06-03 11:15:00+00:00,9585.99,9588.66,9584.91,9585.61,36.099695,2020,6,3
2020-06-03 11:16:00+00:00,9585.58,9591.23,9584.92,9587.3,50.171341,2020,6,3
2020-06-03 11:17:00+00:00,9587.0,9591.2,9586.63,9590.07,32.336606,2020,6,3
2020-06-03 11:18:00+00:00,9590.07,9590.39,9580.16,9584.85,56.621341,2020,6,3
2020-06-03 11:19:00+00:00,9584.85,9584.85,9580.0,9581.51,25.967672,2020,6,3
2020-06-03 11:20:00+00:00,9580.19,9589.35,9580.05,9582.2,47.423509,2020,6,3
2020-06-03 11:21:00+00:00,9582.61,9586.73,9582.6,9583.5,14.972834,2020,6,3
2020-06-03 11:22:00+00:00,9583.48,9583.91,9568.2,9580.0,83.758191,2020,6,3
2020-06-03 11:23:00+00:00,9580.4,9581.39,9570.82,9577.94,34.402024,2020,6,3
2020-06-03 11:24:00+00:00,9577.93,9582.86,9577.52,9582.86,22.716913,2020,6,3
2020-06-03 11:25:00+00:00,9582.39,9584.29,9576.93,9578.0,12.846399,2020,6,3
2020-06-03 11:26:00+00:00,9578.04,9580.0,9574.52,9578.47,18.448267,2020,6,3
2020-06-03 11:27:00+00:00,9579.09,9580.44,9574.92,9575.48,32.97163,2020,6,3
2020-06-03 11:28:00+00:00,9575.47,9593.93,9572.82,9588.5,121.572372,2020,6,3
2020-06-03 11:29:00+00:00,9588.49,9589.54,9581.91,9583.62,27.596019,2020,6,3
2020-06-03 11:30:00+00:00,9583.61,9584.0,9581.9,9583.91,17.837282,2020,6,3
2020-06-03 11:31:00+00:00,9583.91,9589.54,9582.86,9584.94,29.08313,2020,6,3
2020-06-03 11:32:00+00:00,9584.61,9588.65,9584.0,9587.37,13.203145,2020,6,3
2020-06-03 11:33:00+00:00,9588.6,9588.6,9572.89,9577.18,35.278265,2020,6,3
2020-06-03 11:34:00+00:00,9577.55,9582.0,9576.62,9579.99,11.273702,2020,6,3
2020-06-03 11:35:00+00:00,9579.99,9582.65,9577.19,9579.71,10.887664,2020,6,3
2020-06-03 11:36:00+00:00,9579.71,9580.2,9576.01,9578.08,13.748043,2020,6,3
2020-06-03 11:37:00+00:00,9578.02,9581.48,9576.52,9579.35,8.183131,2020,6,3
2020-06-03 11:38:00+00:00,9579.31,9586.91,9578.49,9586.15,11.326417,2020,6,3
2020-06-03 11:39:00+00:00,9586.15,9586.15,9583.06,9583.86,10.064489,2020,6,3
2020-06-03 11:40:00+00:00,9583.86,9586.44,9580.03,9584.43,13.489088,2020,6,3
2020-06-03 11:41:00+00:00,9584.48,9597.0,9584.48,9589.32,29.112396,2020,6,3
2020-06-03 11:42:00+00:00,9589.33,9591.18,9588.24,9590.81,12.498679,2020,6,3
2020-06-03 11:43:00+00:00,9590.82,9591.18,9585.33,9589.07,35.433089,2020,6,3
2020-06-03 11:44:00+00:00,9588.99,9589.04,9580.01,9580.75,29.323724,2020,6,3
2020-06-03 11:45:00+00:00,9580.83,9591.02,9579.99,9590.0,84.034881,2020,6,3
2020-06-03 11:46:00+00:00,9589.99,9593.52,9588.52,9592.02,6.212748,2020,6,3
2020-06-03 11:47:00+00:00,9592.02,9599.99,9589.99,9598.99,45.038758,2020,6,3
2020-06-03 11:48:00+00:00,9599.02,9605.59,9593.37,9604.67,89.454815,2020,6,3
2020-06-03 11:49:00+00:00,9604.55,9604.95,9595.17,9600.0,53.965375,2020,6,3
2020-06-03 11:50:00+00:00,9600.0,9609.0,9600.0,9606.06,53.851673,2020,6,3
2020-06-03 11:51:00+00:00,9606.66,9608.3,9605.0,9607.74,46.428325,2020,6,3
2020-06-03 11:52:00+00:00,9607.73,9609.0,9601.27,9603.03,46.954902,2020,6,3
2020-06-03 11:53:00+00:00,9603.18,9605.81,9598.0,9599.0,40.877731,2020,6,3
2020-06-03 11:54:00+00:00,9599.0,9601.78,9599.0,9599.0,27.172409,2020,6,3
2020-06-03 11:55:00+00:00,9599.1,9602.95,9599.0,9600.0,42.927377,2020,6,3
2020-06-03 11:56:00+00:00,9600.0,9612.99,9600.0,9610.82,45.561499,2020,6,3
2020-06-03 11:57:00+00:00,9610.82,9620.12,9610.05,9613.85,77.368223,2020,6,3
2020-06-03 11:58:00+00:00,9613.86,9613.86,9606.8,9611.27,48.34291,2020,6,3
2020-06-03 11:59:00+00:00,9611.27,9618.73,9603.26,9618.57,41.901614,2020,6,3
2020-06-03 12:00:00+00:00,9617.92,9646.43,9617.15,9631.68,240.261104,2020,6,3
2020-06-03 12:01:00+00:00,9631.67,9631.67,9618.46,9622.09,141.645986,2020,6,3
2020-06-03 12:02:00+00:00,9622.09,9628.99,9622.09,9625.06,48.45298,2020,6,3
2020-06-03 12:03:00+00:00,9625.06,9627.48,9621.87,9623.62,43.833079,2020,6,3
2020-06-03 12:04:00+00:00,9624.59,9625.0,9612.0,9613.14,93.475214,2020,6,3
2020-06-03 12:05:00+00:00,9613.16,9621.74,9613.16,9619.0,29.578572,2020,6,3
2020-06-03 12:06:00+00:00,9619.0,9621.64,9615.0,9616.79,52.342342,2020,6,3
2020-06-03 12:07:00+00:00,9616.91,9618.01,9610.0,9611.22,42.907639,2020,6,3
2020-06-03 12:08:00+00:00,9611.67,9615.83,9611.0,9614.09,36.307043,2020,6,3
2020-06-03 12:09:00+00:00,9614.45,9618.19,9610.0,9615.12,65.826658,2020,6,3
2020-06-03 12:10:00+00:00,9615.06,9615.25,9608.25,9611.49,56.86824,2020,6,3
2020-06-03 12:11:00+00:00,9611.44,9612.0,9605.6,9610.08,45.411705,2020,6,3
2020-06-03 12:12:00+00:00,9609.6,9615.6,9606.51,9609.61,22.721301,2020,6,3
2020-06-03 12:13:00+00:00,9609.44,9616.13,9607.82,9614.01,30.219453,2020,6,3
2020-06-03 12:14:00+00:00,9614.01,9614.96,9608.54,9609.19,40.925529,2020,6,3
2020-06-03 12:15:00+00:00,9609.19,9618.79,9609.17,9618.73,52.631006,2020,6,3
2020-06-03 12:16:00+00:00,9618.77,9618.78,9612.53,9612.98,39.323106,2020,6,3
2020-06-03 12:17:00+00:00,9612.97,9614.29,9608.99,9611.39,46.078956,2020,6,3
2020-06-03 12:18:00+00:00,9611.02,9612.11,9608.0,9608.65,20.477197,2020,6,3
2020-06-03 12:19:00+00:00,9609.38,9612.22,9608.0,9609.53,23.57865,2020,6,3
2020-06-03 12:20:00+00:00,9609.61,9613.18,9605.49,9609.93,40.739756,2020,6,3
2020-06-03 12:21:00+00:00,9608.82,9609.01,9596.99,9597.0,49.55034,2020,6,3
2020-06-03 12:22:00+00:00,9597.0,9603.8,9596.56,9598.59,31.908117,2020,6,3
2020-06-03 12:23:00+00:00,9598.58,9604.81,9597.65,9604.4,23.683241,2020,6,3
2020-06-03 12:24:00+00:00,9604.51,9607.97,9599.53,9603.07,47.135072,2020,6,3
2020-06-03 12:25:00+00:00,9603.07,9606.0,9601.25,9604.84,34.333351,2020,6,3
2020-06-03 12:26:00+00:00,9604.36,9605.83,9595.77,9602.46,70.561988,2020,6,3
2020-06-03 12:27:00+00:00,9602.9,9602.9,9595.83,9597.18,44.365351,2020,6,3
2020-06-03 12:28:00+00:00,9596.92,9598.74,9588.83,9590.67,63.997858,2020,6,3
2020-06-03 12:29:00+00:00,9591.7,9596.0,9588.83,9589.82,41.497329,2020,6,3
2020-06-03 12:30:00+00:00,9590.08,9596.93,9585.37,9592.99,50.698586,2020,6,3
2020-06-03 12:31:00+00:00,9592.99,9609.99,9589.85,9608.25,84.929253,2020,6,3
2020-06-03 12:32:00+00:00,9609.17,9610.54,9601.17,9604.3,23.606373,2020,6,3
2020-06-03 12:33:00+00:00,9604.78,9605.93,9600.0,9600.14,34.248143,2020,6,3
2020-06-03 12:34:00+00:00,9600.59,9607.77,9598.29,9601.55,27.639497,2020,6,3
2020-06-03 12:35:00+00:00,9601.59,9601.74,9595.75,9595.75,22.588743,2020,6,3
2020-06-03 12:36:00+00:00,9596.01,9597.15,9592.51,9593.11,19.39125,2020,6,3
2020-06-03 12:37:00+00:00,9593.11,9601.25,9590.98,9595.98,51.088766,2020,6,3
2020-06-03 12:38:00+00:00,9596.42,9597.3,9591.57,9594.9,25.930844,2020,6,3
2020-06-03 12:39:00+00:00,9594.05,9596.57,9549.66,9567.2,339.290391,2020,6,3
2020-06-03 12:40:00+00:00,9567.2,9581.34,9562.14,9572.7,100.948507,2020,6,3
2020-06-03 12:41:00+00:00,9570.95,9581.32,9570.0,9575.1,41.770567,2020,6,3
2020-06-03 12:42:00+00:00,9575.94,9582.64,9574.41,9579.25,30.295301,2020,6,3
2020-06-03 12:43:00+00:00,9579.95,9582.23,9575.94,9579.01,16.511785,2020,6,3
2020-06-03 12:44:00+00:00,9579.0,9587.83,9575.94,9580.36,56.551849,2020,6,3
2020-06-03 12:45:00+00:00,9580.57,9584.28,9575.0,9582.23,25.026569,2020,6,3
2020-06-03 12:46:00+00:00,9582.25,9585.28,9579.81,9583.38,18.22575,2020,6,3
2020-06-03 12:47:00+00:00,9584.37,9589.0,9580.96,9581.43,33.678019,2020,6,3
2020-06-03 12:48:00+00:00,9581.42,9585.12,9580.31,9582.1,29.511947,2020,6,3
2020-06-03 12:49:00+00:00,9582.3,9586.61,9581.85,9583.18,13.909607,2020,6,3
2020-06-03 12:50:00+00:00,9583.47,9588.0,9580.32,9581.26,21.801902,2020,6,3
2020-06-03 12:51:00+00:00,9581.24,9585.77,9580.02,9583.45,10.242055,2020,6,3
2020-06-03 12:52:00+00:00,9583.44,9590.0,9583.05,9587.85,22.215519,2020,6,3
2020-06-03 12:53:00+00:00,9587.85,9595.67,9584.0,9593.03,58.238954,2020,6,3
2020-06-03 12:54:00+00:00,9593.42,9596.4,9590.78,9592.71,40.306461,2020,6,3
2020-06-03 12:55:00+00:00,9592.71,9603.27,9592.71,9599.12,42.053466,2020,6,3
2020-06-03 12:56:00+00:00,9599.07,9607.0,9595.99,9604.15,50.883462,2020,6,3
2020-06-03 12:57:00+00:00,9604.43,9610.76,9600.77,9605.08,40.732656,2020,6,3
2020-06-03 12:58:00+00:00,9603.73,9606.04,9591.41,9594.85,52.493804,2020,6,3
2020-06-03 12:59:00+00:00,9594.85,9603.37,9594.44,9598.29,25.819872,2020,6,3
2020-06-03 13:00:00+00:00,9597.61,9612.84,9597.61,9608.86,83.695311,2020,6,3
2020-06-03 13:01:00+00:00,9608.87,9610.96,9602.51,9607.61,28.782002,2020,6,3
2020-06-03 13:02:00+00:00,9606.38,9608.98,9605.51,9606.68,16.925163,2020,6,3
2020-06-03 13:03:00+00:00,9606.67,9608.07,9603.29,9603.44,13.537174,2020,6,3
2020-06-03 13:04:00+00:00,9603.44,9611.02,9601.45,9604.0,46.284909,2020,6,3
2020-06-03 13:05:00+00:00,9604.0,9609.29,9603.97,9605.35,27.096565,2020,6,3
2020-06-03 13:06:00+00:00,9605.36,9609.3,9601.64,9603.39,21.487661,2020,6,3
2020-06-03 13:07:00+00:00,9602.39,9606.0,9600.0,9605.97,40.59865,2020,6,3
2020-06-03 13:08:00+00:00,9605.98,9607.06,9600.52,9606.85,26.315188,2020,6,3
2020-06-03 13:09:00+00:00,9606.84,9614.0,9604.59,9607.0,44.441391,2020,6,3
2020-06-03 13:10:00+00:00,9607.0,9607.53,9605.14,9606.86,12.750789,2020,6,3
2020-06-03 13:11:00+00:00,9606.68,9606.72,9600.04,9603.77,27.684137,2020,6,3
2020-06-03 13:12:00+00:00,9603.9,9604.5,9593.8,9597.66,40.434702,2020,6,3
2020-06-03 13:13:00+00:00,9597.32,9598.14,9590.6,9590.6,53.781826,2020,6,3
2020-06-03 13:14:00+00:00,9590.6,9599.82,9590.0,9592.66,29.550759,2020,6,3
2020-06-03 13:15:00+00:00,9593.46,9598.39,9592.6,9595.43,14.253835,2020,6,3
2020-06-03 13:16:00+00:00,9595.41,9595.46,9583.2,9589.58,31.664509,2020,6,3
2020-06-03 13:17:00+00:00,9590.28,9591.82,9585.97,9587.98,34.041493,2020,6,3
2020-06-03 13:18:00+00:00,9587.95,9590.94,9584.18,9590.3,26.981598,2020,6,3
2020-06-03 13:19:00+00:00,9590.29,9595.18,9587.34,9590.46,51.198414,2020,6,3
2020-06-03 13:20:00+00:00,9590.45,9590.46,9587.35,9588.03,18.447744,2020,6,3
2020-06-03 13:21:00+00:00,9588.2,9589.89,9584.99,9588.46,14.553705,2020,6,3
2020-06-03 13:22:00+00:00,9588.46,9596.29,9585.0,9589.14,39.627445,2020,6,3
2020-06-03 13:23:00+00:00,9588.94,9591.08,9585.18,9587.28,22.288494,2020,6,3
2020-06-03 13:24:00+00:00,9587.28,9590.0,9582.24,9588.6,36.233416,2020,6,3
2020-06-03 13:25:00+00:00,9587.9,9588.74,9584.17,9588.01,22.962551,2020,6,3
2020-06-03 13:26:00+00:00,9588.01,9589.59,9584.2,9589.18,24.375903,2020,6,3
2020-06-03 13:27:00+00:00,9589.18,9593.88,9588.11,9592.96,33.747278,2020,6,3
2020-06-03 13:28:00+00:00,9592.97,9599.62,9591.45,9598.04,34.583012,2020,6,3
2020-06-03 13:29:00+00:00,9598.76,9600.0,9596.1,9597.99,31.77134,2020,6,3
2020-06-03 13:30:00+00:00,9598.0,9600.05,9590.42,9592.0,24.159683,2020,6,3
2020-06-03 13:31:00+00:00,9592.0,9592.0,9584.35,9587.6,28.749692,2020,6,3
2020-06-03 13:32:00+00:00,9587.6,9591.99,9585.05,9590.48,11.931412,2020,6,3
2020-06-03 13:33:00+00:00,9591.56,9591.56,9590.0,9590.02,28.111468,2020,6,3
2020-06-03 13:34:00+00:00,9590.02,9590.02,9586.24,9586.24,27.995655,2020,6,3
2020-06-03 13:35:00+00:00,9586.23,9586.24,9584.18,9584.61,26.873567,2020,6,3
2020-06-03 13:36:00+00:00,9584.61,9584.62,9578.52,9580.43,59.678855,2020,6,3
2020-06-03 13:37:00+00:00,9580.43,9589.77,9580.41,9584.96,30.496335,2020,6,3
2020-06-03 13:38:00+00:00,9585.0,9585.0,9581.24,9583.89,16.584058,2020,6,3
2020-06-03 13:39:00+00:00,9583.89,9585.2,9583.38,9584.47,11.941713,2020,6,3
2020-06-03 13:40:00+00:00,9584.51,9599.17,9584.01,9599.17,32.843418,2020,6,3
2020-06-03 13:41:00+00:00,9599.15,9599.15,9592.69,9594.82,20.8372,2020,6,3
2020-06-03 13:42:00+00:00,9594.83,9599.0,9592.98,9599.0,47.847559,2020,6,3
2020-06-03 13:43:00+00:00,9599.8,9605.0,9597.17,9599.05,46.061281,2020,6,3
2020-06-03 13:44:00+00:00,9599.06,9601.22,9595.84,9596.52,16.541742,2020,6,3
2020-06-03 13:45:00+00:00,9596.89,9599.16,9593.97,9596.27,20.507386,2020,6,3
2020-06-03 13:46:00+00:00,9596.14,9597.76,9592.61,9596.61,25.712588,2020,6,3
2020-06-03 13:47:00+00:00,9596.35,9598.17,9593.27,9594.31,25.422483,2020,6,3
2020-06-03 13:48:00+00:00,9594.3,9598.19,9594.27,9596.11,18.392488,2020,6,3
2020-06-03 13:49:00+00:00,9596.12,9598.59,9594.52,9595.11,34.88925,2020,6,3
2020-06-03 13:50:00+00:00,9595.11,9596.99,9589.56,9596.95,45.091009,2020,6,3
2020-06-03 13:51:00+00:00,9596.95,9598.0,9591.31,9597.36,35.068848,2020,6,3
2020-06-03 13:52:00+00:00,9597.35,9597.78,9586.16,9588.59,32.839453,2020,6,3
2020-06-03 13:53:00+00:00,9587.44,9588.54,9577.01,9582.07,38.45385,2020,6,3
2020-06-03 13:54:00+00:00,9582.17,9586.04,9579.63,9581.66,56.704633,2020,6,3
2020-06-03 13:55:00+00:00,9581.44,9583.96,9578.74,9579.05,26.041281,2020,6,3
2020-06-03 13:56:00+00:00,9579.43,9583.95,9579.33,9582.81,28.21001,2020,6,3
2020-06-03 13:57:00+00:00,9582.81,9583.0,9577.86,9578.0,22.668923,2020,6,3
2020-06-03 13:58:00+00:00,9578.0,9582.99,9577.0,9581.29,46.781675,2020,6,3
2020-06-03 13:59:00+00:00,9581.29,9586.28,9580.72,9584.8,25.399381,2020,6,3
2020-06-03 14:00:00+00:00,9583.82,9596.99,9583.82,9595.44,27.917971,2020,6,3
2020-06-03 14:01:00+00:00,9595.11,9597.55,9583.32,9591.2,107.843639,2020,6,3
2020-06-03 14:02:00+00:00,9591.2,9593.65,9584.15,9587.39,32.402054,2020,6,3
2020-06-03 14:03:00+00:00,9586.77,9589.33,9585.93,9588.48,15.203368,2020,6,3
2020-06-03 14:04:00+00:00,9588.48,9589.91,9585.0,9585.01,14.991672,2020,6,3
2020-06-03 14:05:00+00:00,9585.02,9585.33,9581.3,9584.99,16.35198,2020,6,3
2020-06-03 14:06:00+00:00,9584.99,9588.54,9580.7,9582.56,39.454045,2020,6,3
2020-06-03 14:07:00+00:00,9582.53,9586.07,9580.0,9582.17,35.804722,2020,6,3
2020-06-03 14:08:00+00:00,9581.98,9588.36,9581.98,9582.75,31.85656,2020,6,3
2020-06-03 14:09:00+00:00,9582.75,9582.75,9576.04,9579.98,63.505915,2020,6,3
2020-06-03 14:10:00+00:00,9579.54,9581.91,9486.05,9505.0,766.444651,2020,6,3
2020-06-03 14:11:00+00:00,9505.0,9540.49,9504.99,9538.29,240.493251,2020,6,3
2020-06-03 14:12:00+00:00,9538.28,9543.5,9530.43,9540.05,60.95572,2020,6,3
2020-06-03 14:13:00+00:00,9537.37,9542.19,9526.82,9529.17,55.758791,2020,6,3
2020-06-03 14:14:00+00:00,9528.84,9536.19,9518.77,9531.7,74.301422,2020,6,3
2020-06-03 14:15:00+00:00,9531.74,9544.9,9529.72,9537.68,58.452548,2020,6,3
2020-06-03 14:16:00+00:00,9538.73,9540.72,9534.8,9539.94,21.818321,2020,6,3
2020-06-03 14:17:00+00:00,9539.94,9543.63,9536.86,9540.01,18.350249,2020,6,3
2020-06-03 14:18:00+00:00,9540.51,9541.92,9537.73,9539.98,32.450749,2020,6,3
2020-06-03 14:19:00+00:00,9539.98,9545.6,9532.04,9545.13,56.715,2020,6,3
2020-06-03 14:20:00+00:00,9545.14,9568.4,9545.14,9556.53,86.286934,2020,6,3
2020-06-03 14:21:00+00:00,9556.54,9566.51,9554.19,9559.0,31.696572,2020,6,3
2020-06-03 14:22:00+00:00,9559.0,9562.27,9555.02,9556.19,17.270691,2020,6,3
2020-06-03 14:23:00+00:00,9556.19,9558.9,9551.76,9557.32,22.475699,2020,6,3
2020-06-03 14:24:00+00:00,9556.86,9567.22,9556.49,9558.65,55.885789,2020,6,3
2020-06-03 14:25:00+00:00,9558.65,9560.19,9554.01,9554.21,41.952128,2020,6,3
2020-06-03 14:26:00+00:00,9554.22,9557.16,9548.57,9557.16,37.542741,2020,6,3
2020-06-03 14:27:00+00:00,9556.16,9556.16,9546.98,9552.87,36.820971,2020,6,3
2020-06-03 14:28:00+00:00,9552.86,9560.0,9551.73,9554.0,19.273228,2020,6,3
2020-06-03 14:29:00+00:00,9553.99,9559.0,9552.58,9557.51,25.326489,2020,6,3
2020-06-03 14:30:00+00:00,9557.21,9563.84,9555.84,9558.26,34.894611,2020,6,3
2020-06-03 14:31:00+00:00,9558.63,9562.47,9552.35,9552.95,40.346534,2020,6,3
2020-06-03 14:32:00+00:00,9552.92,9556.37,9550.02,9554.05,28.720622,2020,6,3
2020-06-03 14:33:00+00:00,9553.76,9555.88,9545.45,9546.74,51.859316,2020,6,3
2020-06-03 14:34:00+00:00,9546.74,9547.24,9542.46,9543.28,26.893148,2020,6,3
2020-06-03 14:35:00+00:00,9543.3,9552.53,9542.71,9543.3,43.018252,2020,6,3
2020-06-03 14:36:00+00:00,9543.75,9550.4,9543.36,9543.44,12.273584,2020,6,3
2020-06-03 14:37:00+00:00,9544.11,9548.49,9541.24,9546.14,20.388303,2020,6,3
2020-06-03 14:38:00+00:00,9545.98,9545.98,9540.01,9541.65,34.251006,2020,6,3
2020-06-03 14:39:00+00:00,9541.65,9544.99,9540.0,9542.57,20.897868,2020,6,3
2020-06-03 14:40:00+00:00,9542.57,9547.08,9530.62,9546.74,28.986828,2020,6,3
2020-06-03 14:41:00+00:00,9546.77,9550.4,9546.05,9547.46,19.360839,2020,6,3
2020-06-03 14:42:00+00:00,9547.45,9547.75,9541.9,9545.65,35.024994,2020,6,3
2020-06-03 14:43:00+00:00,9545.63,9547.38,9540.38,9540.38,19.345961,2020,6,3
2020-06-03 14:44:00+00:00,9541.35,9544.74,9540.1,9542.06,20.98925,2020,6,3
2020-06-03 14:45:00+00:00,9542.0,9561.98,9540.04,9553.32,62.003749,2020,6,3
2020-06-03 14:46:00+00:00,9552.57,9558.73,9552.57,9557.26,21.833819,2020,6,3
2020-06-03 14:47:00+00:00,9557.23,9559.13,9551.36,9557.39,22.661378,2020,6,3
2020-06-03 14:48:00+00:00,9556.95,9557.39,9552.3,9555.93,20.122279,2020,6,3
2020-06-03 14:49:00+00:00,9556.32,9564.13,9555.03,9563.76,14.726543,2020,6,3
2020-06-03 14:50:00+00:00,9564.13,9572.31,9562.0,9562.0,54.521023,2020,6,3
2020-06-03 14:51:00+00:00,9562.0,9567.86,9560.32,9565.11,33.666892,2020,6,3
2020-06-03 14:52:00+00:00,9565.28,9567.43,9558.27,9558.37,24.883572,2020,6,3
2020-06-03 14:53:00+00:00,9558.41,9560.56,9555.68,9560.55,21.054182,2020,6,3
2020-06-03 14:54:00+00:00,9560.55,9564.0,9560.1,9563.95,22.327782,2020,6,3
2020-06-03 14:55:00+00:00,9563.53,9576.47,9561.38,9576.47,50.696125,2020,6,3
2020-06-03 14:56:00+00:00,9576.47,9584.11,9575.28,9578.45,67.746287,2020,6,3
2020-06-03 14:57:00+00:00,9578.5,9581.17,9573.54,9576.79,47.266198,2020,6,3
2020-06-03 14:58:00+00:00,9576.78,9584.0,9576.04,9579.99,34.308728,2020,6,3
2020-06-03 14:59:00+00:00,9579.99,9584.11,9579.51,9580.71,35.606236,2020,6,3
2020-06-03 15:00:00+00:00,9580.71,9583.79,9578.13,9580.83,34.349214,2020,6,3
2020-06-03 15:01:00+00:00,9580.83,9582.03,9574.43,9577.27,58.911999,2020,6,3
2020-06-03 15:02:00+00:00,9577.28,9577.28,9572.45,9575.98,32.983518,2020,6,3
2020-06-03 15:03:00+00:00,9575.98,9582.8,9574.34,9579.74,66.049947,2020,6,3
2020-06-03 15:04:00+00:00,9579.74,9583.99,9576.4,9577.45,45.188184,2020,6,3
2020-06-03 15:05:00+00:00,9577.56,9581.59,9576.72,9578.86,27.734314,2020,6,3
2020-06-03 15:06:00+00:00,9578.98,9579.98,9569.51,9575.24,45.028265,2020,6,3
2020-06-03 15:07:00+00:00,9576.97,9577.16,9570.7,9571.64,27.607878,2020,6,3
2020-06-03 15:08:00+00:00,9571.64,9572.68,9566.08,9569.21,21.525888,2020,6,3
2020-06-03 15:09:00+00:00,9569.2,9571.38,9567.91,9570.24,12.344762,2020,6,3
2020-06-03 15:10:00+00:00,9570.23,9570.26,9565.79,9567.83,32.891067,2020,6,3
2020-06-03 15:11:00+00:00,9567.83,9582.4,9567.83,9579.91,79.398117,2020,6,3
2020-06-03 15:12:00+00:00,9579.61,9585.78,9578.04,9578.99,65.647394,2020,6,3
2020-06-03 15:13:00+00:00,9579.3,9584.57,9574.98,9583.03,24.329306,2020,6,3
2020-06-03 15:14:00+00:00,9584.45,9584.71,9577.65,9582.25,25.505146,2020,6,3
2020-06-03 15:15:00+00:00,9581.77,9593.49,9579.95,9591.4,64.776366,2020,6,3
2020-06-03 15:16:00+00:00,9591.15,9592.24,9584.48,9589.33,23.82215,2020,6,3
2020-06-03 15:17:00+00:00,9588.69,9593.0,9588.53,9590.01,28.574145,2020,6,3
2020-06-03 15:18:00+00:00,9590.0,9591.67,9582.89,9585.43,43.174399,2020,6,3
2020-06-03 15:19:00+00:00,9585.43,9589.66,9580.0,9580.0,42.010674,2020,6,3
2020-06-03 15:20:00+00:00,9580.24,9582.47,9580.02,9580.24,12.194219,2020,6,3
2020-06-03 15:21:00+00:00,9580.24,9580.24,9575.09,9579.36,27.605242,2020,6,3
2020-06-03 15:22:00+00:00,9579.63,9580.24,9575.23,9579.66,15.579407,2020,6,3
2020-06-03 15:23:00+00:00,9579.82,9582.3,9578.45,9580.37,13.573364,2020,6,3
2020-06-03 15:24:00+00:00,9580.36,9582.0,9579.36,9580.21,11.312677,2020,6,3
2020-06-03 15:25:00+00:00,9580.21,9584.14,9575.0,9576.6,24.303735,2020,6,3
2020-06-03 15:26:00+00:00,9576.8,9577.68,9574.91,9574.99,18.845394,2020,6,3
2020-06-03 15:27:00+00:00,9575.0,9576.99,9571.28,9576.95,13.739524,2020,6,3
2020-06-03 15:28:00+00:00,9576.33,9578.54,9573.69,9577.84,7.188131,2020,6,3
2020-06-03 15:29:00+00:00,9577.96,9579.5,9573.07,9573.92,25.644712,2020,6,3
2020-06-03 15:30:00+00:00,9574.25,9581.95,9572.64,9575.84,33.345351,2020,6,3
2020-06-03 15:31:00+00:00,9575.88,9581.89,9573.69,9576.29,15.143047,2020,6,3
2020-06-03 15:32:00+00:00,9576.3,9577.27,9573.82,9574.14,19.186749,2020,6,3
2020-06-03 15:33:00+00:00,9573.89,9577.27,9573.89,9576.99,14.27523,2020,6,3
2020-06-03 15:34:00+00:00,9576.99,9578.74,9575.42,9577.38,21.022411,2020,6,3
2020-06-03 15:35:00+00:00,9577.34,9578.45,9575.42,9576.14,16.17157,2020,6,3
2020-06-03 15:36:00+00:00,9576.13,9577.48,9574.43,9574.58,16.587595,2020,6,3
2020-06-03 15:37:00+00:00,9574.93,9576.37,9560.0,9564.49,32.865048,2020,6,3
2020-06-03 15:38:00+00:00,9564.48,9564.61,9556.51,9559.64,22.413723,2020,6,3
2020-06-03 15:39:00+00:00,9559.59,9566.24,9550.13,9552.56,55.226483,2020,6,3
2020-06-03 15:40:00+00:00,9552.57,9554.24,9542.1,9552.55,67.674513,2020,6,3
2020-06-03 15:41:00+00:00,9552.25,9555.54,9547.89,9553.37,20.258525,2020,6,3
2020-06-03 15:42:00+00:00,9553.36,9558.42,9540.0,9540.22,53.566474,2020,6,3
2020-06-03 15:43:00+00:00,9540.22,9542.41,9520.03,9541.0,151.857686,2020,6,3
2020-06-03 15:44:00+00:00,9541.0,9547.42,9537.72,9547.0,28.203029,2020,6,3
2020-06-03 15:45:00+00:00,9547.38,9548.72,9540.04,9541.96,36.408312,2020,6,3
2020-06-03 15:46:00+00:00,9542.2,9550.0,9526.62,9550.0,98.451146,2020,6,3
2020-06-03 15:47:00+00:00,9550.0,9550.25,9540.0,9548.22,38.256364,2020,6,3
2020-06-03 15:48:00+00:00,9547.85,9550.0,9545.01,9547.69,17.522106,2020,6,3
2020-06-03 15:49:00+00:00,9547.69,9547.7,9537.61,9539.03,26.636331,2020,6,3
2020-06-03 15:50:00+00:00,9539.86,9549.99,9539.86,9549.99,26.229412,2020,6,3
2020-06-03 15:51:00+00:00,9549.98,9551.95,9545.01,9546.21,57.263409,2020,6,3
2020-06-03 15:52:00+00:00,9546.21,9554.23,9545.04,9550.61,22.042629,2020,6,3
2020-06-03 15:53:00+00:00,9550.0,9553.9,9549.18,9552.73,14.16116,2020,6,3
2020-06-03 15:54:00+00:00,9552.2,9553.37,9540.17,9544.62,41.247932,2020,6,3
2020-06-03 15:55:00+00:00,9544.62,9546.2,9541.95,9545.01,20.360322,2020,6,3
2020-06-03 15:56:00+00:00,9545.0,9550.0,9542.0,9544.0,32.67469,2020,6,3
2020-06-03 15:57:00+00:00,9544.0,9549.0,9541.86,9548.22,22.33852,2020,6,3
2020-06-03 15:58:00+00:00,9548.83,9554.08,9548.47,9550.01,39.76471,2020,6,3
2020-06-03 15:59:00+00:00,9550.0,9566.03,9550.0,9559.29,77.619602,2020,6,3
2020-06-03 16:00:00+00:00,9560.17,9566.37,9559.36,9561.17,49.597104,2020,6,3
2020-06-03 16:01:00+00:00,9561.16,9562.5,9555.09,9557.39,53.926577,2020,6,3
2020-06-03 16:02:00+00:00,9557.39,9560.09,9550.16,9551.96,35.619292,2020,6,3
2020-06-03 16:03:00+00:00,9552.16,9556.95,9551.03,9553.2,19.605404,2020,6,3
2020-06-03 16:04:00+00:00,9553.18,9559.55,9551.0,9559.11,44.918912,2020,6,3
2020-06-03 16:05:00+00:00,9559.26,9564.13,9557.6,9562.02,32.732684,2020,6,3
2020-06-03 16:06:00+00:00,9562.32,9564.17,9557.02,9558.22,18.547555,2020,6,3
2020-06-03 16:07:00+00:00,9558.21,9573.47,9557.93,9566.51,48.787224,2020,6,3
2020-06-03 16:08:00+00:00,9567.44,9573.52,9564.29,9567.85,29.023544,2020,6,3
2020-06-03 16:09:00+00:00,9567.85,9572.25,9565.28,9568.29,33.77523,2020,6,3
2020-06-03 16:10:00+00:00,9568.0,9569.58,9564.17,9568.01,17.364544,2020,6,3
2020-06-03 16:11:00+00:00,9568.53,9572.13,9565.0,9569.4,26.064854,2020,6,3
2020-06-03 16:12:00+00:00,9569.4,9569.51,9563.82,9563.83,18.048989,2020,6,3
2020-06-03 16:13:00+00:00,9563.82,9568.55,9562.47,9564.13,35.409235,2020,6,3
2020-06-03 16:14:00+00:00,9564.13,9568.17,9564.13,9566.57,13.337927,2020,6,3
2020-06-03 16:15:00+00:00,9566.32,9579.0,9564.72,9574.96,44.875776,2020,6,3
2020-06-03 16:16:00+00:00,9574.96,9575.33,9571.06,9571.93,13.781835,2020,6,3
2020-06-03 16:17:00+00:00,9571.88,9573.96,9566.31,9568.47,30.01018,2020,6,3
2020-06-03 16:18:00+00:00,9568.47,9570.58,9565.17,9565.54,19.542193,2020,6,3
2020-06-03 16:19:00+00:00,9565.5,9569.17,9562.89,9564.12,35.571173,2020,6,3
2020-06-03 16:20:00+00:00,9563.75,9566.17,9560.64,9562.09,17.324111,2020,6,3
2020-06-03 16:21:00+00:00,9561.95,9568.17,9561.04,9567.65,22.459886,2020,6,3
2020-06-03 16:22:00+00:00,9568.13,9569.17,9562.57,9565.71,43.810615,2020,6,3
2020-06-03 16:23:00+00:00,9565.71,9590.0,9563.96,9583.54,71.923523,2020,6,3
2020-06-03 16:24:00+00:00,9583.87,9583.87,9573.98,9581.01,49.830496,2020,6,3
2020-06-03 16:25:00+00:00,9581.02,9581.03,9573.61,9576.99,34.135945,2020,6,3
2020-06-03 16:26:00+00:00,9576.99,9576.99,9570.0,9573.33,24.085566,2020,6,3
2020-06-03 16:27:00+00:00,9573.33,9587.95,9571.01,9583.27,38.582618,2020,6,3
2020-06-03 16:28:00+00:00,9583.28,9583.28,9572.86,9573.99,31.245926,2020,6,3
2020-06-03 16:29:00+00:00,9573.12,9576.03,9569.66,9571.0,19.873856,2020,6,3
2020-06-03 16:30:00+00:00,9571.01,9575.89,9569.96,9572.54,23.135423,2020,6,3
2020-06-03 16:31:00+00:00,9572.47,9573.99,9561.23,9561.66,29.399693,2020,6,3
2020-06-03 16:32:00+00:00,9562.23,9567.96,9561.22,9563.6,25.750772,2020,6,3
2020-06-03 16:33:00+00:00,9564.01,9573.99,9562.33,9566.67,20.86435,2020,6,3
2020-06-03 16:34:00+00:00,9567.05,9572.58,9567.04,9571.63,6.950915,2020,6,3
2020-06-03 16:35:00+00:00,9572.28,9579.04,9571.62,9576.98,10.744556,2020,6,3
2020-06-03 16:36:00+00:00,9576.61,9579.0,9571.85,9575.58,23.283983,2020,6,3
2020-06-03 16:37:00+00:00,9575.09,9577.92,9572.86,9573.79,8.307815,2020,6,3
2020-06-03 16:38:00+00:00,9573.98,9580.0,9573.91,9576.46,16.745814,2020,6,3
2020-06-03 16:39:00+00:00,9576.83,9579.97,9573.48,9578.61,12.013946,2020,6,3
2020-06-03 16:40:00+00:00,9578.62,9579.57,9576.13,9578.22,9.620871,2020,6,3
2020-06-03 16:41:00+00:00,9578.01,9580.0,9575.0,9575.0,22.474328,2020,6,3
2020-06-03 16:42:00+00:00,9575.0,9577.52,9571.48,9577.12,22.557603,2020,6,3
2020-06-03 16:43:00+00:00,9577.12,9579.39,9571.67,9573.29,20.846747,2020,6,3
2020-06-03 16:44:00+00:00,9572.76,9573.28,9554.22,9559.49,28.319278,2020,6,3
2020-06-03 16:45:00+00:00,9559.5,9559.5,9544.97,9554.86,57.75959,2020,6,3
2020-06-03 16:46:00+00:00,9554.51,9560.16,9549.69,9554.84,193.131901,2020,6,3
2020-06-03 16:47:00+00:00,9554.61,9559.57,9552.89,9559.37,19.622023,2020,6,3
2020-06-03 16:48:00+00:00,9559.37,9560.0,9555.44,9558.61,11.742507,2020,6,3
2020-06-03 16:49:00+00:00,9557.95,9561.62,9557.95,9560.34,14.566318,2020,6,3
2020-06-03 16:50:00+00:00,9560.35,9565.2,9558.97,9560.0,17.771253,2020,6,3
2020-06-03 16:51:00+00:00,9560.0,9563.25,9555.6,9562.92,22.599086,2020,6,3
2020-06-03 16:52:00+00:00,9562.97,9572.6,9560.68,9568.56,18.803471,2020,6,3
2020-06-03 16:53:00+00:00,9568.56,9569.07,9560.67,9567.88,27.855372,2020,6,3
2020-06-03 16:54:00+00:00,9567.01,9569.93,9566.28,9569.12,34.65949,2020,6,3
2020-06-03 16:55:00+00:00,9569.5,9570.96,9567.86,9569.96,27.862093,2020,6,3
2020-06-03 16:56:00+00:00,9569.68,9575.0,9568.79,9568.79,20.891855,2020,6,3
2020-06-03 16:57:00+00:00,9568.79,9574.53,9566.46,9573.55,16.508932,2020,6,3
2020-06-03 16:58:00+00:00,9572.68,9574.76,9558.5,9562.01,26.2424,2020,6,3
2020-06-03 16:59:00+00:00,9561.47,9562.16,9560.13,9561.03,11.639959,2020,6,3
2020-06-03 17:00:00+00:00,9561.27,9562.16,9557.48,9560.49,22.489587,2020,6,3
2020-06-03 17:01:00+00:00,9560.49,9566.63,9559.61,9565.0,18.094438,2020,6,3
2020-06-03 17:02:00+00:00,9564.81,9572.34,9562.41,9570.58,87.220506,2020,6,3
2020-06-03 17:03:00+00:00,9570.77,9573.19,9570.0,9573.07,16.456824,2020,6,3
2020-06-03 17:04:00+00:00,9573.13,9574.0,9564.74,9568.36,42.470528,2020,6,3
2020-06-03 17:05:00+00:00,9568.36,9570.35,9564.8,9569.06,20.475315,2020,6,3
2020-06-03 17:06:00+00:00,9569.06,9569.51,9564.09,9565.88,10.83845,2020,6,3
2020-06-03 17:07:00+00:00,9566.04,9571.68,9564.16,9569.9,35.850789,2020,6,3
2020-06-03 17:08:00+00:00,9569.62,9570.84,9564.0,9569.73,13.145208,2020,6,3
2020-06-03 17:09:00+00:00,9569.68,9578.87,9569.68,9576.35,37.469887,2020,6,3
2020-06-03 17:10:00+00:00,9576.61,9577.3,9571.44,9573.99,19.828211,2020,6,3
2020-06-03 17:11:00+00:00,9574.0,9576.6,9573.95,9575.61,9.182002,2020,6,3
2020-06-03 17:12:00+00:00,9575.94,9578.34,9574.33,9574.59,14.041131,2020,6,3
2020-06-03 17:13:00+00:00,9575.06,9577.7,9574.33,9574.48,18.620804,2020,6,3
2020-06-03 17:14:00+00:00,9574.49,9575.04,9568.4,9571.95,25.588504,2020,6,3
2020-06-03 17:15:00+00:00,9571.95,9578.87,9571.95,9577.34,15.835115,2020,6,3
2020-06-03 17:16:00+00:00,9577.34,9577.45,9575.0,9577.0,15.396274,2020,6,3
2020-06-03 17:17:00+00:00,9577.0,9578.87,9576.9,9578.83,23.133904,2020,6,3
2020-06-03 17:18:00+00:00,9578.83,9579.53,9555.0,9560.06,48.96705,2020,6,3
2020-06-03 17:19:00+00:00,9560.06,9564.88,9556.24,9557.14,17.74533,2020,6,3
2020-06-03 17:20:00+00:00,9557.14,9569.0,9557.14,9566.03,35.844485,2020,6,3
2020-06-03 17:21:00+00:00,9566.04,9569.97,9556.38,9557.61,26.549447,2020,6,3
2020-06-03 17:22:00+00:00,9557.73,9564.9,9556.08,9564.3,28.995734,2020,6,3
2020-06-03 17:23:00+00:00,9563.72,9572.55,9562.49,9567.47,49.837865,2020,6,3
2020-06-03 17:24:00+00:00,9566.72,9567.62,9563.82,9564.5,15.00453,2020,6,3
2020-06-03 17:25:00+00:00,9564.5,9564.5,9557.26,9562.79,37.996482,2020,6,3
2020-06-03 17:26:00+00:00,9562.8,9573.07,9559.13,9571.54,17.36532,2020,6,3
2020-06-03 17:27:00+00:00,9571.54,9571.54,9565.1,9567.66,12.232054,2020,6,3
2020-06-03 17:28:00+00:00,9567.66,9574.21,9567.65,9572.37,6.775374,2020,6,3
2020-06-03 17:29:00+00:00,9572.38,9575.46,9566.43,9573.02,15.420468,2020,6,3
2020-06-03 17:30:00+00:00,9573.02,9580.0,9569.44,9570.85,31.788341,2020,6,3
2020-06-03 17:31:00+00:00,9570.45,9575.07,9569.51,9572.34,7.783856,2020,6,3
2020-06-03 17:32:00+00:00,9572.52,9573.54,9569.22,9570.24,10.841931,2020,6,3
2020-06-03 17:33:00+00:00,9570.12,9570.12,9567.42,9568.42,6.425426,2020,6,3
2020-06-03 17:34:00+00:00,9568.41,9569.25,9567.08,9567.08,5.420657,2020,6,3
2020-06-03 17:35:00+00:00,9567.08,9567.11,9560.0,9560.42,13.776287,2020,6,3
2020-06-03 17:36:00+00:00,9560.82,9565.79,9560.75,9563.9,21.629553,2020,6,3
2020-06-03 17:37:00+00:00,9563.9,9564.51,9560.0,9563.12,19.068083,2020,6,3
2020-06-03 17:38:00+00:00,9562.85,9563.1,9556.11,9560.0,14.238988,2020,6,3
2020-06-03 17:39:00+00:00,9560.01,9570.72,9560.0,9568.69,30.017232,2020,6,3
2020-06-03 17:40:00+00:00,9568.86,9568.91,9563.18,9565.64,20.859522,2020,6,3
2020-06-03 17:41:00+00:00,9565.63,9572.36,9563.4,9570.24,31.180478,2020,6,3
2020-06-03 17:42:00+00:00,9570.24,9572.04,9564.14,9569.73,12.707796,2020,6,3
2020-06-03 17:43:00+00:00,9568.61,9570.03,9564.09,9570.03,38.265186,2020,6,3
2020-06-03 17:44:00+00:00,9570.03,9574.89,9568.63,9571.1,70.392823,2020,6,3
2020-06-03 17:45:00+00:00,9571.1,9572.12,9566.13,9571.35,29.039121,2020,6,3
2020-06-03 17:46:00+00:00,9571.42,9575.62,9566.83,9568.59,30.221709,2020,6,3
2020-06-03 17:47:00+00:00,9568.77,9572.0,9561.56,9572.0,26.402255,2020,6,3
2020-06-03 17:48:00+00:00,9572.0,9572.0,9569.96,9571.1,7.846742,2020,6,3
2020-06-03 17:49:00+00:00,9571.17,9571.92,9570.2,9570.34,6.94913,2020,6,3
2020-06-03 17:50:00+00:00,9571.0,9571.5,9562.01,9568.11,30.305043,2020,6,3
2020-06-03 17:51:00+00:00,9568.12,9570.65,9568.11,9568.14,21.196487,2020,6,3
2020-06-03 17:52:00+00:00,9568.13,9570.47,9565.32,9566.9,13.530529,2020,6,3
2020-06-03 17:53:00+00:00,9566.74,9570.26,9566.74,9568.42,12.387087,2020,6,3
2020-06-03 17:54:00+00:00,9569.18,9569.18,9564.6,9566.05,27.932388,2020,6,3
2020-06-03 17:55:00+00:00,9566.12,9567.71,9551.25,9556.87,46.375931,2020,6,3
2020-06-03 17:56:00+00:00,9556.57,9562.36,9555.16,9560.53,13.448089,2020,6,3
2020-06-03 17:57:00+00:00,9560.38,9565.01,9559.62,9563.33,19.018942,2020,6,3
2020-06-03 17:58:00+00:00,9562.96,9564.16,9556.89,9559.95,20.537818,2020,6,3
2020-06-03 17:59:00+00:00,9559.99,9560.02,9559.18,9560.01,8.249562,2020,6,3
2020-06-03 18:00:00+00:00,9560.02,9566.37,9559.98,9561.73,25.055679,2020,6,3
2020-06-03 18:01:00+00:00,9561.73,9563.45,9561.72,9562.6,16.942579,2020,6,3
2020-06-03 18:02:00+00:00,9562.59,9563.01,9555.42,9556.0,12.348739,2020,6,3
2020-06-03 18:03:00+00:00,9556.0,9556.0,9541.15,9544.0,42.681394,2020,6,3
2020-06-03 18:04:00+00:00,9544.0,9553.43,9534.82,9550.1,81.124314,2020,6,3
2020-06-03 18:05:00+00:00,9549.7,9551.0,9545.96,9547.0,29.210631,2020,6,3
2020-06-03 18:06:00+00:00,9546.88,9551.37,9544.42,9549.1,46.480446,2020,6,3
2020-06-03 18:07:00+00:00,9549.12,9549.13,9542.99,9545.19,25.345512,2020,6,3
2020-06-03 18:08:00+00:00,9545.01,9549.54,9542.98,9549.54,31.085017,2020,6,3
2020-06-03 18:09:00+00:00,9549.54,9552.21,9547.65,9552.21,39.505503,2020,6,3
2020-06-03 18:10:00+00:00,9552.21,9552.3,9550.17,9552.29,17.081796,2020,6,3
2020-06-03 18:11:00+00:00,9552.3,9552.3,9538.84,9542.49,62.577448,2020,6,3
2020-06-03 18:12:00+00:00,9542.5,9543.79,9540.32,9540.76,11.049019,2020,6,3
2020-06-03 18:13:00+00:00,9540.77,9551.09,9540.76,9550.92,35.355694,2020,6,3
2020-06-03 18:14:00+00:00,9550.92,9550.92,9544.78,9548.39,33.466728,2020,6,3
2020-06-03 18:15:00+00:00,9548.38,9554.12,9545.66,9553.46,33.83726,2020,6,3
2020-06-03 18:16:00+00:00,9553.63,9556.99,9553.63,9556.24,22.863268,2020,6,3
2020-06-03 18:17:00+00:00,9556.22,9559.9,9548.93,9552.63,19.328821,2020,6,3
2020-06-03 18:18:00+00:00,9552.63,9557.9,9552.63,9553.97,20.669024,2020,6,3
2020-06-03 18:19:00+00:00,9553.97,9560.0,9553.97,9560.0,36.887043,2020,6,3
2020-06-03 18:20:00+00:00,9560.0,9561.24,9557.09,9557.13,20.120898,2020,6,3
2020-06-03 18:21:00+00:00,9557.12,9561.78,9554.47,9561.28,18.457632,2020,6,3
2020-06-03 18:22:00+00:00,9561.64,9563.07,9561.28,9562.04,4.898557,2020,6,3
2020-06-03 18:23:00+00:00,9561.42,9561.42,9554.49,9556.0,27.182089,2020,6,3
2020-06-03 18:24:00+00:00,9556.0,9557.38,9554.02,9557.38,10.769831,2020,6,3
2020-06-03 18:25:00+00:00,9557.2,9560.78,9556.32,9560.23,8.083569,2020,6,3
2020-06-03 18:26:00+00:00,9560.23,9561.99,9556.38,9561.98,9.810849,2020,6,3
2020-06-03 18:27:00+00:00,9561.98,9562.23,9559.96,9562.22,8.903719,2020,6,3
2020-06-03 18:28:00+00:00,9562.22,9566.58,9560.2,9566.58,18.802251,2020,6,3
2020-06-03 18:29:00+00:00,9566.58,9566.58,9561.22,9561.37,8.758064,2020,6,3
2020-06-03 18:30:00+00:00,9561.01,9571.87,9561.01,9568.02,60.833465,2020,6,3
2020-06-03 18:31:00+00:00,9568.34,9571.0,9566.65,9569.4,12.843422,2020,6,3
2020-06-03 18:32:00+00:00,9569.39,9572.0,9569.0,9571.46,11.388851,2020,6,3
2020-06-03 18:33:00+00:00,9571.97,9575.0,9567.57,9574.43,14.979642,2020,6,3
2020-06-03 18:34:00+00:00,9573.93,9576.66,9571.1,9576.23,13.724618,2020,6,3
2020-06-03 18:35:00+00:00,9576.65,9577.71,9573.0,9575.84,13.785175,2020,6,3
2020-06-03 18:36:00+00:00,9574.9,9578.41,9570.13,9572.68,24.086834,2020,6,3
2020-06-03 18:37:00+00:00,9572.6,9576.0,9572.36,9573.48,15.586135,2020,6,3
2020-06-03 18:38:00+00:00,9573.45,9574.34,9572.01,9573.49,8.29536,2020,6,3
2020-06-03 18:39:00+00:00,9573.5,9573.54,9567.66,9568.24,20.523369,2020,6,3
2020-06-03 18:40:00+00:00,9568.25,9574.99,9568.01,9574.99,14.211434,2020,6,3
2020-06-03 18:41:00+00:00,9574.99,9598.0,9574.98,9597.51,151.859677,2020,6,3
2020-06-03 18:42:00+00:00,9598.0,9610.0,9592.19,9602.46,197.721603,2020,6,3
2020-06-03 18:43:00+00:00,9603.3,9610.0,9593.8,9603.46,86.645907,2020,6,3
2020-06-03 18:44:00+00:00,9602.5,9613.91,9601.99,9609.3,174.004451,2020,6,3
2020-06-03 18:45:00+00:00,9609.67,9613.89,9605.51,9613.24,35.307508,2020,6,3
2020-06-03 18:46:00+00:00,9612.68,9613.57,9593.98,9600.0,40.741662,2020,6,3
2020-06-03 18:47:00+00:00,9600.0,9605.89,9593.47,9597.22,37.716529,2020,6,3
2020-06-03 18:48:00+00:00,9596.91,9601.94,9592.73,9600.27,32.886081,2020,6,3
2020-06-03 18:49:00+00:00,9598.68,9608.0,9598.68,9608.0,37.917364,2020,6,3
2020-06-03 18:50:00+00:00,9607.38,9607.38,9602.5,9605.01,27.341512,2020,6,3
2020-06-03 18:51:00+00:00,9605.0,9613.81,9605.0,9612.52,46.641983,2020,6,3
2020-06-03 18:52:00+00:00,9612.52,9615.0,9604.48,9605.67,60.259153,2020,6,3
2020-06-03 18:53:00+00:00,9605.1,9609.53,9600.3,9609.0,25.792248,2020,6,3
2020-06-03 18:54:00+00:00,9609.0,9609.0,9600.57,9606.99,36.617408,2020,6,3
2020-06-03 18:55:00+00:00,9606.99,9609.73,9600.3,9600.3,30.253927,2020,6,3
2020-06-03 18:56:00+00:00,9600.3,9606.53,9600.3,9605.91,20.463114,2020,6,3
2020-06-03 18:57:00+00:00,9604.85,9606.0,9602.33,9604.26,24.567069,2020,6,3
2020-06-03 18:58:00+00:00,9604.31,9605.56,9597.79,9598.98,36.650504,2020,6,3
2020-06-03 18:59:00+00:00,9599.0,9600.0,9593.99,9596.31,20.166064,2020,6,3
2020-06-03 19:00:00+00:00,9597.12,9605.56,9597.12,9605.56,47.915641,2020,6,3
2020-06-03 19:01:00+00:00,9605.55,9622.44,9605.55,9616.04,164.53788,2020,6,3
2020-06-03 19:02:00+00:00,9616.0,9619.88,9614.0,9616.0,49.666492,2020,6,3
2020-06-03 19:03:00+00:00,9616.0,9617.5,9610.37,9611.73,43.044798,2020,6,3
2020-06-03 19:04:00+00:00,9611.52,9614.95,9600.11,9604.07,26.470095,2020,6,3
2020-06-03 19:05:00+00:00,9602.82,9607.42,9601.01,9603.69,27.517985,2020,6,3
2020-06-03 19:06:00+00:00,9603.7,9608.63,9602.27,9603.16,15.612968,2020,6,3
2020-06-03 19:07:00+00:00,9603.25,9603.65,9585.0,9586.98,44.525223,2020,6,3
2020-06-03 19:08:00+00:00,9587.96,9594.49,9585.4,9593.9,22.172066,2020,6,3
2020-06-03 19:09:00+00:00,9593.86,9601.76,9590.38,9601.14,26.904214,2020,6,3
2020-06-03 19:10:00+00:00,9601.09,9609.43,9599.54,9608.68,30.083806,2020,6,3
2020-06-03 19:11:00+00:00,9608.69,9608.69,9603.0,9604.34,16.312421,2020,6,3
2020-06-03 19:12:00+00:00,9604.58,9608.73,9600.0,9607.31,21.222039,2020,6,3
2020-06-03 19:13:00+00:00,9607.31,9608.85,9600.46,9601.24,11.021181,2020,6,3
2020-06-03 19:14:00+00:00,9601.24,9605.9,9600.69,9605.41,10.712972,2020,6,3
2020-06-03 19:15:00+00:00,9605.41,9614.28,9601.46,9601.46,32.659112,2020,6,3
2020-06-03 19:16:00+00:00,9601.47,9608.78,9600.0,9603.99,35.514903,2020,6,3
2020-06-03 19:17:00+00:00,9603.99,9604.17,9600.0,9600.01,13.936234,2020,6,3
2020-06-03 19:18:00+00:00,9600.0,9604.43,9600.0,9600.01,37.998475,2020,6,3
2020-06-03 19:19:00+00:00,9600.48,9606.86,9600.24,9600.77,17.308199,2020,6,3
2020-06-03 19:20:00+00:00,9600.78,9600.78,9591.83,9593.99,23.879876,2020,6,3
2020-06-03 19:21:00+00:00,9593.17,9599.0,9591.16,9592.86,12.920287,2020,6,3
2020-06-03 19:22:00+00:00,9593.27,9596.72,9591.0,9596.7,12.513046,2020,6,3
2020-06-03 19:23:00+00:00,9595.81,9598.2,9591.49,9592.69,21.853032,2020,6,3
2020-06-03 19:24:00+00:00,9592.25,9596.34,9590.11,9594.89,14.673503,2020,6,3
2020-06-03 19:25:00+00:00,9594.89,9595.93,9589.99,9595.0,24.399539,2020,6,3
2020-06-03 19:26:00+00:00,9595.0,9605.83,9594.98,9605.21,42.865156,2020,6,3
2020-06-03 19:27:00+00:00,9605.25,9607.04,9600.93,9606.54,25.028319,2020,6,3
2020-06-03 19:28:00+00:00,9606.55,9606.95,9603.9,9605.84,13.110426,2020,6,3
2020-06-03 19:29:00+00:00,9606.0,9608.62,9603.88,9606.0,18.119622,2020,6,3
2020-06-03 19:30:00+00:00,9605.99,9608.88,9605.97,9607.99,19.173646,2020,6,3
2020-06-03 19:31:00+00:00,9607.99,9608.46,9603.48,9605.35,25.110399,2020,6,3
2020-06-03 19:32:00+00:00,9605.35,9605.35,9573.33,9577.5,97.616869,2020,6,3
2020-06-03 19:33:00+00:00,9576.31,9585.71,9529.0,9554.58,328.785623,2020,6,3
2020-06-03 19:34:00+00:00,9553.07,9569.58,9550.23,9562.82,66.127444,2020,6,3
2020-06-03 19:35:00+00:00,9561.87,9566.77,9553.48,9560.95,57.63908,2020,6,3
2020-06-03 19:36:00+00:00,9560.95,9569.75,9560.76,9565.4,28.53333,2020,6,3
2020-06-03 19:37:00+00:00,9565.35,9571.64,9564.7,9569.11,36.934562,2020,6,3
2020-06-03 19:38:00+00:00,9569.12,9576.13,9568.0,9568.0,27.199625,2020,6,3
2020-06-03 19:39:00+00:00,9568.0,9571.49,9562.44,9569.27,31.550417,2020,6,3
2020-06-03 19:40:00+00:00,9568.5,9579.74,9567.89,9579.12,30.099727,2020,6,3
2020-06-03 19:41:00+00:00,9579.15,9579.16,9570.6,9574.96,43.952579,2020,6,3
2020-06-03 19:42:00+00:00,9575.69,9578.33,9571.0,9572.1,39.485845,2020,6,3
2020-06-03 19:43:00+00:00,9572.09,9576.53,9570.5,9571.14,31.257027,2020,6,3
2020-06-03 19:44:00+00:00,9571.13,9575.16,9570.0,9573.27,24.240449,2020,6,3
2020-06-03 19:45:00+00:00,9572.79,9578.47,9572.1,9575.16,12.281347,2020,6,3
2020-06-03 19:46:00+00:00,9575.16,9575.29,9568.36,9568.83,25.501614,2020,6,3
2020-06-03 19:47:00+00:00,9569.39,9573.53,9568.82,9569.87,15.644669,2020,6,3
2020-06-03 19:48:00+00:00,9569.87,9575.92,9569.48,9573.77,15.49952,2020,6,3
2020-06-03 19:49:00+00:00,9573.78,9584.4,9573.77,9579.0,26.803091,2020,6,3
2020-06-03 19:50:00+00:00,9579.0,9583.82,9578.46,9580.01,19.337517,2020,6,3
2020-06-03 19:51:00+00:00,9580.0,9580.02,9570.23,9571.71,20.825443,2020,6,3
2020-06-03 19:52:00+00:00,9571.6,9571.84,9562.09,9570.52,28.313114,2020,6,3
2020-06-03 19:53:00+00:00,9570.52,9573.19,9566.89,9567.56,15.267669,2020,6,3
2020-06-03 19:54:00+00:00,9568.26,9576.99,9567.25,9576.06,36.747628,2020,6,3
2020-06-03 19:55:00+00:00,9576.39,9578.2,9572.22,9576.45,25.976696,2020,6,3
2020-06-03 19:56:00+00:00,9575.98,9579.71,9575.0,9575.61,10.041753,2020,6,3
2020-06-03 19:57:00+00:00,9575.93,9583.7,9575.03,9581.2,15.277421,2020,6,3
2020-06-03 19:58:00+00:00,9581.38,9581.81,9572.63,9577.1,10.021012,2020,6,3
2020-06-03 19:59:00+00:00,9577.1,9582.19,9576.2,9577.18,13.02019,2020,6,3
2020-06-03 20:00:00+00:00,9577.18,9582.19,9577.06,9581.11,8.283859,2020,6,3
2020-06-03 20:01:00+00:00,9581.78,9582.01,9570.0,9577.36,23.693065,2020,6,3
2020-06-03 20:02:00+00:00,9577.53,9581.34,9574.99,9576.0,11.639723,2020,6,3
2020-06-03 20:03:00+00:00,9576.88,9577.52,9570.52,9570.71,15.986704,2020,6,3
2020-06-03 20:04:00+00:00,9570.89,9570.89,9565.89,9567.99,16.283246,2020,6,3
2020-06-03 20:05:00+00:00,9568.22,9575.3,9568.04,9569.6,19.499748,2020,6,3
2020-06-03 20:06:00+00:00,9569.6,9576.26,9569.56,9571.38,9.765769,2020,6,3
2020-06-03 20:07:00+00:00,9571.66,9576.26,9570.6,9572.88,6.590684,2020,6,3
2020-06-03 20:08:00+00:00,9572.88,9573.65,9567.4,9568.6,12.430321,2020,6,3
2020-06-03 20:09:00+00:00,9568.61,9572.7,9567.54,9569.57,27.643505,2020,6,3
2020-06-03 20:10:00+00:00,9569.57,9574.9,9569.04,9570.13,8.482237,2020,6,3
2020-06-03 20:11:00+00:00,9570.09,9576.26,9566.61,9567.08,12.386593,2020,6,3
2020-06-03 20:12:00+00:00,9567.29,9570.0,9565.53,9566.99,18.861865,2020,6,3
2020-06-03 20:13:00+00:00,9566.64,9568.0,9565.97,9567.47,2.888588,2020,6,3
2020-06-03 20:14:00+00:00,9567.38,9573.89,9567.36,9568.01,14.027341,2020,6,3
2020-06-03 20:15:00+00:00,9568.01,9569.94,9565.83,9568.91,10.74682,2020,6,3
2020-06-03 20:16:00+00:00,9568.8,9570.0,9560.0,9564.67,21.266789,2020,6,3
2020-06-03 20:17:00+00:00,9564.67,9572.08,9564.12,9566.1,9.834427,2020,6,3
2020-06-03 20:18:00+00:00,9566.01,9570.99,9565.0,9570.0,18.377566,2020,6,3
2020-06-03 20:19:00+00:00,9570.04,9570.09,9561.41,9568.0,21.000924,2020,6,3
2020-06-03 20:20:00+00:00,9568.82,9569.05,9563.21,9567.98,7.823473,2020,6,3
2020-06-03 20:21:00+00:00,9567.98,9568.0,9563.78,9564.08,8.917541,2020,6,3
2020-06-03 20:22:00+00:00,9564.09,9565.5,9559.63,9560.56,10.84628,2020,6,3
2020-06-03 20:23:00+00:00,9560.57,9562.86,9558.24,9561.97,7.375804,2020,6,3
2020-06-03 20:24:00+00:00,9561.97,9573.12,9561.96,9569.42,21.090406,2020,6,3
2020-06-03 20:25:00+00:00,9569.43,9573.25,9569.35,9573.11,10.330399,2020,6,3
2020-06-03 20:26:00+00:00,9573.11,9573.31,9573.08,9573.11,6.250212,2020,6,3
2020-06-03 20:27:00+00:00,9573.11,9574.19,9572.61,9572.65,17.702637,2020,6,3
2020-06-03 20:28:00+00:00,9572.62,9573.12,9566.63,9567.63,35.645791,2020,6,3
2020-06-03 20:29:00+00:00,9567.63,9574.99,9566.41,9571.49,16.753964,2020,6,3
2020-06-03 20:30:00+00:00,9571.5,9576.25,9571.5,9574.75,16.221426,2020,6,3
2020-06-03 20:31:00+00:00,9574.74,9576.26,9574.0,9575.01,14.893719,2020,6,3
2020-06-03 20:32:00+00:00,9575.59,9577.47,9573.54,9575.0,11.046777,2020,6,3
2020-06-03 20:33:00+00:00,9575.01,9575.44,9567.0,9574.41,23.101839,2020,6,3
2020-06-03 20:34:00+00:00,9574.37,9574.99,9570.22,9573.68,7.717162,2020,6,3
2020-06-03 20:35:00+00:00,9573.68,9573.68,9568.39,9570.71,14.618569,2020,6,3
2020-06-03 20:36:00+00:00,9570.71,9570.73,9565.85,9567.57,7.560525,2020,6,3
2020-06-03 20:37:00+00:00,9567.1,9571.51,9565.84,9570.54,7.302485,2020,6,3
2020-06-03 20:38:00+00:00,9571.17,9571.3,9568.34,9570.67,4.002592,2020,6,3
2020-06-03 20:39:00+00:00,9570.55,9571.84,9570.0,9571.34,3.960989,2020,6,3
2020-06-03 20:40:00+00:00,9571.34,9572.69,9570.0,9572.43,9.006193,2020,6,3
2020-06-03 20:41:00+00:00,9572.43,9574.16,9572.02,9573.86,3.411147,2020,6,3
2020-06-03 20:42:00+00:00,9573.85,9582.01,9573.33,9579.71,19.094836,2020,6,3
2020-06-03 20:43:00+00:00,9579.34,9582.0,9579.34,9581.93,15.296183,2020,6,3
2020-06-03 20:44:00+00:00,9581.96,9582.01,9581.89,9582.0,12.751778,2020,6,3
2020-06-03 20:45:00+00:00,9582.01,9582.01,9575.8,9579.34,25.600813,2020,6,3
2020-06-03 20:46:00+00:00,9579.33,9583.07,9579.33,9583.07,15.431785,2020,6,3
2020-06-03 20:47:00+00:00,9583.0,9584.0,9581.99,9581.99,14.12617,2020,6,3
2020-06-03 20:48:00+00:00,9581.99,9583.35,9581.93,9582.01,9.945373,2020,6,3
2020-06-03 20:49:00+00:00,9582.0,9582.01,9579.53,9580.93,21.776157,2020,6,3
2020-06-03 20:50:00+00:00,9581.11,9581.98,9577.4,9578.52,16.11366,2020,6,3
2020-06-03 20:51:00+00:00,9578.92,9588.09,9577.86,9585.42,40.474515,2020,6,3
2020-06-03 20:52:00+00:00,9585.42,9586.99,9581.37,9583.45,10.848311,2020,6,3
2020-06-03 20:53:00+00:00,9583.83,9584.34,9579.32,9580.1,8.478969,2020,6,3
2020-06-03 20:54:00+00:00,9581.09,9584.13,9579.7,9583.28,9.235402,2020,6,3
2020-06-03 20:55:00+00:00,9582.61,9585.27,9581.83,9584.0,7.652053,2020,6,3
2020-06-03 20:56:00+00:00,9583.94,9585.36,9576.75,9578.85,12.8756,2020,6,3
2020-06-03 20:57:00+00:00,9577.32,9583.99,9575.45,9582.13,13.409005,2020,6,3
2020-06-03 20:58:00+00:00,9582.12,9585.35,9581.21,9583.02,11.023618,2020,6,3
2020-06-03 20:59:00+00:00,9583.02,9583.86,9580.52,9581.53,8.032591,2020,6,3
2020-06-03 21:00:00+00:00,9581.36,9582.95,9580.0,9580.03,4.486584,2020,6,3
2020-06-03 21:01:00+00:00,9580.47,9583.45,9580.02,9581.64,10.735514,2020,6,3
2020-06-03 21:02:00+00:00,9581.61,9582.56,9577.96,9579.18,16.258398,2020,6,3
2020-06-03 21:03:00+00:00,9579.11,9580.71,9577.05,9578.86,5.206626,2020,6,3
2020-06-03 21:04:00+00:00,9578.74,9578.89,9576.7,9577.97,5.814842,2020,6,3
2020-06-03 21:05:00+00:00,9577.88,9599.49,9577.88,9585.46,47.901196,2020,6,3
2020-06-03 21:06:00+00:00,9585.45,9593.78,9585.45,9590.0,12.640711,2020,6,3
2020-06-03 21:07:00+00:00,9590.0,9591.78,9588.21,9588.45,10.70585,2020,6,3
2020-06-03 21:08:00+00:00,9588.41,9592.43,9587.61,9590.56,10.838352,2020,6,3
2020-06-03 21:09:00+00:00,9590.78,9591.31,9586.63,9587.98,13.924197,2020,6,3
2020-06-03 21:10:00+00:00,9587.92,9589.62,9585.1,9587.75,10.043,2020,6,3
2020-06-03 21:11:00+00:00,9588.69,9589.98,9585.72,9589.8,10.278195,2020,6,3
2020-06-03 21:12:00+00:00,9589.81,9589.81,9588.1,9588.64,6.721767,2020,6,3
2020-06-03 21:13:00+00:00,9588.31,9588.31,9583.39,9585.15,27.512296,2020,6,3
2020-06-03 21:14:00+00:00,9583.48,9585.3,9583.47,9584.94,6.854653,2020,6,3
2020-06-03 21:15:00+00:00,9584.83,9585.04,9584.43,9584.43,5.981301,2020,6,3
2020-06-03 21:16:00+00:00,9584.45,9584.45,9581.03,9581.81,15.790856,2020,6,3
2020-06-03 21:17:00+00:00,9581.77,9581.98,9580.35,9580.94,10.339979,2020,6,3
2020-06-03 21:18:00+00:00,9580.93,9585.49,9580.0,9580.24,18.184531,2020,6,3
2020-06-03 21:19:00+00:00,9580.24,9581.37,9578.0,9578.83,9.808361,2020,6,3
2020-06-03 21:20:00+00:00,9578.83,9580.25,9575.7,9576.69,14.473384,2020,6,3
2020-06-03 21:21:00+00:00,9576.69,9578.0,9575.0,9576.59,16.132784,2020,6,3
2020-06-03 21:22:00+00:00,9576.58,9576.97,9575.13,9576.5,8.357038,2020,6,3
2020-06-03 21:23:00+00:00,9576.94,9578.0,9575.3,9577.27,5.047475,2020,6,3
2020-06-03 21:24:00+00:00,9577.23,9577.98,9575.03,9576.62,10.354236,2020,6,3
2020-06-03 21:25:00+00:00,9576.87,9577.29,9573.33,9574.3,14.075627,2020,6,3
2020-06-03 21:26:00+00:00,9574.3,9574.32,9570.0,9571.72,14.844132,2020,6,3
2020-06-03 21:27:00+00:00,9572.38,9573.93,9570.58,9573.7,7.466906,2020,6,3
2020-06-03 21:28:00+00:00,9572.38,9573.94,9572.05,9572.26,7.215852,2020,6,3
2020-06-03 21:29:00+00:00,9572.3,9573.19,9568.29,9571.0,18.740283,2020,6,3
2020-06-03 21:30:00+00:00,9571.0,9572.62,9567.43,9572.08,18.879101,2020,6,3
2020-06-03 21:31:00+00:00,9572.08,9574.44,9571.73,9571.79,6.615064,2020,6,3
2020-06-03 21:32:00+00:00,9573.4,9581.0,9573.4,9579.61,16.180501,2020,6,3
2020-06-03 21:33:00+00:00,9579.17,9579.85,9576.43,9577.53,5.086,2020,6,3
2020-06-03 21:34:00+00:00,9577.53,9579.46,9577.14,9577.72,8.141344,2020,6,3
2020-06-03 21:35:00+00:00,9578.16,9579.98,9577.58,9579.04,6.641286,2020,6,3
2020-06-03 21:36:00+00:00,9578.96,9580.0,9578.75,9579.5,5.378339,2020,6,3
2020-06-03 21:37:00+00:00,9579.25,9581.85,9578.39,9581.29,12.946886,2020,6,3
2020-06-03 21:38:00+00:00,9581.54,9584.42,9581.29,9584.21,7.13402,2020,6,3
2020-06-03 21:39:00+00:00,9584.22,9593.58,9583.95,9591.48,21.252356,2020,6,3
2020-06-03 21:40:00+00:00,9591.79,9595.69,9588.89,9592.05,18.281471,2020,6,3
2020-06-03 21:41:00+00:00,9592.7,9593.31,9590.15,9590.15,7.523576,2020,6,3
2020-06-03 21:42:00+00:00,9590.09,9591.37,9587.52,9587.52,6.636344,2020,6,3
2020-06-03 21:43:00+00:00,9588.57,9589.8,9587.35,9589.12,13.356554,2020,6,3
2020-06-03 21:44:00+00:00,9588.9,9590.0,9588.09,9589.76,9.076545,2020,6,3
2020-06-03 21:45:00+00:00,9589.73,9590.0,9589.25,9589.68,8.582717,2020,6,3
2020-06-03 21:46:00+00:00,9589.66,9589.99,9588.56,9589.97,2.846061,2020,6,3
2020-06-03 21:47:00+00:00,9589.07,9590.0,9588.75,9590.0,4.729163,2020,6,3
2020-06-03 21:48:00+00:00,9590.0,9594.0,9589.72,9592.34,16.305447,2020,6,3
2020-06-03 21:49:00+00:00,9593.15,9593.99,9590.2,9591.75,3.992391,2020,6,3
2020-06-03 21:50:00+00:00,9591.73,9592.3,9591.54,9591.74,5.584445,2020,6,3
2020-06-03 21:51:00+00:00,9591.75,9591.99,9591.68,9591.68,3.096561,2020,6,3
2020-06-03 21:52:00+00:00,9591.68,9591.69,9575.0,9576.84,32.282017,2020,6,3
2020-06-03 21:53:00+00:00,9576.84,9583.21,9576.44,9579.28,8.672045,2020,6,3
2020-06-03 21:54:00+00:00,9579.29,9581.37,9572.0,9572.0,7.871404,2020,6,3
2020-06-03 21:55:00+00:00,9571.48,9582.97,9571.48,9579.92,13.412649,2020,6,3
2020-06-03 21:56:00+00:00,9580.54,9582.0,9578.28,9578.84,16.518775,2020,6,3
2020-06-03 21:57:00+00:00,9578.8,9580.29,9577.6,9579.31,4.662431,2020,6,3
2020-06-03 21:58:00+00:00,9580.29,9584.93,9580.29,9583.78,5.5224,2020,6,3
2020-06-03 21:59:00+00:00,9582.72,9584.87,9580.81,9583.06,5.053617,2020,6,3
2020-06-03 22:00:00+00:00,9583.07,9586.0,9580.39,9585.95,17.022041,2020,6,3
2020-06-03 22:01:00+00:00,9585.95,9586.23,9580.47,9580.51,9.343916,2020,6,3
2020-06-03 22:02:00+00:00,9580.51,9585.0,9580.01,9583.84,8.93354,2020,6,3
2020-06-03 22:03:00+00:00,9584.83,9588.4,9584.83,9587.54,7.521603,2020,6,3
2020-06-03 22:04:00+00:00,9587.55,9589.0,9587.0,9587.28,6.178476,2020,6,3
2020-06-03 22:05:00+00:00,9587.35,9590.23,9587.34,9587.42,12.220781,2020,6,3
2020-06-03 22:06:00+00:00,9587.42,9587.42,9585.63,9586.75,5.363855,2020,6,3
2020-06-03 22:07:00+00:00,9586.28,9587.41,9581.62,9586.49,23.544228,2020,6,3
2020-06-03 22:08:00+00:00,9585.8,9587.42,9585.59,9585.61,11.040387,2020,6,3
2020-06-03 22:09:00+00:00,9585.6,9585.62,9577.45,9578.33,19.076823,2020,6,3
2020-06-03 22:10:00+00:00,9578.02,9580.0,9576.75,9579.99,9.784433,2020,6,3
2020-06-03 22:11:00+00:00,9580.0,9585.42,9574.01,9574.16,22.437312,2020,6,3
2020-06-03 22:12:00+00:00,9573.91,9578.87,9560.17,9577.37,60.845896,2020,6,3
2020-06-03 22:13:00+00:00,9577.43,9584.53,9577.43,9582.64,15.120829,2020,6,3
2020-06-03 22:14:00+00:00,9581.55,9582.61,9576.11,9581.34,27.887147,2020,6,3
2020-06-03 22:15:00+00:00,9580.91,9587.39,9577.49,9581.83,28.650131,2020,6,3
2020-06-03 22:16:00+00:00,9581.85,9582.94,9577.1,9577.65,8.90254,2020,6,3
2020-06-03 22:17:00+00:00,9577.65,9581.5,9577.61,9578.64,8.703072,2020,6,3
2020-06-03 22:18:00+00:00,9578.64,9578.64,9575.06,9576.63,14.212618,2020,6,3
2020-06-03 22:19:00+00:00,9576.64,9582.99,9576.64,9578.01,10.698575,2020,6,3
2020-06-03 22:20:00+00:00,9578.01,9579.61,9576.16,9577.74,7.988884,2020,6,3
2020-06-03 22:21:00+00:00,9577.57,9577.87,9576.0,9577.15,5.618804,2020,6,3
2020-06-03 22:22:00+00:00,9577.15,9577.15,9567.41,9570.21,34.313629,2020,6,3
2020-06-03 22:23:00+00:00,9570.22,9576.61,9569.23,9570.38,13.826375,2020,6,3
2020-06-03 22:24:00+00:00,9570.38,9571.59,9568.39,9571.24,8.759594,2020,6,3
2020-06-03 22:25:00+00:00,9571.13,9571.59,9569.0,9569.15,5.659565,2020,6,3
2020-06-03 22:26:00+00:00,9569.15,9579.01,9568.82,9576.55,24.743824,2020,6,3
2020-06-03 22:27:00+00:00,9577.1,9577.1,9570.77,9573.71,6.807226,2020,6,3
2020-06-03 22:28:00+00:00,9573.72,9576.37,9573.38,9574.45,7.399825,2020,6,3
2020-06-03 22:29:00+00:00,9574.45,9575.36,9570.06,9570.06,5.581136,2020,6,3
2020-06-03 22:30:00+00:00,9570.06,9570.07,9559.05,9568.45,20.770908,2020,6,3
2020-06-03 22:31:00+00:00,9568.44,9572.57,9566.79,9571.58,14.338466,2020,6,3
2020-06-03 22:32:00+00:00,9571.58,9572.63,9560.0,9563.61,32.004067,2020,6,3
2020-06-03 22:33:00+00:00,9564.0,9570.63,9563.61,9568.03,6.057888,2020,6,3
2020-06-03 22:34:00+00:00,9568.04,9572.13,9565.77,9566.81,8.330562,2020,6,3
2020-06-03 22:35:00+00:00,9566.81,9583.79,9566.81,9582.48,38.446782,2020,6,3
2020-06-03 22:36:00+00:00,9583.39,9583.39,9577.04,9581.69,13.936055,2020,6,3
2020-06-03 22:37:00+00:00,9581.7,9588.0,9579.5,9587.21,20.176979,2020,6,3
2020-06-03 22:38:00+00:00,9586.96,9586.96,9579.6,9580.01,10.428216,2020,6,3
2020-06-03 22:39:00+00:00,9580.01,9588.0,9580.0,9584.27,21.29435,2020,6,3
2020-06-03 22:40:00+00:00,9584.69,9584.69,9581.18,9582.95,8.997368,2020,6,3
2020-06-03 22:41:00+00:00,9582.99,9584.33,9581.9,9583.02,7.275993,2020,6,3
2020-06-03 22:42:00+00:00,9582.88,9583.02,9574.78,9580.99,22.633229,2020,6,3
2020-06-03 22:43:00+00:00,9581.0,9583.92,9579.12,9579.9,12.42591,2020,6,3
2020-06-03 22:44:00+00:00,9579.64,9593.31,9578.55,9591.83,44.31562,2020,6,3
2020-06-03 22:45:00+00:00,9591.71,9595.01,9581.42,9582.45,65.420967,2020,6,3
2020-06-03 22:46:00+00:00,9582.78,9594.05,9582.45,9587.67,73.776991,2020,6,3
2020-06-03 22:47:00+00:00,9587.67,9597.12,9587.67,9593.31,46.119706,2020,6,3
2020-06-03 22:48:00+00:00,9593.31,9598.16,9589.56,9596.5,64.147498,2020,6,3
2020-06-03 22:49:00+00:00,9596.6,9598.97,9596.03,9597.81,43.270602,2020,6,3
2020-06-03 22:50:00+00:00,9597.81,9606.81,9597.03,9602.15,148.130734,2020,6,3
2020-06-03 22:51:00+00:00,9602.15,9603.85,9594.28,9594.38,44.225029,2020,6,3
2020-06-03 22:52:00+00:00,9595.97,9607.77,9594.33,9605.53,45.490077,2020,6,3
2020-06-03 22:53:00+00:00,9605.53,9605.55,9600.13,9600.74,34.336311,2020,6,3
2020-06-03 22:54:00+00:00,9600.74,9607.78,9600.0,9605.63,27.130646,2020,6,3
2020-06-03 22:55:00+00:00,9605.69,9612.0,9600.03,9603.3,68.237707,2020,6,3
2020-06-03 22:56:00+00:00,9603.14,9608.77,9601.7,9606.45,23.55757,2020,6,3
2020-06-03 22:57:00+00:00,9605.62,9612.09,9605.0,9610.0,36.096052,2020,6,3
2020-06-03 22:58:00+00:00,9610.0,9610.49,9606.36,9610.0,21.512781,2020,6,3
2020-06-03 22:59:00+00:00,9610.0,9615.34,9605.0,9610.63,79.097214,2020,6,3
2020-06-03 23:00:00+00:00,9611.43,9621.78,9605.0,9615.0,75.773677,2020,6,3
2020-06-03 23:01:00+00:00,9614.99,9619.17,9606.21,9607.09,63.49168,2020,6,3
2020-06-03 23:02:00+00:00,9607.13,9612.0,9606.54,9611.7,27.308664,2020,6,3
2020-06-03 23:03:00+00:00,9611.6,9613.16,9606.94,9609.19,17.682041,2020,6,3
2020-06-03 23:04:00+00:00,9609.19,9616.74,9609.19,9610.01,21.501675,2020,6,3
2020-06-03 23:05:00+00:00,9610.25,9624.92,9609.98,9622.0,99.386741,2020,6,3
2020-06-03 23:06:00+00:00,9621.76,9625.58,9616.81,9620.99,85.204509,2020,6,3
2020-06-03 23:07:00+00:00,9620.99,9621.13,9616.93,9619.91,11.943495,2020,6,3
2020-06-03 23:08:00+00:00,9619.92,9619.99,9615.39,9616.45,30.810466,2020,6,3
2020-06-03 23:09:00+00:00,9616.45,9622.49,9616.4,9618.94,23.289,2020,6,3
2020-06-03 23:10:00+00:00,9618.95,9621.31,9616.77,9616.77,25.428617,2020,6,3
2020-06-03 23:11:00+00:00,9616.77,9617.6,9602.05,9605.48,67.135541,2020,6,3
2020-06-03 23:12:00+00:00,9604.74,9605.47,9602.26,9604.86,25.424003,2020,6,3
2020-06-03 23:13:00+00:00,9604.87,9606.0,9593.34,9598.85,60.00225,2020,6,3
2020-06-03 23:14:00+00:00,9599.15,9604.73,9598.3,9600.61,43.666113,2020,6,3
2020-06-03 23:15:00+00:00,9600.17,9604.72,9598.66,9602.85,15.122204,2020,6,3
2020-06-03 23:16:00+00:00,9602.84,9604.87,9596.18,9599.79,18.674938,2020,6,3
2020-06-03 23:17:00+00:00,9599.79,9602.14,9597.84,9601.33,15.135199,2020,6,3
2020-06-03 23:18:00+00:00,9601.4,9605.0,9599.33,9602.7,20.208043,2020,6,3
2020-06-03 23:19:00+00:00,9604.13,9618.17,9602.91,9616.23,22.171396,2020,6,3
2020-06-03 23:20:00+00:00,9616.19,9616.55,9610.45,9614.99,28.472392,2020,6,3
2020-06-03 23:21:00+00:00,9615.0,9615.0,9608.33,9614.21,12.558402,2020,6,3
2020-06-03 23:22:00+00:00,9614.22,9614.75,9608.88,9610.46,23.16187,2020,6,3
2020-06-03 23:23:00+00:00,9610.94,9618.16,9610.37,9614.64,29.173179,2020,6,3
2020-06-03 23:24:00+00:00,9614.63,9614.64,9611.78,9613.7,14.124403,2020,6,3
2020-06-03 23:25:00+00:00,9613.71,9618.0,9612.99,9615.9,13.76834,2020,6,3
2020-06-03 23:26:00+00:00,9615.9,9617.0,9612.55,9613.28,28.409412,2020,6,3
2020-06-03 23:27:00+00:00,9613.28,9613.49,9611.78,9612.95,12.042287,2020,6,3
2020-06-03 23:28:00+00:00,9612.92,9612.96,9601.0,9603.56,35.32533,2020,6,3
2020-06-03 23:29:00+00:00,9603.52,9604.94,9600.0,9603.87,12.784082,2020,6,3
2020-06-03 23:30:00+00:00,9604.47,9610.0,9603.24,9606.46,10.445809,2020,6,3
2020-06-03 23:31:00+00:00,9606.33,9610.35,9605.14,9609.31,6.464839,2020,6,3
2020-06-03 23:32:00+00:00,9608.9,9608.9,9603.0,9603.38,25.085939,2020,6,3
2020-06-03 23:33:00+00:00,9603.38,9609.54,9603.38,9607.79,33.510685,2020,6,3
2020-06-03 23:34:00+00:00,9607.79,9620.0,9607.79,9618.99,24.890739,2020,6,3
2020-06-03 23:35:00+00:00,9618.99,9635.0,9618.99,9635.0,119.385856,2020,6,3
2020-06-03 23:36:00+00:00,9635.0,9635.0,9628.17,9632.39,73.199516,2020,6,3
2020-06-03 23:37:00+00:00,9632.13,9632.9,9626.72,9627.82,32.300527,2020,6,3
2020-06-03 23:38:00+00:00,9627.56,9634.07,9622.86,9628.63,40.343522,2020,6,3
2020-06-03 23:39:00+00:00,9628.62,9629.76,9625.79,9626.77,10.554748,2020,6,3
2020-06-03 23:40:00+00:00,9626.87,9676.37,9626.86,9668.3,393.697201,2020,6,3
2020-06-03 23:41:00+00:00,9670.65,9690.0,9655.67,9660.44,331.69162,2020,6,3
2020-06-03 23:42:00+00:00,9660.45,9669.03,9653.72,9664.17,60.520212,2020,6,3
2020-06-03 23:43:00+00:00,9664.08,9665.0,9655.0,9663.22,56.784589,2020,6,3
2020-06-03 23:44:00+00:00,9664.99,9666.15,9645.0,9650.73,43.158937,2020,6,3
2020-06-03 23:45:00+00:00,9650.72,9664.24,9650.03,9659.99,49.899149,2020,6,3
2020-06-03 23:46:00+00:00,9659.99,9666.37,9656.19,9656.19,36.427001,2020,6,3
2020-06-03 23:47:00+00:00,9656.45,9661.0,9641.13,9644.33,49.054876,2020,6,3
2020-06-03 23:48:00+00:00,9644.07,9654.31,9643.81,9651.68,68.609801,2020,6,3
2020-06-03 23:49:00+00:00,9650.61,9650.85,9641.18,9649.99,18.385464,2020,6,3
2020-06-03 23:50:00+00:00,9649.99,9652.06,9641.18,9649.38,26.61755,2020,6,3
2020-06-03 23:51:00+00:00,9649.51,9657.63,9649.51,9655.9,28.530803,2020,6,3
2020-06-03 23:52:00+00:00,9655.9,9666.34,9654.95,9664.98,39.930338,2020,6,3
2020-06-03 23:53:00+00:00,9664.98,9664.98,9653.45,9660.15,70.111091,2020,6,3
2020-06-03 23:54:00+00:00,9661.17,9666.57,9645.52,9648.32,54.062523,2020,6,3
2020-06-03 23:55:00+00:00,9648.32,9658.02,9644.99,9655.6,33.435657,2020,6,3
2020-06-03 23:56:00+00:00,9654.71,9658.67,9653.77,9655.01,21.263559,2020,6,3
2020-06-03 23:57:00+00:00,9655.49,9662.53,9655.0,9655.0,36.449708,2020,6,3
2020-06-03 23:58:00+00:00,9655.0,9659.95,9652.0,9654.85,16.329394,2020,6,3
2020-06-03 23:59:00+00:00,9653.65,9667.09,9653.65,9666.24,36.869866,2020,6,3
2020-06-04 00:00:00+00:00,9666.32,9674.83,9665.85,9668.42,73.643718,2020,6,4
2020-06-04 00:01:00+00:00,9668.01,9671.04,9658.97,9662.75,56.507368,2020,6,4
2020-06-04 00:02:00+00:00,9662.74,9669.13,9656.29,9657.28,27.419141,2020,6,4
2020-06-04 00:03:00+00:00,9657.27,9660.0,9650.89,9659.41,41.661605,2020,6,4
2020-06-04 00:04:00+00:00,9659.41,9659.59,9650.01,9650.02,31.159863,2020,6,4
2020-06-04 00:05:00+00:00,9650.02,9655.72,9650.0,9650.51,23.45891,2020,6,4
2020-06-04 00:06:00+00:00,9650.01,9650.56,9632.65,9645.62,79.88231,2020,6,4
2020-06-04 00:07:00+00:00,9644.61,9649.96,9638.07,9640.35,33.442802,2020,6,4
2020-06-04 00:08:00+00:00,9639.9,9645.0,9638.0,9643.55,18.697265,2020,6,4
2020-06-04 00:09:00+00:00,9643.98,9644.94,9639.99,9642.5,16.982574,2020,6,4
2020-06-04 00:10:00+00:00,9642.5,9649.6,9640.68,9645.64,25.545017,2020,6,4
2020-06-04 00:11:00+00:00,9645.64,9647.94,9640.52,9646.19,32.483263,2020,6,4
2020-06-04 00:12:00+00:00,9645.01,9647.15,9640.46,9643.12,24.853603,2020,6,4
2020-06-04 00:13:00+00:00,9644.39,9644.39,9640.38,9640.38,7.352927,2020,6,4
2020-06-04 00:14:00+00:00,9642.1,9647.27,9641.09,9645.28,23.622359,2020,6,4
2020-06-04 00:15:00+00:00,9645.23,9645.29,9634.51,9641.19,14.733517,2020,6,4
2020-06-04 00:16:00+00:00,9641.06,9644.84,9637.01,9638.91,12.15759,2020,6,4
2020-06-04 00:17:00+00:00,9639.08,9641.98,9636.5,9638.18,8.208733,2020,6,4
2020-06-04 00:18:00+00:00,9638.41,9644.83,9638.41,9643.95,27.175984,2020,6,4
2020-06-04 00:19:00+00:00,9643.96,9646.0,9641.06,9645.99,18.373761,2020,6,4
2020-06-04 00:20:00+00:00,9645.63,9646.0,9643.12,9645.01,10.02901,2020,6,4
2020-06-04 00:21:00+00:00,9645.01,9647.55,9640.0,9643.07,32.33129,2020,6,4
2020-06-04 00:22:00+00:00,9642.18,9645.54,9642.09,9642.88,19.846939,2020,6,4
2020-06-04 00:23:00+00:00,9642.27,9643.92,9636.02,9643.62,23.659833,2020,6,4
2020-06-04 00:24:00+00:00,9643.6,9643.6,9617.15,9622.76,92.056987,2020,6,4
2020-06-04 00:25:00+00:00,9623.93,9624.88,9600.01,9614.95,142.524817,2020,6,4
2020-06-04 00:26:00+00:00,9615.43,9629.87,9615.43,9626.88,35.620893,2020,6,4
2020-06-04 00:27:00+00:00,9626.92,9629.46,9620.9,9622.88,23.686348,2020,6,4
2020-06-04 00:28:00+00:00,9623.29,9629.32,9622.43,9627.25,23.617475,2020,6,4
2020-06-04 00:29:00+00:00,9627.24,9629.41,9622.86,9626.08,16.543368,2020,6,4
2020-06-04 00:30:00+00:00,9626.08,9626.88,9620.08,9626.88,20.683435,2020,6,4
2020-06-04 00:31:00+00:00,9626.87,9630.79,9625.76,9629.9,23.069211,2020,6,4
2020-06-04 00:32:00+00:00,9629.9,9636.69,9627.04,9631.99,26.667905,2020,6,4
2020-06-04 00:33:00+00:00,9631.51,9631.87,9626.64,9626.98,21.04063,2020,6,4
2020-06-04 00:34:00+00:00,9627.6,9640.02,9624.37,9638.45,20.114993,2020,6,4
2020-06-04 00:35:00+00:00,9639.52,9643.99,9635.48,9637.84,23.952657,2020,6,4
2020-06-04 00:36:00+00:00,9637.19,9639.99,9631.5,9632.49,17.295747,2020,6,4
2020-06-04 00:37:00+00:00,9632.85,9638.85,9629.15,9630.01,16.357414,2020,6,4
2020-06-04 00:38:00+00:00,9630.0,9635.48,9627.72,9630.84,22.851897,2020,6,4
2020-06-04 00:39:00+00:00,9630.84,9634.16,9629.08,9633.31,10.248348,2020,6,4
2020-06-04 00:40:00+00:00,9633.24,9640.11,9633.24,9634.4,11.3947,2020,6,4
2020-06-04 00:41:00+00:00,9634.7,9638.3,9632.41,9635.24,11.76627,2020,6,4
2020-06-04 00:42:00+00:00,9635.44,9636.1,9622.88,9623.76,33.260086,2020,6,4
2020-06-04 00:43:00+00:00,9623.84,9629.06,9622.88,9628.74,8.304937,2020,6,4
2020-06-04 00:44:00+00:00,9627.82,9629.65,9620.49,9629.51,16.19279,2020,6,4
2020-06-04 00:45:00+00:00,9628.73,9632.24,9623.1,9631.66,14.535085,2020,6,4
2020-06-04 00:46:00+00:00,9631.32,9633.5,9626.9,9633.32,5.441961,2020,6,4
2020-06-04 00:47:00+00:00,9633.39,9639.99,9629.0,9636.48,28.277953,2020,6,4
2020-06-04 00:48:00+00:00,9636.49,9636.49,9630.74,9631.09,7.780865,2020,6,4
2020-06-04 00:49:00+00:00,9631.1,9632.66,9628.08,9629.51,6.758689,2020,6,4
2020-06-04 00:50:00+00:00,9629.52,9635.99,9629.51,9634.48,20.676645,2020,6,4
2020-06-04 00:51:00+00:00,9634.34,9637.3,9629.06,9632.99,16.966045,2020,6,4
2020-06-04 00:52:00+00:00,9632.99,9635.23,9632.11,9634.64,6.510746,2020,6,4
2020-06-04 00:53:00+00:00,9634.56,9637.06,9628.0,9629.13,19.369428,2020,6,4
2020-06-04 00:54:00+00:00,9629.14,9635.0,9629.14,9634.07,17.135165,2020,6,4
2020-06-04 00:55:00+00:00,9634.02,9635.0,9628.88,9631.48,43.434008,2020,6,4
2020-06-04 00:56:00+00:00,9631.47,9633.79,9628.14,9630.01,8.093026,2020,6,4
2020-06-04 00:57:00+00:00,9629.37,9632.62,9629.12,9631.5,9.751563,2020,6,4
2020-06-04 00:58:00+00:00,9631.83,9633.74,9630.53,9632.96,8.609018,2020,6,4
2020-06-04 00:59:00+00:00,9632.78,9633.62,9628.0,9630.03,14.138638,2020,6,4
2020-06-04 01:00:00+00:00,9629.78,9645.99,9628.14,9645.89,37.590278,2020,6,4
2020-06-04 01:01:00+00:00,9645.78,9647.95,9641.52,9645.59,23.546644,2020,6,4
2020-06-04 01:02:00+00:00,9645.59,9645.6,9640.11,9640.12,9.111167,2020,6,4
2020-06-04 01:03:00+00:00,9640.11,9653.52,9640.11,9651.15,45.445871,2020,6,4
2020-06-04 01:04:00+00:00,9651.73,9665.0,9651.58,9663.01,47.570952,2020,6,4
2020-06-04 01:05:00+00:00,9663.01,9669.0,9659.0,9668.38,23.93843,2020,6,4
2020-06-04 01:06:00+00:00,9668.99,9669.0,9655.5,9658.99,35.06547,2020,6,4
2020-06-04 01:07:00+00:00,9659.45,9661.25,9652.56,9656.15,19.566285,2020,6,4
2020-06-04 01:08:00+00:00,9656.35,9658.46,9652.61,9656.33,12.775423,2020,6,4
2020-06-04 01:09:00+00:00,9655.99,9657.0,9650.0,9655.47,15.875321,2020,6,4
2020-06-04 01:10:00+00:00,9655.03,9660.47,9651.77,9658.74,21.295876,2020,6,4
2020-06-04 01:11:00+00:00,9658.75,9660.4,9650.0,9654.76,26.892927,2020,6,4
2020-06-04 01:12:00+00:00,9654.88,9657.86,9652.41,9653.45,12.572708,2020,6,4
2020-06-04 01:13:00+00:00,9653.82,9658.04,9652.2,9655.24,11.059051,2020,6,4
2020-06-04 01:14:00+00:00,9655.14,9657.53,9650.21,9656.07,25.668932,2020,6,4
2020-06-04 01:15:00+00:00,9656.0,9657.18,9651.41,9651.87,8.462816,2020,6,4
2020-06-04 01:16:00+00:00,9651.87,9657.03,9650.79,9652.81,12.887119,2020,6,4
2020-06-04 01:17:00+00:00,9653.45,9653.5,9650.21,9650.69,14.592137,2020,6,4
2020-06-04 01:18:00+00:00,9650.54,9650.9,9640.3,9642.21,32.048486,2020,6,4
2020-06-04 01:19:00+00:00,9642.53,9645.31,9639.78,9645.01,27.572457,2020,6,4
2020-06-04 01:20:00+00:00,9645.01,9647.86,9638.62,9645.13,32.040779,2020,6,4
2020-06-04 01:21:00+00:00,9646.35,9646.96,9635.0,9636.42,30.498968,2020,6,4
2020-06-04 01:22:00+00:00,9637.01,9642.89,9636.41,9641.51,36.930664,2020,6,4
2020-06-04 01:23:00+00:00,9641.51,9644.14,9638.03,9640.19,15.357181,2020,6,4
2020-06-04 01:24:00+00:00,9639.05,9643.0,9638.22,9642.62,14.04918,2020,6,4
2020-06-04 01:25:00+00:00,9642.63,9649.04,9642.63,9645.42,17.956268,2020,6,4
2020-06-04 01:26:00+00:00,9645.47,9656.14,9643.38,9655.69,27.252511,2020,6,4
2020-06-04 01:27:00+00:00,9655.34,9657.53,9649.46,9653.48,12.961197,2020,6,4
2020-06-04 01:28:00+00:00,9653.48,9657.52,9651.91,9653.31,13.907968,2020,6,4
2020-06-04 01:29:00+00:00,9653.3,9655.76,9651.0,9652.85,15.753299,2020,6,4
2020-06-04 01:30:00+00:00,9652.51,9657.71,9651.27,9653.58,12.817222,2020,6,4
2020-06-04 01:31:00+00:00,9654.15,9660.0,9652.69,9658.8,14.352707,2020,6,4
2020-06-04 01:32:00+00:00,9658.8,9660.0,9653.31,9656.22,20.997415,2020,6,4
2020-06-04 01:33:00+00:00,9655.64,9656.53,9651.56,9655.45,16.748004,2020,6,4
2020-06-04 01:34:00+00:00,9655.86,9663.5,9652.53,9662.19,24.637918,2020,6,4
2020-06-04 01:35:00+00:00,9662.44,9666.53,9662.03,9663.54,15.931197,2020,6,4
2020-06-04 01:36:00+00:00,9663.56,9664.51,9652.23,9656.99,35.45818,2020,6,4
2020-06-04 01:37:00+00:00,9655.23,9659.33,9654.23,9658.25,14.035916,2020,6,4
2020-06-04 01:38:00+00:00,9658.26,9658.96,9652.58,9655.02,10.665543,2020,6,4
2020-06-04 01:39:00+00:00,9654.51,9656.73,9651.53,9654.84,9.886565,2020,6,4
2020-06-04 01:40:00+00:00,9654.84,9657.1,9652.18,9656.85,15.304656,2020,6,4
2020-06-04 01:41:00+00:00,9655.78,9660.0,9654.95,9660.0,18.703932,2020,6,4
2020-06-04 01:42:00+00:00,9659.99,9662.95,9656.19,9660.0,33.528125,2020,6,4
2020-06-04 01:43:00+00:00,9660.61,9661.0,9656.67,9660.99,23.35447,2020,6,4
2020-06-04 01:44:00+00:00,9661.0,9664.0,9656.22,9659.24,37.827603,2020,6,4
2020-06-04 01:45:00+00:00,9659.24,9659.97,9648.67,9650.68,41.223853,2020,6,4
2020-06-04 01:46:00+00:00,9650.64,9654.02,9648.04,9652.34,19.832606,2020,6,4
2020-06-04 01:47:00+00:00,9652.46,9652.46,9647.5,9648.11,12.174366,2020,6,4
2020-06-04 01:48:00+00:00,9647.72,9649.5,9641.75,9643.58,22.297104,2020,6,4
2020-06-04 01:49:00+00:00,9643.42,9649.1,9642.27,9645.0,24.944987,2020,6,4
2020-06-04 01:50:00+00:00,9645.0,9646.62,9641.0,9641.11,16.957923,2020,6,4
2020-06-04 01:51:00+00:00,9641.1,9642.65,9640.04,9640.08,7.659255,2020,6,4
2020-06-04 01:52:00+00:00,9640.07,9642.84,9637.17,9638.21,21.3321,2020,6,4
2020-06-04 01:53:00+00:00,9638.21,9642.84,9636.38,9638.98,18.094154,2020,6,4
2020-06-04 01:54:00+00:00,9638.98,9640.53,9637.45,9639.28,8.656661,2020,6,4
2020-06-04 01:55:00+00:00,9638.67,9642.9,9637.45,9642.9,20.101615,2020,6,4
2020-06-04 01:56:00+00:00,9642.58,9645.98,9637.8,9645.98,20.264316,2020,6,4
2020-06-04 01:57:00+00:00,9645.97,9650.0,9644.05,9644.08,18.50985,2020,6,4
2020-06-04 01:58:00+00:00,9644.05,9645.5,9636.38,9642.16,29.612195,2020,6,4
2020-06-04 01:59:00+00:00,9642.17,9643.69,9637.22,9641.94,13.98711,2020,6,4
2020-06-04 02:00:00+00:00,9641.93,9642.93,9637.89,9639.22,16.454724,2020,6,4
2020-06-04 02:01:00+00:00,9639.17,9643.31,9638.67,9640.02,21.070208,2020,6,4
2020-06-04 02:02:00+00:00,9640.01,9641.94,9638.47,9639.7,19.479877,2020,6,4
2020-06-04 02:03:00+00:00,9639.41,9639.98,9630.0,9638.0,48.756399,2020,6,4
2020-06-04 02:04:00+00:00,9637.52,9664.39,9637.4,9658.49,50.945298,2020,6,4
2020-06-04 02:05:00+00:00,9658.89,9663.21,9653.79,9656.62,54.699204,2020,6,4
2020-06-04 02:06:00+00:00,9656.62,9659.64,9650.58,9651.85,17.321458,2020,6,4
2020-06-04 02:07:00+00:00,9652.22,9652.22,9647.13,9650.35,20.371382,2020,6,4
2020-06-04 02:08:00+00:00,9650.35,9656.85,9650.0,9653.03,43.898416,2020,6,4
2020-06-04 02:09:00+00:00,9653.04,9660.0,9651.06,9659.97,16.965302,2020,6,4
2020-06-04 02:10:00+00:00,9658.7,9663.16,9654.28,9661.47,21.33838,2020,6,4
2020-06-04 02:11:00+00:00,9661.48,9663.3,9654.04,9657.89,18.306129,2020,6,4
2020-06-04 02:12:00+00:00,9657.56,9657.59,9652.68,9653.86,32.843111,2020,6,4
2020-06-04 02:13:00+00:00,9653.83,9657.91,9652.37,9655.05,17.210346,2020,6,4
2020-06-04 02:14:00+00:00,9655.14,9662.16,9655.04,9660.68,23.928413,2020,6,4
2020-06-04 02:15:00+00:00,9660.94,9664.64,9658.01,9660.49,26.960449,2020,6,4
2020-06-04 02:16:00+00:00,9659.8,9665.75,9657.12,9658.58,19.185317,2020,6,4
2020-06-04 02:17:00+00:00,9658.59,9659.76,9655.61,9658.55,19.171124,2020,6,4
2020-06-04 02:18:00+00:00,9658.51,9664.06,9657.83,9663.11,15.797061,2020,6,4
2020-06-04 02:19:00+00:00,9663.0,9668.84,9661.89,9666.42,20.257116,2020,6,4
2020-06-04 02:20:00+00:00,9666.41,9667.48,9662.07,9665.35,19.782745,2020,6,4
2020-06-04 02:21:00+00:00,9665.44,9678.38,9665.03,9673.01,44.345633,2020,6,4
2020-06-04 02:22:00+00:00,9673.01,9673.16,9663.98,9663.99,24.648753,2020,6,4
2020-06-04 02:23:00+00:00,9663.99,9666.17,9660.37,9661.75,23.71807,2020,6,4
2020-06-04 02:24:00+00:00,9662.13,9664.99,9660.0,9660.01,15.966844,2020,6,4
2020-06-04 02:25:00+00:00,9660.0,9663.16,9660.0,9662.73,26.522627,2020,6,4
2020-06-04 02:26:00+00:00,9662.64,9668.12,9660.92,9661.95,15.760002,2020,6,4
2020-06-04 02:27:00+00:00,9661.95,9665.0,9658.04,9663.45,17.36774,2020,6,4
2020-06-04 02:28:00+00:00,9663.95,9670.0,9662.43,9669.55,30.27086,2020,6,4
2020-06-04 02:29:00+00:00,9669.25,9672.85,9668.32,9672.07,11.533401,2020,6,4
2020-06-04 02:30:00+00:00,9672.51,9684.89,9672.01,9677.33,65.102468,2020,6,4
2020-06-04 02:31:00+00:00,9677.9,9679.92,9666.8,9667.61,29.401848,2020,6,4
2020-06-04 02:32:00+00:00,9667.61,9668.26,9657.94,9657.94,36.006355,2020,6,4
2020-06-04 02:33:00+00:00,9658.5,9665.13,9658.5,9662.26,25.587129,2020,6,4
2020-06-04 02:34:00+00:00,9662.41,9667.3,9662.41,9666.81,10.393014,2020,6,4
2020-06-04 02:35:00+00:00,9666.82,9667.23,9660.45,9660.78,12.947985,2020,6,4
2020-06-04 02:36:00+00:00,9660.75,9663.2,9660.45,9662.35,8.692519,2020,6,4
2020-06-04 02:37:00+00:00,9662.36,9666.0,9660.8,9662.25,14.907468,2020,6,4
2020-06-04 02:38:00+00:00,9661.9,9665.91,9660.44,9665.0,7.646449,2020,6,4
2020-06-04 02:39:00+00:00,9665.0,9669.84,9664.06,9665.57,13.387231,2020,6,4
2020-06-04 02:40:00+00:00,9665.58,9669.99,9665.0,9668.2,11.205132,2020,6,4
2020-06-04 02:41:00+00:00,9668.28,9668.58,9661.0,9661.57,26.745611,2020,6,4
2020-06-04 02:42:00+00:00,9661.95,9664.9,9660.18,9662.97,12.974077,2020,6,4
2020-06-04 02:43:00+00:00,9662.72,9667.62,9662.18,9667.62,15.83428,2020,6,4
2020-06-04 02:44:00+00:00,9666.91,9668.16,9662.78,9667.44,10.165068,2020,6,4
2020-06-04 02:45:00+00:00,9667.39,9674.61,9666.36,9670.45,13.017167,2020,6,4
2020-06-04 02:46:00+00:00,9670.86,9678.68,9670.86,9674.27,21.075444,2020,6,4
2020-06-04 02:47:00+00:00,9674.78,9683.0,9674.27,9681.13,27.501064,2020,6,4
2020-06-04 02:48:00+00:00,9680.38,9684.73,9678.21,9683.98,31.052073,2020,6,4
2020-06-04 02:49:00+00:00,9683.98,9685.71,9672.51,9676.99,42.679969,2020,6,4
2020-06-04 02:50:00+00:00,9676.94,9680.83,9671.35,9674.07,17.445401,2020,6,4
2020-06-04 02:51:00+00:00,9674.07,9675.0,9670.09,9670.09,15.878682,2020,6,4
2020-06-04 02:52:00+00:00,9670.1,9673.23,9668.0,9668.01,12.321391,2020,6,4
2020-06-04 02:53:00+00:00,9668.01,9670.9,9665.86,9669.37,14.137056,2020,6,4
2020-06-04 02:54:00+00:00,9669.37,9674.41,9668.0,9673.76,20.365872,2020,6,4
2020-06-04 02:55:00+00:00,9673.75,9673.76,9666.52,9666.63,29.100965,2020,6,4
2020-06-04 02:56:00+00:00,9666.63,9667.67,9659.84,9662.53,22.932744,2020,6,4
2020-06-04 02:57:00+00:00,9662.53,9666.69,9662.23,9666.69,15.878838,2020,6,4
2020-06-04 02:58:00+00:00,9666.94,9672.88,9665.7,9669.58,19.199256,2020,6,4
2020-06-04 02:59:00+00:00,9670.05,9672.55,9665.7,9670.0,40.087664,2020,6,4
2020-06-04 03:00:00+00:00,9670.0,9678.99,9670.0,9678.79,19.910097,2020,6,4
2020-06-04 03:01:00+00:00,9677.76,9680.98,9676.39,9680.75,26.375958,2020,6,4
2020-06-04 03:02:00+00:00,9680.65,9681.99,9676.38,9676.79,14.476566,2020,6,4
2020-06-04 03:03:00+00:00,9676.61,9685.94,9676.52,9684.47,18.818878,2020,6,4
2020-06-04 03:04:00+00:00,9685.49,9686.0,9665.0,9667.08,68.83292,2020,6,4
2020-06-04 03:05:00+00:00,9666.82,9666.88,9654.09,9661.49,54.169738,2020,6,4
2020-06-04 03:06:00+00:00,9662.69,9667.17,9659.46,9667.0,34.596827,2020,6,4
2020-06-04 03:07:00+00:00,9667.0,9668.16,9660.35,9666.14,24.005629,2020,6,4
2020-06-04 03:08:00+00:00,9665.61,9672.0,9664.0,9666.47,27.333963,2020,6,4
2020-06-04 03:09:00+00:00,9666.17,9669.72,9665.17,9667.13,12.568789,2020,6,4
2020-06-04 03:10:00+00:00,9667.56,9668.96,9661.74,9663.69,14.512091,2020,6,4
2020-06-04 03:11:00+00:00,9663.69,9672.88,9662.07,9670.56,12.45114,2020,6,4
2020-06-04 03:12:00+00:00,9670.57,9671.03,9661.76,9664.18,12.05306,2020,6,4
2020-06-04 03:13:00+00:00,9664.18,9669.92,9664.18,9665.86,10.939449,2020,6,4
2020-06-04 03:14:00+00:00,9665.86,9665.86,9652.18,9652.18,27.864057,2020,6,4
2020-06-04 03:15:00+00:00,9652.18,9664.58,9652.17,9660.67,29.016597,2020,6,4
2020-06-04 03:16:00+00:00,9660.88,9665.71,9660.0,9662.7,11.313435,2020,6,4
2020-06-04 03:17:00+00:00,9663.3,9664.19,9657.42,9659.38,23.270216,2020,6,4
2020-06-04 03:18:00+00:00,9659.37,9660.0,9652.18,9658.03,24.861341,2020,6,4
2020-06-04 03:19:00+00:00,9658.07,9659.0,9655.19,9658.7,12.73441,2020,6,4
2020-06-04 03:20:00+00:00,9657.9,9673.45,9651.95,9669.01,77.713206,2020,6,4
2020-06-04 03:21:00+00:00,9669.01,9675.0,9669.0,9672.85,15.38029,2020,6,4
2020-06-04 03:22:00+00:00,9672.85,9673.68,9669.3,9672.66,12.165988,2020,6,4
2020-06-04 03:23:00+00:00,9672.66,9672.67,9664.38,9666.54,21.850041,2020,6,4
2020-06-04 03:24:00+00:00,9666.87,9669.97,9665.64,9668.53,7.552036,2020,6,4
2020-06-04 03:25:00+00:00,9668.44,9671.45,9667.55,9669.05,5.803684,2020,6,4
2020-06-04 03:26:00+00:00,9668.67,9669.26,9666.0,9667.75,17.383542,2020,6,4
2020-06-04 03:27:00+00:00,9667.48,9682.11,9666.03,9678.65,124.821689,2020,6,4
2020-06-04 03:28:00+00:00,9678.22,9681.16,9674.99,9679.17,55.272696,2020,6,4
2020-06-04 03:29:00+00:00,9679.17,9682.29,9675.35,9678.59,16.000503,2020,6,4
2020-06-04 03:30:00+00:00,9678.6,9679.31,9675.0,9675.01,16.226658,2020,6,4
2020-06-04 03:31:00+00:00,9675.01,9676.87,9670.98,9673.09,9.64746,2020,6,4
2020-06-04 03:32:00+00:00,9673.1,9677.86,9672.61,9677.0,9.733288,2020,6,4
2020-06-04 03:33:00+00:00,9676.1,9684.48,9675.51,9683.55,15.24295,2020,6,4
2020-06-04 03:34:00+00:00,9683.17,9685.0,9680.0,9680.46,18.653892,2020,6,4
2020-06-04 03:35:00+00:00,9680.49,9683.04,9675.29,9679.99,20.777054,2020,6,4
2020-06-04 03:36:00+00:00,9680.0,9682.33,9677.61,9678.79,17.494265,2020,6,4
2020-06-04 03:37:00+00:00,9678.8,9680.75,9678.75,9680.75,10.751307,2020,6,4
2020-06-04 03:38:00+00:00,9680.7,9681.59,9670.65,9671.52,28.235809,2020,6,4
2020-06-04 03:39:00+00:00,9672.4,9674.88,9671.42,9674.87,14.080372,2020,6,4
2020-06-04 03:40:00+00:00,9674.6,9674.87,9664.66,9666.21,39.009747,2020,6,4
2020-06-04 03:41:00+00:00,9666.21,9677.25,9666.21,9675.87,25.961856,2020,6,4
2020-06-04 03:42:00+00:00,9675.86,9677.16,9670.67,9674.81,20.160697,2020,6,4
2020-06-04 03:43:00+00:00,9674.87,9676.97,9670.78,9671.54,51.511789,2020,6,4
2020-06-04 03:44:00+00:00,9671.73,9675.95,9671.0,9672.97,31.160696,2020,6,4
2020-06-04 03:45:00+00:00,9674.53,9676.95,9672.65,9675.69,6.087782,2020,6,4
2020-06-04 03:46:00+00:00,9675.66,9687.93,9675.66,9681.94,37.949243,2020,6,4
2020-06-04 03:47:00+00:00,9682.05,9684.33,9679.76,9682.43,13.696585,2020,6,4
2020-06-04 03:48:00+00:00,9683.34,9685.72,9680.0,9682.08,30.13285,2020,6,4
2020-06-04 03:49:00+00:00,9682.24,9683.7,9672.0,9674.27,45.181459,2020,6,4
2020-06-04 03:50:00+00:00,9674.01,9680.0,9672.0,9677.72,13.275932,2020,6,4
2020-06-04 03:51:00+00:00,9677.72,9679.99,9674.28,9675.61,19.070931,2020,6,4
2020-06-04 03:52:00+00:00,9675.42,9679.18,9675.18,9678.04,10.461569,2020,6,4
2020-06-04 03:53:00+00:00,9676.85,9679.99,9676.33,9679.0,9.413211,2020,6,4
2020-06-04 03:54:00+00:00,9678.75,9678.99,9670.25,9671.88,19.496567,2020,6,4
2020-06-04 03:55:00+00:00,9671.88,9679.0,9671.88,9675.99,40.246362,2020,6,4
2020-06-04 03:56:00+00:00,9676.0,9676.0,9667.52,9669.24,63.476579,2020,6,4
2020-06-04 03:57:00+00:00,9669.39,9671.83,9665.0,9669.53,29.961505,2020,6,4
2020-06-04 03:58:00+00:00,9669.94,9671.83,9668.5,9670.88,79.861297,2020,6,4
2020-06-04 03:59:00+00:00,9670.88,9670.88,9665.37,9665.37,50.106754,2020,6,4
2020-06-04 04:00:00+00:00,9665.36,9670.88,9663.69,9666.89,39.932535,2020,6,4
2020-06-04 04:01:00+00:00,9666.29,9670.0,9665.27,9666.49,32.399854,2020,6,4
2020-06-04 04:02:00+00:00,9667.1,9667.71,9657.63,9664.38,49.080001,2020,6,4
2020-06-04 04:03:00+00:00,9663.9,9670.0,9663.89,9669.99,32.332091,2020,6,4
2020-06-04 04:04:00+00:00,9670.0,9670.0,9667.83,9668.92,28.629717,2020,6,4
2020-06-04 04:05:00+00:00,9668.99,9669.5,9662.41,9666.43,15.419123,2020,6,4
2020-06-04 04:06:00+00:00,9667.0,9669.46,9660.12,9661.04,24.27722,2020,6,4
2020-06-04 04:07:00+00:00,9661.05,9668.02,9660.5,9662.38,26.391543,2020,6,4
2020-06-04 04:08:00+00:00,9662.38,9664.99,9655.0,9659.34,32.340619,2020,6,4
2020-06-04 04:09:00+00:00,9659.87,9663.08,9644.07,9662.6,69.464501,2020,6,4
2020-06-04 04:10:00+00:00,9663.08,9668.26,9663.08,9667.96,23.399226,2020,6,4
2020-06-04 04:11:00+00:00,9667.96,9674.59,9667.95,9672.45,52.725254,2020,6,4
2020-06-04 04:12:00+00:00,9672.46,9673.41,9663.29,9663.29,27.757271,2020,6,4
2020-06-04 04:13:00+00:00,9663.72,9665.9,9662.09,9664.33,14.596623,2020,6,4
2020-06-04 04:14:00+00:00,9664.33,9664.68,9661.5,9662.13,12.816346,2020,6,4
2020-06-04 04:15:00+00:00,9661.81,9672.81,9661.81,9668.4,15.748594,2020,6,4
2020-06-04 04:16:00+00:00,9668.32,9674.93,9666.57,9669.37,39.723857,2020,6,4
2020-06-04 04:17:00+00:00,9669.36,9669.37,9665.29,9665.9,8.601843,2020,6,4
2020-06-04 04:18:00+00:00,9666.01,9670.26,9665.3,9669.92,5.697508,2020,6,4
2020-06-04 04:19:00+00:00,9669.92,9670.8,9668.01,9669.99,6.67909,2020,6,4
2020-06-04 04:20:00+00:00,9669.98,9670.15,9666.0,9666.44,15.06894,2020,6,4
2020-06-04 04:21:00+00:00,9666.95,9668.78,9665.0,9665.95,8.306997,2020,6,4
2020-06-04 04:22:00+00:00,9665.95,9677.46,9665.0,9674.77,102.861167,2020,6,4
2020-06-04 04:23:00+00:00,9674.34,9674.34,9667.75,9669.75,11.942637,2020,6,4
2020-06-04 04:24:00+00:00,9669.76,9675.0,9669.01,9671.41,37.562861,2020,6,4
2020-06-04 04:25:00+00:00,9671.38,9673.0,9661.6,9661.61,15.709784,2020,6,4
2020-06-04 04:26:00+00:00,9661.61,9668.27,9646.01,9649.5,66.057982,2020,6,4
2020-06-04 04:27:00+00:00,9648.48,9659.21,9646.47,9656.23,35.766518,2020,6,4
2020-06-04 04:28:00+00:00,9656.23,9657.25,9650.01,9652.41,23.781434,2020,6,4
2020-06-04 04:29:00+00:00,9652.41,9658.4,9650.68,9656.27,11.779526,2020,6,4
2020-06-04 04:30:00+00:00,9656.26,9656.26,9648.68,9648.7,20.074486,2020,6,4
2020-06-04 04:31:00+00:00,9648.69,9656.27,9647.64,9654.05,18.006013,2020,6,4
2020-06-04 04:32:00+00:00,9654.57,9654.8,9647.66,9648.85,10.474627,2020,6,4
2020-06-04 04:33:00+00:00,9649.12,9653.67,9648.28,9652.21,26.131922,2020,6,4
2020-06-04 04:34:00+00:00,9652.17,9652.17,9646.53,9649.99,18.018615,2020,6,4
2020-06-04 04:35:00+00:00,9650.0,9653.16,9647.23,9647.24,15.489328,2020,6,4
2020-06-04 04:36:00+00:00,9647.23,9647.29,9633.1,9643.03,92.060515,2020,6,4
2020-06-04 04:37:00+00:00,9643.48,9652.95,9643.48,9650.38,20.138906,2020,6,4
2020-06-04 04:38:00+00:00,9650.39,9650.66,9644.48,9645.69,13.079927,2020,6,4
2020-06-04 04:39:00+00:00,9645.82,9651.7,9643.87,9646.06,25.371876,2020,6,4
2020-06-04 04:40:00+00:00,9646.05,9649.16,9644.61,9645.21,29.674162,2020,6,4
2020-06-04 04:41:00+00:00,9645.21,9645.21,9635.0,9641.87,17.997321,2020,6,4
2020-06-04 04:42:00+00:00,9642.1,9646.06,9641.08,9645.89,7.918903,2020,6,4
2020-06-04 04:43:00+00:00,9645.82,9645.82,9643.8,9644.41,4.951739,2020,6,4
2020-06-04 04:44:00+00:00,9644.41,9658.0,9644.41,9654.67,46.916805,2020,6,4
2020-06-04 04:45:00+00:00,9654.67,9654.67,9643.55,9649.97,40.510912,2020,6,4
2020-06-04 04:46:00+00:00,9649.93,9650.0,9645.74,9648.66,8.999606,2020,6,4
2020-06-04 04:47:00+00:00,9648.82,9650.0,9635.01,9635.01,53.788361,2020,6,4
2020-06-04 04:48:00+00:00,9635.01,9644.72,9635.0,9644.7,74.053349,2020,6,4
2020-06-04 04:49:00+00:00,9644.27,9644.27,9638.22,9643.19,43.1461,2020,6,4
2020-06-04 04:50:00+00:00,9642.77,9644.0,9638.13,9640.48,8.46003,2020,6,4
2020-06-04 04:51:00+00:00,9640.37,9641.5,9638.78,9639.9,9.683862,2020,6,4
2020-06-04 04:52:00+00:00,9639.69,9647.09,9639.68,9641.31,10.000301,2020,6,4
2020-06-04 04:53:00+00:00,9641.31,9641.8,9628.61,9632.71,95.807004,2020,6,4
2020-06-04 04:54:00+00:00,9632.72,9636.39,9631.25,9632.04,9.196661,2020,6,4
2020-06-04 04:55:00+00:00,9632.0,9638.57,9622.58,9637.04,48.030405,2020,6,4
2020-06-04 04:56:00+00:00,9636.95,9642.47,9635.0,9641.71,10.768505,2020,6,4
2020-06-04 04:57:00+00:00,9642.08,9646.19,9641.06,9643.53,12.583535,2020,6,4
2020-06-04 04:58:00+00:00,9644.2,9646.99,9641.45,9642.99,10.30083,2020,6,4
2020-06-04 04:59:00+00:00,9642.98,9645.78,9640.9,9645.07,15.448318,2020,6,4
2020-06-04 05:00:00+00:00,9644.65,9647.39,9643.26,9647.15,12.64841,2020,6,4
2020-06-04 05:01:00+00:00,9647.15,9648.55,9643.26,9643.52,9.508374,2020,6,4
2020-06-04 05:02:00+00:00,9643.43,9647.6,9642.57,9642.57,13.18162,2020,6,4
2020-06-04 05:03:00+00:00,9642.57,9642.57,9636.55,9640.72,19.001574,2020,6,4
2020-06-04 05:04:00+00:00,9640.71,9642.78,9636.65,9637.4,7.798989,2020,6,4
2020-06-04 05:05:00+00:00,9637.42,9638.5,9631.96,9636.38,35.327928,2020,6,4
2020-06-04 05:06:00+00:00,9636.01,9639.65,9634.66,9637.09,18.625719,2020,6,4
2020-06-04 05:07:00+00:00,9637.19,9649.91,9636.26,9647.7,35.950312,2020,6,4
2020-06-04 05:08:00+00:00,9647.3,9654.65,9647.07,9653.95,25.244665,2020,6,4
2020-06-04 05:09:00+00:00,9653.95,9653.99,9648.31,9649.99,6.80017,2020,6,4
2020-06-04 05:10:00+00:00,9650.0,9651.66,9645.75,9648.76,15.619471,2020,6,4
2020-06-04 05:11:00+00:00,9647.82,9650.36,9645.81,9647.99,5.266393,2020,6,4
2020-06-04 05:12:00+00:00,9648.0,9653.31,9646.68,9652.38,12.571281,2020,6,4
2020-06-04 05:13:00+00:00,9651.27,9653.32,9646.22,9649.18,10.594787,2020,6,4
2020-06-04 05:14:00+00:00,9648.89,9649.03,9645.69,9646.35,7.553661,2020,6,4
2020-06-04 05:15:00+00:00,9646.57,9653.15,9645.89,9647.13,17.451441,2020,6,4
2020-06-04 05:16:00+00:00,9646.25,9651.51,9646.0,9647.8,17.934789,2020,6,4
2020-06-04 05:17:00+00:00,9647.8,9649.56,9647.0,9647.27,21.213016,2020,6,4
2020-06-04 05:18:00+00:00,9647.28,9647.96,9641.99,9645.0,23.245708,2020,6,4
2020-06-04 05:19:00+00:00,9645.0,9647.05,9642.04,9643.96,9.262486,2020,6,4
2020-06-04 05:20:00+00:00,9642.83,9646.96,9642.83,9644.18,13.938413,2020,6,4
2020-06-04 05:21:00+00:00,9644.13,9656.27,9643.0,9654.97,87.132346,2020,6,4
2020-06-04 05:22:00+00:00,9654.97,9655.01,9650.0,9651.94,29.130816,2020,6,4
2020-06-04 05:23:00+00:00,9651.94,9654.64,9648.58,9651.2,14.003155,2020,6,4
2020-06-04 05:24:00+00:00,9651.2,9654.0,9646.56,9653.0,15.808611,2020,6,4
2020-06-04 05:25:00+00:00,9653.0,9653.89,9652.99,9653.0,3.141808,2020,6,4
2020-06-04 05:26:00+00:00,9653.0,9653.28,9646.0,9648.37,27.353024,2020,6,4
2020-06-04 05:27:00+00:00,9648.37,9652.47,9647.0,9649.11,10.040943,2020,6,4
2020-06-04 05:28:00+00:00,9648.8,9650.0,9647.8,9649.76,7.700484,2020,6,4
2020-06-04 05:29:00+00:00,9649.78,9650.85,9647.77,9649.2,11.299626,2020,6,4
2020-06-04 05:30:00+00:00,9650.28,9650.83,9648.83,9648.94,11.941364,2020,6,4
2020-06-04 05:31:00+00:00,9648.93,9649.38,9638.72,9639.95,17.985612,2020,6,4
2020-06-04 05:32:00+00:00,9639.75,9644.94,9638.42,9640.3,10.994901,2020,6,4
2020-06-04 05:33:00+00:00,9640.8,9641.17,9635.47,9637.0,10.328979,2020,6,4
2020-06-04 05:34:00+00:00,9637.01,9638.69,9635.46,9638.69,9.117387,2020,6,4
2020-06-04 05:35:00+00:00,9638.7,9639.99,9637.74,9639.18,13.287927,2020,6,4
2020-06-04 05:36:00+00:00,9639.17,9639.17,9632.21,9636.97,27.361028,2020,6,4
2020-06-04 05:37:00+00:00,9635.7,9637.26,9631.0,9634.97,25.438708,2020,6,4
2020-06-04 05:38:00+00:00,9634.59,9635.99,9631.16,9633.0,12.247906,2020,6,4
2020-06-04 05:39:00+00:00,9632.59,9637.7,9631.88,9637.41,33.750354,2020,6,4
2020-06-04 05:40:00+00:00,9636.57,9637.0,9633.66,9636.8,11.26531,2020,6,4
2020-06-04 05:41:00+00:00,9636.98,9642.67,9636.5,9639.8,25.905706,2020,6,4
2020-06-04 05:42:00+00:00,9639.81,9641.82,9633.01,9640.53,26.512317,2020,6,4
2020-06-04 05:43:00+00:00,9641.88,9641.99,9635.7,9636.34,8.980944,2020,6,4
2020-06-04 05:44:00+00:00,9636.34,9642.42,9636.34,9638.07,20.091562,2020,6,4
2020-06-04 05:45:00+00:00,9638.07,9638.08,9628.0,9628.52,35.455582,2020,6,4
2020-06-04 05:46:00+00:00,9628.52,9633.91,9625.92,9629.68,49.542638,2020,6,4
2020-06-04 05:47:00+00:00,9629.68,9633.59,9629.3,9630.75,20.316837,2020,6,4
2020-06-04 05:48:00+00:00,9630.75,9633.59,9626.49,9632.28,26.991736,2020,6,4
2020-06-04 05:49:00+00:00,9632.28,9632.28,9626.0,9627.71,12.867417,2020,6,4
2020-06-04 05:50:00+00:00,9627.71,9632.38,9627.71,9629.38,41.559038,2020,6,4
2020-06-04 05:51:00+00:00,9628.97,9643.87,9628.06,9643.39,37.37056,2020,6,4
2020-06-04 05:52:00+00:00,9643.39,9643.39,9636.07,9638.39,18.417623,2020,6,4
2020-06-04 05:53:00+00:00,9638.39,9639.01,9634.57,9637.69,19.187689,2020,6,4
2020-06-04 05:54:00+00:00,9637.69,9638.05,9636.5,9638.04,12.819793,2020,6,4
2020-06-04 05:55:00+00:00,9638.05,9638.59,9634.71,9635.08,9.64846,2020,6,4
2020-06-04 05:56:00+00:00,9635.2,9636.53,9633.64,9635.24,7.227506,2020,6,4
2020-06-04 05:57:00+00:00,9634.26,9638.0,9630.11,9635.14,18.142105,2020,6,4
2020-06-04 05:58:00+00:00,9635.13,9640.0,9634.21,9639.3,23.925484,2020,6,4
2020-06-04 05:59:00+00:00,9639.14,9644.28,9639.13,9642.56,22.957622,2020,6,4
2020-06-04 06:00:00+00:00,9642.55,9644.27,9640.22,9642.26,14.62019,2020,6,4
2020-06-04 06:01:00+00:00,9642.59,9643.84,9638.91,9639.89,8.258409,2020,6,4
2020-06-04 06:02:00+00:00,9640.3,9644.16,9640.03,9642.58,19.974351,2020,6,4
2020-06-04 06:03:00+00:00,9642.58,9643.49,9640.02,9642.32,10.690555,2020,6,4
2020-06-04 06:04:00+00:00,9642.0,9642.88,9631.5,9635.0,26.364911,2020,6,4
2020-06-04 06:05:00+00:00,9635.18,9635.18,9630.0,9630.0,15.825693,2020,6,4
2020-06-04 06:06:00+00:00,9630.0,9637.07,9626.72,9634.87,64.22741,2020,6,4
2020-06-04 06:07:00+00:00,9634.19,9637.17,9632.39,9634.49,26.319647,2020,6,4
2020-06-04 06:08:00+00:00,9634.5,9634.5,9630.26,9631.8,18.117889,2020,6,4
2020-06-04 06:09:00+00:00,9632.28,9633.18,9629.07,9632.11,9.674705,2020,6,4
2020-06-04 06:10:00+00:00,9632.11,9633.18,9629.61,9633.18,20.724502,2020,6,4
2020-06-04 06:11:00+00:00,9632.65,9633.18,9625.82,9628.91,21.594348,2020,6,4
2020-06-04 06:12:00+00:00,9629.26,9634.5,9628.0,9629.49,59.255952,2020,6,4
2020-06-04 06:13:00+00:00,9628.1,9629.42,9617.27,9626.88,109.188452,2020,6,4
2020-06-04 06:14:00+00:00,9625.58,9632.62,9625.01,9630.96,35.530645,2020,6,4
2020-06-04 06:15:00+00:00,9629.88,9631.62,9629.0,9630.53,27.451431,2020,6,4
2020-06-04 06:16:00+00:00,9630.54,9631.03,9629.0,9629.01,7.688477,2020,6,4
2020-06-04 06:17:00+00:00,9629.0,9635.37,9629.0,9635.0,43.945906,2020,6,4
2020-06-04 06:18:00+00:00,9635.0,9640.04,9633.34,9637.15,62.665926,2020,6,4
2020-06-04 06:19:00+00:00,9637.14,9638.18,9634.67,9634.99,10.39421,2020,6,4
2020-06-04 06:20:00+00:00,9634.73,9637.2,9634.67,9634.68,18.247568,2020,6,4
2020-06-04 06:21:00+00:00,9634.68,9635.95,9632.26,9634.24,34.159189,2020,6,4
2020-06-04 06:22:00+00:00,9634.23,9640.01,9633.0,9634.35,22.403575,2020,6,4
2020-06-04 06:23:00+00:00,9634.35,9636.37,9630.51,9635.51,30.443628,2020,6,4
2020-06-04 06:24:00+00:00,9635.1,9635.51,9633.17,9635.13,12.861689,2020,6,4
2020-06-04 06:25:00+00:00,9634.46,9638.05,9633.82,9636.06,15.719706,2020,6,4
2020-06-04 06:26:00+00:00,9636.07,9638.05,9635.34,9635.76,10.91461,2020,6,4
2020-06-04 06:27:00+00:00,9635.76,9638.71,9634.38,9634.65,17.300725,2020,6,4
2020-06-04 06:28:00+00:00,9635.3,9640.0,9634.47,9638.05,18.009762,2020,6,4
2020-06-04 06:29:00+00:00,9638.13,9638.58,9634.67,9636.74,7.615966,2020,6,4
2020-06-04 06:30:00+00:00,9637.82,9639.97,9635.46,9638.97,6.554345,2020,6,4
2020-06-04 06:31:00+00:00,9639.06,9645.0,9639.06,9641.96,27.077632,2020,6,4
2020-06-04 06:32:00+00:00,9641.95,9647.39,9641.79,9646.41,21.589576,2020,6,4
2020-06-04 06:33:00+00:00,9645.75,9649.45,9641.51,9647.08,32.018651,2020,6,4
2020-06-04 06:34:00+00:00,9647.09,9650.0,9645.54,9647.07,23.808922,2020,6,4
2020-06-04 06:35:00+00:00,9647.07,9648.66,9643.3,9647.49,25.603781,2020,6,4
2020-06-04 06:36:00+00:00,9647.48,9648.66,9645.11,9647.97,11.072701,2020,6,4
2020-06-04 06:37:00+00:00,9647.97,9648.0,9644.18,9645.99,27.318471,2020,6,4
2020-06-04 06:38:00+00:00,9645.99,9647.72,9645.0,9646.31,8.559869,2020,6,4
2020-06-04 06:39:00+00:00,9646.32,9646.32,9642.13,9642.37,19.348318,2020,6,4
2020-06-04 06:40:00+00:00,9642.56,9653.08,9642.27,9651.45,49.659012,2020,6,4
2020-06-04 06:41:00+00:00,9651.45,9653.3,9649.01,9653.29,13.666056,2020,6,4
2020-06-04 06:42:00+00:00,9653.29,9655.96,9648.66,9655.94,12.083851,2020,6,4
2020-06-04 06:43:00+00:00,9655.94,9655.94,9651.57,9654.43,11.917546,2020,6,4
2020-06-04 06:44:00+00:00,9654.43,9658.88,9651.66,9657.15,36.514671,2020,6,4
2020-06-04 06:45:00+00:00,9657.36,9658.86,9654.53,9656.64,27.318043,2020,6,4
2020-06-04 06:46:00+00:00,9656.96,9657.08,9647.78,9647.96,32.208404,2020,6,4
2020-06-04 06:47:00+00:00,9647.95,9652.82,9647.31,9648.89,27.312642,2020,6,4
2020-06-04 06:48:00+00:00,9648.86,9649.95,9642.23,9645.92,32.374371,2020,6,4
2020-06-04 06:49:00+00:00,9645.44,9648.52,9644.56,9644.57,22.675862,2020,6,4
2020-06-04 06:50:00+00:00,9644.57,9649.9,9644.54,9648.58,34.234458,2020,6,4
2020-06-04 06:51:00+00:00,9648.57,9648.58,9644.57,9645.71,12.813752,2020,6,4
2020-06-04 06:52:00+00:00,9645.71,9647.48,9642.6,9645.99,12.639194,2020,6,4
2020-06-04 06:53:00+00:00,9645.99,9647.48,9642.68,9644.53,11.971932,2020,6,4
2020-06-04 06:54:00+00:00,9645.92,9652.67,9644.2,9649.18,14.875296,2020,6,4
2020-06-04 06:55:00+00:00,9649.18,9650.65,9646.0,9647.98,10.032788,2020,6,4
2020-06-04 06:56:00+00:00,9647.97,9648.68,9646.0,9647.95,10.090015,2020,6,4
2020-06-04 06:57:00+00:00,9647.98,9648.14,9646.03,9647.8,6.972007,2020,6,4
2020-06-04 06:58:00+00:00,9646.85,9647.74,9646.0,9646.01,6.738173,2020,6,4
2020-06-04 06:59:00+00:00,9646.0,9649.99,9642.8,9644.9,52.105043,2020,6,4
2020-06-04 07:00:00+00:00,9644.87,9649.98,9643.62,9645.55,48.497072,2020,6,4
2020-06-04 07:01:00+00:00,9644.79,9646.72,9644.07,9645.9,32.906156,2020,6,4
2020-06-04 07:02:00+00:00,9645.9,9647.75,9643.41,9645.54,42.82759,2020,6,4
2020-06-04 07:03:00+00:00,9645.5,9652.78,9643.83,9652.64,13.909893,2020,6,4
2020-06-04 07:04:00+00:00,9652.25,9652.44,9649.28,9652.43,13.981042,2020,6,4
2020-06-04 07:05:00+00:00,9652.43,9655.95,9651.33,9652.42,25.161879,2020,6,4
2020-06-04 07:06:00+00:00,9652.79,9659.0,9652.45,9654.35,104.449764,2020,6,4
2020-06-04 07:07:00+00:00,9654.34,9660.0,9650.06,9658.1,67.517223,2020,6,4
2020-06-04 07:08:00+00:00,9658.43,9662.01,9655.69,9657.45,68.560865,2020,6,4
2020-06-04 07:09:00+00:00,9657.45,9664.87,9657.45,9662.62,63.293963,2020,6,4
2020-06-04 07:10:00+00:00,9662.62,9669.49,9662.61,9665.47,72.168596,2020,6,4
2020-06-04 07:11:00+00:00,9666.6,9666.6,9655.63,9660.53,44.612304,2020,6,4
2020-06-04 07:12:00+00:00,9660.53,9664.58,9659.99,9663.57,17.804384,2020,6,4
2020-06-04 07:13:00+00:00,9663.4,9667.69,9661.57,9664.4,20.208019,2020,6,4
2020-06-04 07:14:00+00:00,9664.41,9668.4,9662.47,9663.58,35.921901,2020,6,4
2020-06-04 07:15:00+00:00,9663.58,9663.59,9657.52,9657.52,44.992272,2020,6,4
2020-06-04 07:16:00+00:00,9657.52,9661.27,9657.5,9658.3,48.1312,2020,6,4
2020-06-04 07:17:00+00:00,9658.44,9659.51,9655.93,9656.82,19.895322,2020,6,4
2020-06-04 07:18:00+00:00,9656.84,9658.78,9656.0,9658.57,14.118142,2020,6,4
2020-06-04 07:19:00+00:00,9658.56,9662.99,9658.09,9659.87,24.380262,2020,6,4
2020-06-04 07:20:00+00:00,9659.87,9660.67,9659.52,9660.5,14.687288,2020,6,4
2020-06-04 07:21:00+00:00,9660.5,9660.5,9653.79,9655.22,47.948507,2020,6,4
2020-06-04 07:22:00+00:00,9655.22,9661.5,9655.21,9657.16,31.769109,2020,6,4
2020-06-04 07:23:00+00:00,9657.33,9658.78,9654.55,9655.93,10.209007,2020,6,4
2020-06-04 07:24:00+00:00,9655.93,9657.0,9652.0,9655.39,17.446773,2020,6,4
2020-06-04 07:25:00+00:00,9655.39,9655.39,9652.3,9654.13,8.12815,2020,6,4
2020-06-04 07:26:00+00:00,9654.13,9661.99,9654.13,9654.27,45.94712,2020,6,4
2020-06-04 07:27:00+00:00,9654.88,9659.41,9654.31,9657.56,17.806902,2020,6,4
2020-06-04 07:28:00+00:00,9657.56,9658.87,9654.68,9656.94,11.495785,2020,6,4
2020-06-04 07:29:00+00:00,9656.77,9659.98,9655.59,9659.47,15.681644,2020,6,4
2020-06-04 07:30:00+00:00,9659.46,9666.0,9656.55,9659.71,33.678077,2020,6,4
2020-06-04 07:31:00+00:00,9661.45,9665.0,9659.63,9664.52,48.451467,2020,6,4
2020-06-04 07:32:00+00:00,9664.49,9665.32,9660.43,9661.82,12.370335,2020,6,4
2020-06-04 07:33:00+00:00,9661.42,9666.5,9661.29,9666.02,14.457172,2020,6,4
2020-06-04 07:34:00+00:00,9666.02,9667.0,9662.26,9664.91,25.47599,2020,6,4
2020-06-04 07:35:00+00:00,9664.91,9667.0,9664.9,9665.45,13.148524,2020,6,4
2020-06-04 07:36:00+00:00,9665.45,9666.96,9661.03,9662.37,28.963211,2020,6,4
2020-06-04 07:37:00+00:00,9662.37,9662.44,9660.0,9660.74,21.623864,2020,6,4
2020-06-04 07:38:00+00:00,9660.94,9661.65,9651.26,9653.05,39.353212,2020,6,4
2020-06-04 07:39:00+00:00,9653.0,9657.49,9651.98,9653.58,11.653859,2020,6,4
2020-06-04 07:40:00+00:00,9653.59,9655.36,9652.0,9654.32,19.111938,2020,6,4
2020-06-04 07:41:00+00:00,9654.3,9656.69,9652.1,9652.9,20.744451,2020,6,4
2020-06-04 07:42:00+00:00,9652.9,9654.99,9651.33,9653.61,15.120332,2020,6,4
2020-06-04 07:43:00+00:00,9653.61,9656.99,9649.09,9654.99,26.735814,2020,6,4
2020-06-04 07:44:00+00:00,9654.52,9655.0,9651.1,9651.11,14.553632,2020,6,4
2020-06-04 07:45:00+00:00,9651.11,9652.85,9649.26,9650.04,11.204514,2020,6,4
2020-06-04 07:46:00+00:00,9650.04,9658.13,9646.0,9656.98,36.443815,2020,6,4
2020-06-04 07:47:00+00:00,9656.83,9657.06,9651.79,9652.46,14.659717,2020,6,4
2020-06-04 07:48:00+00:00,9652.99,9652.99,9649.79,9650.88,14.15353,2020,6,4
2020-06-04 07:49:00+00:00,9650.87,9652.19,9645.78,9651.54,19.703806,2020,6,4
2020-06-04 07:50:00+00:00,9650.56,9652.17,9645.92,9648.55,9.545035,2020,6,4
2020-06-04 07:51:00+00:00,9648.68,9651.37,9647.43,9648.4,24.971895,2020,6,4
2020-06-04 07:52:00+00:00,9648.41,9650.0,9647.99,9649.26,13.539628,2020,6,4
2020-06-04 07:53:00+00:00,9649.49,9650.0,9647.21,9647.22,14.926054,2020,6,4
2020-06-04 07:54:00+00:00,9647.23,9652.05,9647.23,9650.32,14.834319,2020,6,4
2020-06-04 07:55:00+00:00,9650.32,9650.33,9648.69,9650.03,5.680084,2020,6,4
2020-06-04 07:56:00+00:00,9650.02,9655.26,9647.54,9651.93,23.959996,2020,6,4
2020-06-04 07:57:00+00:00,9651.89,9652.22,9650.0,9650.78,4.382199,2020,6,4
2020-06-04 07:58:00+00:00,9650.5,9653.11,9645.66,9652.09,19.715481,2020,6,4
2020-06-04 07:59:00+00:00,9652.09,9652.42,9645.62,9649.6,16.336983,2020,6,4
2020-06-04 08:00:00+00:00,9649.59,9649.66,9643.0,9644.98,28.05358,2020,6,4
2020-06-04 08:01:00+00:00,9644.98,9651.17,9642.77,9647.36,32.384906,2020,6,4
2020-06-04 08:02:00+00:00,9648.21,9652.03,9645.66,9647.0,20.034358,2020,6,4
2020-06-04 08:03:00+00:00,9647.0,9648.96,9640.0,9640.47,24.583931,2020,6,4
2020-06-04 08:04:00+00:00,9640.87,9645.53,9640.22,9640.81,19.041963,2020,6,4
2020-06-04 08:05:00+00:00,9640.78,9641.01,9625.79,9633.66,78.308305,2020,6,4
2020-06-04 08:06:00+00:00,9633.71,9638.99,9631.04,9638.9,14.034745,2020,6,4
2020-06-04 08:07:00+00:00,9638.9,9640.51,9634.58,9634.58,13.150822,2020,6,4
2020-06-04 08:08:00+00:00,9635.2,9637.47,9635.12,9635.38,12.966323,2020,6,4
2020-06-04 08:09:00+00:00,9635.89,9638.36,9633.55,9636.04,35.804999,2020,6,4
2020-06-04 08:10:00+00:00,9636.04,9644.8,9633.7,9643.01,28.38178,2020,6,4
2020-06-04 08:11:00+00:00,9643.37,9645.91,9640.6,9640.73,16.474201,2020,6,4
2020-06-04 08:12:00+00:00,9640.73,9644.28,9640.72,9641.99,5.816904,2020,6,4
2020-06-04 08:13:00+00:00,9642.0,9644.97,9641.99,9644.97,8.570035,2020,6,4
2020-06-04 08:14:00+00:00,9644.98,9651.68,9644.38,9645.36,47.977144,2020,6,4
2020-06-04 08:15:00+00:00,9645.36,9646.06,9644.02,9644.6,10.907075,2020,6,4
2020-06-04 08:16:00+00:00,9644.86,9645.3,9640.3,9642.82,16.521187,2020,6,4
2020-06-04 08:17:00+00:00,9642.84,9643.99,9640.01,9641.55,14.174378,2020,6,4
2020-06-04 08:18:00+00:00,9641.93,9642.59,9636.35,9637.84,19.845045,2020,6,4
2020-06-04 08:19:00+00:00,9637.84,9640.49,9635.0,9639.59,15.516613,2020,6,4
2020-06-04 08:20:00+00:00,9639.09,9639.5,9635.03,9636.87,24.44023,2020,6,4
2020-06-04 08:21:00+00:00,9636.87,9638.0,9635.15,9636.01,23.613572,2020,6,4
2020-06-04 08:22:00+00:00,9636.01,9636.39,9635.99,9636.35,9.133602,2020,6,4
2020-06-04 08:23:00+00:00,9636.35,9636.35,9626.79,9633.67,48.635032,2020,6,4
2020-06-04 08:24:00+00:00,9633.66,9636.37,9629.24,9629.24,29.723872,2020,6,4
2020-06-04 08:25:00+00:00,9630.24,9630.71,9625.0,9625.39,18.205355,2020,6,4
2020-06-04 08:26:00+00:00,9625.41,9632.65,9625.07,9630.02,27.922531,2020,6,4
2020-06-04 08:27:00+00:00,9630.01,9630.01,9618.36,9618.37,151.636041,2020,6,4
2020-06-04 08:28:00+00:00,9618.37,9629.12,9614.23,9626.06,59.232426,2020,6,4
2020-06-04 08:29:00+00:00,9625.82,9625.91,9620.62,9624.99,9.629369,2020,6,4
2020-06-04 08:30:00+00:00,9625.0,9635.48,9623.05,9634.97,22.667032,2020,6,4
2020-06-04 08:31:00+00:00,9634.97,9636.94,9631.91,9633.05,29.810924,2020,6,4
2020-06-04 08:32:00+00:00,9633.09,9633.83,9630.8,9632.61,9.608091,2020,6,4
2020-06-04 08:33:00+00:00,9633.01,9635.36,9626.04,9628.41,44.497891,2020,6,4
2020-06-04 08:34:00+00:00,9628.41,9628.6,9623.0,9627.58,29.8655,2020,6,4
2020-06-04 08:35:00+00:00,9627.59,9630.0,9627.22,9629.4,11.133165,2020,6,4
2020-06-04 08:36:00+00:00,9629.78,9633.76,9629.78,9633.0,16.332072,2020,6,4
2020-06-04 08:37:00+00:00,9633.0,9633.0,9629.07,9632.26,36.692965,2020,6,4
2020-06-04 08:38:00+00:00,9632.35,9644.07,9630.49,9640.14,60.888736,2020,6,4
2020-06-04 08:39:00+00:00,9640.15,9640.43,9626.53,9627.33,33.501725,2020,6,4
2020-06-04 08:40:00+00:00,9627.01,9632.06,9627.01,9630.32,29.397693,2020,6,4
2020-06-04 08:41:00+00:00,9630.33,9631.48,9626.95,9629.22,21.415402,2020,6,4
2020-06-04 08:42:00+00:00,9628.85,9630.05,9625.81,9630.0,21.413649,2020,6,4
2020-06-04 08:43:00+00:00,9630.0,9630.0,9624.0,9629.85,35.974306,2020,6,4
2020-06-04 08:44:00+00:00,9629.04,9630.0,9626.37,9628.3,22.678165,2020,6,4
2020-06-04 08:45:00+00:00,9628.9,9635.0,9627.68,9634.01,23.339325,2020,6,4
2020-06-04 08:46:00+00:00,9634.99,9643.43,9634.62,9637.15,27.608529,2020,6,4
2020-06-04 08:47:00+00:00,9637.15,9641.27,9636.4,9639.0,13.861177,2020,6,4
2020-06-04 08:48:00+00:00,9638.88,9640.48,9637.17,9638.0,9.54202,2020,6,4
2020-06-04 08:49:00+00:00,9638.13,9643.96,9636.41,9642.88,34.211053,2020,6,4
2020-06-04 08:50:00+00:00,9642.87,9642.88,9636.72,9639.32,44.377668,2020,6,4
2020-06-04 08:51:00+00:00,9639.28,9642.46,9637.15,9641.09,30.343694,2020,6,4
2020-06-04 08:52:00+00:00,9641.08,9644.0,9640.03,9642.42,26.70732,2020,6,4
2020-06-04 08:53:00+00:00,9642.42,9643.07,9639.01,9639.3,24.060732,2020,6,4
2020-06-04 08:54:00+00:00,9639.3,9640.14,9636.41,9640.13,12.218136,2020,6,4
2020-06-04 08:55:00+00:00,9640.14,9649.95,9640.13,9648.57,40.837916,2020,6,4
2020-06-04 08:56:00+00:00,9648.12,9649.19,9639.98,9640.02,37.677838,2020,6,4
2020-06-04 08:57:00+00:00,9639.98,9642.33,9639.16,9642.01,29.533876,2020,6,4
2020-06-04 08:58:00+00:00,9642.0,9645.82,9639.96,9644.31,15.194472,2020,6,4
2020-06-04 08:59:00+00:00,9644.3,9644.3,9640.34,9642.22,21.612514,2020,6,4
2020-06-04 09:00:00+00:00,9642.22,9642.67,9634.1,9639.1,33.407246,2020,6,4
2020-06-04 09:01:00+00:00,9639.09,9640.36,9636.8,9637.71,13.204495,2020,6,4
2020-06-04 09:02:00+00:00,9638.29,9638.9,9635.13,9636.65,12.43578,2020,6,4
2020-06-04 09:03:00+00:00,9636.65,9638.0,9635.0,9635.11,12.315397,2020,6,4
2020-06-04 09:04:00+00:00,9635.02,9638.9,9634.72,9638.9,11.446399,2020,6,4
2020-06-04 09:05:00+00:00,9638.89,9640.0,9638.31,9638.88,12.341276,2020,6,4
2020-06-04 09:06:00+00:00,9638.88,9640.0,9638.48,9639.95,11.204518,2020,6,4
2020-06-04 09:07:00+00:00,9639.0,9639.01,9632.33,9632.9,25.712143,2020,6,4
2020-06-04 09:08:00+00:00,9632.87,9635.91,9632.2,9633.0,8.552673,2020,6,4
2020-06-04 09:09:00+00:00,9632.99,9634.0,9628.66,9629.53,43.889411,2020,6,4
2020-06-04 09:10:00+00:00,9629.53,9632.71,9627.89,9631.73,26.615394,2020,6,4
2020-06-04 09:11:00+00:00,9631.74,9632.69,9630.19,9631.26,21.513009,2020,6,4
2020-06-04 09:12:00+00:00,9631.32,9632.68,9630.18,9630.8,14.72756,2020,6,4
2020-06-04 09:13:00+00:00,9630.51,9631.23,9620.0,9626.37,55.502892,2020,6,4
2020-06-04 09:14:00+00:00,9626.76,9626.8,9621.62,9624.75,30.131069,2020,6,4
2020-06-04 09:15:00+00:00,9624.75,9627.78,9622.76,9625.3,19.82962,2020,6,4
2020-06-04 09:16:00+00:00,9625.53,9628.94,9624.47,9625.56,36.359257,2020,6,4
2020-06-04 09:17:00+00:00,9625.44,9625.98,9621.21,9622.88,11.85606,2020,6,4
2020-06-04 09:18:00+00:00,9622.88,9628.92,9622.88,9625.0,21.950746,2020,6,4
2020-06-04 09:19:00+00:00,9625.01,9625.37,9550.33,9555.5,330.568164,2020,6,4
2020-06-04 09:20:00+00:00,9550.33,9567.2,9506.76,9527.86,653.916729,2020,6,4
2020-06-04 09:21:00+00:00,9527.86,9548.33,9515.47,9537.12,217.429613,2020,6,4
2020-06-04 09:22:00+00:00,9537.76,9555.29,9533.84,9554.38,91.872505,2020,6,4
2020-06-04 09:23:00+00:00,9554.39,9562.48,9545.62,9548.52,95.194524,2020,6,4
2020-06-04 09:24:00+00:00,9548.52,9562.9,9548.29,9552.06,123.550475,2020,6,4
2020-06-04 09:25:00+00:00,9552.0,9562.81,9551.99,9556.99,54.715563,2020,6,4
2020-06-04 09:26:00+00:00,9556.99,9561.4,9553.9,9560.4,40.746741,2020,6,4
2020-06-04 09:27:00+00:00,9560.39,9561.01,9545.01,9547.72,88.187173,2020,6,4
2020-06-04 09:28:00+00:00,9547.68,9576.27,9542.2,9576.27,118.805763,2020,6,4
2020-06-04 09:29:00+00:00,9576.28,9585.19,9567.02,9569.02,61.880465,2020,6,4
2020-06-04 09:30:00+00:00,9570.06,9570.06,9552.48,9560.57,60.595643,2020,6,4
2020-06-04 09:31:00+00:00,9561.03,9569.02,9558.42,9560.34,29.696598,2020,6,4
2020-06-04 09:32:00+00:00,9560.34,9563.23,9557.29,9560.59,18.115686,2020,6,4
2020-06-04 09:33:00+00:00,9559.98,9559.98,9535.93,9539.9,86.964985,2020,6,4
2020-06-04 09:34:00+00:00,9539.06,9558.74,9539.06,9553.82,60.199673,2020,6,4
2020-06-04 09:35:00+00:00,9554.12,9554.14,9542.52,9545.31,40.475061,2020,6,4
2020-06-04 09:36:00+00:00,9546.07,9554.54,9537.51,9550.31,80.44794,2020,6,4
2020-06-04 09:37:00+00:00,9550.49,9551.46,9545.79,9549.99,33.560811,2020,6,4
2020-06-04 09:38:00+00:00,9550.0,9560.0,9550.0,9559.28,47.086221,2020,6,4
2020-06-04 09:39:00+00:00,9558.63,9562.33,9558.03,9560.52,29.677506,2020,6,4
2020-06-04 09:40:00+00:00,9560.52,9561.5,9557.02,9559.38,22.93108,2020,6,4
2020-06-04 09:41:00+00:00,9559.39,9561.4,9557.58,9557.58,16.397132,2020,6,4
2020-06-04 09:42:00+00:00,9557.57,9557.57,9546.95,9556.51,54.266506,2020,6,4
2020-06-04 09:43:00+00:00,9556.51,9557.95,9552.52,9553.39,12.193506,2020,6,4
2020-06-04 09:44:00+00:00,9553.39,9557.59,9551.13,9554.65,20.699132,2020,6,4
2020-06-04 09:45:00+00:00,9554.15,9554.76,9546.09,9553.21,39.203584,2020,6,4
2020-06-04 09:46:00+00:00,9553.17,9553.65,9550.0,9551.06,26.412644,2020,6,4
2020-06-04 09:47:00+00:00,9551.07,9556.16,9551.07,9554.59,13.916187,2020,6,4
2020-06-04 09:48:00+00:00,9554.75,9554.96,9547.29,9551.45,27.405192,2020,6,4
2020-06-04 09:49:00+00:00,9551.54,9557.13,9545.79,9545.88,33.723602,2020,6,4
2020-06-04 09:50:00+00:00,9545.87,9551.85,9545.87,9549.36,14.44316,2020,6,4
2020-06-04 09:51:00+00:00,9549.36,9561.01,9549.36,9560.47,31.39579,2020,6,4
2020-06-04 09:52:00+00:00,9560.47,9569.02,9560.47,9566.71,44.894122,2020,6,4
2020-06-04 09:53:00+00:00,9566.72,9568.48,9560.0,9561.6,38.938033,2020,6,4
2020-06-04 09:54:00+00:00,9561.6,9564.12,9560.11,9562.13,22.604572,2020,6,4
2020-06-04 09:55:00+00:00,9562.07,9562.12,9560.11,9561.96,20.740718,2020,6,4
2020-06-04 09:56:00+00:00,9562.0,9563.61,9556.61,9558.82,25.761847,2020,6,4
2020-06-04 09:57:00+00:00,9558.82,9565.0,9553.79,9561.11,67.999544,2020,6,4
2020-06-04 09:58:00+00:00,9561.52,9564.48,9559.89,9562.09,8.144829,2020,6,4
2020-06-04 09:59:00+00:00,9562.1,9563.96,9560.34,9562.19,16.985071,2020,6,4
2020-06-04 10:00:00+00:00,9562.49,9562.56,9546.0,9552.63,49.871102,2020,6,4
2020-06-04 10:01:00+00:00,9550.94,9556.4,9546.0,9553.9,44.088347,2020,6,4
2020-06-04 10:02:00+00:00,9553.9,9556.18,9551.78,9554.0,17.685089,2020,6,4
2020-06-04 10:03:00+00:00,9553.81,9553.99,9547.49,9547.54,22.291199,2020,6,4
2020-06-04 10:04:00+00:00,9547.56,9549.95,9546.16,9548.24,11.987372,2020,6,4
2020-06-04 10:05:00+00:00,9548.24,9548.25,9518.53,9533.99,226.201418,2020,6,4
2020-06-04 10:06:00+00:00,9533.99,9541.57,9530.0,9530.0,60.740699,2020,6,4
2020-06-04 10:07:00+00:00,9530.44,9544.44,9529.14,9539.01,41.677689,2020,6,4
2020-06-04 10:08:00+00:00,9539.07,9539.85,9529.85,9534.56,42.919918,2020,6,4
2020-06-04 10:09:00+00:00,9535.38,9543.0,9532.82,9537.0,47.721966,2020,6,4
2020-06-04 10:10:00+00:00,9537.0,9537.0,9510.14,9514.76,118.183787,2020,6,4
2020-06-04 10:11:00+00:00,9513.87,9525.78,9513.14,9521.66,76.597935,2020,6,4
2020-06-04 10:12:00+00:00,9522.04,9526.35,9520.01,9523.96,45.683206,2020,6,4
2020-06-04 10:13:00+00:00,9524.09,9537.01,9523.58,9536.14,56.738516,2020,6,4
2020-06-04 10:14:00+00:00,9536.14,9536.14,9527.09,9528.83,37.612432,2020,6,4
2020-06-04 10:15:00+00:00,9527.73,9530.07,9521.08,9530.07,47.472899,2020,6,4
2020-06-04 10:16:00+00:00,9530.07,9530.08,9517.04,9524.77,62.436232,2020,6,4
2020-06-04 10:17:00+00:00,9524.72,9538.41,9523.63,9537.62,39.132736,2020,6,4
2020-06-04 10:18:00+00:00,9538.09,9543.56,9526.61,9528.13,69.332987,2020,6,4
2020-06-04 10:19:00+00:00,9528.14,9534.19,9526.08,9532.15,49.043453,2020,6,4
2020-06-04 10:20:00+00:00,9532.48,9536.91,9531.92,9535.75,21.861227,2020,6,4
2020-06-04 10:21:00+00:00,9536.09,9542.82,9534.99,9540.92,34.232699,2020,6,4
2020-06-04 10:22:00+00:00,9541.08,9546.8,9540.11,9545.05,18.076517,2020,6,4
2020-06-04 10:23:00+00:00,9545.06,9546.18,9540.17,9542.86,28.757811,2020,6,4
2020-06-04 10:24:00+00:00,9542.86,9543.05,9533.02,9540.04,43.802428,2020,6,4
2020-06-04 10:25:00+00:00,9540.04,9541.67,9535.02,9535.62,28.104354,2020,6,4
2020-06-04 10:26:00+00:00,9535.62,9540.39,9532.45,9537.69,34.625466,2020,6,4
2020-06-04 10:27:00+00:00,9536.92,9538.88,9535.0,9538.09,28.790959,2020,6,4
2020-06-04 10:28:00+00:00,9538.1,9540.99,9537.38,9539.99,14.264605,2020,6,4
2020-06-04 10:29:00+00:00,9539.99,9541.26,9536.0,9537.69,22.885372,2020,6,4
2020-06-04 10:30:00+00:00,9537.52,9539.95,9530.0,9537.67,72.577691,2020,6,4
2020-06-04 10:31:00+00:00,9537.63,9542.41,9536.0,9541.93,20.947005,2020,6,4
2020-06-04 10:32:00+00:00,9541.94,9542.5,9540.28,9542.47,10.145624,2020,6,4
2020-06-04 10:33:00+00:00,9542.47,9549.55,9542.47,9547.42,38.044383,2020,6,4
2020-06-04 10:34:00+00:00,9546.72,9548.46,9544.22,9547.08,17.569183,2020,6,4
2020-06-04 10:35:00+00:00,9546.52,9550.0,9545.52,9549.49,22.9471,2020,6,4
2020-06-04 10:36:00+00:00,9549.42,9550.0,9545.17,9548.11,13.343906,2020,6,4
2020-06-04 10:37:00+00:00,9548.13,9550.0,9547.41,9548.49,22.338436,2020,6,4
2020-06-04 10:38:00+00:00,9548.48,9549.72,9545.02,9549.0,16.83126,2020,6,4
2020-06-04 10:39:00+00:00,9549.0,9554.06,9549.0,9549.0,75.129102,2020,6,4
2020-06-04 10:40:00+00:00,9549.01,9550.15,9531.89,9535.16,78.810514,2020,6,4
2020-06-04 10:41:00+00:00,9535.16,9540.85,9533.0,9540.79,13.698121,2020,6,4
2020-06-04 10:42:00+00:00,9540.8,9544.13,9538.31,9543.63,19.440891,2020,6,4
2020-06-04 10:43:00+00:00,9543.63,9549.0,9543.63,9548.72,11.968698,2020,6,4
2020-06-04 10:44:00+00:00,9548.73,9554.51,9548.73,9550.91,55.375439,2020,6,4
2020-06-04 10:45:00+00:00,9551.79,9553.64,9534.36,9548.61,85.767331,2020,6,4
2020-06-04 10:46:00+00:00,9548.25,9553.64,9546.02,9551.08,24.599613,2020,6,4
2020-06-04 10:47:00+00:00,9551.07,9553.64,9550.87,9552.02,10.115435,2020,6,4
2020-06-04 10:48:00+00:00,9552.18,9564.42,9539.99,9541.79,106.813979,2020,6,4
2020-06-04 10:49:00+00:00,9542.4,9550.76,9542.39,9550.76,29.212075,2020,6,4
2020-06-04 10:50:00+00:00,9551.07,9551.17,9540.16,9541.88,30.240654,2020,6,4
2020-06-04 10:51:00+00:00,9541.47,9549.87,9538.37,9548.98,45.99831,2020,6,4
2020-06-04 10:52:00+00:00,9548.99,9548.99,9542.01,9542.53,18.696535,2020,6,4
2020-06-04 10:53:00+00:00,9542.53,9544.26,9536.65,9541.48,29.408021,2020,6,4
2020-06-04 10:54:00+00:00,9540.99,9544.23,9540.42,9541.62,21.756054,2020,6,4
2020-06-04 10:55:00+00:00,9541.7,9541.7,9536.3,9537.38,16.044202,2020,6,4
2020-06-04 10:56:00+00:00,9537.49,9552.61,9535.06,9547.19,141.719751,2020,6,4
2020-06-04 10:57:00+00:00,9546.96,9549.64,9543.61,9543.61,21.999491,2020,6,4
2020-06-04 10:58:00+00:00,9543.62,9550.0,9542.47,9548.55,10.588666,2020,6,4
2020-06-04 10:59:00+00:00,9548.57,9549.03,9545.0,9547.72,34.722279,2020,6,4
2020-06-04 11:00:00+00:00,9547.53,9547.53,9530.51,9537.95,44.159616,2020,6,4
2020-06-04 11:01:00+00:00,9538.48,9542.17,9535.16,9540.99,19.463778,2020,6,4
2020-06-04 11:02:00+00:00,9540.92,9542.52,9539.33,9542.2,16.099669,2020,6,4
2020-06-04 11:03:00+00:00,9542.21,9548.59,9542.21,9547.16,18.182975,2020,6,4
2020-06-04 11:04:00+00:00,9547.95,9554.6,9546.67,9553.95,28.378705,2020,6,4
2020-06-04 11:05:00+00:00,9554.55,9554.75,9548.61,9549.59,17.295972,2020,6,4
2020-06-04 11:06:00+00:00,9549.1,9554.0,9549.1,9550.58,19.167203,2020,6,4
2020-06-04 11:07:00+00:00,9550.58,9552.08,9547.57,9549.04,17.244433,2020,6,4
2020-06-04 11:08:00+00:00,9549.15,9549.44,9536.51,9541.85,73.265045,2020,6,4
2020-06-04 11:09:00+00:00,9543.98,9547.51,9540.52,9546.73,43.822125,2020,6,4
2020-06-04 11:10:00+00:00,9546.73,9548.19,9543.39,9545.1,19.270865,2020,6,4
2020-06-04 11:11:00+00:00,9545.43,9549.16,9542.66,9542.66,22.143156,2020,6,4
2020-06-04 11:12:00+00:00,9543.07,9543.68,9538.12,9542.0,31.214014,2020,6,4
2020-06-04 11:13:00+00:00,9542.0,9549.89,9537.69,9546.58,46.362418,2020,6,4
2020-06-04 11:14:00+00:00,9545.78,9549.71,9537.41,9539.58,51.770543,2020,6,4
2020-06-04 11:15:00+00:00,9539.58,9540.64,9535.0,9537.34,23.693261,2020,6,4
2020-06-04 11:16:00+00:00,9537.9,9545.98,9530.61,9544.72,40.095964,2020,6,4
2020-06-04 11:17:00+00:00,9544.87,9545.0,9540.74,9541.29,21.210099,2020,6,4
2020-06-04 11:18:00+00:00,9540.36,9543.94,9539.0,9543.94,29.88319,2020,6,4
2020-06-04 11:19:00+00:00,9543.94,9544.29,9532.53,9534.3,63.222413,2020,6,4
2020-06-04 11:20:00+00:00,9534.31,9537.0,9531.89,9534.71,23.970707,2020,6,4
2020-06-04 11:21:00+00:00,9534.7,9536.98,9531.22,9535.0,31.167502,2020,6,4
2020-06-04 11:22:00+00:00,9535.0,9535.0,9521.73,9522.22,61.63527,2020,6,4
2020-06-04 11:23:00+00:00,9522.23,9529.51,9521.03,9526.87,58.71901,2020,6,4
2020-06-04 11:24:00+00:00,9526.05,9530.18,9525.0,9525.01,27.09931,2020,6,4
2020-06-04 11:25:00+00:00,9525.01,9526.5,9520.0,9522.04,37.100295,2020,6,4
2020-06-04 11:26:00+00:00,9520.67,9530.0,9520.19,9523.21,58.799303,2020,6,4
2020-06-04 11:27:00+00:00,9522.85,9528.56,9521.08,9528.56,32.873352,2020,6,4
2020-06-04 11:28:00+00:00,9528.56,9536.47,9525.56,9532.95,37.817646,2020,6,4
2020-06-04 11:29:00+00:00,9533.58,9533.58,9520.26,9525.2,34.000314,2020,6,4
2020-06-04 11:30:00+00:00,9525.33,9526.85,9510.0,9517.99,112.705817,2020,6,4
2020-06-04 11:31:00+00:00,9517.93,9518.94,9450.0,9475.62,920.53786,2020,6,4
2020-06-04 11:32:00+00:00,9475.08,9491.9,9464.11,9490.36,169.354802,2020,6,4
2020-06-04 11:33:00+00:00,9490.37,9511.9,9485.63,9511.87,98.787774,2020,6,4
2020-06-04 11:34:00+00:00,9511.87,9523.47,9496.63,9502.69,241.374112,2020,6,4
2020-06-04 11:35:00+00:00,9502.69,9508.81,9492.43,9494.49,67.909906,2020,6,4
2020-06-04 11:36:00+00:00,9494.5,9517.5,9491.74,9514.94,85.437018,2020,6,4
2020-06-04 11:37:00+00:00,9514.93,9547.83,9514.54,9539.82,155.241577,2020,6,4
2020-06-04 11:38:00+00:00,9538.06,9636.0,9501.01,9593.28,748.400379,2020,6,4
2020-06-04 11:39:00+00:00,9593.29,9605.0,9584.82,9589.99,98.642648,2020,6,4
2020-06-04 11:40:00+00:00,9589.99,9605.39,9588.58,9601.98,101.832503,2020,6,4
2020-06-04 11:41:00+00:00,9601.98,9632.63,9601.94,9612.04,194.237654,2020,6,4
2020-06-04 11:42:00+00:00,9611.7,9653.27,9610.31,9630.02,223.541319,2020,6,4
2020-06-04 11:43:00+00:00,9630.06,9641.84,9620.0,9625.89,144.326915,2020,6,4
2020-06-04 11:44:00+00:00,9624.15,9634.63,9607.56,9610.02,87.188843,2020,6,4
2020-06-04 11:45:00+00:00,9610.02,9630.0,9607.61,9622.0,51.607812,2020,6,4
2020-06-04 11:46:00+00:00,9622.72,9622.83,9609.11,9614.23,33.83124,2020,6,4
2020-06-04 11:47:00+00:00,9616.18,9616.9,9606.76,9607.92,54.537363,2020,6,4
2020-06-04 11:48:00+00:00,9607.1,9616.02,9605.0,9614.8,84.646612,2020,6,4
2020-06-04 11:49:00+00:00,9613.37,9616.02,9606.65,9607.87,33.190485,2020,6,4
2020-06-04 11:50:00+00:00,9607.65,9617.52,9607.32,9611.65,52.487361,2020,6,4
2020-06-04 11:51:00+00:00,9611.19,9615.53,9604.57,9613.51,71.809538,2020,6,4
2020-06-04 11:52:00+00:00,9613.51,9622.99,9607.37,9618.56,50.812222,2020,6,4
2020-06-04 11:53:00+00:00,9617.67,9621.71,9617.0,9618.94,40.579882,2020,6,4
2020-06-04 11:54:00+00:00,9618.87,9620.89,9608.53,9609.91,52.334391,2020,6,4
2020-06-04 11:55:00+00:00,9611.74,9626.95,9603.34,9624.51,73.146898,2020,6,4
2020-06-04 11:56:00+00:00,9624.99,9628.16,9620.22,9622.48,26.293773,2020,6,4
2020-06-04 11:57:00+00:00,9623.24,9634.91,9621.69,9633.76,66.372923,2020,6,4
2020-06-04 11:58:00+00:00,9633.76,9634.24,9622.22,9627.13,66.113898,2020,6,4
2020-06-04 11:59:00+00:00,9627.16,9629.23,9621.63,9622.08,35.754921,2020,6,4
2020-06-04 12:00:00+00:00,9622.18,9633.3,9619.15,9620.99,119.036769,2020,6,4
2020-06-04 12:01:00+00:00,9622.16,9625.3,9612.88,9622.41,54.499921,2020,6,4
2020-06-04 12:02:00+00:00,9622.7,9624.97,9613.67,9617.55,26.401171,2020,6,4
2020-06-04 12:03:00+00:00,9617.54,9620.0,9614.54,9617.34,36.293866,2020,6,4
2020-06-04 12:04:00+00:00,9617.22,9622.68,9614.68,9615.0,62.747587,2020,6,4
2020-06-04 12:05:00+00:00,9615.0,9616.18,9605.0,9608.08,65.735491,2020,6,4
2020-06-04 12:06:00+00:00,9608.08,9619.48,9608.08,9617.53,52.792842,2020,6,4
2020-06-04 12:07:00+00:00,9619.35,9622.92,9608.36,9609.75,27.426691,2020,6,4
2020-06-04 12:08:00+00:00,9611.07,9617.99,9605.0,9615.3,41.539352,2020,6,4
2020-06-04 12:09:00+00:00,9615.77,9616.12,9612.06,9614.19,16.209773,2020,6,4
2020-06-04 12:10:00+00:00,9614.19,9618.91,9613.42,9615.0,17.874389,2020,6,4
2020-06-04 12:11:00+00:00,9615.0,9619.0,9614.99,9619.0,20.511181,2020,6,4
2020-06-04 12:12:00+00:00,9619.0,9624.57,9611.0,9621.93,47.624615,2020,6,4
2020-06-04 12:13:00+00:00,9621.92,9642.55,9621.45,9640.35,79.521493,2020,6,4
2020-06-04 12:14:00+00:00,9640.67,9655.43,9635.83,9655.42,125.344378,2020,6,4
2020-06-04 12:15:00+00:00,9655.28,9683.1,9653.33,9673.3,286.637671,2020,6,4
2020-06-04 12:16:00+00:00,9671.26,9675.52,9660.52,9670.25,99.30653,2020,6,4
2020-06-04 12:17:00+00:00,9670.26,9670.99,9662.22,9668.69,54.092751,2020,6,4
2020-06-04 12:18:00+00:00,9666.04,9668.3,9655.13,9657.01,70.709573,2020,6,4
2020-06-04 12:19:00+00:00,9657.0,9659.21,9650.36,9658.71,52.218342,2020,6,4
2020-06-04 12:20:00+00:00,9658.71,9665.6,9651.22,9653.54,74.246798,2020,6,4
2020-06-04 12:21:00+00:00,9653.54,9661.72,9651.53,9655.15,39.409278,2020,6,4
2020-06-04 12:22:00+00:00,9654.9,9663.65,9653.32,9658.23,48.265972,2020,6,4
2020-06-04 12:23:00+00:00,9658.23,9660.0,9656.0,9659.0,26.371832,2020,6,4
2020-06-04 12:24:00+00:00,9659.28,9660.57,9642.01,9646.41,105.761947,2020,6,4
2020-06-04 12:25:00+00:00,9646.42,9649.89,9636.53,9641.68,43.599423,2020,6,4
2020-06-04 12:26:00+00:00,9641.99,9649.24,9638.59,9640.14,20.830828,2020,6,4
2020-06-04 12:27:00+00:00,9640.14,9646.63,9639.43,9640.6,17.058231,2020,6,4
2020-06-04 12:28:00+00:00,9640.59,9653.97,9640.1,9648.21,61.101156,2020,6,4
2020-06-04 12:29:00+00:00,9648.2,9648.76,9638.45,9640.01,62.727964,2020,6,4
2020-06-04 12:30:00+00:00,9640.02,9648.96,9639.72,9640.29,42.625779,2020,6,4
2020-06-04 12:31:00+00:00,9640.29,9640.72,9626.25,9636.42,42.795214,2020,6,4
2020-06-04 12:32:00+00:00,9636.42,9647.66,9634.08,9634.39,20.882916,2020,6,4
2020-06-04 12:33:00+00:00,9635.5,9640.0,9631.24,9638.34,24.180596,2020,6,4
2020-06-04 12:34:00+00:00,9638.35,9644.3,9634.89,9638.89,28.409407,2020,6,4
2020-06-04 12:35:00+00:00,9638.89,9645.99,9629.04,9641.95,45.580332,2020,6,4
2020-06-04 12:36:00+00:00,9641.67,9646.59,9640.39,9644.2,38.51281,2020,6,4
2020-06-04 12:37:00+00:00,9644.2,9644.2,9633.51,9635.5,22.054545,2020,6,4
2020-06-04 12:38:00+00:00,9635.9,9641.67,9634.05,9637.41,13.494405,2020,6,4
2020-06-04 12:39:00+00:00,9637.26,9639.66,9632.15,9634.34,27.124447,2020,6,4
2020-06-04 12:40:00+00:00,9634.99,9643.17,9634.37,9641.76,12.772783,2020,6,4
2020-06-04 12:41:00+00:00,9642.8,9643.75,9633.21,9634.01,14.856971,2020,6,4
2020-06-04 12:42:00+00:00,9634.31,9642.0,9633.0,9641.31,28.368944,2020,6,4
2020-06-04 12:43:00+00:00,9641.02,9642.0,9632.91,9641.77,17.199679,2020,6,4
2020-06-04 12:44:00+00:00,9641.78,9648.13,9641.23,9645.02,25.693904,2020,6,4
2020-06-04 12:45:00+00:00,9645.02,9656.04,9643.78,9652.82,96.640372,2020,6,4
2020-06-04 12:46:00+00:00,9652.82,9655.15,9650.47,9652.6,20.096531,2020,6,4
2020-06-04 12:47:00+00:00,9652.61,9655.0,9648.56,9652.65,16.207269,2020,6,4
2020-06-04 12:48:00+00:00,9652.65,9654.91,9650.0,9652.05,16.345772,2020,6,4
2020-06-04 12:49:00+00:00,9651.95,9654.91,9650.0,9653.16,30.371657,2020,6,4
2020-06-04 12:50:00+00:00,9653.18,9657.11,9652.88,9655.01,13.963527,2020,6,4
2020-06-04 12:51:00+00:00,9655.6,9655.92,9653.41,9655.91,15.060526,2020,6,4
2020-06-04 12:52:00+00:00,9655.91,9656.09,9650.94,9651.49,20.928232,2020,6,4
2020-06-04 12:53:00+00:00,9651.5,9658.76,9650.38,9652.76,34.418712,2020,6,4
2020-06-04 12:54:00+00:00,9653.78,9654.9,9636.39,9646.29,63.086434,2020,6,4
2020-06-04 12:55:00+00:00,9646.29,9648.13,9644.16,9646.39,13.578222,2020,6,4
2020-06-04 12:56:00+00:00,9646.38,9651.99,9645.68,9646.03,38.176963,2020,6,4
2020-06-04 12:57:00+00:00,9646.02,9646.03,9636.97,9638.79,45.92191,2020,6,4
2020-06-04 12:58:00+00:00,9639.0,9641.83,9636.0,9636.79,23.575495,2020,6,4
2020-06-04 12:59:00+00:00,9636.8,9642.82,9636.8,9642.02,22.448512,2020,6,4
2020-06-04 13:00:00+00:00,9642.6,9644.97,9638.72,9638.73,24.966667,2020,6,4
2020-06-04 13:01:00+00:00,9638.73,9643.67,9636.8,9641.45,16.599516,2020,6,4
2020-06-04 13:02:00+00:00,9641.92,9645.0,9636.5,9643.85,32.738521,2020,6,4
2020-06-04 13:03:00+00:00,9644.32,9647.18,9639.75,9639.75,84.688761,2020,6,4
2020-06-04 13:04:00+00:00,9640.24,9646.0,9638.73,9641.48,22.083005,2020,6,4
2020-06-04 13:05:00+00:00,9641.48,9658.67,9639.77,9656.73,92.468756,2020,6,4
2020-06-04 13:06:00+00:00,9657.21,9659.97,9654.76,9655.7,18.912001,2020,6,4
2020-06-04 13:07:00+00:00,9655.19,9664.0,9653.44,9660.63,43.086555,2020,6,4
2020-06-04 13:08:00+00:00,9660.63,9667.0,9658.2,9663.06,34.838948,2020,6,4
2020-06-04 13:09:00+00:00,9663.22,9663.9,9654.03,9658.27,31.743813,2020,6,4
2020-06-04 13:10:00+00:00,9658.96,9658.96,9654.99,9656.42,26.561138,2020,6,4
2020-06-04 13:11:00+00:00,9656.42,9662.57,9654.73,9659.92,34.190464,2020,6,4
2020-06-04 13:12:00+00:00,9659.93,9662.88,9658.31,9662.0,23.44954,2020,6,4
2020-06-04 13:13:00+00:00,9662.0,9662.88,9660.0,9661.0,22.808736,2020,6,4
2020-06-04 13:14:00+00:00,9661.0,9661.01,9644.55,9650.85,70.142402,2020,6,4
2020-06-04 13:15:00+00:00,9650.91,9659.17,9650.0,9658.54,22.568089,2020,6,4
2020-06-04 13:16:00+00:00,9658.53,9662.88,9651.38,9657.16,40.52146,2020,6,4
2020-06-04 13:17:00+00:00,9657.16,9661.73,9653.35,9658.11,21.716302,2020,6,4
2020-06-04 13:18:00+00:00,9658.0,9664.42,9657.01,9664.23,22.075555,2020,6,4
2020-06-04 13:19:00+00:00,9662.24,9684.44,9656.53,9674.56,152.935882,2020,6,4
2020-06-04 13:20:00+00:00,9674.56,9773.0,9673.92,9758.69,1116.580463,2020,6,4
2020-06-04 13:21:00+00:00,9762.04,9765.92,9732.32,9738.36,281.516306,2020,6,4
2020-06-04 13:22:00+00:00,9736.41,9758.0,9735.46,9742.34,171.704329,2020,6,4
2020-06-04 13:23:00+00:00,9742.34,9742.86,9728.38,9728.38,82.337463,2020,6,4
2020-06-04 13:24:00+00:00,9728.38,9744.67,9728.38,9734.33,88.003686,2020,6,4
2020-06-04 13:25:00+00:00,9734.65,9742.95,9731.03,9734.27,118.541213,2020,6,4
2020-06-04 13:26:00+00:00,9734.21,9734.63,9705.7,9722.44,144.19874,2020,6,4
2020-06-04 13:27:00+00:00,9721.25,9725.0,9715.91,9721.91,50.421136,2020,6,4
2020-06-04 13:28:00+00:00,9721.91,9727.95,9715.91,9724.08,56.346138,2020,6,4
2020-06-04 13:29:00+00:00,9724.08,9748.71,9724.06,9736.33,167.237087,2020,6,4
2020-06-04 13:30:00+00:00,9736.32,9765.0,9736.31,9748.61,282.743237,2020,6,4
2020-06-04 13:31:00+00:00,9748.51,9763.0,9747.48,9758.95,136.702958,2020,6,4
2020-06-04 13:32:00+00:00,9760.94,9763.0,9744.09,9748.32,79.391925,2020,6,4
2020-06-04 13:33:00+00:00,9749.45,9749.45,9734.46,9742.0,50.286954,2020,6,4
2020-06-04 13:34:00+00:00,9740.6,9747.95,9737.11,9742.64,49.503327,2020,6,4
2020-06-04 13:35:00+00:00,9742.02,9743.34,9730.61,9738.0,63.921357,2020,6,4
2020-06-04 13:36:00+00:00,9738.0,9740.49,9735.0,9740.03,49.026968,2020,6,4
2020-06-04 13:37:00+00:00,9740.48,9741.56,9727.0,9727.84,62.153264,2020,6,4
2020-06-04 13:38:00+00:00,9727.84,9730.0,9719.13,9726.29,101.36767,2020,6,4
2020-06-04 13:39:00+00:00,9726.28,9730.0,9723.04,9728.24,38.924988,2020,6,4
2020-06-04 13:40:00+00:00,9728.25,9745.0,9728.25,9737.31,68.123511,2020,6,4
2020-06-04 13:41:00+00:00,9737.47,9749.38,9733.03,9746.59,62.466372,2020,6,4
2020-06-04 13:42:00+00:00,9747.68,9748.27,9734.89,9745.63,31.796009,2020,6,4
2020-06-04 13:43:00+00:00,9745.0,9747.47,9738.21,9744.31,35.224243,2020,6,4
2020-06-04 13:44:00+00:00,9744.98,9758.66,9744.1,9758.66,166.555149,2020,6,4
2020-06-04 13:45:00+00:00,9758.38,9793.36,9757.92,9766.65,402.453491,2020,6,4
2020-06-04 13:46:00+00:00,9766.65,9783.0,9765.0,9772.58,175.252371,2020,6,4
2020-06-04 13:47:00+00:00,9772.58,9779.45,9765.53,9773.11,77.541675,2020,6,4
2020-06-04 13:48:00+00:00,9773.82,9774.17,9745.71,9754.46,89.909453,2020,6,4
2020-06-04 13:49:00+00:00,9754.92,9757.57,9738.0,9755.0,96.304248,2020,6,4
2020-06-04 13:50:00+00:00,9753.06,9757.24,9744.1,9752.38,64.149978,2020,6,4
2020-06-04 13:51:00+00:00,9753.68,9754.54,9738.0,9739.56,40.072524,2020,6,4
2020-06-04 13:52:00+00:00,9738.89,9761.15,9738.11,9746.6,58.469951,2020,6,4
2020-06-04 13:53:00+00:00,9747.27,9752.13,9741.71,9746.36,31.186156,2020,6,4
2020-06-04 13:54:00+00:00,9745.96,9753.21,9745.1,9747.97,28.317603,2020,6,4
2020-06-04 13:55:00+00:00,9747.97,9756.1,9747.97,9753.93,25.385689,2020,6,4
2020-06-04 13:56:00+00:00,9753.93,9756.07,9742.24,9744.24,64.210454,2020,6,4
2020-06-04 13:57:00+00:00,9744.65,9753.9,9740.75,9752.19,63.329029,2020,6,4
2020-06-04 13:58:00+00:00,9752.3,9755.15,9750.05,9751.57,32.877958,2020,6,4
2020-06-04 13:59:00+00:00,9752.0,9762.83,9752.0,9762.28,38.724981,2020,6,4
2020-06-04 14:00:00+00:00,9762.28,9777.0,9759.99,9775.01,297.364795,2020,6,4
2020-06-04 14:01:00+00:00,9775.0,9780.0,9765.0,9768.95,191.937637,2020,6,4
2020-06-04 14:02:00+00:00,9768.68,9770.95,9765.0,9765.83,46.478533,2020,6,4
2020-06-04 14:03:00+00:00,9766.24,9767.28,9750.45,9761.67,52.558578,2020,6,4
2020-06-04 14:04:00+00:00,9761.67,9764.49,9753.04,9754.7,36.993002,2020,6,4
2020-06-04 14:05:00+00:00,9754.22,9755.2,9744.33,9750.52,76.154039,2020,6,4
2020-06-04 14:06:00+00:00,9750.52,9751.37,9745.0,9751.36,46.935204,2020,6,4
2020-06-04 14:07:00+00:00,9751.36,9759.68,9746.96,9748.59,51.261325,2020,6,4
2020-06-04 14:08:00+00:00,9746.87,9753.21,9745.0,9746.48,20.581641,2020,6,4
2020-06-04 14:09:00+00:00,9745.64,9752.65,9743.25,9750.61,43.924649,2020,6,4
2020-06-04 14:10:00+00:00,9750.58,9759.98,9750.47,9758.17,58.301645,2020,6,4
2020-06-04 14:11:00+00:00,9758.17,9760.0,9743.54,9746.98,60.036444,2020,6,4
2020-06-04 14:12:00+00:00,9746.19,9749.19,9740.0,9745.38,55.801803,2020,6,4
2020-06-04 14:13:00+00:00,9746.13,9755.46,9745.99,9753.78,43.430951,2020,6,4
2020-06-04 14:14:00+00:00,9753.03,9754.91,9745.0,9745.4,41.762032,2020,6,4
2020-06-04 14:15:00+00:00,9745.52,9754.35,9745.0,9751.22,43.997029,2020,6,4
2020-06-04 14:16:00+00:00,9753.07,9754.99,9745.84,9749.2,61.67278,2020,6,4
2020-06-04 14:17:00+00:00,9749.21,9753.12,9749.2,9752.99,26.122934,2020,6,4
2020-06-04 14:18:00+00:00,9752.89,9754.65,9747.17,9751.41,50.21587,2020,6,4
2020-06-04 14:19:00+00:00,9751.42,9752.25,9745.01,9747.38,49.337527,2020,6,4
2020-06-04 14:20:00+00:00,9747.15,9753.66,9745.0,9745.33,44.594214,2020,6,4
2020-06-04 14:21:00+00:00,9745.33,9749.75,9745.0,9746.27,35.604083,2020,6,4
2020-06-04 14:22:00+00:00,9746.82,9746.82,9733.08,9745.83,86.804313,2020,6,4
2020-06-04 14:23:00+00:00,9745.43,9762.98,9743.0,9760.42,187.412638,2020,6,4
2020-06-04 14:24:00+00:00,9760.6,9767.68,9755.0,9762.17,73.15793,2020,6,4
2020-06-04 14:25:00+00:00,9762.18,9763.2,9755.1,9757.72,20.948188,2020,6,4
2020-06-04 14:26:00+00:00,9757.74,9759.11,9750.75,9758.13,26.490227,2020,6,4
2020-06-04 14:27:00+00:00,9758.12,9758.59,9748.0,9748.01,22.711176,2020,6,4
2020-06-04 14:28:00+00:00,9748.38,9748.38,9738.38,9741.21,42.76639,2020,6,4
2020-06-04 14:29:00+00:00,9740.86,9744.24,9735.02,9737.18,35.760739,2020,6,4
2020-06-04 14:30:00+00:00,9737.21,9744.24,9735.44,9742.13,45.503067,2020,6,4
2020-06-04 14:31:00+00:00,9740.09,9747.65,9740.01,9743.51,21.583891,2020,6,4
2020-06-04 14:32:00+00:00,9743.52,9746.97,9741.1,9744.07,23.567429,2020,6,4
2020-06-04 14:33:00+00:00,9744.07,9748.42,9743.16,9747.09,16.000698,2020,6,4
2020-06-04 14:34:00+00:00,9747.1,9747.33,9745.0,9745.0,27.254513,2020,6,4
2020-06-04 14:35:00+00:00,9745.0,9745.49,9726.55,9734.11,128.802016,2020,6,4
2020-06-04 14:36:00+00:00,9734.1,9735.22,9727.1,9731.39,63.301471,2020,6,4
2020-06-04 14:37:00+00:00,9731.38,9731.91,9725.0,9731.87,35.420798,2020,6,4
2020-06-04 14:38:00+00:00,9730.28,9739.82,9729.08,9738.44,51.016997,2020,6,4
2020-06-04 14:39:00+00:00,9738.47,9746.03,9735.07,9743.78,52.575532,2020,6,4
2020-06-04 14:40:00+00:00,9743.87,9745.0,9735.03,9740.04,29.48378,2020,6,4
2020-06-04 14:41:00+00:00,9740.04,9744.0,9738.85,9742.85,40.933398,2020,6,4
2020-06-04 14:42:00+00:00,9742.83,9747.33,9741.61,9744.35,40.9066,2020,6,4
2020-06-04 14:43:00+00:00,9744.34,9745.65,9717.1,9728.01,146.363585,2020,6,4
2020-06-04 14:44:00+00:00,9728.01,9739.9,9725.19,9739.02,37.793325,2020,6,4
2020-06-04 14:45:00+00:00,9739.09,9751.48,9737.09,9747.34,76.751859,2020,6,4
2020-06-04 14:46:00+00:00,9746.8,9748.48,9738.98,9742.85,54.471905,2020,6,4
2020-06-04 14:47:00+00:00,9742.25,9744.81,9734.77,9744.29,26.221771,2020,6,4
2020-06-04 14:48:00+00:00,9744.29,9745.77,9740.78,9745.62,38.388382,2020,6,4
2020-06-04 14:49:00+00:00,9745.49,9748.47,9745.39,9747.93,28.074392,2020,6,4
2020-06-04 14:50:00+00:00,9747.62,9747.99,9740.1,9742.11,31.008811,2020,6,4
2020-06-04 14:51:00+00:00,9741.74,9744.9,9736.27,9743.17,90.713097,2020,6,4
2020-06-04 14:52:00+00:00,9743.17,9746.27,9739.99,9741.78,45.163595,2020,6,4
2020-06-04 14:53:00+00:00,9741.77,9758.75,9740.7,9754.98,100.922939,2020,6,4
2020-06-04 14:54:00+00:00,9754.98,9757.97,9747.43,9748.21,66.648433,2020,6,4
2020-06-04 14:55:00+00:00,9748.22,9750.16,9746.5,9746.99,32.672344,2020,6,4
2020-06-04 14:56:00+00:00,9746.99,9755.52,9746.99,9751.07,79.052185,2020,6,4
2020-06-04 14:57:00+00:00,9750.63,9752.49,9743.02,9745.14,28.646344,2020,6,4
2020-06-04 14:58:00+00:00,9746.26,9750.55,9744.8,9750.52,14.149163,2020,6,4
2020-06-04 14:59:00+00:00,9750.0,9750.01,9744.38,9746.63,24.100761,2020,6,4
2020-06-04 15:00:00+00:00,9746.46,9756.82,9742.85,9750.33,73.127552,2020,6,4
2020-06-04 15:01:00+00:00,9750.32,9755.0,9748.54,9748.54,32.924798,2020,6,4
2020-06-04 15:02:00+00:00,9748.8,9757.14,9747.74,9751.7,50.357783,2020,6,4
2020-06-04 15:03:00+00:00,9751.69,9762.92,9750.99,9760.96,91.527871,2020,6,4
2020-06-04 15:04:00+00:00,9761.43,9767.93,9759.0,9765.84,81.418187,2020,6,4
2020-06-04 15:05:00+00:00,9765.96,9767.87,9759.27,9762.23,32.338303,2020,6,4
2020-06-04 15:06:00+00:00,9761.1,9764.5,9756.8,9758.55,24.167935,2020,6,4
2020-06-04 15:07:00+00:00,9758.99,9765.0,9756.0,9763.37,22.115299,2020,6,4
2020-06-04 15:08:00+00:00,9763.37,9764.08,9723.0,9726.7,134.279571,2020,6,4
2020-06-04 15:09:00+00:00,9726.71,9745.77,9725.44,9740.3,59.914892,2020,6,4
2020-06-04 15:10:00+00:00,9741.01,9747.28,9735.3,9736.98,25.577999,2020,6,4
2020-06-04 15:11:00+00:00,9736.38,9740.41,9735.03,9735.59,23.775281,2020,6,4
2020-06-04 15:12:00+00:00,9736.99,9739.96,9729.96,9739.95,38.210406,2020,6,4
2020-06-04 15:13:00+00:00,9739.96,9741.84,9733.71,9740.92,33.742639,2020,6,4
2020-06-04 15:14:00+00:00,9740.97,9741.5,9726.67,9737.69,68.633804,2020,6,4
2020-06-04 15:15:00+00:00,9737.68,9740.17,9733.67,9737.9,29.577196,2020,6,4
2020-06-04 15:16:00+00:00,9738.4,9738.42,9720.47,9731.3,82.763017,2020,6,4
2020-06-04 15:17:00+00:00,9731.3,9739.53,9727.21,9736.2,42.815573,2020,6,4
2020-06-04 15:18:00+00:00,9736.21,9738.42,9731.31,9737.18,24.399081,2020,6,4
2020-06-04 15:19:00+00:00,9737.19,9743.38,9737.19,9741.66,25.457779,2020,6,4
2020-06-04 15:20:00+00:00,9741.66,9747.5,9741.0,9746.79,34.697897,2020,6,4
2020-06-04 15:21:00+00:00,9746.79,9750.0,9743.57,9747.08,43.402352,2020,6,4
2020-06-04 15:22:00+00:00,9747.37,9749.0,9744.08,9746.9,32.052289,2020,6,4
2020-06-04 15:23:00+00:00,9746.9,9747.45,9743.96,9746.57,26.502763,2020,6,4
2020-06-04 15:24:00+00:00,9746.44,9750.0,9740.0,9747.64,116.305909,2020,6,4
2020-06-04 15:25:00+00:00,9747.64,9750.27,9742.75,9747.64,32.705764,2020,6,4
2020-06-04 15:26:00+00:00,9747.64,9749.92,9742.5,9749.1,17.286118,2020,6,4
2020-06-04 15:27:00+00:00,9748.9,9752.0,9747.81,9750.66,26.092271,2020,6,4
2020-06-04 15:28:00+00:00,9750.85,9756.33,9749.6,9756.33,25.609468,2020,6,4
2020-06-04 15:29:00+00:00,9756.32,9757.4,9752.01,9755.0,24.987798,2020,6,4
2020-06-04 15:30:00+00:00,9754.99,9767.2,9754.99,9763.94,50.276193,2020,6,4
2020-06-04 15:31:00+00:00,9763.94,9764.5,9756.07,9761.09,53.765145,2020,6,4
2020-06-04 15:32:00+00:00,9761.09,9761.09,9755.08,9756.73,53.017262,2020,6,4
2020-06-04 15:33:00+00:00,9756.08,9756.68,9750.49,9752.04,32.31046,2020,6,4
2020-06-04 15:34:00+00:00,9752.04,9753.68,9750.54,9752.98,20.819106,2020,6,4
2020-06-04 15:35:00+00:00,9752.74,9753.0,9745.09,9745.09,35.764213,2020,6,4
2020-06-04 15:36:00+00:00,9745.09,9750.0,9743.72,9748.87,16.270822,2020,6,4
2020-06-04 15:37:00+00:00,9748.86,9760.0,9747.02,9755.96,49.376175,2020,6,4
2020-06-04 15:38:00+00:00,9755.32,9763.87,9755.32,9761.56,44.444699,2020,6,4
2020-06-04 15:39:00+00:00,9761.86,9762.99,9755.59,9757.81,28.300873,2020,6,4
2020-06-04 15:40:00+00:00,9757.66,9763.87,9757.15,9757.7,26.542213,2020,6,4
2020-06-04 15:41:00+00:00,9757.7,9764.04,9756.58,9762.46,21.359494,2020,6,4
2020-06-04 15:42:00+00:00,9762.46,9762.46,9750.55,9754.25,31.244433,2020,6,4
2020-06-04 15:43:00+00:00,9754.25,9760.0,9754.25,9759.2,9.178321,2020,6,4
2020-06-04 15:44:00+00:00,9759.21,9763.86,9759.2,9762.6,27.541703,2020,6,4
2020-06-04 15:45:00+00:00,9762.6,9768.0,9756.55,9762.0,76.555376,2020,6,4
2020-06-04 15:46:00+00:00,9762.0,9762.89,9755.94,9761.2,22.150335,2020,6,4
2020-06-04 15:47:00+00:00,9761.2,9765.0,9757.01,9759.33,34.347755,2020,6,4
2020-06-04 15:48:00+00:00,9760.28,9761.25,9757.55,9758.95,12.493592,2020,6,4
2020-06-04 15:49:00+00:00,9758.56,9758.91,9747.33,9747.34,28.091431,2020,6,4
2020-06-04 15:50:00+00:00,9747.8,9751.86,9746.01,9751.86,16.528252,2020,6,4
2020-06-04 15:51:00+00:00,9751.86,9759.78,9751.69,9758.65,17.55418,2020,6,4
2020-06-04 15:52:00+00:00,9758.44,9765.27,9755.59,9765.27,29.658884,2020,6,4
2020-06-04 15:53:00+00:00,9765.1,9766.79,9762.49,9762.71,22.244149,2020,6,4
2020-06-04 15:54:00+00:00,9762.71,9775.0,9762.66,9775.0,59.969619,2020,6,4
2020-06-04 15:55:00+00:00,9774.99,9777.0,9773.76,9776.2,42.661465,2020,6,4
2020-06-04 15:56:00+00:00,9775.75,9778.47,9769.34,9777.46,62.609224,2020,6,4
2020-06-04 15:57:00+00:00,9777.54,9778.94,9773.62,9777.45,32.918527,2020,6,4
2020-06-04 15:58:00+00:00,9777.49,9840.79,9777.0,9819.24,948.274354,2020,6,4
2020-06-04 15:59:00+00:00,9819.24,9837.01,9817.34,9829.39,225.766068,2020,6,4
2020-06-04 16:00:00+00:00,9829.4,9856.56,9799.48,9799.48,456.632417,2020,6,4
2020-06-04 16:01:00+00:00,9799.93,9800.0,9770.11,9771.93,250.604837,2020,6,4
2020-06-04 16:02:00+00:00,9772.77,9798.5,9771.43,9782.0,78.332397,2020,6,4
2020-06-04 16:03:00+00:00,9782.0,9793.01,9752.13,9762.27,122.075661,2020,6,4
2020-06-04 16:04:00+00:00,9764.3,9780.78,9760.99,9772.51,47.404655,2020,6,4
2020-06-04 16:05:00+00:00,9770.98,9784.86,9762.73,9775.01,100.645858,2020,6,4
2020-06-04 16:06:00+00:00,9775.01,9787.19,9771.51,9786.59,34.581067,2020,6,4
2020-06-04 16:07:00+00:00,9786.67,9799.0,9779.85,9792.13,69.281044,2020,6,4
2020-06-04 16:08:00+00:00,9793.67,9799.96,9784.1,9797.96,55.391091,2020,6,4
2020-06-04 16:09:00+00:00,9797.97,9797.98,9784.34,9784.34,67.57678,2020,6,4
2020-06-04 16:10:00+00:00,9784.22,9794.0,9782.76,9789.05,47.898753,2020,6,4
2020-06-04 16:11:00+00:00,9788.65,9794.99,9783.0,9783.99,43.886788,2020,6,4
2020-06-04 16:12:00+00:00,9783.99,9789.09,9780.55,9785.74,23.295908,2020,6,4
2020-06-04 16:13:00+00:00,9785.17,9790.02,9774.06,9777.1,45.535965,2020,6,4
2020-06-04 16:14:00+00:00,9777.11,9784.96,9777.1,9778.95,22.243155,2020,6,4
2020-06-04 16:15:00+00:00,9779.04,9783.3,9773.63,9778.81,45.458369,2020,6,4
2020-06-04 16:16:00+00:00,9778.81,9778.93,9772.76,9777.57,22.989381,2020,6,4
2020-06-04 16:17:00+00:00,9777.57,9781.0,9770.0,9780.81,47.54288,2020,6,4
2020-06-04 16:18:00+00:00,9780.82,9797.39,9775.58,9796.86,48.143621,2020,6,4
2020-06-04 16:19:00+00:00,9797.34,9799.0,9786.89,9793.7,57.546636,2020,6,4
2020-06-04 16:20:00+00:00,9793.71,9795.0,9788.55,9793.24,33.908628,2020,6,4
2020-06-04 16:21:00+00:00,9793.5,9794.72,9788.04,9788.76,35.732679,2020,6,4
2020-06-04 16:22:00+00:00,9788.76,9791.93,9785.77,9789.42,30.925356,2020,6,4
2020-06-04 16:23:00+00:00,9789.65,9807.16,9788.68,9804.26,129.170859,2020,6,4
2020-06-04 16:24:00+00:00,9805.48,9805.59,9792.97,9802.9,32.334142,2020,6,4
2020-06-04 16:25:00+00:00,9802.91,9804.1,9797.0,9798.59,27.922797,2020,6,4
2020-06-04 16:26:00+00:00,9798.6,9809.9,9798.59,9803.55,74.323434,2020,6,4
2020-06-04 16:27:00+00:00,9803.55,9804.17,9794.45,9795.95,49.702548,2020,6,4
2020-06-04 16:28:00+00:00,9796.17,9799.14,9794.63,9795.48,15.686581,2020,6,4
2020-06-04 16:29:00+00:00,9796.53,9797.03,9785.0,9794.6,29.709236,2020,6,4
2020-06-04 16:30:00+00:00,9794.86,9796.56,9790.09,9792.0,33.136159,2020,6,4
2020-06-04 16:31:00+00:00,9791.83,9794.97,9786.92,9788.71,15.826025,2020,6,4
2020-06-04 16:32:00+00:00,9789.18,9795.0,9788.35,9794.0,16.705854,2020,6,4
2020-06-04 16:33:00+00:00,9793.99,9794.0,9788.0,9793.99,22.937434,2020,6,4
2020-06-04 16:34:00+00:00,9793.99,9794.0,9785.0,9785.45,20.184879,2020,6,4
2020-06-04 16:35:00+00:00,9785.16,9789.97,9785.09,9789.47,21.824154,2020,6,4
2020-06-04 16:36:00+00:00,9788.92,9791.0,9786.0,9787.37,15.039868,2020,6,4
2020-06-04 16:37:00+00:00,9787.24,9795.0,9787.0,9794.85,21.999768,2020,6,4
2020-06-04 16:38:00+00:00,9794.84,9797.9,9794.53,9794.86,19.618917,2020,6,4
2020-06-04 16:39:00+00:00,9794.85,9796.52,9793.01,9794.01,20.247301,2020,6,4
2020-06-04 16:40:00+00:00,9794.01,9798.0,9793.33,9798.0,18.757982,2020,6,4
2020-06-04 16:41:00+00:00,9798.0,9800.0,9795.65,9799.95,25.083693,2020,6,4
2020-06-04 16:42:00+00:00,9799.52,9800.0,9794.55,9795.67,14.951934,2020,6,4
2020-06-04 16:43:00+00:00,9795.65,9799.0,9793.99,9794.0,28.022607,2020,6,4
2020-06-04 16:44:00+00:00,9793.99,9794.0,9771.42,9775.09,72.255332,2020,6,4
2020-06-04 16:45:00+00:00,9775.1,9782.83,9772.76,9782.0,25.621077,2020,6,4
2020-06-04 16:46:00+00:00,9782.0,9782.01,9774.61,9777.15,57.787457,2020,6,4
2020-06-04 16:47:00+00:00,9776.21,9780.85,9774.26,9777.32,37.560449,2020,6,4
2020-06-04 16:48:00+00:00,9777.31,9777.31,9770.65,9775.29,46.645881,2020,6,4
2020-06-04 16:49:00+00:00,9775.29,9778.92,9773.0,9774.26,22.291262,2020,6,4
2020-06-04 16:50:00+00:00,9774.91,9778.9,9770.97,9777.1,39.711979,2020,6,4
2020-06-04 16:51:00+00:00,9777.49,9782.83,9777.49,9782.83,40.990241,2020,6,4
2020-06-04 16:52:00+00:00,9782.83,9786.83,9775.03,9781.16,88.233498,2020,6,4
2020-06-04 16:53:00+00:00,9779.94,9782.44,9776.61,9776.8,27.757517,2020,6,4
2020-06-04 16:54:00+00:00,9776.8,9780.0,9776.79,9778.65,5.433033,2020,6,4
2020-06-04 16:55:00+00:00,9778.64,9780.98,9777.12,9777.45,15.230064,2020,6,4
2020-06-04 16:56:00+00:00,9777.45,9777.45,9762.86,9770.75,65.06061,2020,6,4
2020-06-04 16:57:00+00:00,9770.72,9778.11,9766.74,9774.75,33.079974,2020,6,4
2020-06-04 16:58:00+00:00,9774.27,9774.27,9766.09,9771.3,22.645757,2020,6,4
2020-06-04 16:59:00+00:00,9770.82,9774.2,9770.0,9770.31,17.296533,2020,6,4
2020-06-04 17:00:00+00:00,9770.58,9780.0,9770.31,9779.43,26.022767,2020,6,4
2020-06-04 17:01:00+00:00,9779.42,9782.4,9775.5,9781.91,63.561725,2020,6,4
2020-06-04 17:02:00+00:00,9781.91,9782.71,9779.01,9779.8,15.506216,2020,6,4
2020-06-04 17:03:00+00:00,9779.81,9780.0,9775.21,9775.58,11.002588,2020,6,4
2020-06-04 17:04:00+00:00,9775.68,9785.0,9775.57,9784.35,22.979219,2020,6,4
2020-06-04 17:05:00+00:00,9784.49,9793.3,9783.36,9788.32,44.888282,2020,6,4
2020-06-04 17:06:00+00:00,9788.62,9792.99,9788.62,9790.0,18.299398,2020,6,4
2020-06-04 17:07:00+00:00,9790.0,9792.24,9783.59,9788.66,22.115022,2020,6,4
2020-06-04 17:08:00+00:00,9788.66,9795.0,9787.99,9794.99,16.407638,2020,6,4
2020-06-04 17:09:00+00:00,9794.99,9796.99,9782.21,9785.31,34.438379,2020,6,4
2020-06-04 17:10:00+00:00,9785.31,9794.1,9785.31,9788.03,29.28369,2020,6,4
2020-06-04 17:11:00+00:00,9788.03,9789.0,9785.36,9785.63,19.421901,2020,6,4
2020-06-04 17:12:00+00:00,9785.64,9788.69,9785.0,9786.0,11.292123,2020,6,4
2020-06-04 17:13:00+00:00,9786.0,9786.3,9780.0,9783.84,34.069286,2020,6,4
2020-06-04 17:14:00+00:00,9783.91,9788.59,9781.33,9787.44,11.548487,2020,6,4
2020-06-04 17:15:00+00:00,9786.49,9786.49,9780.42,9784.99,24.098247,2020,6,4
2020-06-04 17:16:00+00:00,9784.99,9785.47,9780.01,9781.39,14.61016,2020,6,4
2020-06-04 17:17:00+00:00,9780.68,9791.05,9780.68,9784.87,130.597831,2020,6,4
2020-06-04 17:18:00+00:00,9784.87,9788.34,9778.5,9778.75,59.907549,2020,6,4
2020-06-04 17:19:00+00:00,9778.81,9781.78,9776.01,9780.05,27.368527,2020,6,4
2020-06-04 17:20:00+00:00,9780.05,9783.8,9777.82,9779.48,20.476814,2020,6,4
2020-06-04 17:21:00+00:00,9779.47,9782.83,9778.43,9779.34,35.667945,2020,6,4
2020-06-04 17:22:00+00:00,9779.46,9782.0,9776.14,9782.0,16.317733,2020,6,4
2020-06-04 17:23:00+00:00,9781.56,9783.12,9777.58,9779.68,16.262513,2020,6,4
2020-06-04 17:24:00+00:00,9779.67,9782.0,9777.73,9781.93,26.393865,2020,6,4
2020-06-04 17:25:00+00:00,9781.93,9786.48,9779.69,9781.18,15.201197,2020,6,4
2020-06-04 17:26:00+00:00,9780.84,9787.53,9779.15,9783.45,14.874815,2020,6,4
2020-06-04 17:27:00+00:00,9783.45,9786.67,9780.0,9783.9,30.106302,2020,6,4
2020-06-04 17:28:00+00:00,9783.91,9783.92,9780.0,9783.85,10.308016,2020,6,4
2020-06-04 17:29:00+00:00,9783.85,9785.85,9781.53,9785.25,16.245064,2020,6,4
2020-06-04 17:30:00+00:00,9785.25,9785.26,9775.0,9782.0,79.920687,2020,6,4
2020-06-04 17:31:00+00:00,9781.75,9785.76,9779.19,9785.03,73.11521,2020,6,4
2020-06-04 17:32:00+00:00,9785.03,9785.04,9780.02,9784.72,21.503389,2020,6,4
2020-06-04 17:33:00+00:00,9784.97,9786.31,9781.87,9785.29,11.550249,2020,6,4
2020-06-04 17:34:00+00:00,9785.29,9791.05,9784.0,9790.3,22.965451,2020,6,4
2020-06-04 17:35:00+00:00,9790.3,9791.04,9784.99,9788.19,29.956121,2020,6,4
2020-06-04 17:36:00+00:00,9788.04,9790.88,9786.46,9790.0,55.359956,2020,6,4
2020-06-04 17:37:00+00:00,9790.0,9790.87,9786.56,9789.56,19.419907,2020,6,4
2020-06-04 17:38:00+00:00,9789.56,9790.01,9786.11,9790.0,21.560873,2020,6,4
2020-06-04 17:39:00+00:00,9790.0,9790.01,9785.0,9790.0,22.863158,2020,6,4
2020-06-04 17:40:00+00:00,9790.0,9818.21,9790.0,9811.67,304.98828,2020,6,4
2020-06-04 17:41:00+00:00,9811.66,9811.66,9807.16,9807.72,18.890202,2020,6,4
2020-06-04 17:42:00+00:00,9808.01,9816.35,9807.16,9810.99,36.798814,2020,6,4
2020-06-04 17:43:00+00:00,9810.98,9821.35,9809.5,9820.85,46.48084,2020,6,4
2020-06-04 17:44:00+00:00,9820.01,9821.37,9802.99,9807.47,129.952964,2020,6,4
2020-06-04 17:45:00+00:00,9807.74,9817.0,9807.44,9814.62,21.813556,2020,6,4
2020-06-04 17:46:00+00:00,9814.62,9816.01,9804.8,9809.47,57.443749,2020,6,4
2020-06-04 17:47:00+00:00,9809.47,9812.02,9806.0,9806.98,22.144641,2020,6,4
2020-06-04 17:48:00+00:00,9806.98,9813.71,9806.0,9811.64,20.419448,2020,6,4
2020-06-04 17:49:00+00:00,9811.64,9816.48,9806.72,9806.72,52.254651,2020,6,4
2020-06-04 17:50:00+00:00,9806.73,9810.93,9806.51,9810.53,26.087489,2020,6,4
2020-06-04 17:51:00+00:00,9811.0,9812.78,9809.52,9810.57,8.151997,2020,6,4
2020-06-04 17:52:00+00:00,9810.78,9813.88,9808.0,9813.87,14.091947,2020,6,4
2020-06-04 17:53:00+00:00,9813.87,9823.25,9810.36,9820.0,31.793318,2020,6,4
2020-06-04 17:54:00+00:00,9820.0,9823.41,9815.0,9819.47,22.063901,2020,6,4
2020-06-04 17:55:00+00:00,9819.48,9823.46,9816.4,9818.14,27.311977,2020,6,4
2020-06-04 17:56:00+00:00,9818.68,9826.08,9818.5,9821.99,34.046128,2020,6,4
2020-06-04 17:57:00+00:00,9821.99,9822.92,9819.0,9819.01,22.514652,2020,6,4
2020-06-04 17:58:00+00:00,9819.01,9821.33,9818.92,9820.4,15.276572,2020,6,4
2020-06-04 17:59:00+00:00,9820.73,9820.73,9814.52,9818.95,33.803442,2020,6,4
2020-06-04 18:00:00+00:00,9818.95,9859.48,9818.95,9835.0,246.331186,2020,6,4
2020-06-04 18:01:00+00:00,9834.74,9844.46,9830.0,9842.96,73.905955,2020,6,4
2020-06-04 18:02:00+00:00,9842.97,9844.2,9826.02,9834.53,66.613054,2020,6,4
2020-06-04 18:03:00+00:00,9833.51,9835.02,9833.0,9833.26,17.881005,2020,6,4
2020-06-04 18:04:00+00:00,9833.25,9843.99,9830.02,9841.11,31.686875,2020,6,4
2020-06-04 18:05:00+00:00,9841.12,9881.63,9841.11,9870.1,237.76466,2020,6,4
2020-06-04 18:06:00+00:00,9870.1,9880.47,9841.53,9845.56,176.128733,2020,6,4
2020-06-04 18:07:00+00:00,9845.56,9872.12,9842.29,9855.05,77.402464,2020,6,4
2020-06-04 18:08:00+00:00,9855.05,9864.29,9852.39,9863.57,146.061508,2020,6,4
2020-06-04 18:09:00+00:00,9861.23,9864.57,9858.14,9859.04,44.425779,2020,6,4
2020-06-04 18:10:00+00:00,9859.04,9865.57,9850.0,9852.66,65.776175,2020,6,4
2020-06-04 18:11:00+00:00,9852.3,9853.8,9841.54,9846.18,54.405833,2020,6,4
2020-06-04 18:12:00+00:00,9845.86,9857.12,9845.0,9850.32,42.185169,2020,6,4
2020-06-04 18:13:00+00:00,9850.44,9872.5,9850.0,9867.04,58.979522,2020,6,4
2020-06-04 18:14:00+00:00,9867.03,9867.03,9857.9,9862.13,70.155125,2020,6,4
2020-06-04 18:15:00+00:00,9862.41,9872.95,9862.41,9872.35,61.216391,2020,6,4
2020-06-04 18:16:00+00:00,9872.35,9873.36,9855.1,9862.48,80.512689,2020,6,4
2020-06-04 18:17:00+00:00,9861.7,9867.46,9831.31,9840.59,139.724551,2020,6,4
2020-06-04 18:18:00+00:00,9840.59,9853.06,9835.5,9839.99,151.02027,2020,6,4
2020-06-04 18:19:00+00:00,9839.99,9858.31,9839.99,9855.2,51.051032,2020,6,4
2020-06-04 18:20:00+00:00,9854.09,9856.66,9846.84,9854.05,61.918528,2020,6,4
2020-06-04 18:21:00+00:00,9854.05,9854.05,9842.13,9842.97,50.298031,2020,6,4
2020-06-04 18:22:00+00:00,9842.97,9845.98,9840.42,9840.6,31.251072,2020,6,4
2020-06-04 18:23:00+00:00,9840.72,9847.45,9840.18,9841.05,40.573911,2020,6,4
2020-06-04 18:24:00+00:00,9841.05,9847.34,9840.65,9846.0,38.81554,2020,6,4
2020-06-04 18:25:00+00:00,9846.0,9846.0,9831.97,9834.04,69.894996,2020,6,4
2020-06-04 18:26:00+00:00,9834.04,9840.0,9834.01,9835.0,25.786937,2020,6,4
2020-06-04 18:27:00+00:00,9835.0,9839.05,9829.74,9832.52,30.388161,2020,6,4
2020-06-04 18:28:00+00:00,9832.51,9842.46,9827.0,9833.01,78.347849,2020,6,4
2020-06-04 18:29:00+00:00,9833.01,9833.87,9788.62,9810.5,301.976662,2020,6,4
2020-06-04 18:30:00+00:00,9810.11,9821.98,9807.99,9810.0,71.029337,2020,6,4
2020-06-04 18:31:00+00:00,9810.01,9819.0,9807.57,9815.94,123.968973,2020,6,4
2020-06-04 18:32:00+00:00,9815.9,9820.0,9812.82,9815.14,32.256612,2020,6,4
2020-06-04 18:33:00+00:00,9814.27,9827.21,9809.14,9819.9,53.38358,2020,6,4
2020-06-04 18:34:00+00:00,9820.01,9825.99,9819.71,9822.9,32.650072,2020,6,4
2020-06-04 18:35:00+00:00,9822.9,9825.87,9820.0,9821.6,29.975968,2020,6,4
2020-06-04 18:36:00+00:00,9822.74,9825.0,9820.28,9825.0,9.671481,2020,6,4
2020-06-04 18:37:00+00:00,9824.99,9839.6,9824.26,9836.45,38.324185,2020,6,4
2020-06-04 18:38:00+00:00,9836.45,9838.83,9833.25,9833.74,36.045908,2020,6,4
2020-06-04 18:39:00+00:00,9834.03,9834.87,9823.94,9832.01,38.063543,2020,6,4
2020-06-04 18:40:00+00:00,9832.01,9834.14,9829.0,9829.03,11.812232,2020,6,4
2020-06-04 18:41:00+00:00,9829.03,9829.81,9815.72,9815.72,41.857039,2020,6,4
2020-06-04 18:42:00+00:00,9815.73,9825.01,9813.0,9824.25,38.533189,2020,6,4
2020-06-04 18:43:00+00:00,9824.25,9826.14,9815.04,9816.01,13.429053,2020,6,4
2020-06-04 18:44:00+00:00,9816.01,9822.42,9815.0,9819.95,16.760039,2020,6,4
2020-06-04 18:45:00+00:00,9819.94,9829.23,9819.05,9825.33,23.61582,2020,6,4
2020-06-04 18:46:00+00:00,9825.39,9827.5,9820.0,9820.02,13.653419,2020,6,4
2020-06-04 18:47:00+00:00,9820.02,9826.1,9820.0,9825.4,7.633029,2020,6,4
2020-06-04 18:48:00+00:00,9825.18,9826.43,9816.37,9818.18,39.091743,2020,6,4
2020-06-04 18:49:00+00:00,9818.18,9820.09,9816.3,9817.31,12.805639,2020,6,4
2020-06-04 18:50:00+00:00,9817.52,9829.98,9816.83,9828.05,43.62902,2020,6,4
2020-06-04 18:51:00+00:00,9828.04,9830.0,9821.45,9822.99,11.132601,2020,6,4
2020-06-04 18:52:00+00:00,9823.12,9830.0,9822.68,9829.66,14.54329,2020,6,4
2020-06-04 18:53:00+00:00,9829.66,9829.99,9823.12,9823.44,7.506653,2020,6,4
2020-06-04 18:54:00+00:00,9823.44,9828.99,9823.29,9824.58,8.18935,2020,6,4
2020-06-04 18:55:00+00:00,9824.57,9825.0,9820.49,9824.75,8.43161,2020,6,4
2020-06-04 18:56:00+00:00,9824.78,9825.0,9820.26,9820.27,16.568308,2020,6,4
2020-06-04 18:57:00+00:00,9820.27,9820.27,9814.0,9814.91,32.49948,2020,6,4
2020-06-04 18:58:00+00:00,9814.91,9819.41,9725.0,9762.95,545.134701,2020,6,4
2020-06-04 18:59:00+00:00,9762.94,9781.07,9750.58,9762.71,177.100175,2020,6,4
2020-06-04 19:00:00+00:00,9764.72,9779.51,9759.24,9774.3,43.67681,2020,6,4
2020-06-04 19:01:00+00:00,9775.75,9785.14,9775.13,9777.31,34.942879,2020,6,4
2020-06-04 19:02:00+00:00,9777.31,9785.87,9771.57,9782.74,37.526339,2020,6,4
2020-06-04 19:03:00+00:00,9782.45,9786.99,9781.27,9783.87,41.744578,2020,6,4
2020-06-04 19:04:00+00:00,9783.87,9784.99,9775.96,9777.18,33.354606,2020,6,4
2020-06-04 19:05:00+00:00,9778.97,9787.99,9778.97,9783.01,27.47401,2020,6,4
2020-06-04 19:06:00+00:00,9783.86,9785.38,9779.4,9781.06,13.888655,2020,6,4
2020-06-04 19:07:00+00:00,9781.05,9782.94,9770.0,9771.11,23.874681,2020,6,4
2020-06-04 19:08:00+00:00,9771.1,9782.01,9771.1,9779.0,42.458095,2020,6,4
2020-06-04 19:09:00+00:00,9779.95,9783.92,9778.99,9781.87,15.838417,2020,6,4
2020-06-04 19:10:00+00:00,9781.88,9783.89,9777.11,9780.09,19.387626,2020,6,4
2020-06-04 19:11:00+00:00,9780.65,9781.6,9769.85,9774.83,36.964068,2020,6,4
2020-06-04 19:12:00+00:00,9774.98,9783.8,9760.86,9781.07,52.665972,2020,6,4
2020-06-04 19:13:00+00:00,9781.08,9790.72,9780.84,9787.58,41.26199,2020,6,4
2020-06-04 19:14:00+00:00,9787.53,9793.22,9782.27,9783.36,45.753642,2020,6,4
2020-06-04 19:15:00+00:00,9783.36,9787.39,9775.92,9783.36,29.836469,2020,6,4
2020-06-04 19:16:00+00:00,9783.36,9789.33,9781.12,9784.3,14.384388,2020,6,4
2020-06-04 19:17:00+00:00,9784.3,9786.27,9778.38,9785.0,13.806179,2020,6,4
2020-06-04 19:18:00+00:00,9785.0,9787.45,9779.43,9787.1,16.728839,2020,6,4
2020-06-04 19:19:00+00:00,9787.18,9797.28,9786.28,9796.19,26.26193,2020,6,4
2020-06-04 19:20:00+00:00,9796.19,9799.06,9785.17,9792.43,72.404234,2020,6,4
2020-06-04 19:21:00+00:00,9791.32,9795.98,9785.02,9785.96,14.165949,2020,6,4
2020-06-04 19:22:00+00:00,9785.97,9798.78,9785.97,9797.16,21.414465,2020,6,4
2020-06-04 19:23:00+00:00,9796.6,9798.99,9788.06,9788.06,31.920734,2020,6,4
2020-06-04 19:24:00+00:00,9787.94,9791.83,9780.16,9787.11,25.893941,2020,6,4
2020-06-04 19:25:00+00:00,9787.53,9791.26,9786.07,9788.05,9.503583,2020,6,4
2020-06-04 19:26:00+00:00,9787.93,9792.56,9786.56,9789.44,15.841944,2020,6,4
2020-06-04 19:27:00+00:00,9789.44,9793.4,9789.44,9791.39,4.047825,2020,6,4
2020-06-04 19:28:00+00:00,9791.39,9791.4,9783.21,9786.53,9.096801,2020,6,4
2020-06-04 19:29:00+00:00,9786.46,9792.79,9784.74,9787.14,38.686181,2020,6,4
2020-06-04 19:30:00+00:00,9787.14,9794.61,9786.41,9790.08,19.310916,2020,6,4
2020-06-04 19:31:00+00:00,9789.63,9790.36,9781.68,9788.51,13.566299,2020,6,4
2020-06-04 19:32:00+00:00,9788.84,9789.12,9777.73,9788.45,17.925285,2020,6,4
2020-06-04 19:33:00+00:00,9788.44,9788.89,9782.08,9784.62,15.119327,2020,6,4
2020-06-04 19:34:00+00:00,9784.62,9785.0,9775.53,9775.79,27.852647,2020,6,4
2020-06-04 19:35:00+00:00,9775.66,9784.04,9775.12,9783.46,43.678335,2020,6,4
2020-06-04 19:36:00+00:00,9783.46,9785.8,9780.75,9783.13,8.590159,2020,6,4
2020-06-04 19:37:00+00:00,9782.96,9809.64,9776.51,9809.33,55.64151,2020,6,4
2020-06-04 19:38:00+00:00,9809.18,9815.1,9805.0,9809.58,57.228922,2020,6,4
2020-06-04 19:39:00+00:00,9809.59,9810.98,9803.17,9807.94,16.818556,2020,6,4
2020-06-04 19:40:00+00:00,9807.73,9808.59,9797.18,9804.33,40.72861,2020,6,4
2020-06-04 19:41:00+00:00,9803.43,9807.15,9801.85,9803.35,14.191044,2020,6,4
2020-06-04 19:42:00+00:00,9802.33,9805.0,9799.0,9799.0,7.958761,2020,6,4
2020-06-04 19:43:00+00:00,9799.0,9804.99,9797.77,9802.21,16.034917,2020,6,4
2020-06-04 19:44:00+00:00,9802.4,9804.45,9794.0,9801.69,13.732184,2020,6,4
2020-06-04 19:45:00+00:00,9803.21,9803.21,9796.8,9800.0,13.116016,2020,6,4
2020-06-04 19:46:00+00:00,9800.0,9803.99,9799.61,9802.02,10.384761,2020,6,4
2020-06-04 19:47:00+00:00,9802.13,9803.53,9799.7,9801.69,11.464386,2020,6,4
2020-06-04 19:48:00+00:00,9801.66,9816.0,9801.6,9815.99,27.147727,2020,6,4
2020-06-04 19:49:00+00:00,9816.0,9818.0,9809.17,9815.63,22.922077,2020,6,4
2020-06-04 19:50:00+00:00,9815.19,9815.46,9800.51,9801.92,26.300603,2020,6,4
2020-06-04 19:51:00+00:00,9801.15,9805.5,9794.02,9798.75,23.60324,2020,6,4
2020-06-04 19:52:00+00:00,9798.76,9808.75,9797.86,9800.5,33.398346,2020,6,4
2020-06-04 19:53:00+00:00,9801.16,9811.33,9801.16,9807.34,14.459389,2020,6,4
2020-06-04 19:54:00+00:00,9807.33,9810.77,9803.55,9809.94,30.417921,2020,6,4
2020-06-04 19:55:00+00:00,9809.98,9812.54,9807.0,9810.48,15.805002,2020,6,4
2020-06-04 19:56:00+00:00,9810.49,9814.27,9805.07,9812.49,17.214791,2020,6,4
2020-06-04 19:57:00+00:00,9812.31,9814.72,9806.74,9811.07,14.192422,2020,6,4
2020-06-04 19:58:00+00:00,9812.31,9825.87,9811.28,9815.0,62.852523,2020,6,4
2020-06-04 19:59:00+00:00,9814.49,9819.89,9811.12,9817.64,17.635834,2020,6,4
2020-06-04 20:00:00+00:00,9817.65,9827.38,9813.3,9817.01,64.47067,2020,6,4
2020-06-04 20:01:00+00:00,9817.01,9821.64,9807.51,9809.69,33.829673,2020,6,4
2020-06-04 20:02:00+00:00,9810.77,9816.74,9806.71,9813.43,31.216413,2020,6,4
2020-06-04 20:03:00+00:00,9813.77,9814.24,9800.1,9804.43,32.242894,2020,6,4
2020-06-04 20:04:00+00:00,9804.43,9806.34,9801.21,9803.0,34.817037,2020,6,4
2020-06-04 20:05:00+00:00,9803.0,9812.37,9801.08,9804.94,32.65284,2020,6,4
2020-06-04 20:06:00+00:00,9804.94,9812.39,9804.73,9805.25,9.620833,2020,6,4
2020-06-04 20:07:00+00:00,9805.41,9809.46,9801.58,9804.24,36.346136,2020,6,4
2020-06-04 20:08:00+00:00,9804.23,9805.89,9799.69,9801.0,69.310777,2020,6,4
2020-06-04 20:09:00+00:00,9800.99,9806.6,9799.55,9806.4,40.026523,2020,6,4
2020-06-04 20:10:00+00:00,9805.74,9807.38,9796.58,9798.07,28.919932,2020,6,4
2020-06-04 20:11:00+00:00,9798.07,9802.05,9792.2,9795.96,64.533758,2020,6,4
2020-06-04 20:12:00+00:00,9796.11,9796.89,9782.35,9792.01,88.286505,2020,6,4
2020-06-04 20:13:00+00:00,9793.74,9796.89,9789.74,9792.33,38.772799,2020,6,4
2020-06-04 20:14:00+00:00,9792.22,9795.02,9787.78,9793.13,21.865805,2020,6,4
2020-06-04 20:15:00+00:00,9791.39,9793.74,9785.0,9786.85,17.363084,2020,6,4
2020-06-04 20:16:00+00:00,9786.87,9787.9,9755.86,9776.09,123.122794,2020,6,4
2020-06-04 20:17:00+00:00,9776.09,9797.54,9772.54,9794.24,61.751655,2020,6,4
2020-06-04 20:18:00+00:00,9793.19,9804.0,9790.0,9796.64,63.088959,2020,6,4
2020-06-04 20:19:00+00:00,9795.31,9803.9,9795.31,9797.19,17.520384,2020,6,4
2020-06-04 20:20:00+00:00,9797.16,9804.0,9797.16,9797.78,20.315896,2020,6,4
2020-06-04 20:21:00+00:00,9798.08,9803.35,9789.59,9795.26,17.617431,2020,6,4
2020-06-04 20:22:00+00:00,9795.54,9799.99,9790.03,9798.42,22.753128,2020,6,4
2020-06-04 20:23:00+00:00,9797.88,9799.77,9788.02,9793.58,12.481989,2020,6,4
2020-06-04 20:24:00+00:00,9794.29,9798.4,9791.49,9791.49,9.858017,2020,6,4
2020-06-04 20:25:00+00:00,9792.25,9797.51,9790.53,9795.71,7.464171,2020,6,4
2020-06-04 20:26:00+00:00,9795.47,9797.58,9793.44,9797.12,9.833514,2020,6,4
2020-06-04 20:27:00+00:00,9797.12,9806.49,9783.11,9787.57,44.309604,2020,6,4
2020-06-04 20:28:00+00:00,9787.56,9816.98,9786.08,9809.06,106.745096,2020,6,4
2020-06-04 20:29:00+00:00,9807.02,9808.09,9760.96,9764.99,78.998305,2020,6,4
2020-06-04 20:30:00+00:00,9766.0,9783.31,9764.71,9766.74,57.526532,2020,6,4
2020-06-04 20:31:00+00:00,9766.75,9778.02,9765.01,9778.02,28.857263,2020,6,4
2020-06-04 20:32:00+00:00,9776.76,9780.0,9755.98,9760.03,25.378438,2020,6,4
2020-06-04 20:33:00+00:00,9760.03,9775.37,9754.95,9761.5,46.614709,2020,6,4
2020-06-04 20:34:00+00:00,9759.8,9766.26,9747.13,9763.18,73.087331,2020,6,4
2020-06-04 20:35:00+00:00,9763.19,9763.19,9750.0,9755.54,40.104613,2020,6,4
2020-06-04 20:36:00+00:00,9755.55,9764.89,9754.7,9758.19,33.761903,2020,6,4
2020-06-04 20:37:00+00:00,9758.18,9761.72,9740.87,9749.44,71.390522,2020,6,4
2020-06-04 20:38:00+00:00,9750.78,9767.91,9750.78,9764.5,56.781821,2020,6,4
2020-06-04 20:39:00+00:00,9764.5,9770.85,9761.84,9770.84,52.544635,2020,6,4
2020-06-04 20:40:00+00:00,9770.84,9770.84,9764.55,9765.77,18.943532,2020,6,4
2020-06-04 20:41:00+00:00,9765.35,9767.82,9762.7,9767.82,23.103455,2020,6,4
2020-06-04 20:42:00+00:00,9767.82,9771.23,9765.03,9767.12,18.028479,2020,6,4
2020-06-04 20:43:00+00:00,9767.12,9769.64,9764.25,9765.12,21.152301,2020,6,4
2020-06-04 20:44:00+00:00,9764.53,9766.67,9760.82,9761.15,6.887157,2020,6,4
2020-06-04 20:45:00+00:00,9762.47,9768.23,9760.0,9768.22,16.900943,2020,6,4
2020-06-04 20:46:00+00:00,9768.22,9774.02,9766.94,9772.63,19.599115,2020,6,4
2020-06-04 20:47:00+00:00,9773.05,9774.22,9772.07,9773.73,10.621625,2020,6,4
2020-06-04 20:48:00+00:00,9774.19,9775.0,9768.0,9769.99,15.42669,2020,6,4
2020-06-04 20:49:00+00:00,9769.99,9772.07,9769.7,9772.07,6.902122,2020,6,4
2020-06-04 20:50:00+00:00,9771.27,9771.52,9759.11,9759.11,19.748264,2020,6,4
2020-06-04 20:51:00+00:00,9759.6,9762.57,9752.52,9762.1,22.623365,2020,6,4
2020-06-04 20:52:00+00:00,9762.56,9768.29,9759.65,9767.6,16.256457,2020,6,4
2020-06-04 20:53:00+00:00,9766.76,9769.0,9766.23,9768.92,16.077347,2020,6,4
2020-06-04 20:54:00+00:00,9768.91,9769.0,9767.7,9767.7,7.011649,2020,6,4
2020-06-04 20:55:00+00:00,9768.19,9769.0,9763.54,9768.83,26.848059,2020,6,4
2020-06-04 20:56:00+00:00,9768.46,9774.99,9766.72,9774.28,22.710505,2020,6,4
2020-06-04 20:57:00+00:00,9773.4,9779.9,9772.84,9778.15,13.602683,2020,6,4
2020-06-04 20:58:00+00:00,9778.38,9780.0,9774.97,9778.69,14.125424,2020,6,4
2020-06-04 20:59:00+00:00,9778.84,9788.77,9777.65,9781.27,19.414003,2020,6,4
2020-06-04 21:00:00+00:00,9781.27,9784.21,9777.59,9780.6,13.46049,2020,6,4
2020-06-04 21:01:00+00:00,9780.6,9780.98,9780.6,9780.61,6.101178,2020,6,4
2020-06-04 21:02:00+00:00,9780.69,9782.0,9780.27,9781.42,6.843285,2020,6,4
2020-06-04 21:03:00+00:00,9781.42,9781.94,9774.71,9774.73,27.546503,2020,6,4
2020-06-04 21:04:00+00:00,9774.74,9774.99,9770.12,9771.82,9.8299,2020,6,4
2020-06-04 21:05:00+00:00,9771.88,9771.89,9768.45,9769.97,21.588518,2020,6,4
2020-06-04 21:06:00+00:00,9770.37,9770.61,9766.83,9768.81,11.504364,2020,6,4
2020-06-04 21:07:00+00:00,9768.82,9770.96,9764.99,9769.5,56.053486,2020,6,4
2020-06-04 21:08:00+00:00,9768.14,9769.49,9764.55,9764.55,31.199937,2020,6,4
2020-06-04 21:09:00+00:00,9764.46,9765.0,9762.97,9764.18,10.754676,2020,6,4
2020-06-04 21:10:00+00:00,9764.18,9764.18,9755.01,9759.92,40.78311,2020,6,4
2020-06-04 21:11:00+00:00,9759.92,9765.97,9758.16,9764.75,16.690712,2020,6,4
2020-06-04 21:12:00+00:00,9764.48,9765.74,9761.28,9761.54,14.321983,2020,6,4
2020-06-04 21:13:00+00:00,9761.4,9762.34,9759.04,9761.72,5.132129,2020,6,4
2020-06-04 21:14:00+00:00,9761.63,9762.02,9757.18,9758.92,9.235742,2020,6,4
2020-06-04 21:15:00+00:00,9759.21,9760.5,9758.92,9759.1,5.902624,2020,6,4
2020-06-04 21:16:00+00:00,9758.98,9759.04,9754.13,9754.35,15.527416,2020,6,4
2020-06-04 21:17:00+00:00,9754.57,9756.83,9753.84,9754.85,12.044663,2020,6,4
2020-06-04 21:18:00+00:00,9754.11,9756.59,9752.93,9755.0,9.683128,2020,6,4
2020-06-04 21:19:00+00:00,9755.0,9767.62,9751.84,9766.27,33.948971,2020,6,4
2020-06-04 21:20:00+00:00,9766.38,9770.0,9763.27,9767.67,17.22329,2020,6,4
2020-06-04 21:21:00+00:00,9768.75,9769.99,9764.71,9767.0,9.777534,2020,6,4
2020-06-04 21:22:00+00:00,9767.08,9769.67,9764.73,9767.17,10.075606,2020,6,4
2020-06-04 21:23:00+00:00,9767.47,9768.69,9765.01,9765.53,5.507226,2020,6,4
2020-06-04 21:24:00+00:00,9765.53,9766.42,9760.91,9761.72,9.823756,2020,6,4
2020-06-04 21:25:00+00:00,9761.74,9763.8,9760.25,9760.38,5.823266,2020,6,4
2020-06-04 21:26:00+00:00,9760.38,9762.98,9760.0,9761.53,4.850734,2020,6,4
2020-06-04 21:27:00+00:00,9761.36,9762.5,9759.3,9759.69,3.616543,2020,6,4
2020-06-04 21:28:00+00:00,9759.35,9759.84,9753.73,9753.91,7.364381,2020,6,4
2020-06-04 21:29:00+00:00,9754.94,9755.16,9748.0,9749.99,23.857398,2020,6,4
2020-06-04 21:30:00+00:00,9749.52,9751.93,9748.01,9751.06,13.222387,2020,6,4
2020-06-04 21:31:00+00:00,9751.05,9753.59,9750.21,9752.66,11.683006,2020,6,4
2020-06-04 21:32:00+00:00,9752.44,9754.99,9752.3,9752.84,6.792786,2020,6,4
2020-06-04 21:33:00+00:00,9753.42,9754.55,9751.5,9753.49,6.468203,2020,6,4
2020-06-04 21:34:00+00:00,9753.41,9753.41,9750.0,9751.29,13.261157,2020,6,4
2020-06-04 21:35:00+00:00,9750.94,9751.41,9748.0,9748.5,19.171341,2020,6,4
2020-06-04 21:36:00+00:00,9748.5,9748.5,9744.41,9745.03,40.373054,2020,6,4
2020-06-04 21:37:00+00:00,9744.54,9745.03,9728.1,9733.77,55.130249,2020,6,4
2020-06-04 21:38:00+00:00,9733.79,9745.0,9733.01,9744.77,46.009715,2020,6,4
2020-06-04 21:39:00+00:00,9744.77,9752.0,9743.99,9750.0,19.296721,2020,6,4
2020-06-04 21:40:00+00:00,9750.0,9753.2,9750.0,9753.2,10.441774,2020,6,4
2020-06-04 21:41:00+00:00,9752.31,9760.05,9751.81,9752.04,42.983068,2020,6,4
2020-06-04 21:42:00+00:00,9752.04,9760.19,9752.04,9757.83,14.438791,2020,6,4
2020-06-04 21:43:00+00:00,9760.2,9764.0,9758.97,9764.0,8.492823,2020,6,4
2020-06-04 21:44:00+00:00,9764.0,9768.0,9761.91,9766.93,30.756849,2020,6,4
2020-06-04 21:45:00+00:00,9766.96,9770.0,9766.93,9768.29,11.030171,2020,6,4
2020-06-04 21:46:00+00:00,9768.29,9770.75,9767.81,9769.45,7.040321,2020,6,4
2020-06-04 21:47:00+00:00,9769.0,9769.47,9763.67,9765.49,9.81667,2020,6,4
2020-06-04 21:48:00+00:00,9765.49,9765.92,9761.79,9765.17,28.96074,2020,6,4
2020-06-04 21:49:00+00:00,9765.16,9769.45,9765.16,9768.08,9.35647,2020,6,4
2020-06-04 21:50:00+00:00,9768.08,9769.99,9765.92,9768.49,21.301906,2020,6,4
2020-06-04 21:51:00+00:00,9768.48,9774.01,9768.08,9771.92,7.734541,2020,6,4
2020-06-04 21:52:00+00:00,9771.93,9772.25,9764.6,9767.0,17.80913,2020,6,4
2020-06-04 21:53:00+00:00,9767.0,9769.87,9764.94,9767.59,11.406122,2020,6,4
2020-06-04 21:54:00+00:00,9768.15,9774.98,9767.53,9773.93,20.898827,2020,6,4
2020-06-04 21:55:00+00:00,9773.92,9774.4,9772.22,9772.97,7.641482,2020,6,4
2020-06-04 21:56:00+00:00,9772.66,9774.62,9769.16,9773.64,24.694129,2020,6,4
2020-06-04 21:57:00+00:00,9773.34,9777.0,9772.83,9772.91,13.598085,2020,6,4
2020-06-04 21:58:00+00:00,9772.91,9781.18,9771.53,9778.63,27.93471,2020,6,4
2020-06-04 21:59:00+00:00,9778.66,9781.0,9777.29,9780.0,16.301286,2020,6,4
2020-06-04 22:00:00+00:00,9780.0,9780.0,9773.31,9775.05,15.809168,2020,6,4
2020-06-04 22:01:00+00:00,9774.44,9776.99,9773.82,9775.82,9.422622,2020,6,4
2020-06-04 22:02:00+00:00,9775.82,9778.96,9775.76,9776.61,12.343657,2020,6,4
2020-06-04 22:03:00+00:00,9776.61,9776.62,9774.0,9775.49,7.127443,2020,6,4
2020-06-04 22:04:00+00:00,9775.48,9775.49,9767.68,9771.02,17.336984,2020,6,4
2020-06-04 22:05:00+00:00,9771.06,9773.49,9768.24,9768.68,6.86544,2020,6,4
2020-06-04 22:06:00+00:00,9769.13,9774.44,9769.13,9774.44,11.846054,2020,6,4
2020-06-04 22:07:00+00:00,9773.19,9774.38,9765.0,9766.26,14.742552,2020,6,4
2020-06-04 22:08:00+00:00,9766.29,9772.9,9766.29,9770.95,17.163434,2020,6,4
2020-06-04 22:09:00+00:00,9771.65,9778.49,9770.86,9773.22,8.644151,2020,6,4
2020-06-04 22:10:00+00:00,9773.22,9776.23,9771.31,9774.35,3.517851,2020,6,4
2020-06-04 22:11:00+00:00,9773.87,9775.97,9767.5,9768.26,15.282237,2020,6,4
2020-06-04 22:12:00+00:00,9768.27,9771.5,9765.0,9765.01,20.334135,2020,6,4
2020-06-04 22:13:00+00:00,9765.0,9765.01,9763.01,9764.98,6.011125,2020,6,4
2020-06-04 22:14:00+00:00,9765.0,9767.48,9763.11,9764.35,17.369983,2020,6,4
2020-06-04 22:15:00+00:00,9764.42,9764.49,9760.0,9760.39,9.882745,2020,6,4
2020-06-04 22:16:00+00:00,9760.0,9765.44,9758.01,9760.2,11.071848,2020,6,4
2020-06-04 22:17:00+00:00,9760.81,9762.75,9755.62,9759.1,7.145529,2020,6,4
2020-06-04 22:18:00+00:00,9759.07,9760.53,9754.49,9759.71,18.035539,2020,6,4
2020-06-04 22:19:00+00:00,9759.19,9759.19,9754.8,9755.72,4.688012,2020,6,4
2020-06-04 22:20:00+00:00,9755.71,9755.72,9750.96,9752.77,7.763811,2020,6,4
2020-06-04 22:21:00+00:00,9752.64,9762.7,9751.86,9758.09,24.779462,2020,6,4
2020-06-04 22:22:00+00:00,9757.83,9766.62,9756.27,9766.61,24.967477,2020,6,4
2020-06-04 22:23:00+00:00,9766.62,9769.01,9761.86,9765.76,10.451683,2020,6,4
2020-06-04 22:24:00+00:00,9765.77,9777.0,9764.71,9777.0,13.674729,2020,6,4
2020-06-04 22:25:00+00:00,9776.99,9777.5,9770.53,9772.19,13.327141,2020,6,4
2020-06-04 22:26:00+00:00,9772.41,9780.88,9772.09,9779.95,43.113917,2020,6,4
2020-06-04 22:27:00+00:00,9779.37,9779.99,9775.06,9777.0,16.456709,2020,6,4
2020-06-04 22:28:00+00:00,9775.92,9778.9,9775.0,9778.89,9.839967,2020,6,4
2020-06-04 22:29:00+00:00,9778.9,9778.9,9768.39,9770.21,20.562096,2020,6,4
2020-06-04 22:30:00+00:00,9770.1,9772.79,9768.12,9771.29,20.882141,2020,6,4
2020-06-04 22:31:00+00:00,9771.29,9777.0,9770.59,9777.0,25.734092,2020,6,4
2020-06-04 22:32:00+00:00,9777.0,9777.0,9764.73,9771.89,25.943635,2020,6,4
2020-06-04 22:33:00+00:00,9771.89,9775.97,9767.4,9773.88,11.490417,2020,6,4
2020-06-04 22:34:00+00:00,9773.88,9793.18,9773.87,9786.55,41.655447,2020,6,4
2020-06-04 22:35:00+00:00,9787.06,9804.7,9787.06,9800.99,66.251232,2020,6,4
2020-06-04 22:36:00+00:00,9801.0,9805.65,9791.91,9795.78,39.470259,2020,6,4
2020-06-04 22:37:00+00:00,9795.78,9798.28,9789.01,9795.68,34.514884,2020,6,4
2020-06-04 22:38:00+00:00,9795.68,9795.68,9794.3,9794.5,16.40992,2020,6,4
2020-06-04 22:39:00+00:00,9794.5,9796.43,9793.0,9793.51,16.985789,2020,6,4
2020-06-04 22:40:00+00:00,9793.51,9794.74,9788.17,9792.99,39.295767,2020,6,4
2020-06-04 22:41:00+00:00,9792.99,9793.0,9785.01,9789.18,17.36283,2020,6,4
2020-06-04 22:42:00+00:00,9789.18,9795.81,9789.17,9795.8,55.715601,2020,6,4
2020-06-04 22:43:00+00:00,9795.81,9810.12,9795.8,9809.98,54.231079,2020,6,4
2020-06-04 22:44:00+00:00,9809.99,9817.99,9809.07,9816.64,30.620994,2020,6,4
2020-06-04 22:45:00+00:00,9816.66,9820.0,9805.2,9807.36,55.26569,2020,6,4
2020-06-04 22:46:00+00:00,9807.36,9817.06,9805.2,9814.34,43.767079,2020,6,4
2020-06-04 22:47:00+00:00,9814.44,9815.5,9812.03,9815.49,28.087683,2020,6,4
2020-06-04 22:48:00+00:00,9815.49,9816.07,9807.87,9816.05,53.015406,2020,6,4
2020-06-04 22:49:00+00:00,9816.05,9820.0,9816.05,9819.43,32.542764,2020,6,4
2020-06-04 22:50:00+00:00,9819.96,9820.0,9813.44,9818.22,54.431974,2020,6,4
2020-06-04 22:51:00+00:00,9817.91,9839.31,9816.97,9830.88,88.340147,2020,6,4
2020-06-04 22:52:00+00:00,9830.87,9835.21,9824.03,9827.37,44.564281,2020,6,4
2020-06-04 22:53:00+00:00,9827.37,9831.0,9826.18,9830.0,31.348592,2020,6,4
2020-06-04 22:54:00+00:00,9829.99,9833.55,9822.28,9823.3,44.853132,2020,6,4
2020-06-04 22:55:00+00:00,9822.69,9833.61,9822.69,9832.79,47.909346,2020,6,4
2020-06-04 22:56:00+00:00,9832.8,9834.18,9828.82,9832.48,33.886513,2020,6,4
2020-06-04 22:57:00+00:00,9832.48,9835.0,9825.0,9829.6,55.436593,2020,6,4
2020-06-04 22:58:00+00:00,9829.59,9829.71,9823.81,9825.97,18.796014,2020,6,4
2020-06-04 22:59:00+00:00,9825.99,9825.99,9809.07,9814.6,47.235093,2020,6,4
2020-06-04 23:00:00+00:00,9814.6,9823.45,9814.43,9819.23,47.929014,2020,6,4
2020-06-04 23:01:00+00:00,9819.4,9823.48,9818.82,9822.36,20.179284,2020,6,4
2020-06-04 23:02:00+00:00,9822.0,9827.19,9820.72,9827.19,20.237508,2020,6,4
2020-06-04 23:03:00+00:00,9825.39,9828.85,9820.91,9820.91,40.356386,2020,6,4
2020-06-04 23:04:00+00:00,9820.91,9827.56,9819.99,9824.73,21.259925,2020,6,4
2020-06-04 23:05:00+00:00,9825.21,9833.56,9822.44,9828.86,47.105619,2020,6,4
2020-06-04 23:06:00+00:00,9829.46,9831.99,9823.39,9825.15,17.98517,2020,6,4
2020-06-04 23:07:00+00:00,9826.18,9828.94,9825.78,9827.14,10.426123,2020,6,4
2020-06-04 23:08:00+00:00,9827.14,9827.15,9795.05,9805.27,79.993048,2020,6,4
2020-06-04 23:09:00+00:00,9806.35,9812.41,9803.68,9805.0,29.210884,2020,6,4
2020-06-04 23:10:00+00:00,9805.54,9812.19,9805.0,9808.47,13.81926,2020,6,4
2020-06-04 23:11:00+00:00,9808.47,9812.39,9805.66,9811.32,13.586944,2020,6,4
2020-06-04 23:12:00+00:00,9811.5,9812.0,9807.9,9807.9,12.916019,2020,6,4
2020-06-04 23:13:00+00:00,9807.9,9814.26,9805.0,9812.78,34.875675,2020,6,4
2020-06-04 23:14:00+00:00,9813.19,9819.92,9813.19,9818.25,16.999982,2020,6,4
2020-06-04 23:15:00+00:00,9818.25,9820.0,9817.3,9817.89,11.932234,2020,6,4
2020-06-04 23:16:00+00:00,9817.89,9822.61,9815.61,9821.22,17.201522,2020,6,4
2020-06-04 23:17:00+00:00,9820.71,9827.87,9818.64,9824.09,15.289654,2020,6,4
2020-06-04 23:18:00+00:00,9824.2,9827.45,9824.2,9824.24,7.856783,2020,6,4
2020-06-04 23:19:00+00:00,9824.36,9828.0,9824.26,9826.3,8.125348,2020,6,4
2020-06-04 23:20:00+00:00,9826.3,9828.21,9820.9,9826.52,30.806373,2020,6,4
2020-06-04 23:21:00+00:00,9826.52,9828.13,9820.9,9826.66,17.351267,2020,6,4
2020-06-04 23:22:00+00:00,9826.66,9828.33,9824.66,9824.66,13.912262,2020,6,4
2020-06-04 23:23:00+00:00,9824.83,9826.0,9824.02,9825.56,11.379378,2020,6,4
2020-06-04 23:24:00+00:00,9825.56,9825.99,9819.77,9824.56,17.929783,2020,6,4
2020-06-04 23:25:00+00:00,9823.41,9824.92,9815.0,9816.33,25.525503,2020,6,4
2020-06-04 23:26:00+00:00,9815.0,9824.69,9815.0,9822.27,19.95671,2020,6,4
2020-06-04 23:27:00+00:00,9822.26,9850.0,9822.26,9847.27,187.695949,2020,6,4
2020-06-04 23:28:00+00:00,9847.27,9855.0,9840.17,9843.43,99.457697,2020,6,4
2020-06-04 23:29:00+00:00,9843.43,9860.0,9842.99,9856.56,38.372468,2020,6,4
2020-06-04 23:30:00+00:00,9857.06,9859.44,9842.97,9852.98,112.364666,2020,6,4
2020-06-04 23:31:00+00:00,9851.75,9852.2,9842.73,9844.76,15.157786,2020,6,4
2020-06-04 23:32:00+00:00,9844.76,9851.35,9844.15,9845.79,18.152223,2020,6,4
2020-06-04 23:33:00+00:00,9845.8,9845.8,9800.01,9813.27,114.579564,2020,6,4
2020-06-04 23:34:00+00:00,9813.28,9816.25,9803.49,9808.23,28.04373,2020,6,4
2020-06-04 23:35:00+00:00,9807.82,9814.96,9807.82,9813.0,25.939304,2020,6,4
2020-06-04 23:36:00+00:00,9813.01,9819.84,9813.0,9817.18,13.16419,2020,6,4
2020-06-04 23:37:00+00:00,9817.18,9818.85,9813.15,9816.55,11.244729,2020,6,4
2020-06-04 23:38:00+00:00,9815.49,9818.95,9814.0,9815.0,7.265327,2020,6,4
2020-06-04 23:39:00+00:00,9815.19,9816.3,9811.06,9811.98,16.970692,2020,6,4
2020-06-04 23:40:00+00:00,9811.66,9826.47,9811.47,9812.7,39.507902,2020,6,4
2020-06-04 23:41:00+00:00,9813.16,9815.49,9811.52,9812.81,11.566578,2020,6,4
2020-06-04 23:42:00+00:00,9812.81,9812.81,9800.0,9800.54,33.431547,2020,6,4
2020-06-04 23:43:00+00:00,9801.05,9813.97,9800.0,9813.97,37.194379,2020,6,4
2020-06-04 23:44:00+00:00,9813.97,9814.43,9807.71,9808.16,8.854513,2020,6,4
2020-06-04 23:45:00+00:00,9808.15,9808.15,9791.93,9799.3,44.986229,2020,6,4
2020-06-04 23:46:00+00:00,9799.18,9802.48,9797.12,9802.36,24.949816,2020,6,4
2020-06-04 23:47:00+00:00,9801.79,9808.0,9800.7,9801.67,14.708003,2020,6,4
2020-06-04 23:48:00+00:00,9802.41,9809.09,9800.93,9807.09,12.388632,2020,6,4
2020-06-04 23:49:00+00:00,9807.1,9807.58,9802.72,9804.28,10.540092,2020,6,4
2020-06-04 23:50:00+00:00,9803.67,9807.65,9803.67,9806.39,14.9219,2020,6,4
2020-06-04 23:51:00+00:00,9806.39,9806.99,9801.61,9802.56,13.07902,2020,6,4
2020-06-04 23:52:00+00:00,9802.55,9809.49,9802.15,9808.25,60.749905,2020,6,4
2020-06-04 23:53:00+00:00,9808.25,9812.0,9806.43,9807.1,18.864459,2020,6,4
2020-06-04 23:54:00+00:00,9807.6,9808.28,9802.87,9804.45,15.061702,2020,6,4
2020-06-04 23:55:00+00:00,9804.45,9804.45,9795.0,9796.07,20.012068,2020,6,4
2020-06-04 23:56:00+00:00,9796.08,9796.08,9780.16,9786.12,47.31086,2020,6,4
2020-06-04 23:57:00+00:00,9786.11,9792.66,9780.86,9790.93,30.539196,2020,6,4
2020-06-04 23:58:00+00:00,9790.72,9792.98,9787.0,9789.8,21.729843,2020,6,4
2020-06-04 23:59:00+00:00,9789.79,9796.52,9788.11,9789.06,23.797137,2020,6,4
2020-06-05 00:00:00+00:00,9788.14,9799.97,9787.0,9796.4,54.279554,2020,6,5
2020-06-05 00:01:00+00:00,9796.42,9804.69,9796.42,9802.62,15.793707,2020,6,5
2020-06-05 00:02:00+00:00,9802.63,9810.0,9802.3,9807.84,25.655452,2020,6,5
2020-06-05 00:03:00+00:00,9807.37,9812.0,9803.73,9804.78,29.051091,2020,6,5
2020-06-05 00:04:00+00:00,9804.57,9812.0,9804.53,9808.73,13.941814,2020,6,5
2020-06-05 00:05:00+00:00,9808.74,9817.71,9808.53,9812.41,24.296939,2020,6,5
2020-06-05 00:06:00+00:00,9812.41,9813.5,9797.01,9798.8,27.67987,2020,6,5
2020-06-05 00:07:00+00:00,9798.23,9801.37,9790.32,9791.63,18.847631,2020,6,5
2020-06-05 00:08:00+00:00,9791.63,9795.55,9789.74,9793.11,20.833693,2020,6,5
2020-06-05 00:09:00+00:00,9793.11,9795.89,9789.18,9793.03,22.968463,2020,6,5
2020-06-05 00:10:00+00:00,9793.11,9793.92,9784.8,9784.81,35.084481,2020,6,5
2020-06-05 00:11:00+00:00,9784.8,9789.92,9783.23,9786.5,14.950164,2020,6,5
2020-06-05 00:12:00+00:00,9786.42,9788.54,9774.42,9776.94,56.659409,2020,6,5
2020-06-05 00:13:00+00:00,9777.47,9790.89,9777.47,9784.19,27.506709,2020,6,5
2020-06-05 00:14:00+00:00,9784.22,9790.0,9784.22,9785.72,12.23326,2020,6,5
2020-06-05 00:15:00+00:00,9785.73,9791.35,9785.73,9787.35,11.760373,2020,6,5
2020-06-05 00:16:00+00:00,9786.9,9787.27,9785.9,9786.37,6.393219,2020,6,5
2020-06-05 00:17:00+00:00,9786.47,9787.8,9785.9,9785.91,11.550477,2020,6,5
2020-06-05 00:18:00+00:00,9785.9,9787.41,9778.03,9781.63,13.734699,2020,6,5
2020-06-05 00:19:00+00:00,9781.53,9790.76,9780.8,9788.26,16.54426,2020,6,5
2020-06-05 00:20:00+00:00,9789.58,9790.25,9787.72,9788.48,16.838527,2020,6,5
2020-06-05 00:21:00+00:00,9788.45,9788.63,9755.82,9777.28,121.484076,2020,6,5
2020-06-05 00:22:00+00:00,9777.28,9780.2,9770.31,9774.99,31.624285,2020,6,5
2020-06-05 00:23:00+00:00,9774.99,9777.83,9770.61,9774.93,25.137755,2020,6,5
2020-06-05 00:24:00+00:00,9774.93,9776.0,9768.91,9768.92,14.762484,2020,6,5
2020-06-05 00:25:00+00:00,9770.71,9775.81,9768.51,9774.94,32.642634,2020,6,5
2020-06-05 00:26:00+00:00,9774.95,9779.69,9774.93,9775.37,12.906066,2020,6,5
2020-06-05 00:27:00+00:00,9775.68,9775.68,9768.97,9773.29,13.088289,2020,6,5
2020-06-05 00:28:00+00:00,9774.08,9778.19,9772.01,9773.64,25.133773,2020,6,5
2020-06-05 00:29:00+00:00,9773.5,9779.0,9772.43,9779.0,14.070738,2020,6,5
2020-06-05 00:30:00+00:00,9778.55,9779.72,9773.76,9774.05,25.676258,2020,6,5
2020-06-05 00:31:00+00:00,9774.15,9777.82,9768.98,9773.93,20.049114,2020,6,5
2020-06-05 00:32:00+00:00,9774.41,9782.33,9772.05,9779.43,13.619038,2020,6,5
2020-06-05 00:33:00+00:00,9779.43,9785.32,9779.42,9785.31,14.13334,2020,6,5
2020-06-05 00:34:00+00:00,9785.31,9788.59,9780.97,9787.64,29.031803,2020,6,5
2020-06-05 00:35:00+00:00,9788.12,9794.95,9783.19,9793.21,18.5718,2020,6,5
2020-06-05 00:36:00+00:00,9793.29,9794.16,9787.12,9793.39,21.817931,2020,6,5
2020-06-05 00:37:00+00:00,9793.4,9795.0,9788.54,9790.92,22.435176,2020,6,5
2020-06-05 00:38:00+00:00,9790.36,9795.0,9790.36,9791.0,9.651021,2020,6,5
2020-06-05 00:39:00+00:00,9791.01,9794.17,9786.38,9793.64,19.130448,2020,6,5
2020-06-05 00:40:00+00:00,9793.65,9794.32,9788.7,9794.14,7.606554,2020,6,5
2020-06-05 00:41:00+00:00,9794.2,9794.99,9788.75,9793.92,8.613281,2020,6,5
2020-06-05 00:42:00+00:00,9793.96,9802.0,9793.13,9799.7,30.324672,2020,6,5
2020-06-05 00:43:00+00:00,9799.24,9801.28,9795.77,9799.76,7.201012,2020,6,5
2020-06-05 00:44:00+00:00,9800.28,9800.94,9796.07,9798.04,13.994273,2020,6,5
2020-06-05 00:45:00+00:00,9798.05,9799.02,9791.56,9797.05,35.248049,2020,6,5
2020-06-05 00:46:00+00:00,9796.75,9798.01,9792.91,9797.79,10.820463,2020,6,5
2020-06-05 00:47:00+00:00,9797.79,9798.0,9792.73,9795.96,7.298496,2020,6,5
2020-06-05 00:48:00+00:00,9795.96,9798.66,9794.3,9798.0,6.687758,2020,6,5
2020-06-05 00:49:00+00:00,9796.41,9797.0,9790.52,9790.52,4.09941,2020,6,5
2020-06-05 00:50:00+00:00,9790.51,9795.27,9789.86,9793.22,16.748157,2020,6,5
2020-06-05 00:51:00+00:00,9793.21,9793.21,9788.4,9792.94,9.970103,2020,6,5
2020-06-05 00:52:00+00:00,9792.51,9792.96,9787.5,9787.51,8.736523,2020,6,5
2020-06-05 00:53:00+00:00,9787.51,9790.74,9785.2,9789.13,6.287159,2020,6,5
2020-06-05 00:54:00+00:00,9789.12,9803.39,9787.07,9799.52,26.425311,2020,6,5
2020-06-05 00:55:00+00:00,9797.93,9812.44,9797.93,9810.21,30.075878,2020,6,5
2020-06-05 00:56:00+00:00,9812.01,9813.5,9803.69,9810.99,41.461341,2020,6,5
2020-06-05 00:57:00+00:00,9810.99,9811.74,9805.82,9808.73,17.345509,2020,6,5
2020-06-05 00:58:00+00:00,9809.22,9809.34,9802.0,9802.5,9.67852,2020,6,5
2020-06-05 00:59:00+00:00,9802.02,9808.58,9800.17,9803.19,13.247861,2020,6,5
2020-06-05 01:00:00+00:00,9804.05,9812.69,9803.4,9812.38,15.97046,2020,6,5
2020-06-05 01:01:00+00:00,9812.37,9813.42,9807.98,9811.63,15.987708,2020,6,5
2020-06-05 01:02:00+00:00,9811.68,9814.62,9810.44,9813.25,26.69128,2020,6,5
2020-06-05 01:03:00+00:00,9813.31,9819.71,9807.01,9810.32,34.43963,2020,6,5
2020-06-05 01:04:00+00:00,9811.96,9815.23,9810.29,9814.63,13.14538,2020,6,5
2020-06-05 01:05:00+00:00,9814.88,9816.92,9805.01,9811.12,19.888015,2020,6,5
2020-06-05 01:06:00+00:00,9811.63,9811.63,9802.28,9804.09,24.124506,2020,6,5
2020-06-05 01:07:00+00:00,9804.1,9807.0,9800.0,9804.86,13.573284,2020,6,5
2020-06-05 01:08:00+00:00,9805.03,9815.9,9802.47,9808.48,29.706523,2020,6,5
2020-06-05 01:09:00+00:00,9809.3,9815.68,9807.83,9813.87,14.554019,2020,6,5
2020-06-05 01:10:00+00:00,9813.86,9817.1,9809.41,9810.0,10.1876,2020,6,5
2020-06-05 01:11:00+00:00,9810.01,9810.01,9805.46,9805.93,13.053648,2020,6,5
2020-06-05 01:12:00+00:00,9806.21,9807.34,9803.04,9805.01,9.731562,2020,6,5
2020-06-05 01:13:00+00:00,9805.11,9811.74,9804.0,9805.6,9.811531,2020,6,5
2020-06-05 01:14:00+00:00,9806.77,9815.29,9805.69,9812.35,12.363148,2020,6,5
2020-06-05 01:15:00+00:00,9812.35,9818.76,9810.01,9818.75,15.131651,2020,6,5
2020-06-05 01:16:00+00:00,9818.74,9818.8,9814.26,9818.13,9.28412,2020,6,5
2020-06-05 01:17:00+00:00,9818.12,9818.79,9810.62,9814.82,19.559554,2020,6,5
2020-06-05 01:18:00+00:00,9814.78,9822.85,9814.27,9822.85,17.832429,2020,6,5
2020-06-05 01:19:00+00:00,9822.71,9825.83,9819.57,9822.54,47.554038,2020,6,5
2020-06-05 01:20:00+00:00,9822.53,9822.92,9818.18,9820.74,25.189116,2020,6,5
2020-06-05 01:21:00+00:00,9820.74,9829.32,9820.74,9826.25,18.775326,2020,6,5
2020-06-05 01:22:00+00:00,9825.42,9826.62,9816.94,9817.97,18.126674,2020,6,5
2020-06-05 01:23:00+00:00,9817.13,9822.09,9807.31,9815.17,32.625596,2020,6,5
2020-06-05 01:24:00+00:00,9816.25,9816.48,9809.43,9811.0,6.578876,2020,6,5
2020-06-05 01:25:00+00:00,9810.99,9812.51,9806.91,9809.7,25.44466,2020,6,5
2020-06-05 01:26:00+00:00,9809.7,9811.99,9800.32,9803.66,38.015342,2020,6,5
2020-06-05 01:27:00+00:00,9803.06,9809.99,9803.06,9805.05,24.542218,2020,6,5
2020-06-05 01:28:00+00:00,9805.32,9809.27,9803.52,9807.69,19.416813,2020,6,5
2020-06-05 01:29:00+00:00,9807.69,9813.0,9804.65,9812.14,27.221463,2020,6,5
2020-06-05 01:30:00+00:00,9812.72,9817.0,9812.36,9815.62,17.026361,2020,6,5
2020-06-05 01:31:00+00:00,9815.92,9817.52,9809.67,9810.66,16.127298,2020,6,5
2020-06-05 01:32:00+00:00,9810.64,9811.28,9809.67,9811.27,3.303478,2020,6,5
2020-06-05 01:33:00+00:00,9811.27,9815.44,9808.38,9809.88,9.301974,2020,6,5
2020-06-05 01:34:00+00:00,9809.87,9809.87,9807.01,9807.5,5.397244,2020,6,5
2020-06-05 01:35:00+00:00,9808.29,9814.97,9807.91,9808.81,18.111989,2020,6,5
2020-06-05 01:36:00+00:00,9808.81,9813.81,9807.07,9812.23,13.194316,2020,6,5
2020-06-05 01:37:00+00:00,9812.07,9813.33,9808.45,9810.61,13.329591,2020,6,5
2020-06-05 01:38:00+00:00,9810.61,9814.0,9807.88,9813.37,10.28569,2020,6,5
2020-06-05 01:39:00+00:00,9812.6,9824.69,9812.59,9823.21,34.501757,2020,6,5
2020-06-05 01:40:00+00:00,9824.06,9824.35,9819.37,9820.33,9.794622,2020,6,5
2020-06-05 01:41:00+00:00,9820.16,9825.49,9820.16,9825.49,13.45585,2020,6,5
2020-06-05 01:42:00+00:00,9825.48,9830.0,9825.1,9826.41,18.77124,2020,6,5
2020-06-05 01:43:00+00:00,9826.4,9830.0,9825.17,9829.93,19.150929,2020,6,5
2020-06-05 01:44:00+00:00,9829.44,9846.16,9828.38,9837.44,72.007283,2020,6,5
2020-06-05 01:45:00+00:00,9836.89,9844.87,9835.53,9841.62,24.277389,2020,6,5
2020-06-05 01:46:00+00:00,9842.07,9842.4,9832.51,9839.02,29.412205,2020,6,5
2020-06-05 01:47:00+00:00,9839.01,9845.81,9835.18,9840.39,44.379727,2020,6,5
2020-06-05 01:48:00+00:00,9840.44,9844.98,9820.14,9826.09,43.896523,2020,6,5
2020-06-05 01:49:00+00:00,9826.1,9828.72,9805.0,9810.41,59.585699,2020,6,5
2020-06-05 01:50:00+00:00,9810.67,9812.21,9805.22,9806.39,24.096087,2020,6,5
2020-06-05 01:51:00+00:00,9806.39,9809.52,9805.07,9807.12,12.985612,2020,6,5
2020-06-05 01:52:00+00:00,9807.29,9841.55,9805.3,9829.27,75.827554,2020,6,5
2020-06-05 01:53:00+00:00,9829.46,9839.11,9827.91,9830.76,26.615923,2020,6,5
2020-06-05 01:54:00+00:00,9830.75,9833.72,9823.13,9831.45,24.273174,2020,6,5
2020-06-05 01:55:00+00:00,9831.65,9834.93,9828.75,9831.56,18.242707,2020,6,5
2020-06-05 01:56:00+00:00,9831.55,9839.64,9829.32,9834.66,28.327873,2020,6,5
2020-06-05 01:57:00+00:00,9833.79,9834.93,9826.99,9832.52,8.487765,2020,6,5
2020-06-05 01:58:00+00:00,9832.42,9835.5,9829.2,9831.97,14.48399,2020,6,5
2020-06-05 01:59:00+00:00,9831.51,9831.93,9822.21,9823.35,42.957926,2020,6,5
2020-06-05 02:00:00+00:00,9822.95,9822.95,9813.35,9818.1,30.692758,2020,6,5
2020-06-05 02:01:00+00:00,9818.8,9821.61,9812.7,9819.67,11.327258,2020,6,5
2020-06-05 02:02:00+00:00,9819.59,9825.0,9815.81,9821.05,5.78,2020,6,5
2020-06-05 02:03:00+00:00,9821.04,9828.35,9818.82,9826.0,22.67086,2020,6,5
2020-06-05 02:04:00+00:00,9826.0,9828.52,9826.0,9826.88,12.714929,2020,6,5
2020-06-05 02:05:00+00:00,9826.54,9832.56,9825.91,9827.26,30.331872,2020,6,5
2020-06-05 02:06:00+00:00,9827.26,9827.99,9820.01,9821.79,40.010122,2020,6,5
2020-06-05 02:07:00+00:00,9821.79,9825.07,9821.79,9825.0,9.307611,2020,6,5
2020-06-05 02:08:00+00:00,9825.0,9827.19,9818.29,9822.69,39.293545,2020,6,5
2020-06-05 02:09:00+00:00,9822.68,9822.68,9818.51,9818.99,6.437948,2020,6,5
2020-06-05 02:10:00+00:00,9818.69,9828.66,9818.69,9821.9,8.93414,2020,6,5
2020-06-05 02:11:00+00:00,9821.4,9828.24,9820.65,9821.56,18.606198,2020,6,5
2020-06-05 02:12:00+00:00,9821.56,9827.92,9821.56,9823.69,15.202782,2020,6,5
2020-06-05 02:13:00+00:00,9823.19,9823.65,9818.01,9823.05,13.234536,2020,6,5
2020-06-05 02:14:00+00:00,9822.39,9823.39,9817.21,9818.84,6.114004,2020,6,5
2020-06-05 02:15:00+00:00,9818.8,9821.98,9815.62,9818.74,13.138587,2020,6,5
2020-06-05 02:16:00+00:00,9818.74,9821.33,9815.44,9815.45,8.512633,2020,6,5
2020-06-05 02:17:00+00:00,9815.43,9818.7,9808.56,9813.77,20.986088,2020,6,5
2020-06-05 02:18:00+00:00,9813.77,9814.0,9809.24,9809.24,12.214927,2020,6,5
2020-06-05 02:19:00+00:00,9809.72,9810.78,9801.0,9806.22,120.261719,2020,6,5
2020-06-05 02:20:00+00:00,9806.24,9809.94,9801.68,9806.22,19.323664,2020,6,5
2020-06-05 02:21:00+00:00,9806.22,9813.28,9806.22,9808.96,20.073397,2020,6,5
2020-06-05 02:22:00+00:00,9808.96,9814.17,9807.97,9812.93,17.731404,2020,6,5
2020-06-05 02:23:00+00:00,9812.27,9813.7,9802.86,9808.59,14.869792,2020,6,5
2020-06-05 02:24:00+00:00,9808.18,9809.94,9802.0,9807.42,8.963623,2020,6,5
2020-06-05 02:25:00+00:00,9807.42,9811.49,9804.97,9806.71,10.291496,2020,6,5
2020-06-05 02:26:00+00:00,9806.71,9807.34,9801.13,9804.24,8.136247,2020,6,5
2020-06-05 02:27:00+00:00,9804.56,9805.56,9803.64,9805.0,3.953268,2020,6,5
2020-06-05 02:28:00+00:00,9805.0,9810.0,9802.81,9810.0,85.177966,2020,6,5
2020-06-05 02:29:00+00:00,9810.0,9810.0,9807.91,9809.92,13.45822,2020,6,5
2020-06-05 02:30:00+00:00,9809.47,9817.92,9809.47,9813.57,55.320594,2020,6,5
2020-06-05 02:31:00+00:00,9813.49,9814.83,9812.0,9813.82,13.528444,2020,6,5
2020-06-05 02:32:00+00:00,9813.81,9818.7,9812.1,9816.93,11.398015,2020,6,5
2020-06-05 02:33:00+00:00,9816.99,9818.14,9808.25,9811.75,14.978195,2020,6,5
2020-06-05 02:34:00+00:00,9811.75,9817.67,9811.12,9812.17,8.506286,2020,6,5
2020-06-05 02:35:00+00:00,9811.63,9812.24,9806.3,9806.88,12.331109,2020,6,5
2020-06-05 02:36:00+00:00,9806.8,9811.52,9797.97,9798.12,86.520923,2020,6,5
2020-06-05 02:37:00+00:00,9798.12,9806.11,9796.29,9802.82,28.375611,2020,6,5
2020-06-05 02:38:00+00:00,9802.81,9802.81,9788.0,9792.54,25.884275,2020,6,5
2020-06-05 02:39:00+00:00,9792.64,9797.49,9790.09,9795.61,11.996407,2020,6,5
2020-06-05 02:40:00+00:00,9795.6,9798.34,9790.77,9792.7,11.517141,2020,6,5
2020-06-05 02:41:00+00:00,9792.7,9798.29,9792.7,9798.18,6.170158,2020,6,5
2020-06-05 02:42:00+00:00,9798.17,9801.87,9795.01,9799.06,16.845523,2020,6,5
2020-06-05 02:43:00+00:00,9799.37,9805.6,9798.58,9805.58,7.574596,2020,6,5
2020-06-05 02:44:00+00:00,9805.81,9805.81,9799.13,9801.96,6.801024,2020,6,5
2020-06-05 02:45:00+00:00,9801.21,9806.0,9800.54,9806.0,6.870071,2020,6,5
2020-06-05 02:46:00+00:00,9806.0,9806.0,9802.25,9802.61,7.179703,2020,6,5
2020-06-05 02:47:00+00:00,9802.61,9806.0,9802.2,9802.2,4.459772,2020,6,5
2020-06-05 02:48:00+00:00,9802.29,9805.4,9802.2,9803.26,6.799282,2020,6,5
2020-06-05 02:49:00+00:00,9803.26,9807.51,9803.23,9807.0,13.425625,2020,6,5
2020-06-05 02:50:00+00:00,9806.46,9808.1,9802.23,9802.99,5.130836,2020,6,5
2020-06-05 02:51:00+00:00,9803.26,9803.26,9796.33,9797.39,12.672272,2020,6,5
2020-06-05 02:52:00+00:00,9798.13,9800.04,9792.59,9793.28,19.292503,2020,6,5
2020-06-05 02:53:00+00:00,9793.68,9800.0,9793.28,9797.44,9.987386,2020,6,5
2020-06-05 02:54:00+00:00,9797.42,9798.04,9796.27,9797.41,6.419646,2020,6,5
2020-06-05 02:55:00+00:00,9797.41,9803.93,9796.8,9803.84,20.981147,2020,6,5
2020-06-05 02:56:00+00:00,9802.71,9805.66,9799.91,9801.17,12.817391,2020,6,5
2020-06-05 02:57:00+00:00,9801.17,9805.0,9797.69,9804.41,6.326923,2020,6,5
2020-06-05 02:58:00+00:00,9804.41,9806.0,9800.91,9802.73,9.228338,2020,6,5
2020-06-05 02:59:00+00:00,9802.94,9802.94,9791.9,9798.49,32.25466,2020,6,5
2020-06-05 03:00:00+00:00,9798.05,9809.96,9795.58,9808.68,26.851317,2020,6,5
2020-06-05 03:01:00+00:00,9809.12,9814.8,9807.47,9810.28,11.951717,2020,6,5
2020-06-05 03:02:00+00:00,9810.28,9812.61,9806.16,9807.41,7.018321,2020,6,5
2020-06-05 03:03:00+00:00,9807.4,9813.92,9806.15,9810.6,31.314206,2020,6,5
2020-06-05 03:04:00+00:00,9810.75,9820.0,9810.75,9819.86,18.503654,2020,6,5
2020-06-05 03:05:00+00:00,9819.43,9825.84,9818.17,9822.19,39.209752,2020,6,5
2020-06-05 03:06:00+00:00,9822.19,9823.17,9818.05,9820.64,11.558484,2020,6,5
2020-06-05 03:07:00+00:00,9820.64,9830.86,9818.05,9823.57,43.219424,2020,6,5
2020-06-05 03:08:00+00:00,9823.59,9824.95,9818.05,9819.37,22.691424,2020,6,5
2020-06-05 03:09:00+00:00,9819.87,9821.98,9818.19,9819.98,13.852324,2020,6,5
2020-06-05 03:10:00+00:00,9820.01,9830.87,9819.83,9820.5,39.4068,2020,6,5
2020-06-05 03:11:00+00:00,9820.93,9822.33,9813.93,9819.06,32.420985,2020,6,5
2020-06-05 03:12:00+00:00,9819.07,9822.0,9818.11,9819.91,10.405549,2020,6,5
2020-06-05 03:13:00+00:00,9820.46,9833.35,9816.66,9829.84,37.59509,2020,6,5
2020-06-05 03:14:00+00:00,9829.84,9829.84,9822.11,9823.35,8.543265,2020,6,5
2020-06-05 03:15:00+00:00,9823.35,9829.99,9823.35,9824.23,13.346044,2020,6,5
2020-06-05 03:16:00+00:00,9824.02,9826.69,9819.0,9819.0,30.251741,2020,6,5
2020-06-05 03:17:00+00:00,9819.04,9823.45,9819.0,9823.24,7.231705,2020,6,5
2020-06-05 03:18:00+00:00,9822.23,9824.63,9815.0,9820.54,20.771169,2020,6,5
2020-06-05 03:19:00+00:00,9820.54,9820.54,9815.9,9818.4,7.511897,2020,6,5
2020-06-05 03:20:00+00:00,9818.4,9822.77,9817.01,9820.69,8.732353,2020,6,5
2020-06-05 03:21:00+00:00,9820.68,9821.45,9814.55,9819.99,12.813804,2020,6,5
2020-06-05 03:22:00+00:00,9819.99,9820.36,9811.02,9815.86,9.655443,2020,6,5
2020-06-05 03:23:00+00:00,9816.4,9818.32,9815.75,9817.06,5.515629,2020,6,5
2020-06-05 03:24:00+00:00,9817.06,9817.29,9810.11,9814.68,6.768814,2020,6,5
2020-06-05 03:25:00+00:00,9814.3,9814.51,9810.01,9813.24,7.428326,2020,6,5
2020-06-05 03:26:00+00:00,9813.24,9814.0,9805.84,9805.86,8.627934,2020,6,5
2020-06-05 03:27:00+00:00,9805.86,9805.86,9784.21,9785.23,56.119812,2020,6,5
2020-06-05 03:28:00+00:00,9785.18,9792.56,9768.83,9775.13,145.718317,2020,6,5
2020-06-05 03:29:00+00:00,9774.97,9787.29,9767.21,9785.8,38.117526,2020,6,5
2020-06-05 03:30:00+00:00,9786.16,9786.44,9776.4,9782.0,20.587918,2020,6,5
2020-06-05 03:31:00+00:00,9781.24,9785.0,9775.56,9778.39,23.324878,2020,6,5
2020-06-05 03:32:00+00:00,9778.39,9786.89,9778.39,9785.99,16.956479,2020,6,5
2020-06-05 03:33:00+00:00,9786.0,9794.43,9785.99,9789.46,29.570145,2020,6,5
2020-06-05 03:34:00+00:00,9789.45,9791.29,9784.82,9787.04,40.215581,2020,6,5
2020-06-05 03:35:00+00:00,9787.03,9791.88,9785.67,9788.07,12.611238,2020,6,5
2020-06-05 03:36:00+00:00,9788.53,9790.0,9787.5,9788.01,4.614823,2020,6,5
2020-06-05 03:37:00+00:00,9788.0,9792.47,9785.58,9788.46,13.553567,2020,6,5
2020-06-05 03:38:00+00:00,9787.97,9787.97,9776.98,9778.39,27.088943,2020,6,5
2020-06-05 03:39:00+00:00,9778.38,9782.18,9776.98,9781.17,13.12959,2020,6,5
2020-06-05 03:40:00+00:00,9781.27,9782.0,9773.0,9776.83,9.905566,2020,6,5
2020-06-05 03:41:00+00:00,9776.91,9779.5,9773.04,9778.3,15.725164,2020,6,5
2020-06-05 03:42:00+00:00,9777.06,9784.46,9774.53,9783.01,19.520299,2020,6,5
2020-06-05 03:43:00+00:00,9783.96,9793.31,9783.72,9786.36,21.401978,2020,6,5
2020-06-05 03:44:00+00:00,9787.73,9791.12,9784.74,9789.48,12.886207,2020,6,5
2020-06-05 03:45:00+00:00,9788.87,9790.68,9781.47,9783.37,25.013798,2020,6,5
2020-06-05 03:46:00+00:00,9782.62,9787.61,9781.02,9786.05,14.808489,2020,6,5
2020-06-05 03:47:00+00:00,9785.9,9785.94,9780.72,9782.61,12.004975,2020,6,5
2020-06-05 03:48:00+00:00,9782.6,9783.99,9777.86,9780.03,17.545068,2020,6,5
2020-06-05 03:49:00+00:00,9780.03,9785.58,9780.0,9783.64,12.396704,2020,6,5
2020-06-05 03:50:00+00:00,9783.64,9783.64,9776.92,9777.64,30.475452,2020,6,5
2020-06-05 03:51:00+00:00,9777.65,9781.72,9777.51,9781.11,27.804052,2020,6,5
2020-06-05 03:52:00+00:00,9781.17,9788.06,9780.33,9786.13,25.446075,2020,6,5
2020-06-05 03:53:00+00:00,9786.19,9788.08,9781.54,9782.57,6.785597,2020,6,5
2020-06-05 03:54:00+00:00,9782.58,9783.91,9777.51,9779.47,39.455155,2020,6,5
2020-06-05 03:55:00+00:00,9779.47,9780.39,9773.0,9776.27,19.165123,2020,6,5
2020-06-05 03:56:00+00:00,9776.76,9776.76,9773.59,9773.61,7.833431,2020,6,5
2020-06-05 03:57:00+00:00,9773.6,9780.0,9750.0,9780.0,157.274857,2020,6,5
2020-06-05 03:58:00+00:00,9780.0,9797.43,9778.01,9796.75,48.024388,2020,6,5
2020-06-05 03:59:00+00:00,9796.85,9798.85,9791.7,9796.59,23.54064,2020,6,5
2020-06-05 04:00:00+00:00,9797.04,9811.58,9794.24,9807.47,47.862086,2020,6,5
2020-06-05 04:01:00+00:00,9807.47,9809.0,9802.8,9805.5,12.774306,2020,6,5
2020-06-05 04:02:00+00:00,9804.89,9817.14,9804.32,9813.05,48.033935,2020,6,5
2020-06-05 04:03:00+00:00,9813.04,9826.33,9811.67,9815.37,46.167339,2020,6,5
2020-06-05 04:04:00+00:00,9815.37,9819.05,9813.29,9813.33,15.248423,2020,6,5
2020-06-05 04:05:00+00:00,9813.36,9814.55,9805.81,9812.75,51.239259,2020,6,5
2020-06-05 04:06:00+00:00,9812.75,9814.54,9807.95,9811.16,20.578435,2020,6,5
2020-06-05 04:07:00+00:00,9812.04,9812.88,9807.0,9808.77,24.908229,2020,6,5
2020-06-05 04:08:00+00:00,9809.28,9819.97,9807.64,9817.14,26.159265,2020,6,5
2020-06-05 04:09:00+00:00,9816.97,9817.92,9811.17,9812.46,16.349425,2020,6,5
2020-06-05 04:10:00+00:00,9812.42,9812.49,9807.0,9807.4,14.824805,2020,6,5
2020-06-05 04:11:00+00:00,9807.9,9814.98,9806.43,9814.05,13.674432,2020,6,5
2020-06-05 04:12:00+00:00,9814.08,9815.0,9805.93,9806.11,11.2544,2020,6,5
2020-06-05 04:13:00+00:00,9806.1,9819.48,9805.49,9817.51,16.881765,2020,6,5
2020-06-05 04:14:00+00:00,9817.58,9817.59,9802.59,9805.13,24.534029,2020,6,5
2020-06-05 04:15:00+00:00,9805.78,9812.66,9805.78,9812.34,8.036263,2020,6,5
2020-06-05 04:16:00+00:00,9812.33,9812.33,9807.59,9809.81,9.389001,2020,6,5
2020-06-05 04:17:00+00:00,9810.29,9812.34,9806.26,9812.0,12.120005,2020,6,5
2020-06-05 04:18:00+00:00,9812.0,9816.26,9807.08,9813.03,17.14048,2020,6,5
2020-06-05 04:19:00+00:00,9811.61,9815.97,9811.61,9813.17,12.449807,2020,6,5
2020-06-05 04:20:00+00:00,9813.14,9814.12,9800.96,9808.07,23.833413,2020,6,5
2020-06-05 04:21:00+00:00,9808.11,9817.5,9807.51,9814.41,17.541399,2020,6,5
2020-06-05 04:22:00+00:00,9814.5,9815.11,9806.07,9810.01,30.338497,2020,6,5
2020-06-05 04:23:00+00:00,9810.0,9811.73,9805.65,9810.92,16.462779,2020,6,5
2020-06-05 04:24:00+00:00,9811.09,9815.86,9801.42,9803.77,29.505819,2020,6,5
2020-06-05 04:25:00+00:00,9802.52,9802.85,9796.98,9798.79,7.60176,2020,6,5
2020-06-05 04:26:00+00:00,9798.64,9798.64,9781.25,9781.25,18.57028,2020,6,5
2020-06-05 04:27:00+00:00,9781.26,9786.77,9777.51,9777.52,22.900099,2020,6,5
2020-06-05 04:28:00+00:00,9777.51,9785.68,9777.51,9783.32,19.939279,2020,6,5
2020-06-05 04:29:00+00:00,9784.91,9784.94,9775.47,9781.06,25.229931,2020,6,5
2020-06-05 04:30:00+00:00,9781.07,9783.46,9776.25,9778.82,15.155131,2020,6,5
2020-06-05 04:31:00+00:00,9778.83,9786.23,9777.07,9780.89,22.70222,2020,6,5
2020-06-05 04:32:00+00:00,9780.89,9785.0,9780.0,9784.49,15.061766,2020,6,5
2020-06-05 04:33:00+00:00,9784.04,9785.0,9779.26,9780.21,5.491268,2020,6,5
2020-06-05 04:34:00+00:00,9780.2,9782.34,9778.52,9781.12,6.41702,2020,6,5
2020-06-05 04:35:00+00:00,9781.13,9782.0,9779.11,9780.0,22.011784,2020,6,5
2020-06-05 04:36:00+00:00,9780.0,9784.89,9778.67,9781.89,22.424083,2020,6,5
2020-06-05 04:37:00+00:00,9781.89,9784.05,9776.0,9779.43,26.448518,2020,6,5
2020-06-05 04:38:00+00:00,9779.43,9785.61,9779.43,9782.82,6.00911,2020,6,5
2020-06-05 04:39:00+00:00,9782.96,9786.24,9777.5,9777.93,13.232973,2020,6,5
2020-06-05 04:40:00+00:00,9777.93,9786.73,9769.08,9782.89,29.407518,2020,6,5
2020-06-05 04:41:00+00:00,9782.48,9785.49,9777.54,9779.24,21.70466,2020,6,5
2020-06-05 04:42:00+00:00,9779.15,9782.99,9778.83,9779.01,8.745076,2020,6,5
2020-06-05 04:43:00+00:00,9779.01,9784.44,9776.55,9783.05,17.55326,2020,6,5
2020-06-05 04:44:00+00:00,9783.46,9786.24,9778.24,9786.17,16.773211,2020,6,5
2020-06-05 04:45:00+00:00,9785.47,9786.71,9780.87,9783.28,14.736287,2020,6,5
2020-06-05 04:46:00+00:00,9783.28,9787.23,9780.11,9783.31,8.707441,2020,6,5
2020-06-05 04:47:00+00:00,9783.34,9784.78,9780.0,9780.05,6.928582,2020,6,5
2020-06-05 04:48:00+00:00,9780.05,9787.08,9777.0,9781.32,18.489166,2020,6,5
2020-06-05 04:49:00+00:00,9781.54,9783.71,9780.01,9782.99,11.147816,2020,6,5
2020-06-05 04:50:00+00:00,9782.99,9787.36,9772.13,9774.69,74.951268,2020,6,5
2020-06-05 04:51:00+00:00,9775.67,9782.71,9768.82,9773.07,40.311135,2020,6,5
2020-06-05 04:52:00+00:00,9773.48,9775.51,9768.95,9773.86,18.13052,2020,6,5
2020-06-05 04:53:00+00:00,9774.88,9779.12,9773.0,9773.73,9.915661,2020,6,5
2020-06-05 04:54:00+00:00,9773.7,9773.7,9769.0,9770.74,19.964705,2020,6,5
2020-06-05 04:55:00+00:00,9770.75,9776.2,9768.82,9769.39,16.592473,2020,6,5
2020-06-05 04:56:00+00:00,9769.39,9772.41,9757.49,9771.63,105.877962,2020,6,5
2020-06-05 04:57:00+00:00,9771.59,9777.04,9771.59,9773.5,44.603741,2020,6,5
2020-06-05 04:58:00+00:00,9773.5,9789.8,9771.33,9784.29,23.499985,2020,6,5
2020-06-05 04:59:00+00:00,9784.3,9788.38,9782.35,9783.7,5.937244,2020,6,5
2020-06-05 05:00:00+00:00,9784.53,9794.59,9784.22,9788.3,23.817591,2020,6,5
2020-06-05 05:01:00+00:00,9788.3,9792.59,9785.01,9786.1,10.234431,2020,6,5
2020-06-05 05:02:00+00:00,9786.31,9790.75,9785.92,9787.21,17.722138,2020,6,5
2020-06-05 05:03:00+00:00,9787.82,9788.38,9785.01,9786.82,7.77943,2020,6,5
2020-06-05 05:04:00+00:00,9786.81,9792.5,9777.13,9790.65,37.805249,2020,6,5
2020-06-05 05:05:00+00:00,9790.66,9797.22,9789.41,9794.04,18.320413,2020,6,5
2020-06-05 05:06:00+00:00,9793.97,9796.19,9791.81,9795.0,7.86924,2020,6,5
2020-06-05 05:07:00+00:00,9795.0,9800.0,9791.05,9794.28,11.310718,2020,6,5
2020-06-05 05:08:00+00:00,9794.07,9797.69,9794.07,9797.21,5.73219,2020,6,5
2020-06-05 05:09:00+00:00,9796.68,9799.71,9796.63,9797.6,11.157652,2020,6,5
2020-06-05 05:10:00+00:00,9797.6,9799.9,9792.67,9792.67,15.83459,2020,6,5
2020-06-05 05:11:00+00:00,9792.67,9797.25,9790.9,9795.16,14.376786,2020,6,5
2020-06-05 05:12:00+00:00,9795.16,9799.09,9794.5,9796.8,17.152423,2020,6,5
2020-06-05 05:13:00+00:00,9796.15,9797.54,9793.56,9796.77,10.039474,2020,6,5
2020-06-05 05:14:00+00:00,9796.06,9799.17,9793.69,9799.08,6.688708,2020,6,5
2020-06-05 05:15:00+00:00,9799.03,9800.0,9792.52,9792.52,19.102861,2020,6,5
2020-06-05 05:16:00+00:00,9791.41,9804.92,9790.05,9804.28,50.159159,2020,6,5
2020-06-05 05:17:00+00:00,9804.24,9805.0,9791.81,9794.82,49.967158,2020,6,5
2020-06-05 05:18:00+00:00,9795.18,9798.93,9791.36,9797.61,20.880914,2020,6,5
2020-06-05 05:19:00+00:00,9797.61,9798.28,9790.79,9796.0,19.144175,2020,6,5
2020-06-05 05:20:00+00:00,9796.02,9799.9,9794.1,9795.9,6.617911,2020,6,5
2020-06-05 05:21:00+00:00,9796.01,9802.0,9795.43,9796.98,24.170758,2020,6,5
2020-06-05 05:22:00+00:00,9796.84,9804.06,9793.66,9802.32,49.226239,2020,6,5
2020-06-05 05:23:00+00:00,9802.62,9802.62,9797.95,9798.26,34.180255,2020,6,5
2020-06-05 05:24:00+00:00,9798.26,9801.25,9798.26,9800.59,20.829216,2020,6,5
2020-06-05 05:25:00+00:00,9800.58,9800.59,9796.68,9796.69,32.93343,2020,6,5
2020-06-05 05:26:00+00:00,9797.17,9801.0,9794.24,9797.1,95.119625,2020,6,5
2020-06-05 05:27:00+00:00,9797.1,9799.98,9794.94,9796.97,63.420134,2020,6,5
2020-06-05 05:28:00+00:00,9796.97,9807.41,9796.02,9804.61,46.660925,2020,6,5
2020-06-05 05:29:00+00:00,9804.61,9806.26,9800.0,9800.35,47.341143,2020,6,5
2020-06-05 05:30:00+00:00,9800.35,9800.35,9800.0,9800.35,64.725107,2020,6,5
2020-06-05 05:31:00+00:00,9800.35,9800.35,9793.72,9795.18,84.615403,2020,6,5
2020-06-05 05:32:00+00:00,9795.18,9800.86,9793.28,9794.26,40.044649,2020,6,5
2020-06-05 05:33:00+00:00,9794.42,9796.44,9784.99,9786.71,40.780137,2020,6,5
2020-06-05 05:34:00+00:00,9787.16,9787.95,9782.77,9786.98,14.620814,2020,6,5
2020-06-05 05:35:00+00:00,9786.85,9788.78,9786.0,9788.77,6.218114,2020,6,5
2020-06-05 05:36:00+00:00,9788.77,9789.0,9786.74,9787.91,3.482136,2020,6,5
2020-06-05 05:37:00+00:00,9787.74,9789.55,9782.6,9782.84,7.336805,2020,6,5
2020-06-05 05:38:00+00:00,9782.6,9782.83,9776.96,9781.79,18.591725,2020,6,5
2020-06-05 05:39:00+00:00,9781.79,9785.37,9781.0,9782.16,13.559392,2020,6,5
2020-06-05 05:40:00+00:00,9781.79,9783.94,9781.02,9782.23,7.533694,2020,6,5
2020-06-05 05:41:00+00:00,9782.16,9788.61,9781.34,9785.16,22.530817,2020,6,5
2020-06-05 05:42:00+00:00,9785.17,9789.49,9780.4,9785.75,11.238337,2020,6,5
2020-06-05 05:43:00+00:00,9785.58,9786.14,9784.13,9785.19,3.176078,2020,6,5
2020-06-05 05:44:00+00:00,9785.98,9787.0,9782.65,9782.67,16.14624,2020,6,5
2020-06-05 05:45:00+00:00,9782.68,9787.0,9780.24,9785.88,13.305002,2020,6,5
2020-06-05 05:46:00+00:00,9785.87,9787.97,9782.8,9787.96,8.055682,2020,6,5
2020-06-05 05:47:00+00:00,9787.96,9790.68,9781.9,9789.35,15.098814,2020,6,5
2020-06-05 05:48:00+00:00,9789.35,9790.63,9784.5,9788.7,5.031742,2020,6,5
2020-06-05 05:49:00+00:00,9789.07,9791.09,9780.0,9787.71,27.723388,2020,6,5
2020-06-05 05:50:00+00:00,9787.38,9789.17,9784.34,9788.21,7.286753,2020,6,5
2020-06-05 05:51:00+00:00,9788.0,9789.17,9785.16,9787.57,4.945206,2020,6,5
2020-06-05 05:52:00+00:00,9787.58,9788.0,9782.51,9784.86,11.497517,2020,6,5
2020-06-05 05:53:00+00:00,9784.86,9785.7,9781.87,9781.88,10.051511,2020,6,5
2020-06-05 05:54:00+00:00,9781.87,9782.96,9780.0,9781.14,7.942971,2020,6,5
2020-06-05 05:55:00+00:00,9781.13,9781.9,9774.5,9781.09,23.650716,2020,6,5
2020-06-05 05:56:00+00:00,9781.09,9785.0,9780.09,9785.0,14.417857,2020,6,5
2020-06-05 05:57:00+00:00,9784.99,9784.99,9778.78,9781.21,17.235057,2020,6,5
2020-06-05 05:58:00+00:00,9781.17,9790.0,9781.17,9788.39,54.970411,2020,6,5
2020-06-05 05:59:00+00:00,9788.39,9791.76,9786.92,9790.41,6.791897,2020,6,5
2020-06-05 06:00:00+00:00,9790.0,9791.55,9782.08,9783.54,12.687465,2020,6,5
2020-06-05 06:01:00+00:00,9783.57,9784.73,9778.15,9779.24,23.339528,2020,6,5
2020-06-05 06:02:00+00:00,9778.2,9782.8,9762.13,9775.52,83.81154,2020,6,5
2020-06-05 06:03:00+00:00,9775.51,9777.27,9774.56,9775.71,9.201734,2020,6,5
2020-06-05 06:04:00+00:00,9775.13,9780.85,9773.48,9775.72,13.088117,2020,6,5
2020-06-05 06:05:00+00:00,9775.72,9777.04,9770.01,9772.21,7.832379,2020,6,5
2020-06-05 06:06:00+00:00,9772.22,9773.46,9770.0,9771.89,11.031193,2020,6,5
2020-06-05 06:07:00+00:00,9771.88,9774.73,9771.4,9773.6,15.547141,2020,6,5
2020-06-05 06:08:00+00:00,9773.6,9776.11,9770.0,9770.76,22.202227,2020,6,5
2020-06-05 06:09:00+00:00,9770.18,9776.19,9765.0,9772.43,31.041383,2020,6,5
2020-06-05 06:10:00+00:00,9772.39,9774.98,9767.13,9772.14,10.627595,2020,6,5
2020-06-05 06:11:00+00:00,9771.9,9775.14,9770.0,9771.83,19.401314,2020,6,5
2020-06-05 06:12:00+00:00,9771.46,9773.49,9762.5,9766.76,23.378207,2020,6,5
2020-06-05 06:13:00+00:00,9766.0,9770.49,9763.78,9766.21,14.782808,2020,6,5
2020-06-05 06:14:00+00:00,9766.99,9766.99,9759.25,9761.59,23.300193,2020,6,5
2020-06-05 06:15:00+00:00,9761.59,9767.27,9756.65,9763.9,49.80118,2020,6,5
2020-06-05 06:16:00+00:00,9763.53,9765.09,9759.0,9761.82,10.737617,2020,6,5
2020-06-05 06:17:00+00:00,9762.43,9770.07,9761.51,9767.85,15.118782,2020,6,5
2020-06-05 06:18:00+00:00,9768.57,9773.86,9767.82,9773.39,22.527333,2020,6,5
2020-06-05 06:19:00+00:00,9773.4,9775.08,9769.15,9773.44,13.945444,2020,6,5
2020-06-05 06:20:00+00:00,9773.43,9776.61,9771.05,9772.28,18.750055,2020,6,5
2020-06-05 06:21:00+00:00,9772.28,9775.85,9772.27,9775.7,7.07623,2020,6,5
2020-06-05 06:22:00+00:00,9775.74,9776.15,9769.71,9772.54,17.431532,2020,6,5
2020-06-05 06:23:00+00:00,9772.54,9772.54,9769.58,9769.59,18.857396,2020,6,5
2020-06-05 06:24:00+00:00,9769.58,9774.98,9769.54,9774.42,19.049834,2020,6,5
2020-06-05 06:25:00+00:00,9774.44,9774.69,9771.59,9772.35,13.197311,2020,6,5
2020-06-05 06:26:00+00:00,9772.35,9772.35,9770.31,9771.07,9.875153,2020,6,5
2020-06-05 06:27:00+00:00,9771.03,9771.03,9767.4,9767.83,11.099344,2020,6,5
2020-06-05 06:28:00+00:00,9767.34,9768.77,9763.96,9766.04,13.898143,2020,6,5
2020-06-05 06:29:00+00:00,9766.05,9769.43,9761.63,9761.98,26.038461,2020,6,5
2020-06-05 06:30:00+00:00,9761.99,9765.4,9725.0,9749.0,293.982273,2020,6,5
2020-06-05 06:31:00+00:00,9748.32,9752.56,9733.49,9745.0,59.349018,2020,6,5
2020-06-05 06:32:00+00:00,9746.57,9752.0,9742.92,9750.52,23.892212,2020,6,5
2020-06-05 06:33:00+00:00,9750.52,9764.78,9748.08,9749.34,67.489903,2020,6,5
2020-06-05 06:34:00+00:00,9748.71,9755.79,9748.38,9754.7,12.312009,2020,6,5
2020-06-05 06:35:00+00:00,9754.69,9756.22,9733.55,9740.2,68.490675,2020,6,5
2020-06-05 06:36:00+00:00,9740.74,9751.72,9740.74,9749.76,16.776875,2020,6,5
2020-06-05 06:37:00+00:00,9750.42,9792.85,9750.42,9790.11,153.47261,2020,6,5
2020-06-05 06:38:00+00:00,9790.11,9806.29,9790.09,9796.79,126.52814,2020,6,5
2020-06-05 06:39:00+00:00,9797.57,9799.95,9793.12,9795.06,15.593235,2020,6,5
2020-06-05 06:40:00+00:00,9794.75,9801.79,9794.04,9800.0,19.518499,2020,6,5
2020-06-05 06:41:00+00:00,9800.0,9805.82,9793.66,9796.06,95.917581,2020,6,5
2020-06-05 06:42:00+00:00,9796.03,9800.43,9795.75,9798.11,10.193811,2020,6,5
2020-06-05 06:43:00+00:00,9797.29,9798.87,9795.0,9797.06,12.876075,2020,6,5
2020-06-05 06:44:00+00:00,9797.07,9797.62,9791.7,9794.07,19.090393,2020,6,5
2020-06-05 06:45:00+00:00,9794.02,9801.48,9791.65,9791.65,34.884217,2020,6,5
2020-06-05 06:46:00+00:00,9791.66,9795.01,9791.52,9792.63,8.315529,2020,6,5
2020-06-05 06:47:00+00:00,9792.63,9798.49,9792.0,9793.84,27.951512,2020,6,5
2020-06-05 06:48:00+00:00,9795.04,9800.0,9793.61,9796.66,39.100388,2020,6,5
2020-06-05 06:49:00+00:00,9797.29,9800.0,9795.87,9798.97,18.595559,2020,6,5
2020-06-05 06:50:00+00:00,9798.96,9804.29,9797.6,9800.37,41.104729,2020,6,5
2020-06-05 06:51:00+00:00,9799.23,9801.99,9799.17,9801.62,8.280802,2020,6,5
2020-06-05 06:52:00+00:00,9801.68,9804.38,9797.42,9798.12,27.087838,2020,6,5
2020-06-05 06:53:00+00:00,9798.4,9801.19,9795.01,9799.21,26.925966,2020,6,5
2020-06-05 06:54:00+00:00,9799.21,9802.38,9799.21,9800.93,13.113222,2020,6,5
2020-06-05 06:55:00+00:00,9801.08,9801.08,9795.78,9796.13,16.132484,2020,6,5
2020-06-05 06:56:00+00:00,9796.22,9801.43,9795.12,9798.59,28.442316,2020,6,5
2020-06-05 06:57:00+00:00,9798.59,9800.0,9796.93,9800.0,17.010981,2020,6,5
2020-06-05 06:58:00+00:00,9799.99,9805.0,9799.58,9804.88,12.714466,2020,6,5
2020-06-05 06:59:00+00:00,9804.95,9804.95,9796.17,9799.21,23.498677,2020,6,5
2020-06-05 07:00:00+00:00,9799.2,9799.2,9776.86,9782.93,95.038446,2020,6,5
2020-06-05 07:01:00+00:00,9781.88,9784.47,9776.57,9780.33,22.555177,2020,6,5
2020-06-05 07:02:00+00:00,9780.3,9783.15,9777.98,9782.35,19.217882,2020,6,5
2020-06-05 07:03:00+00:00,9781.98,9783.79,9778.8,9782.17,12.740802,2020,6,5
2020-06-05 07:04:00+00:00,9782.19,9785.19,9778.61,9782.3,18.802863,2020,6,5
2020-06-05 07:05:00+00:00,9782.3,9782.3,9779.17,9780.88,12.444463,2020,6,5
2020-06-05 07:06:00+00:00,9780.87,9781.83,9779.85,9781.7,6.46067,2020,6,5
2020-06-05 07:07:00+00:00,9781.44,9786.97,9781.4,9784.1,13.632715,2020,6,5
2020-06-05 07:08:00+00:00,9784.08,9784.08,9780.0,9780.38,7.625209,2020,6,5
2020-06-05 07:09:00+00:00,9780.02,9780.02,9776.17,9776.78,14.775821,2020,6,5
2020-06-05 07:10:00+00:00,9777.23,9780.94,9777.23,9778.18,14.524307,2020,6,5
2020-06-05 07:11:00+00:00,9778.19,9781.58,9778.19,9781.34,8.80691,2020,6,5
2020-06-05 07:12:00+00:00,9781.34,9785.44,9780.48,9785.44,30.956103,2020,6,5
2020-06-05 07:13:00+00:00,9785.43,9788.54,9783.67,9784.24,20.81136,2020,6,5
2020-06-05 07:14:00+00:00,9784.23,9786.28,9780.3,9781.4,22.248433,2020,6,5
2020-06-05 07:15:00+00:00,9781.4,9788.22,9779.57,9779.57,27.940536,2020,6,5
2020-06-05 07:16:00+00:00,9779.75,9782.89,9779.45,9781.93,28.201657,2020,6,5
2020-06-05 07:17:00+00:00,9781.91,9782.84,9775.17,9778.0,20.243631,2020,6,5
2020-06-05 07:18:00+00:00,9778.01,9779.35,9776.66,9777.99,7.555025,2020,6,5
2020-06-05 07:19:00+00:00,9777.99,9781.9,9776.04,9779.07,20.261824,2020,6,5
2020-06-05 07:20:00+00:00,9778.37,9779.81,9772.0,9776.19,38.275936,2020,6,5
2020-06-05 07:21:00+00:00,9776.19,9776.61,9760.21,9773.03,106.63758,2020,6,5
2020-06-05 07:22:00+00:00,9773.31,9776.16,9771.43,9775.92,26.360789,2020,6,5
2020-06-05 07:23:00+00:00,9775.71,9779.49,9775.09,9778.49,8.983243,2020,6,5
2020-06-05 07:24:00+00:00,9778.64,9785.8,9778.4,9784.1,17.917563,2020,6,5
2020-06-05 07:25:00+00:00,9784.1,9784.1,9776.47,9777.8,14.061079,2020,6,5
2020-06-05 07:26:00+00:00,9777.63,9781.74,9777.56,9779.1,25.770182,2020,6,5
2020-06-05 07:27:00+00:00,9779.09,9779.88,9776.34,9777.91,14.848373,2020,6,5
2020-06-05 07:28:00+00:00,9778.96,9779.14,9770.43,9771.43,15.761677,2020,6,5
2020-06-05 07:29:00+00:00,9771.46,9771.94,9769.63,9770.31,12.54749,2020,6,5
2020-06-05 07:30:00+00:00,9770.31,9773.19,9767.97,9773.19,29.791661,2020,6,5
2020-06-05 07:31:00+00:00,9773.19,9776.28,9769.97,9771.0,15.467843,2020,6,5
2020-06-05 07:32:00+00:00,9770.97,9771.31,9765.5,9768.94,10.684968,2020,6,5
2020-06-05 07:33:00+00:00,9768.93,9769.54,9764.98,9767.45,25.750393,2020,6,5
2020-06-05 07:34:00+00:00,9767.46,9767.46,9765.68,9766.34,19.248288,2020,6,5
2020-06-05 07:35:00+00:00,9766.33,9766.34,9763.43,9763.96,10.813464,2020,6,5
2020-06-05 07:36:00+00:00,9763.93,9769.15,9763.93,9765.75,19.553527,2020,6,5
2020-06-05 07:37:00+00:00,9765.75,9774.2,9765.74,9771.65,43.361715,2020,6,5
2020-06-05 07:38:00+00:00,9771.84,9772.71,9765.01,9766.99,21.638376,2020,6,5
2020-06-05 07:39:00+00:00,9766.66,9771.3,9765.7,9768.0,19.586067,2020,6,5
2020-06-05 07:40:00+00:00,9768.01,9770.0,9766.08,9766.63,22.154503,2020,6,5
2020-06-05 07:41:00+00:00,9767.29,9773.7,9766.96,9771.13,20.930796,2020,6,5
2020-06-05 07:42:00+00:00,9771.14,9777.0,9768.13,9768.34,64.483377,2020,6,5
2020-06-05 07:43:00+00:00,9768.27,9772.05,9768.1,9771.55,17.359597,2020,6,5
2020-06-05 07:44:00+00:00,9771.81,9773.97,9770.98,9772.35,7.967847,2020,6,5
2020-06-05 07:45:00+00:00,9772.36,9772.36,9767.66,9769.51,21.856578,2020,6,5
2020-06-05 07:46:00+00:00,9769.51,9770.53,9766.02,9767.58,6.160301,2020,6,5
2020-06-05 07:47:00+00:00,9767.45,9770.66,9766.78,9770.28,18.635963,2020,6,5
2020-06-05 07:48:00+00:00,9769.97,9775.18,9769.97,9772.06,12.819914,2020,6,5
2020-06-05 07:49:00+00:00,9772.06,9774.27,9772.0,9772.0,11.215059,2020,6,5
2020-06-05 07:50:00+00:00,9772.13,9773.02,9763.53,9765.62,25.726759,2020,6,5
2020-06-05 07:51:00+00:00,9765.62,9766.63,9762.48,9762.75,8.95755,2020,6,5
2020-06-05 07:52:00+00:00,9763.48,9766.12,9759.59,9761.17,23.070141,2020,6,5
2020-06-05 07:53:00+00:00,9761.17,9763.5,9760.26,9761.89,13.138304,2020,6,5
2020-06-05 07:54:00+00:00,9761.87,9762.94,9760.0,9760.85,15.351423,2020,6,5
2020-06-05 07:55:00+00:00,9760.85,9762.42,9750.1,9761.86,44.804991,2020,6,5
2020-06-05 07:56:00+00:00,9761.1,9763.37,9758.11,9763.37,22.680946,2020,6,5
2020-06-05 07:57:00+00:00,9764.0,9766.75,9761.4,9766.48,19.451504,2020,6,5
2020-06-05 07:58:00+00:00,9766.48,9767.81,9761.92,9765.0,26.495722,2020,6,5
2020-06-05 07:59:00+00:00,9764.94,9780.0,9763.49,9774.64,40.65496,2020,6,5
2020-06-05 08:00:00+00:00,9774.27,9781.57,9770.57,9779.96,44.202105,2020,6,5
2020-06-05 08:01:00+00:00,9779.96,9783.44,9779.96,9781.67,17.566832,2020,6,5
2020-06-05 08:02:00+00:00,9781.74,9789.49,9774.0,9784.33,68.587066,2020,6,5
2020-06-05 08:03:00+00:00,9784.89,9788.32,9782.52,9784.22,16.950251,2020,6,5
2020-06-05 08:04:00+00:00,9784.76,9784.76,9764.43,9778.75,102.532884,2020,6,5
2020-06-05 08:05:00+00:00,9778.54,9789.11,9776.84,9784.83,38.296151,2020,6,5
2020-06-05 08:06:00+00:00,9783.98,9784.25,9775.52,9778.55,18.937484,2020,6,5
2020-06-05 08:07:00+00:00,9778.55,9781.72,9776.82,9778.07,13.948599,2020,6,5
2020-06-05 08:08:00+00:00,9778.01,9779.42,9778.0,9778.33,3.395278,2020,6,5
2020-06-05 08:09:00+00:00,9778.15,9783.48,9767.89,9768.53,28.974916,2020,6,5
2020-06-05 08:10:00+00:00,9768.53,9770.98,9768.53,9769.55,7.443443,2020,6,5
2020-06-05 08:11:00+00:00,9769.59,9769.59,9756.38,9763.02,80.133202,2020,6,5
2020-06-05 08:12:00+00:00,9763.02,9766.81,9759.23,9763.56,16.417736,2020,6,5
2020-06-05 08:13:00+00:00,9763.56,9766.5,9761.41,9762.44,11.498986,2020,6,5
2020-06-05 08:14:00+00:00,9762.36,9764.02,9745.0,9753.26,100.700315,2020,6,5
2020-06-05 08:15:00+00:00,9753.26,9753.26,9742.17,9746.92,27.140449,2020,6,5
2020-06-05 08:16:00+00:00,9746.5,9766.2,9745.58,9760.85,43.043838,2020,6,5
2020-06-05 08:17:00+00:00,9761.48,9761.48,9631.77,9692.04,1400.302613,2020,6,5
2020-06-05 08:18:00+00:00,9692.04,9714.0,9667.01,9699.24,298.755194,2020,6,5
2020-06-05 08:19:00+00:00,9698.85,9777.52,9690.1,9758.6,277.396013,2020,6,5
2020-06-05 08:20:00+00:00,9756.43,9795.0,9743.65,9791.5,352.410164,2020,6,5
2020-06-05 08:21:00+00:00,9791.5,9794.99,9771.91,9788.81,121.8057,2020,6,5
2020-06-05 08:22:00+00:00,9788.81,9790.22,9783.01,9787.03,63.914874,2020,6,5
2020-06-05 08:23:00+00:00,9787.7,9789.6,9740.82,9782.01,120.248666,2020,6,5
2020-06-05 08:24:00+00:00,9782.03,9783.37,9763.56,9777.48,84.185635,2020,6,5
2020-06-05 08:25:00+00:00,9777.47,9785.0,9767.62,9774.52,52.477385,2020,6,5
2020-06-05 08:26:00+00:00,9775.14,9784.07,9774.5,9782.16,16.659726,2020,6,5
2020-06-05 08:27:00+00:00,9781.72,9785.73,9777.07,9782.3,48.736287,2020,6,5
2020-06-05 08:28:00+00:00,9782.64,9793.98,9780.01,9788.12,46.662901,2020,6,5
2020-06-05 08:29:00+00:00,9788.01,9791.75,9782.42,9787.77,27.350812,2020,6,5
2020-06-05 08:30:00+00:00,9787.76,9814.5,9786.91,9814.5,181.380295,2020,6,5
2020-06-05 08:31:00+00:00,9811.74,9814.95,9798.14,9803.29,143.631269,2020,6,5
2020-06-05 08:32:00+00:00,9802.28,9814.24,9801.0,9804.67,91.390059,2020,6,5
2020-06-05 08:33:00+00:00,9802.8,9807.18,9800.36,9802.87,13.759509,2020,6,5
2020-06-05 08:34:00+00:00,9802.89,9820.01,9798.64,9817.65,115.762098,2020,6,5
2020-06-05 08:35:00+00:00,9816.03,9820.71,9807.51,9819.5,109.888272,2020,6,5
2020-06-05 08:36:00+00:00,9818.68,9823.93,9814.07,9818.49,129.251955,2020,6,5
2020-06-05 08:37:00+00:00,9818.49,9823.93,9814.5,9815.75,60.964307,2020,6,5
2020-06-05 08:38:00+00:00,9815.83,9818.95,9812.52,9816.44,53.388421,2020,6,5
2020-06-05 08:39:00+00:00,9815.64,9819.0,9814.55,9816.21,21.862666,2020,6,5
2020-06-05 08:40:00+00:00,9816.15,9816.15,9805.64,9807.01,34.677182,2020,6,5
2020-06-05 08:41:00+00:00,9807.01,9815.0,9802.61,9815.0,130.392266,2020,6,5
2020-06-05 08:42:00+00:00,9815.0,9844.0,9813.94,9831.5,571.840456,2020,6,5
2020-06-05 08:43:00+00:00,9831.52,9841.49,9831.5,9840.94,123.385576,2020,6,5
2020-06-05 08:44:00+00:00,9841.49,9850.0,9838.13,9842.08,147.859057,2020,6,5
2020-06-05 08:45:00+00:00,9840.99,9854.75,9820.02,9832.38,259.914069,2020,6,5
2020-06-05 08:46:00+00:00,9832.83,9840.23,9827.94,9834.36,61.065475,2020,6,5
2020-06-05 08:47:00+00:00,9835.0,9836.63,9826.47,9830.55,48.791904,2020,6,5
2020-06-05 08:48:00+00:00,9830.25,9832.3,9819.88,9827.03,62.45711,2020,6,5
2020-06-05 08:49:00+00:00,9826.5,9832.35,9825.91,9831.97,41.62757,2020,6,5
2020-06-05 08:50:00+00:00,9831.72,9831.72,9819.34,9821.66,44.177265,2020,6,5
2020-06-05 08:51:00+00:00,9821.65,9830.52,9818.22,9822.31,68.413465,2020,6,5
2020-06-05 08:52:00+00:00,9822.3,9830.0,9822.3,9829.47,36.643157,2020,6,5
2020-06-05 08:53:00+00:00,9829.46,9829.47,9823.05,9826.59,27.501131,2020,6,5
2020-06-05 08:54:00+00:00,9826.58,9829.45,9825.27,9826.94,30.279053,2020,6,5
2020-06-05 08:55:00+00:00,9826.95,9835.92,9826.94,9832.36,91.552788,2020,6,5
2020-06-05 08:56:00+00:00,9832.36,9835.01,9830.0,9834.4,20.681349,2020,6,5
2020-06-05 08:57:00+00:00,9834.4,9834.4,9825.0,9829.99,53.72831,2020,6,5
2020-06-05 08:58:00+00:00,9829.99,9838.22,9829.69,9830.72,79.543962,2020,6,5
2020-06-05 08:59:00+00:00,9831.09,9833.98,9829.15,9833.43,12.201398,2020,6,5
2020-06-05 09:00:00+00:00,9833.44,9840.62,9832.03,9832.93,34.995937,2020,6,5
2020-06-05 09:01:00+00:00,9832.93,9832.93,9826.75,9828.99,25.644249,2020,6,5
2020-06-05 09:02:00+00:00,9829.0,9829.0,9820.08,9823.99,18.579301,2020,6,5
2020-06-05 09:03:00+00:00,9823.92,9825.58,9817.02,9825.58,27.245722,2020,6,5
2020-06-05 09:04:00+00:00,9824.7,9826.5,9820.84,9820.84,13.725162,2020,6,5
2020-06-05 09:05:00+00:00,9820.85,9824.2,9820.84,9823.97,24.526408,2020,6,5
2020-06-05 09:06:00+00:00,9823.97,9831.88,9823.93,9829.19,21.195201,2020,6,5
2020-06-05 09:07:00+00:00,9828.86,9830.75,9824.0,9827.8,13.350567,2020,6,5
2020-06-05 09:08:00+00:00,9827.87,9834.57,9827.03,9828.81,22.001518,2020,6,5
2020-06-05 09:09:00+00:00,9828.82,9831.55,9807.36,9814.64,52.004278,2020,6,5
2020-06-05 09:10:00+00:00,9814.62,9832.08,9814.62,9830.57,44.308785,2020,6,5
2020-06-05 09:11:00+00:00,9830.57,9834.93,9830.5,9833.84,18.221305,2020,6,5
2020-06-05 09:12:00+00:00,9833.83,9834.12,9825.39,9832.43,20.907245,2020,6,5
2020-06-05 09:13:00+00:00,9832.43,9832.43,9823.2,9825.64,31.806134,2020,6,5
2020-06-05 09:14:00+00:00,9825.27,9836.46,9825.27,9835.0,17.497513,2020,6,5
2020-06-05 09:15:00+00:00,9835.0,9835.65,9828.55,9830.97,28.201311,2020,6,5
2020-06-05 09:16:00+00:00,9830.97,9834.46,9830.97,9833.77,26.267637,2020,6,5
2020-06-05 09:17:00+00:00,9833.95,9833.98,9827.72,9830.0,18.282952,2020,6,5
2020-06-05 09:18:00+00:00,9830.0,9831.95,9826.18,9828.0,22.212357,2020,6,5
2020-06-05 09:19:00+00:00,9828.0,9828.0,9820.0,9820.71,15.538322,2020,6,5
2020-06-05 09:20:00+00:00,9821.02,9824.0,9820.43,9821.85,12.37718,2020,6,5
2020-06-05 09:21:00+00:00,9821.85,9822.14,9820.4,9822.13,9.432272,2020,6,5
2020-06-05 09:22:00+00:00,9822.13,9823.0,9819.3,9822.25,21.045206,2020,6,5
2020-06-05 09:23:00+00:00,9822.25,9823.87,9815.0,9820.44,69.385485,2020,6,5
2020-06-05 09:24:00+00:00,9820.69,9822.44,9817.8,9819.13,13.711979,2020,6,5
2020-06-05 09:25:00+00:00,9819.15,9819.15,9815.0,9817.2,24.737251,2020,6,5
2020-06-05 09:26:00+00:00,9817.2,9818.99,9800.97,9809.55,152.119858,2020,6,5
2020-06-05 09:27:00+00:00,9809.55,9816.62,9804.23,9810.05,38.698111,2020,6,5
2020-06-05 09:28:00+00:00,9810.21,9810.21,9804.02,9808.82,21.929458,2020,6,5
2020-06-05 09:29:00+00:00,9808.82,9817.74,9805.54,9817.65,26.961556,2020,6,5
2020-06-05 09:30:00+00:00,9816.0,9818.95,9811.87,9814.27,19.175249,2020,6,5
2020-06-05 09:31:00+00:00,9813.3,9814.22,9805.0,9806.31,17.324617,2020,6,5
2020-06-05 09:32:00+00:00,9806.1,9812.32,9805.17,9811.08,16.853963,2020,6,5
2020-06-05 09:33:00+00:00,9810.91,9813.21,9808.21,9810.69,16.570922,2020,6,5
2020-06-05 09:34:00+00:00,9810.69,9816.96,9808.97,9810.8,14.844957,2020,6,5
2020-06-05 09:35:00+00:00,9810.03,9816.27,9809.0,9812.94,18.336384,2020,6,5
2020-06-05 09:36:00+00:00,9813.34,9815.0,9811.87,9813.69,12.0463,2020,6,5
2020-06-05 09:37:00+00:00,9813.69,9818.42,9813.47,9813.67,8.320921,2020,6,5
2020-06-05 09:38:00+00:00,9814.73,9820.0,9814.73,9818.2,11.764737,2020,6,5
2020-06-05 09:39:00+00:00,9817.2,9822.4,9815.52,9822.22,10.704685,2020,6,5
2020-06-05 09:40:00+00:00,9822.4,9823.4,9816.32,9819.0,42.183979,2020,6,5
2020-06-05 09:41:00+00:00,9819.0,9819.85,9815.11,9818.13,13.305721,2020,6,5
2020-06-05 09:42:00+00:00,9818.12,9820.0,9816.89,9820.0,3.137647,2020,6,5
2020-06-05 09:43:00+00:00,9820.0,9820.0,9810.0,9814.99,33.484945,2020,6,5
2020-06-05 09:44:00+00:00,9814.99,9817.32,9812.44,9813.3,11.246024,2020,6,5
2020-06-05 09:45:00+00:00,9813.06,9813.8,9806.91,9812.18,37.244706,2020,6,5
2020-06-05 09:46:00+00:00,9812.26,9814.11,9810.01,9811.0,23.056922,2020,6,5
2020-06-05 09:47:00+00:00,9811.0,9814.12,9811.0,9813.99,16.273556,2020,6,5
2020-06-05 09:48:00+00:00,9813.99,9818.99,9810.77,9813.16,33.621994,2020,6,5
2020-06-05 09:49:00+00:00,9813.17,9824.54,9813.17,9818.2,47.486884,2020,6,5
2020-06-05 09:50:00+00:00,9818.83,9822.69,9818.2,9822.18,22.184297,2020,6,5
2020-06-05 09:51:00+00:00,9822.8,9828.0,9820.32,9823.38,37.327854,2020,6,5
2020-06-05 09:52:00+00:00,9822.92,9825.83,9822.11,9824.25,9.489447,2020,6,5
2020-06-05 09:53:00+00:00,9824.93,9827.31,9821.78,9825.29,28.289932,2020,6,5
2020-06-05 09:54:00+00:00,9825.29,9833.09,9824.28,9829.77,65.71696,2020,6,5
2020-06-05 09:55:00+00:00,9829.77,9829.77,9821.24,9821.72,30.045214,2020,6,5
2020-06-05 09:56:00+00:00,9821.72,9826.24,9820.46,9824.82,13.759145,2020,6,5
2020-06-05 09:57:00+00:00,9824.6,9829.08,9824.6,9825.0,24.299263,2020,6,5
2020-06-05 09:58:00+00:00,9825.0,9826.92,9823.09,9823.89,13.698713,2020,6,5
2020-06-05 09:59:00+00:00,9823.89,9826.92,9822.03,9824.46,19.429206,2020,6,5
2020-06-05 10:00:00+00:00,9824.46,9824.46,9815.29,9821.02,25.841886,2020,6,5
2020-06-05 10:01:00+00:00,9821.02,9822.93,9820.0,9821.72,18.729731,2020,6,5
2020-06-05 10:02:00+00:00,9821.72,9824.99,9820.0,9820.43,10.4209,2020,6,5
2020-06-05 10:03:00+00:00,9820.44,9822.75,9815.0,9816.36,31.989005,2020,6,5
2020-06-05 10:04:00+00:00,9815.07,9817.22,9808.02,9808.63,48.57886,2020,6,5
2020-06-05 10:05:00+00:00,9808.04,9812.64,9806.21,9810.13,46.415368,2020,6,5
2020-06-05 10:06:00+00:00,9810.13,9811.69,9804.0,9804.01,52.027097,2020,6,5
2020-06-05 10:07:00+00:00,9804.01,9809.56,9802.75,9809.18,26.628128,2020,6,5
2020-06-05 10:08:00+00:00,9809.31,9810.0,9807.01,9809.08,16.120876,2020,6,5
2020-06-05 10:09:00+00:00,9808.86,9810.0,9801.71,9804.96,27.531158,2020,6,5
2020-06-05 10:10:00+00:00,9803.89,9808.84,9726.21,9761.13,463.557523,2020,6,5
2020-06-05 10:11:00+00:00,9760.98,9765.92,9728.5,9758.3,161.741793,2020,6,5
2020-06-05 10:12:00+00:00,9758.3,9776.29,9757.0,9769.48,110.437375,2020,6,5
2020-06-05 10:13:00+00:00,9769.93,9774.89,9762.23,9766.9,79.380195,2020,6,5
2020-06-05 10:14:00+00:00,9765.42,9768.61,9750.0,9752.49,53.052478,2020,6,5
2020-06-05 10:15:00+00:00,9752.5,9752.59,9733.33,9738.43,93.789631,2020,6,5
2020-06-05 10:16:00+00:00,9738.03,9752.44,9733.73,9744.2,111.310218,2020,6,5
2020-06-05 10:17:00+00:00,9745.07,9759.14,9745.06,9757.35,80.776172,2020,6,5
2020-06-05 10:18:00+00:00,9757.57,9757.58,9750.0,9751.99,17.916206,2020,6,5
2020-06-05 10:19:00+00:00,9752.0,9755.45,9736.5,9738.96,79.780338,2020,6,5
2020-06-05 10:20:00+00:00,9738.96,9745.74,9737.29,9742.44,34.625759,2020,6,5
2020-06-05 10:21:00+00:00,9741.05,9744.9,9721.11,9733.68,126.647734,2020,6,5
2020-06-05 10:22:00+00:00,9733.7,9743.88,9685.46,9706.15,329.584866,2020,6,5
2020-06-05 10:23:00+00:00,9705.67,9726.53,9701.55,9719.09,98.511784,2020,6,5
2020-06-05 10:24:00+00:00,9719.01,9724.49,9713.73,9719.8,79.26172,2020,6,5
2020-06-05 10:25:00+00:00,9721.2,9739.31,9719.8,9736.19,48.874604,2020,6,5
2020-06-05 10:26:00+00:00,9736.83,9738.16,9728.28,9733.93,31.180522,2020,6,5
2020-06-05 10:27:00+00:00,9734.0,9741.76,9722.39,9736.21,54.789506,2020,6,5
2020-06-05 10:28:00+00:00,9736.2,9738.84,9731.55,9735.65,28.604902,2020,6,5
2020-06-05 10:29:00+00:00,9736.26,9740.0,9730.0,9735.0,34.006857,2020,6,5
2020-06-05 10:30:00+00:00,9735.0,9735.01,9720.0,9727.25,52.18917,2020,6,5
2020-06-05 10:31:00+00:00,9726.71,9726.77,9720.1,9726.77,35.030494,2020,6,5
2020-06-05 10:32:00+00:00,9726.76,9726.76,9718.15,9724.92,63.007054,2020,6,5
2020-06-05 10:33:00+00:00,9725.47,9726.77,9719.83,9725.67,21.802905,2020,6,5
2020-06-05 10:34:00+00:00,9725.85,9727.14,9722.72,9723.17,30.049982,2020,6,5
2020-06-05 10:35:00+00:00,9723.22,9738.07,9723.21,9737.18,30.430367,2020,6,5
2020-06-05 10:36:00+00:00,9737.18,9737.66,9732.37,9736.1,31.077341,2020,6,5
2020-06-05 10:37:00+00:00,9736.04,9743.08,9735.66,9738.57,43.073311,2020,6,5
2020-06-05 10:38:00+00:00,9739.08,9742.95,9737.49,9740.62,60.252459,2020,6,5
2020-06-05 10:39:00+00:00,9740.63,9745.0,9734.28,9736.35,60.047199,2020,6,5
2020-06-05 10:40:00+00:00,9736.46,9740.21,9733.0,9740.21,35.953457,2020,6,5
2020-06-05 10:41:00+00:00,9740.21,9751.57,9733.13,9750.83,65.162239,2020,6,5
2020-06-05 10:42:00+00:00,9751.47,9752.0,9745.59,9749.0,17.154498,2020,6,5
2020-06-05 10:43:00+00:00,9749.01,9750.0,9740.0,9740.0,27.529895,2020,6,5
2020-06-05 10:44:00+00:00,9740.55,9746.6,9738.85,9742.49,31.128032,2020,6,5
2020-06-05 10:45:00+00:00,9742.79,9742.79,9735.27,9736.73,17.465734,2020,6,5
2020-06-05 10:46:00+00:00,9737.31,9737.56,9729.3,9731.03,54.218788,2020,6,5
2020-06-05 10:47:00+00:00,9731.03,9732.7,9729.21,9729.46,30.86564,2020,6,5
2020-06-05 10:48:00+00:00,9729.23,9737.0,9728.03,9731.67,83.859372,2020,6,5
2020-06-05 10:49:00+00:00,9731.99,9732.97,9730.0,9730.01,11.225225,2020,6,5
2020-06-05 10:50:00+00:00,9730.0,9730.01,9723.8,9726.14,63.736239,2020,6,5
2020-06-05 10:51:00+00:00,9725.8,9726.6,9715.09,9715.97,75.605155,2020,6,5
2020-06-05 10:52:00+00:00,9716.92,9719.99,9705.8,9718.41,76.340246,2020,6,5
2020-06-05 10:53:00+00:00,9718.55,9725.0,9716.36,9721.09,87.179883,2020,6,5
2020-06-05 10:54:00+00:00,9721.12,9721.49,9712.28,9714.0,58.856241,2020,6,5
2020-06-05 10:55:00+00:00,9714.59,9718.68,9711.07,9715.0,54.698978,2020,6,5
2020-06-05 10:56:00+00:00,9715.01,9716.86,9681.0,9688.9,217.894786,2020,6,5
2020-06-05 10:57:00+00:00,9690.0,9702.38,9670.0,9701.93,153.363943,2020,6,5
2020-06-05 10:58:00+00:00,9701.36,9703.91,9670.85,9690.82,161.238511,2020,6,5
2020-06-05 10:59:00+00:00,9689.76,9712.53,9682.44,9700.34,57.843379,2020,6,5
2020-06-05 11:00:00+00:00,9700.32,9700.33,9671.0,9675.0,91.755165,2020,6,5
2020-06-05 11:01:00+00:00,9675.0,9698.91,9660.0,9694.7,165.951002,2020,6,5
2020-06-05 11:02:00+00:00,9693.46,9707.99,9691.21,9694.91,67.619196,2020,6,5
2020-06-05 11:03:00+00:00,9696.43,9705.73,9694.63,9700.37,39.306513,2020,6,5
2020-06-05 11:04:00+00:00,9700.37,9711.0,9700.37,9707.17,29.719462,2020,6,5
2020-06-05 11:05:00+00:00,9707.16,9707.25,9688.07,9693.4,40.988831,2020,6,5
2020-06-05 11:06:00+00:00,9693.54,9709.37,9692.55,9702.87,40.988209,2020,6,5
2020-06-05 11:07:00+00:00,9704.0,9708.6,9701.65,9702.09,11.752188,2020,6,5
2020-06-05 11:08:00+00:00,9702.98,9710.91,9701.8,9707.02,20.209585,2020,6,5
2020-06-05 11:09:00+00:00,9707.31,9710.91,9697.54,9699.18,35.54243,2020,6,5
2020-06-05 11:10:00+00:00,9699.7,9701.45,9690.64,9693.12,27.75864,2020,6,5
2020-06-05 11:11:00+00:00,9692.23,9697.99,9690.0,9697.87,21.243864,2020,6,5
2020-06-05 11:12:00+00:00,9697.83,9704.66,9695.71,9703.21,10.840409,2020,6,5
2020-06-05 11:13:00+00:00,9703.57,9719.97,9702.48,9712.74,76.588685,2020,6,5
2020-06-05 11:14:00+00:00,9712.26,9719.71,9711.36,9717.68,18.107059,2020,6,5
2020-06-05 11:15:00+00:00,9716.62,9716.9,9708.13,9715.17,25.589059,2020,6,5
2020-06-05 11:16:00+00:00,9714.22,9718.17,9713.32,9717.29,12.496515,2020,6,5
2020-06-05 11:17:00+00:00,9717.29,9719.95,9713.48,9713.91,16.720267,2020,6,5
2020-06-05 11:18:00+00:00,9713.92,9718.49,9711.3,9714.76,11.58782,2020,6,5
2020-06-05 11:19:00+00:00,9714.75,9715.8,9700.2,9701.19,55.753149,2020,6,5
2020-06-05 11:20:00+00:00,9702.77,9707.28,9701.19,9704.01,10.781968,2020,6,5
2020-06-05 11:21:00+00:00,9703.96,9713.78,9703.01,9710.99,22.905798,2020,6,5
2020-06-05 11:22:00+00:00,9710.39,9712.7,9709.01,9709.9,7.508438,2020,6,5
2020-06-05 11:23:00+00:00,9709.89,9713.77,9709.0,9709.6,15.741816,2020,6,5
2020-06-05 11:24:00+00:00,9710.45,9736.99,9708.71,9736.52,110.026033,2020,6,5
2020-06-05 11:25:00+00:00,9736.52,9741.58,9727.5,9739.38,63.785042,2020,6,5
2020-06-05 11:26:00+00:00,9739.38,9739.38,9727.01,9731.18,31.173392,2020,6,5
2020-06-05 11:27:00+00:00,9731.14,9731.14,9720.0,9726.04,23.343318,2020,6,5
2020-06-05 11:28:00+00:00,9726.84,9734.34,9725.1,9729.01,35.323898,2020,6,5
2020-06-05 11:29:00+00:00,9729.0,9731.44,9726.0,9726.0,23.014176,2020,6,5
2020-06-05 11:30:00+00:00,9726.0,9726.0,9720.0,9723.0,46.140675,2020,6,5
2020-06-05 11:31:00+00:00,9723.0,9725.92,9722.46,9722.55,13.840705,2020,6,5
2020-06-05 11:32:00+00:00,9722.55,9722.97,9715.0,9719.79,41.025587,2020,6,5
2020-06-05 11:33:00+00:00,9719.79,9725.95,9719.51,9724.82,28.272805,2020,6,5
2020-06-05 11:34:00+00:00,9724.72,9727.93,9722.25,9724.81,19.062771,2020,6,5
2020-06-05 11:35:00+00:00,9724.55,9729.64,9724.0,9724.0,15.592313,2020,6,5
2020-06-05 11:36:00+00:00,9724.01,9726.31,9713.22,9716.34,24.434497,2020,6,5
2020-06-05 11:37:00+00:00,9716.08,9718.5,9712.13,9716.31,19.831797,2020,6,5
2020-06-05 11:38:00+00:00,9717.63,9718.5,9700.6,9702.76,36.481892,2020,6,5
2020-06-05 11:39:00+00:00,9703.56,9709.23,9692.11,9695.61,65.367661,2020,6,5
2020-06-05 11:40:00+00:00,9697.08,9697.17,9669.0,9677.49,251.860388,2020,6,5
2020-06-05 11:41:00+00:00,9677.49,9687.16,9675.0,9679.52,67.120236,2020,6,5
2020-06-05 11:42:00+00:00,9679.52,9688.79,9675.0,9683.09,59.372077,2020,6,5
2020-06-05 11:43:00+00:00,9683.6,9688.39,9678.23,9683.88,60.542447,2020,6,5
2020-06-05 11:44:00+00:00,9684.53,9691.27,9676.0,9691.27,41.337611,2020,6,5
2020-06-05 11:45:00+00:00,9690.67,9691.2,9670.99,9673.43,66.547266,2020,6,5
2020-06-05 11:46:00+00:00,9673.43,9684.65,9672.92,9682.74,42.413675,2020,6,5
2020-06-05 11:47:00+00:00,9682.74,9685.95,9679.99,9685.0,24.296558,2020,6,5
2020-06-05 11:48:00+00:00,9685.0,9690.31,9683.0,9685.01,59.098172,2020,6,5
2020-06-05 11:49:00+00:00,9685.44,9686.3,9673.68,9674.53,49.558746,2020,6,5
2020-06-05 11:50:00+00:00,9674.24,9692.85,9663.61,9690.0,126.741427,2020,6,5
2020-06-05 11:51:00+00:00,9690.0,9700.0,9681.46,9688.8,75.62498,2020,6,5
2020-06-05 11:52:00+00:00,9688.11,9691.84,9675.0,9678.73,36.165201,2020,6,5
2020-06-05 11:53:00+00:00,9677.26,9680.0,9672.29,9676.61,30.859307,2020,6,5
2020-06-05 11:54:00+00:00,9676.5,9676.5,9581.0,9630.1,876.847707,2020,6,5
2020-06-05 11:55:00+00:00,9630.1,9656.25,9624.3,9649.99,196.397132,2020,6,5
2020-06-05 11:56:00+00:00,9649.57,9676.1,9645.59,9675.08,85.376845,2020,6,5
2020-06-05 11:57:00+00:00,9675.04,9677.74,9666.32,9676.73,65.344728,2020,6,5
2020-06-05 11:58:00+00:00,9676.72,9685.92,9674.74,9683.04,58.170683,2020,6,5
2020-06-05 11:59:00+00:00,9683.3,9697.64,9672.99,9696.6,95.706779,2020,6,5
2020-06-05 12:00:00+00:00,9697.79,9698.0,9671.48,9687.93,99.875685,2020,6,5
2020-06-05 12:01:00+00:00,9688.08,9688.78,9666.76,9668.99,85.513373,2020,6,5
2020-06-05 12:02:00+00:00,9668.97,9676.99,9657.44,9675.47,60.297985,2020,6,5
2020-06-05 12:03:00+00:00,9675.56,9677.41,9665.01,9667.1,31.109523,2020,6,5
2020-06-05 12:04:00+00:00,9668.15,9672.45,9660.0,9671.97,26.929987,2020,6,5
2020-06-05 12:05:00+00:00,9671.72,9680.1,9668.07,9673.0,34.355663,2020,6,5
2020-06-05 12:06:00+00:00,9674.26,9682.97,9672.99,9676.6,45.89934,2020,6,5
2020-06-05 12:07:00+00:00,9678.26,9681.92,9671.86,9680.87,34.926693,2020,6,5
2020-06-05 12:08:00+00:00,9681.35,9687.61,9677.03,9686.28,52.570355,2020,6,5
2020-06-05 12:09:00+00:00,9686.27,9687.8,9683.12,9683.17,15.054198,2020,6,5
2020-06-05 12:10:00+00:00,9684.59,9688.0,9683.15,9685.06,26.0992,2020,6,5
2020-06-05 12:11:00+00:00,9684.63,9687.5,9682.5,9683.39,13.014714,2020,6,5
2020-06-05 12:12:00+00:00,9683.56,9684.32,9672.17,9676.66,41.79941,2020,6,5
2020-06-05 12:13:00+00:00,9677.09,9678.74,9674.57,9674.61,17.062097,2020,6,5
2020-06-05 12:14:00+00:00,9674.61,9674.82,9663.66,9667.04,46.951299,2020,6,5
2020-06-05 12:15:00+00:00,9667.04,9667.43,9645.88,9648.58,67.760373,2020,6,5
2020-06-05 12:16:00+00:00,9648.58,9665.0,9636.0,9660.22,89.223075,2020,6,5
2020-06-05 12:17:00+00:00,9660.22,9665.04,9657.28,9660.6,47.29766,2020,6,5
2020-06-05 12:18:00+00:00,9660.82,9664.09,9660.59,9664.03,14.1817,2020,6,5
2020-06-05 12:19:00+00:00,9664.04,9665.04,9660.0,9660.0,39.771269,2020,6,5
2020-06-05 12:20:00+00:00,9660.0,9660.0,9641.0,9648.4,111.137491,2020,6,5
2020-06-05 12:21:00+00:00,9648.4,9650.0,9639.12,9643.98,59.296248,2020,6,5
2020-06-05 12:22:00+00:00,9643.97,9648.68,9625.0,9631.67,77.251829,2020,6,5
2020-06-05 12:23:00+00:00,9630.17,9653.67,9624.24,9648.54,83.777139,2020,6,5
2020-06-05 12:24:00+00:00,9649.55,9650.42,9644.21,9646.2,38.624839,2020,6,5
2020-06-05 12:25:00+00:00,9646.18,9659.98,9646.14,9655.0,58.753628,2020,6,5
2020-06-05 12:26:00+00:00,9654.99,9657.54,9653.51,9657.31,52.888879,2020,6,5
2020-06-05 12:27:00+00:00,9657.53,9665.0,9656.66,9662.4,44.012979,2020,6,5
2020-06-05 12:28:00+00:00,9661.39,9665.0,9661.0,9662.05,26.69417,2020,6,5
2020-06-05 12:29:00+00:00,9662.04,9663.53,9657.72,9661.71,18.980505,2020,6,5
2020-06-05 12:30:00+00:00,9661.42,9697.99,9660.35,9690.27,130.567391,2020,6,5
2020-06-05 12:31:00+00:00,9688.39,9699.99,9683.5,9694.51,72.994986,2020,6,5
2020-06-05 12:32:00+00:00,9694.41,9704.63,9690.0,9702.97,61.598366,2020,6,5
2020-06-05 12:33:00+00:00,9701.4,9727.97,9701.4,9720.14,176.087731,2020,6,5
2020-06-05 12:34:00+00:00,9719.46,9721.0,9711.49,9713.0,25.152363,2020,6,5
2020-06-05 12:35:00+00:00,9712.04,9720.49,9708.33,9717.87,138.716633,2020,6,5
2020-06-05 12:36:00+00:00,9717.87,9717.88,9706.01,9715.88,28.79664,2020,6,5
2020-06-05 12:37:00+00:00,9715.88,9715.88,9707.52,9711.59,32.966033,2020,6,5
2020-06-05 12:38:00+00:00,9711.59,9711.83,9703.99,9709.11,22.587055,2020,6,5
2020-06-05 12:39:00+00:00,9708.39,9712.71,9705.25,9710.52,28.215014,2020,6,5
2020-06-05 12:40:00+00:00,9710.5,9711.93,9703.16,9710.24,44.4438,2020,6,5
2020-06-05 12:41:00+00:00,9710.24,9710.25,9705.32,9707.93,21.528443,2020,6,5
2020-06-05 12:42:00+00:00,9707.94,9709.02,9703.8,9703.8,25.897726,2020,6,5
2020-06-05 12:43:00+00:00,9703.8,9707.8,9693.44,9706.13,122.055161,2020,6,5
2020-06-05 12:44:00+00:00,9706.13,9706.14,9699.86,9702.62,48.279856,2020,6,5
2020-06-05 12:45:00+00:00,9702.76,9703.0,9691.4,9693.38,58.280986,2020,6,5
2020-06-05 12:46:00+00:00,9694.13,9698.28,9688.21,9692.12,53.583513,2020,6,5
2020-06-05 12:47:00+00:00,9690.0,9694.47,9653.61,9668.33,228.649587,2020,6,5
2020-06-05 12:48:00+00:00,9669.55,9685.17,9665.04,9674.06,72.778984,2020,6,5
2020-06-05 12:49:00+00:00,9674.05,9679.03,9674.0,9676.67,18.349002,2020,6,5
2020-06-05 12:50:00+00:00,9676.67,9687.53,9676.67,9686.72,52.861098,2020,6,5
2020-06-05 12:51:00+00:00,9686.71,9688.6,9681.18,9684.67,39.697791,2020,6,5
2020-06-05 12:52:00+00:00,9684.89,9693.8,9674.14,9689.59,43.215954,2020,6,5
2020-06-05 12:53:00+00:00,9689.34,9690.0,9685.22,9689.63,19.788859,2020,6,5
2020-06-05 12:54:00+00:00,9689.63,9690.0,9681.51,9684.24,49.890253,2020,6,5
2020-06-05 12:55:00+00:00,9682.48,9685.58,9677.0,9684.22,37.15308,2020,6,5
2020-06-05 12:56:00+00:00,9683.71,9684.67,9674.01,9674.01,46.577506,2020,6,5
2020-06-05 12:57:00+00:00,9675.12,9675.74,9664.02,9670.27,60.55117,2020,6,5
2020-06-05 12:58:00+00:00,9670.82,9677.19,9668.97,9676.16,37.620555,2020,6,5
2020-06-05 12:59:00+00:00,9675.78,9677.0,9670.88,9672.88,10.207309,2020,6,5
2020-06-05 13:00:00+00:00,9672.89,9674.45,9668.52,9670.91,50.965597,2020,6,5
2020-06-05 13:01:00+00:00,9670.91,9688.01,9670.0,9682.43,76.395293,2020,6,5
2020-06-05 13:02:00+00:00,9683.88,9689.5,9682.53,9683.0,23.935417,2020,6,5
2020-06-05 13:03:00+00:00,9683.49,9694.64,9683.45,9692.0,28.164646,2020,6,5
2020-06-05 13:04:00+00:00,9692.5,9721.42,9691.61,9700.21,170.236664,2020,6,5
2020-06-05 13:05:00+00:00,9700.21,9707.26,9699.98,9702.04,36.806702,2020,6,5
2020-06-05 13:06:00+00:00,9701.73,9708.31,9701.0,9704.65,27.027329,2020,6,5
2020-06-05 13:07:00+00:00,9704.65,9704.65,9690.26,9695.98,55.723433,2020,6,5
2020-06-05 13:08:00+00:00,9695.97,9699.69,9692.76,9695.0,45.546432,2020,6,5
2020-06-05 13:09:00+00:00,9695.0,9695.01,9687.26,9693.29,66.13881,2020,6,5
2020-06-05 13:10:00+00:00,9693.29,9693.3,9685.0,9686.66,45.705292,2020,6,5
2020-06-05 13:11:00+00:00,9686.48,9706.55,9685.01,9696.25,51.441674,2020,6,5
2020-06-05 13:12:00+00:00,9696.45,9701.82,9694.56,9699.83,28.67321,2020,6,5
2020-06-05 13:13:00+00:00,9699.97,9700.0,9689.01,9692.79,34.141906,2020,6,5
2020-06-05 13:14:00+00:00,9692.8,9693.26,9671.0,9686.3,74.773473,2020,6,5
2020-06-05 13:15:00+00:00,9686.38,9690.0,9666.0,9674.49,35.411002,2020,6,5
2020-06-05 13:16:00+00:00,9674.49,9674.49,9649.0,9668.31,171.381036,2020,6,5
2020-06-05 13:17:00+00:00,9669.34,9680.0,9666.38,9675.84,40.475285,2020,6,5
2020-06-05 13:18:00+00:00,9675.84,9681.42,9675.0,9680.25,18.291768,2020,6,5
2020-06-05 13:19:00+00:00,9680.25,9686.05,9679.0,9685.03,31.910755,2020,6,5
2020-06-05 13:20:00+00:00,9684.49,9684.49,9680.0,9681.0,13.604417,2020,6,5
2020-06-05 13:21:00+00:00,9682.0,9683.89,9671.17,9672.09,19.355877,2020,6,5
2020-06-05 13:22:00+00:00,9671.39,9675.51,9666.2,9669.48,23.79882,2020,6,5
2020-06-05 13:23:00+00:00,9669.36,9673.98,9666.18,9670.0,31.192776,2020,6,5
2020-06-05 13:24:00+00:00,9670.0,9681.1,9669.99,9678.4,26.834923,2020,6,5
2020-06-05 13:25:00+00:00,9678.4,9684.48,9678.39,9682.4,21.431487,2020,6,5
2020-06-05 13:26:00+00:00,9682.01,9684.83,9677.34,9678.98,14.145738,2020,6,5
2020-06-05 13:27:00+00:00,9679.0,9679.96,9676.01,9676.01,10.680715,2020,6,5
2020-06-05 13:28:00+00:00,9676.01,9679.95,9665.03,9665.03,77.632515,2020,6,5
2020-06-05 13:29:00+00:00,9665.03,9671.29,9661.0,9669.33,38.972219,2020,6,5
2020-06-05 13:30:00+00:00,9669.33,9675.44,9665.24,9675.44,10.803455,2020,6,5
2020-06-05 13:31:00+00:00,9675.44,9678.17,9670.0,9672.78,19.602821,2020,6,5
2020-06-05 13:32:00+00:00,9672.79,9677.62,9672.65,9675.01,15.728308,2020,6,5
2020-06-05 13:33:00+00:00,9675.01,9675.41,9668.02,9669.15,25.082723,2020,6,5
2020-06-05 13:34:00+00:00,9668.62,9673.95,9668.06,9673.45,14.401643,2020,6,5
2020-06-05 13:35:00+00:00,9673.5,9673.79,9655.74,9659.95,31.361773,2020,6,5
2020-06-05 13:36:00+00:00,9658.98,9669.01,9657.8,9664.99,21.540475,2020,6,5
2020-06-05 13:37:00+00:00,9664.98,9670.47,9661.56,9669.64,11.28073,2020,6,5
2020-06-05 13:38:00+00:00,9669.85,9678.71,9669.85,9678.71,17.746368,2020,6,5
2020-06-05 13:39:00+00:00,9678.71,9679.94,9677.43,9679.94,8.492843,2020,6,5
2020-06-05 13:40:00+00:00,9679.5,9679.95,9678.0,9678.0,11.669752,2020,6,5
2020-06-05 13:41:00+00:00,9678.0,9678.0,9671.17,9674.0,25.611613,2020,6,5
2020-06-05 13:42:00+00:00,9674.0,9675.92,9670.57,9672.34,12.359533,2020,6,5
2020-06-05 13:43:00+00:00,9672.33,9679.16,9670.56,9678.07,17.818648,2020,6,5
2020-06-05 13:44:00+00:00,9678.08,9698.5,9677.47,9696.34,42.615578,2020,6,5
2020-06-05 13:45:00+00:00,9696.34,9698.64,9687.66,9688.15,40.424283,2020,6,5
2020-06-05 13:46:00+00:00,9688.12,9690.0,9687.65,9689.39,13.081087,2020,6,5
2020-06-05 13:47:00+00:00,9689.39,9695.0,9686.5,9687.44,32.45264,2020,6,5
2020-06-05 13:48:00+00:00,9687.44,9691.81,9686.2,9691.17,24.756265,2020,6,5
2020-06-05 13:49:00+00:00,9691.17,9696.56,9689.53,9693.22,18.831711,2020,6,5
2020-06-05 13:50:00+00:00,9693.21,9715.14,9693.21,9715.06,112.476335,2020,6,5
2020-06-05 13:51:00+00:00,9713.98,9723.0,9706.01,9709.54,170.660397,2020,6,5
2020-06-05 13:52:00+00:00,9709.95,9721.7,9709.47,9716.29,46.839606,2020,6,5
2020-06-05 13:53:00+00:00,9717.98,9726.01,9710.01,9712.38,67.58701,2020,6,5
2020-06-05 13:54:00+00:00,9711.65,9720.0,9707.61,9717.57,47.724163,2020,6,5
2020-06-05 13:55:00+00:00,9717.57,9718.47,9711.0,9711.0,16.63399,2020,6,5
2020-06-05 13:56:00+00:00,9711.0,9722.64,9709.58,9712.29,73.971633,2020,6,5
2020-06-05 13:57:00+00:00,9712.72,9717.15,9710.46,9711.74,48.147996,2020,6,5
2020-06-05 13:58:00+00:00,9711.84,9714.13,9709.46,9710.46,21.100725,2020,6,5
2020-06-05 13:59:00+00:00,9710.46,9714.63,9709.46,9712.36,24.879888,2020,6,5
2020-06-05 14:00:00+00:00,9713.15,9714.91,9709.46,9713.77,49.245653,2020,6,5
2020-06-05 14:01:00+00:00,9713.77,9713.78,9702.13,9707.71,57.095139,2020,6,5
2020-06-05 14:02:00+00:00,9707.6,9708.26,9700.49,9704.77,34.361595,2020,6,5
2020-06-05 14:03:00+00:00,9706.1,9707.65,9700.0,9702.98,97.117223,2020,6,5
2020-06-05 14:04:00+00:00,9702.93,9708.54,9702.13,9702.64,48.740887,2020,6,5
2020-06-05 14:05:00+00:00,9702.64,9702.65,9698.43,9699.35,18.134027,2020,6,5
2020-06-05 14:06:00+00:00,9699.35,9704.32,9699.3,9702.08,34.857839,2020,6,5
2020-06-05 14:07:00+00:00,9702.08,9705.5,9700.74,9705.47,14.097821,2020,6,5
2020-06-05 14:08:00+00:00,9705.47,9708.85,9701.31,9706.5,16.416842,2020,6,5
2020-06-05 14:09:00+00:00,9706.5,9706.79,9688.24,9692.74,54.34575,2020,6,5
2020-06-05 14:10:00+00:00,9693.0,9703.25,9691.41,9699.99,19.937732,2020,6,5
2020-06-05 14:11:00+00:00,9699.99,9715.22,9699.24,9714.6,33.891672,2020,6,5
2020-06-05 14:12:00+00:00,9714.9,9715.2,9705.5,9707.9,32.954101,2020,6,5
2020-06-05 14:13:00+00:00,9707.9,9717.72,9703.77,9712.51,17.890781,2020,6,5
2020-06-05 14:14:00+00:00,9712.5,9720.0,9710.25,9712.4,39.194265,2020,6,5
2020-06-05 14:15:00+00:00,9712.39,9717.66,9710.04,9715.63,26.879548,2020,6,5
2020-06-05 14:16:00+00:00,9715.56,9719.0,9710.34,9710.34,21.692351,2020,6,5
2020-06-05 14:17:00+00:00,9710.35,9718.19,9710.34,9712.42,17.899049,2020,6,5
2020-06-05 14:18:00+00:00,9713.28,9713.88,9703.81,9706.5,17.68892,2020,6,5
2020-06-05 14:19:00+00:00,9707.75,9709.37,9705.21,9705.21,12.090021,2020,6,5
2020-06-05 14:20:00+00:00,9705.63,9708.34,9703.01,9703.01,23.211121,2020,6,5
2020-06-05 14:21:00+00:00,9703.01,9711.62,9700.63,9704.2,26.140152,2020,6,5
2020-06-05 14:22:00+00:00,9703.83,9710.83,9700.2,9709.92,52.777374,2020,6,5
2020-06-05 14:23:00+00:00,9709.54,9709.54,9702.52,9705.28,26.456837,2020,6,5
2020-06-05 14:24:00+00:00,9705.27,9710.0,9703.0,9704.29,55.942963,2020,6,5
2020-06-05 14:25:00+00:00,9704.49,9713.22,9704.27,9712.15,32.224606,2020,6,5
2020-06-05 14:26:00+00:00,9711.99,9712.2,9703.0,9703.85,22.514763,2020,6,5
2020-06-05 14:27:00+00:00,9703.85,9709.39,9703.0,9703.82,25.760987,2020,6,5
2020-06-05 14:28:00+00:00,9703.83,9710.0,9703.0,9704.72,16.518741,2020,6,5
2020-06-05 14:29:00+00:00,9704.72,9712.98,9704.0,9710.88,21.603392,2020,6,5
2020-06-05 14:30:00+00:00,9710.88,9712.48,9707.14,9711.32,16.864942,2020,6,5
2020-06-05 14:31:00+00:00,9711.46,9711.73,9705.0,9706.98,18.497631,2020,6,5
2020-06-05 14:32:00+00:00,9706.99,9710.48,9705.99,9705.99,15.058407,2020,6,5
2020-06-05 14:33:00+00:00,9705.99,9707.88,9693.01,9697.23,104.960568,2020,6,5
2020-06-05 14:34:00+00:00,9697.2,9697.44,9692.89,9695.04,18.264721,2020,6,5
2020-06-05 14:35:00+00:00,9695.04,9698.5,9692.17,9694.6,31.608956,2020,6,5
2020-06-05 14:36:00+00:00,9694.5,9706.9,9693.01,9700.0,27.811244,2020,6,5
2020-06-05 14:37:00+00:00,9700.01,9705.0,9698.15,9704.82,24.000894,2020,6,5
2020-06-05 14:38:00+00:00,9704.82,9708.93,9695.63,9708.59,31.98284,2020,6,5
2020-06-05 14:39:00+00:00,9708.59,9713.21,9704.83,9706.39,49.746945,2020,6,5
2020-06-05 14:40:00+00:00,9706.39,9706.39,9701.5,9704.96,22.005966,2020,6,5
2020-06-05 14:41:00+00:00,9705.1,9713.22,9704.96,9711.3,23.000565,2020,6,5
2020-06-05 14:42:00+00:00,9711.3,9713.5,9706.68,9711.72,19.306618,2020,6,5
2020-06-05 14:43:00+00:00,9711.73,9712.58,9704.99,9707.98,34.417622,2020,6,5
2020-06-05 14:44:00+00:00,9707.4,9710.0,9707.4,9709.77,9.722667,2020,6,5
2020-06-05 14:45:00+00:00,9709.77,9715.0,9709.74,9710.69,16.265589,2020,6,5
2020-06-05 14:46:00+00:00,9710.69,9712.78,9708.0,9712.31,32.711673,2020,6,5
2020-06-05 14:47:00+00:00,9712.31,9712.32,9705.17,9708.54,23.110392,2020,6,5
2020-06-05 14:48:00+00:00,9708.54,9709.08,9708.48,9708.89,17.606745,2020,6,5
2020-06-05 14:49:00+00:00,9708.89,9712.0,9707.0,9712.0,12.870047,2020,6,5
2020-06-05 14:50:00+00:00,9711.99,9714.71,9702.02,9708.58,22.75628,2020,6,5
2020-06-05 14:51:00+00:00,9708.58,9708.59,9702.01,9703.93,22.975549,2020,6,5
2020-06-05 14:52:00+00:00,9703.93,9705.06,9695.04,9696.55,43.941005,2020,6,5
2020-06-05 14:53:00+00:00,9697.73,9698.97,9693.73,9696.35,25.347826,2020,6,5
2020-06-05 14:54:00+00:00,9696.35,9701.8,9676.06,9683.02,92.26052,2020,6,5
2020-06-05 14:55:00+00:00,9683.01,9688.0,9676.06,9683.94,41.944963,2020,6,5
2020-06-05 14:56:00+00:00,9683.56,9686.97,9676.06,9685.38,41.288526,2020,6,5
2020-06-05 14:57:00+00:00,9685.38,9688.0,9680.66,9684.84,25.282039,2020,6,5
2020-06-05 14:58:00+00:00,9684.28,9692.96,9681.96,9689.82,58.885962,2020,6,5
2020-06-05 14:59:00+00:00,9689.82,9690.64,9685.01,9689.07,16.985202,2020,6,5
2020-06-05 15:00:00+00:00,9689.21,9692.69,9687.46,9691.02,18.314374,2020,6,5
2020-06-05 15:01:00+00:00,9691.02,9691.02,9685.01,9685.56,16.080817,2020,6,5
2020-06-05 15:02:00+00:00,9685.57,9685.57,9679.32,9683.56,24.610218,2020,6,5
2020-06-05 15:03:00+00:00,9683.42,9683.66,9660.09,9682.04,144.113403,2020,6,5
2020-06-05 15:04:00+00:00,9682.77,9683.74,9674.17,9680.46,46.403062,2020,6,5
2020-06-05 15:05:00+00:00,9681.07,9682.77,9675.11,9682.2,16.377028,2020,6,5
2020-06-05 15:06:00+00:00,9682.19,9689.48,9681.99,9687.89,15.479733,2020,6,5
2020-06-05 15:07:00+00:00,9687.89,9691.23,9680.05,9687.77,28.158638,2020,6,5
2020-06-05 15:08:00+00:00,9688.45,9693.87,9685.17,9690.0,12.52842,2020,6,5
2020-06-05 15:09:00+00:00,9690.0,9693.78,9688.0,9693.0,21.539587,2020,6,5
2020-06-05 15:10:00+00:00,9693.0,9698.84,9689.9,9693.24,43.136819,2020,6,5
2020-06-05 15:11:00+00:00,9693.03,9695.1,9690.16,9693.3,13.75361,2020,6,5
2020-06-05 15:12:00+00:00,9693.28,9693.29,9681.61,9682.37,15.433374,2020,6,5
2020-06-05 15:13:00+00:00,9682.38,9686.81,9680.0,9683.19,15.624917,2020,6,5
2020-06-05 15:14:00+00:00,9683.19,9684.0,9680.0,9682.03,12.954192,2020,6,5
2020-06-05 15:15:00+00:00,9682.62,9684.54,9678.19,9683.45,17.166743,2020,6,5
2020-06-05 15:16:00+00:00,9683.45,9685.06,9677.69,9677.9,12.750483,2020,6,5
2020-06-05 15:17:00+00:00,9678.03,9679.91,9665.01,9670.0,68.257033,2020,6,5
2020-06-05 15:18:00+00:00,9671.52,9678.96,9669.91,9677.52,19.255017,2020,6,5
2020-06-05 15:19:00+00:00,9677.51,9678.82,9676.87,9676.99,12.354762,2020,6,5
2020-06-05 15:20:00+00:00,9676.98,9683.18,9671.09,9681.63,50.43363,2020,6,5
2020-06-05 15:21:00+00:00,9681.63,9681.63,9676.89,9678.39,6.963377,2020,6,5
2020-06-05 15:22:00+00:00,9678.38,9679.9,9666.75,9670.35,26.632496,2020,6,5
2020-06-05 15:23:00+00:00,9670.0,9672.61,9663.08,9666.05,26.06169,2020,6,5
2020-06-05 15:24:00+00:00,9666.05,9673.4,9664.0,9671.66,37.9924,2020,6,5
2020-06-05 15:25:00+00:00,9670.87,9677.17,9670.3,9672.66,27.213076,2020,6,5
2020-06-05 15:26:00+00:00,9672.67,9675.72,9669.13,9675.34,21.557145,2020,6,5
2020-06-05 15:27:00+00:00,9674.95,9675.71,9669.07,9671.51,18.064488,2020,6,5
2020-06-05 15:28:00+00:00,9671.52,9675.27,9670.0,9672.75,49.975769,2020,6,5
2020-06-05 15:29:00+00:00,9672.76,9672.76,9660.0,9662.94,36.294319,2020,6,5
2020-06-05 15:30:00+00:00,9662.94,9666.55,9652.01,9665.33,56.533167,2020,6,5
2020-06-05 15:31:00+00:00,9664.78,9672.75,9658.75,9671.99,63.2951,2020,6,5
2020-06-05 15:32:00+00:00,9671.25,9678.79,9670.59,9677.65,19.180733,2020,6,5
2020-06-05 15:33:00+00:00,9677.66,9686.66,9677.65,9683.52,39.707883,2020,6,5
2020-06-05 15:34:00+00:00,9683.53,9686.66,9680.78,9680.82,15.598264,2020,6,5
2020-06-05 15:35:00+00:00,9680.83,9688.44,9677.93,9687.38,29.778639,2020,6,5
2020-06-05 15:36:00+00:00,9687.38,9687.94,9683.65,9684.65,12.693474,2020,6,5
2020-06-05 15:37:00+00:00,9684.66,9685.53,9682.04,9684.99,14.9693,2020,6,5
2020-06-05 15:38:00+00:00,9685.0,9686.75,9684.28,9685.8,13.467256,2020,6,5
2020-06-05 15:39:00+00:00,9684.92,9686.66,9684.0,9685.17,6.221148,2020,6,5
2020-06-05 15:40:00+00:00,9685.58,9685.79,9682.56,9685.06,20.072184,2020,6,5
2020-06-05 15:41:00+00:00,9685.06,9685.07,9680.2,9682.03,11.392676,2020,6,5
2020-06-05 15:42:00+00:00,9682.04,9682.58,9674.29,9680.08,34.190151,2020,6,5
2020-06-05 15:43:00+00:00,9679.74,9684.58,9679.71,9681.01,18.983359,2020,6,5
2020-06-05 15:44:00+00:00,9680.53,9692.29,9678.38,9692.28,25.43919,2020,6,5
2020-06-05 15:45:00+00:00,9691.87,9691.88,9688.98,9689.72,19.220819,2020,6,5
2020-06-05 15:46:00+00:00,9689.73,9691.0,9685.74,9690.99,23.331943,2020,6,5
2020-06-05 15:47:00+00:00,9690.98,9690.98,9685.11,9686.47,11.362851,2020,6,5
2020-06-05 15:48:00+00:00,9685.96,9698.68,9685.09,9696.24,20.498157,2020,6,5
2020-06-05 15:49:00+00:00,9696.24,9696.55,9692.35,9696.5,28.703946,2020,6,5
2020-06-05 15:50:00+00:00,9694.98,9699.69,9694.46,9699.43,15.4244,2020,6,5
2020-06-05 15:51:00+00:00,9699.44,9707.69,9699.44,9706.03,38.037356,2020,6,5
2020-06-05 15:52:00+00:00,9706.04,9713.68,9705.0,9709.94,67.21891,2020,6,5
2020-06-05 15:53:00+00:00,9709.29,9711.82,9705.0,9706.85,30.204675,2020,6,5
2020-06-05 15:54:00+00:00,9706.35,9713.18,9705.39,9711.05,28.313547,2020,6,5
2020-06-05 15:55:00+00:00,9711.81,9718.45,9710.23,9715.67,52.397033,2020,6,5
2020-06-05 15:56:00+00:00,9715.67,9716.45,9709.52,9711.63,36.337173,2020,6,5
2020-06-05 15:57:00+00:00,9711.53,9711.64,9701.01,9707.49,38.143657,2020,6,5
2020-06-05 15:58:00+00:00,9707.96,9712.01,9703.87,9706.73,23.706062,2020,6,5
2020-06-05 15:59:00+00:00,9707.53,9718.7,9706.83,9711.75,36.813264,2020,6,5
2020-06-05 16:00:00+00:00,9711.76,9718.1,9706.56,9706.87,51.694607,2020,6,5
2020-06-05 16:01:00+00:00,9706.87,9706.88,9697.0,9699.1,33.659562,2020,6,5
2020-06-05 16:02:00+00:00,9699.11,9704.6,9696.83,9703.46,14.42662,2020,6,5
2020-06-05 16:03:00+00:00,9704.31,9710.0,9701.7,9705.88,26.339124,2020,6,5
2020-06-05 16:04:00+00:00,9706.23,9708.06,9704.96,9706.99,16.71261,2020,6,5
2020-06-05 16:05:00+00:00,9706.99,9717.51,9702.84,9717.51,30.496899,2020,6,5
2020-06-05 16:06:00+00:00,9717.51,9719.91,9715.0,9718.6,41.140463,2020,6,5
2020-06-05 16:07:00+00:00,9718.63,9725.01,9710.0,9710.93,98.204662,2020,6,5
2020-06-05 16:08:00+00:00,9711.62,9715.84,9710.91,9713.39,16.93711,2020,6,5
2020-06-05 16:09:00+00:00,9714.06,9715.52,9707.0,9712.0,26.47735,2020,6,5
2020-06-05 16:10:00+00:00,9711.98,9713.81,9707.0,9707.01,30.157033,2020,6,5
2020-06-05 16:11:00+00:00,9707.0,9712.99,9707.0,9711.0,12.961261,2020,6,5
2020-06-05 16:12:00+00:00,9711.0,9711.01,9707.0,9708.01,10.218006,2020,6,5
2020-06-05 16:13:00+00:00,9708.01,9713.9,9702.43,9710.78,38.753235,2020,6,5
2020-06-05 16:14:00+00:00,9710.78,9726.74,9708.3,9724.52,88.327919,2020,6,5
2020-06-05 16:15:00+00:00,9724.52,9726.57,9715.99,9718.0,45.424666,2020,6,5
2020-06-05 16:16:00+00:00,9718.01,9718.01,9711.02,9712.84,20.365163,2020,6,5
2020-06-05 16:17:00+00:00,9712.84,9718.89,9712.84,9716.23,17.872732,2020,6,5
2020-06-05 16:18:00+00:00,9716.01,9716.5,9711.36,9714.49,15.737088,2020,6,5
2020-06-05 16:19:00+00:00,9714.03,9714.3,9705.5,9709.65,20.447634,2020,6,5
2020-06-05 16:20:00+00:00,9709.65,9711.03,9705.0,9705.08,26.772995,2020,6,5
2020-06-05 16:21:00+00:00,9705.54,9705.54,9694.45,9699.49,48.436369,2020,6,5
2020-06-05 16:22:00+00:00,9699.49,9702.54,9698.09,9700.38,10.758767,2020,6,5
2020-06-05 16:23:00+00:00,9700.43,9710.0,9700.26,9706.7,48.883118,2020,6,5
2020-06-05 16:24:00+00:00,9706.7,9709.99,9701.76,9705.66,16.576354,2020,6,5
2020-06-05 16:25:00+00:00,9705.06,9709.17,9705.0,9706.99,11.963084,2020,6,5
2020-06-05 16:26:00+00:00,9706.98,9706.98,9700.1,9703.29,11.656492,2020,6,5
2020-06-05 16:27:00+00:00,9703.36,9706.86,9700.11,9702.74,9.635247,2020,6,5
2020-06-05 16:28:00+00:00,9702.74,9705.0,9700.0,9701.24,10.277946,2020,6,5
2020-06-05 16:29:00+00:00,9702.0,9706.93,9699.17,9699.17,32.606729,2020,6,5
2020-06-05 16:30:00+00:00,9699.17,9699.37,9693.13,9699.3,25.205848,2020,6,5
2020-06-05 16:31:00+00:00,9699.31,9706.55,9698.34,9704.7,18.082982,2020,6,5
2020-06-05 16:32:00+00:00,9704.23,9709.3,9701.42,9708.14,14.533142,2020,6,5
2020-06-05 16:33:00+00:00,9707.49,9710.44,9707.02,9709.54,11.626553,2020,6,5
2020-06-05 16:34:00+00:00,9709.43,9718.96,9709.43,9716.43,23.306414,2020,6,5
2020-06-05 16:35:00+00:00,9716.42,9718.6,9712.45,9713.53,19.195286,2020,6,5
2020-06-05 16:36:00+00:00,9713.77,9731.18,9712.72,9728.06,100.691496,2020,6,5
2020-06-05 16:37:00+00:00,9728.06,9730.24,9716.04,9717.99,60.923266,2020,6,5
2020-06-05 16:38:00+00:00,9717.96,9735.15,9716.39,9732.9,46.438472,2020,6,5
2020-06-05 16:39:00+00:00,9732.9,9738.16,9727.16,9732.15,41.408929,2020,6,5
2020-06-05 16:40:00+00:00,9732.15,9738.15,9731.89,9735.3,49.055593,2020,6,5
2020-06-05 16:41:00+00:00,9735.29,9736.59,9726.57,9732.89,40.217258,2020,6,5
2020-06-05 16:42:00+00:00,9732.89,9732.9,9726.37,9730.4,21.910197,2020,6,5
2020-06-05 16:43:00+00:00,9730.41,9732.17,9727.55,9729.41,22.310522,2020,6,5
2020-06-05 16:44:00+00:00,9729.41,9738.0,9723.71,9723.84,108.964029,2020,6,5
2020-06-05 16:45:00+00:00,9723.85,9734.28,9723.79,9731.66,24.057611,2020,6,5
2020-06-05 16:46:00+00:00,9731.67,9736.68,9731.31,9733.29,16.58454,2020,6,5
2020-06-05 16:47:00+00:00,9733.29,9738.0,9732.37,9737.34,26.439518,2020,6,5
2020-06-05 16:48:00+00:00,9736.02,9738.0,9731.78,9732.79,23.25902,2020,6,5
2020-06-05 16:49:00+00:00,9732.79,9735.49,9732.76,9733.07,13.39207,2020,6,5
2020-06-05 16:50:00+00:00,9733.06,9733.07,9727.78,9727.78,26.444976,2020,6,5
2020-06-05 16:51:00+00:00,9727.78,9727.78,9722.0,9725.55,20.700215,2020,6,5
2020-06-05 16:52:00+00:00,9725.56,9729.3,9722.68,9727.5,7.258599,2020,6,5
2020-06-05 16:53:00+00:00,9727.5,9732.44,9725.43,9731.82,22.319681,2020,6,5
2020-06-05 16:54:00+00:00,9731.33,9734.42,9722.78,9724.52,9.868285,2020,6,5
2020-06-05 16:55:00+00:00,9724.52,9727.18,9722.67,9727.18,14.113831,2020,6,5
2020-06-05 16:56:00+00:00,9727.7,9729.87,9722.11,9723.7,22.46896,2020,6,5
2020-06-05 16:57:00+00:00,9723.7,9725.5,9722.01,9723.0,7.665208,2020,6,5
2020-06-05 16:58:00+00:00,9723.01,9730.09,9720.0,9722.01,41.258169,2020,6,5
2020-06-05 16:59:00+00:00,9722.0,9727.19,9722.0,9725.03,7.02678,2020,6,5
2020-06-05 17:00:00+00:00,9725.19,9725.76,9717.93,9722.93,13.908307,2020,6,5
2020-06-05 17:01:00+00:00,9722.94,9725.1,9718.44,9718.44,15.274552,2020,6,5
2020-06-05 17:02:00+00:00,9719.47,9724.99,9717.52,9724.22,20.35905,2020,6,5
2020-06-05 17:03:00+00:00,9724.18,9725.45,9723.22,9725.0,9.469294,2020,6,5
2020-06-05 17:04:00+00:00,9724.57,9724.57,9719.65,9724.56,21.682092,2020,6,5
2020-06-05 17:05:00+00:00,9724.56,9725.0,9722.53,9722.56,7.246155,2020,6,5
2020-06-05 17:06:00+00:00,9722.57,9739.05,9720.33,9735.16,53.480641,2020,6,5
2020-06-05 17:07:00+00:00,9735.17,9739.0,9735.16,9738.89,10.044199,2020,6,5
2020-06-05 17:08:00+00:00,9739.0,9745.0,9734.37,9740.52,94.379296,2020,6,5
2020-06-05 17:09:00+00:00,9740.42,9742.33,9735.0,9738.01,31.202655,2020,6,5
2020-06-05 17:10:00+00:00,9738.0,9743.0,9737.8,9741.36,37.600784,2020,6,5
2020-06-05 17:11:00+00:00,9741.13,9743.37,9736.62,9743.36,19.946672,2020,6,5
2020-06-05 17:12:00+00:00,9743.0,9755.82,9740.51,9745.22,162.785877,2020,6,5
2020-06-05 17:13:00+00:00,9745.01,9746.35,9742.39,9742.77,12.479914,2020,6,5
2020-06-05 17:14:00+00:00,9742.96,9747.37,9740.88,9741.56,35.703113,2020,6,5
2020-06-05 17:15:00+00:00,9741.28,9749.43,9741.26,9747.55,40.874688,2020,6,5
2020-06-05 17:16:00+00:00,9744.89,9745.21,9735.59,9737.69,27.629007,2020,6,5
2020-06-05 17:17:00+00:00,9738.49,9741.33,9735.53,9738.93,8.528709,2020,6,5
2020-06-05 17:18:00+00:00,9738.47,9741.46,9737.67,9740.44,5.93334,2020,6,5
2020-06-05 17:19:00+00:00,9740.44,9740.96,9738.0,9739.2,13.204709,2020,6,5
2020-06-05 17:20:00+00:00,9739.06,9748.0,9739.06,9744.37,34.458238,2020,6,5
2020-06-05 17:21:00+00:00,9744.37,9746.28,9741.38,9744.06,13.533044,2020,6,5
2020-06-05 17:22:00+00:00,9744.21,9746.28,9740.74,9743.59,17.773625,2020,6,5
2020-06-05 17:23:00+00:00,9743.59,9743.9,9740.0,9740.01,19.425073,2020,6,5
2020-06-05 17:24:00+00:00,9740.01,9740.02,9727.73,9731.41,65.022136,2020,6,5
2020-06-05 17:25:00+00:00,9730.03,9740.36,9728.59,9740.0,18.677744,2020,6,5
2020-06-05 17:26:00+00:00,9739.97,9741.7,9738.81,9741.68,19.207379,2020,6,5
2020-06-05 17:27:00+00:00,9741.68,9743.0,9738.69,9739.96,9.254253,2020,6,5
2020-06-05 17:28:00+00:00,9740.04,9742.02,9739.47,9741.65,9.778822,2020,6,5
2020-06-05 17:29:00+00:00,9741.65,9746.04,9741.65,9743.69,17.982953,2020,6,5
2020-06-05 17:30:00+00:00,9743.69,9744.63,9740.42,9742.0,20.69757,2020,6,5
2020-06-05 17:31:00+00:00,9741.99,9743.41,9740.0,9741.16,27.597925,2020,6,5
2020-06-05 17:32:00+00:00,9740.39,9740.4,9732.89,9738.21,34.247397,2020,6,5
2020-06-05 17:33:00+00:00,9738.2,9746.87,9736.5,9743.39,59.452151,2020,6,5
2020-06-05 17:34:00+00:00,9743.39,9743.93,9737.4,9743.54,29.412106,2020,6,5
2020-06-05 17:35:00+00:00,9743.54,9743.55,9736.69,9738.53,96.55591,2020,6,5
2020-06-05 17:36:00+00:00,9738.54,9739.7,9735.01,9737.12,17.999628,2020,6,5
2020-06-05 17:37:00+00:00,9737.66,9738.47,9736.22,9737.62,5.012044,2020,6,5
2020-06-05 17:38:00+00:00,9737.61,9741.53,9734.85,9740.76,29.860883,2020,6,5
2020-06-05 17:39:00+00:00,9740.76,9742.93,9736.66,9736.66,39.29132,2020,6,5
2020-06-05 17:40:00+00:00,9737.05,9737.06,9729.01,9733.07,24.175512,2020,6,5
2020-06-05 17:41:00+00:00,9732.97,9733.19,9728.17,9730.78,13.929204,2020,6,5
2020-06-05 17:42:00+00:00,9730.3,9731.97,9727.68,9729.34,6.291338,2020,6,5
2020-06-05 17:43:00+00:00,9729.35,9732.23,9728.85,9730.0,6.946679,2020,6,5
2020-06-05 17:44:00+00:00,9730.0,9731.45,9721.42,9724.66,31.367592,2020,6,5
2020-06-05 17:45:00+00:00,9724.54,9733.25,9724.54,9730.44,27.273206,2020,6,5
2020-06-05 17:46:00+00:00,9731.14,9731.14,9725.0,9728.0,14.852168,2020,6,5
2020-06-05 17:47:00+00:00,9728.0,9730.91,9725.63,9730.8,21.335845,2020,6,5
2020-06-05 17:48:00+00:00,9730.8,9730.8,9727.42,9729.5,13.874,2020,6,5
2020-06-05 17:49:00+00:00,9729.5,9730.3,9720.74,9725.68,20.239245,2020,6,5
2020-06-05 17:50:00+00:00,9725.69,9726.97,9723.15,9725.39,17.530657,2020,6,5
2020-06-05 17:51:00+00:00,9725.59,9726.65,9722.5,9724.0,17.71412,2020,6,5
2020-06-05 17:52:00+00:00,9724.02,9733.0,9724.02,9732.3,34.61774,2020,6,5
2020-06-05 17:53:00+00:00,9732.29,9732.29,9726.83,9728.24,8.825376,2020,6,5
2020-06-05 17:54:00+00:00,9728.61,9729.38,9727.56,9728.48,5.892728,2020,6,5
2020-06-05 17:55:00+00:00,9728.22,9729.95,9722.36,9725.92,21.654061,2020,6,5
2020-06-05 17:56:00+00:00,9727.25,9727.7,9723.33,9725.4,9.749887,2020,6,5
2020-06-05 17:57:00+00:00,9726.08,9727.3,9724.69,9726.38,7.787056,2020,6,5
2020-06-05 17:58:00+00:00,9726.28,9726.3,9722.0,9722.75,24.300201,2020,6,5
2020-06-05 17:59:00+00:00,9724.35,9728.0,9721.03,9724.58,30.455619,2020,6,5
2020-06-05 18:00:00+00:00,9724.57,9727.1,9721.5,9726.57,12.834586,2020,6,5
2020-06-05 18:01:00+00:00,9726.57,9728.99,9725.51,9726.06,10.578432,2020,6,5
2020-06-05 18:02:00+00:00,9726.06,9730.0,9724.69,9727.84,108.891904,2020,6,5
2020-06-05 18:03:00+00:00,9728.09,9737.18,9727.55,9734.01,55.832443,2020,6,5
2020-06-05 18:04:00+00:00,9734.13,9736.29,9730.93,9732.15,18.648955,2020,6,5
2020-06-05 18:05:00+00:00,9732.63,9735.51,9731.61,9735.0,11.325783,2020,6,5
2020-06-05 18:06:00+00:00,9735.0,9736.38,9733.41,9735.18,6.683598,2020,6,5
2020-06-05 18:07:00+00:00,9735.18,9740.0,9733.51,9733.95,29.107567,2020,6,5
2020-06-05 18:08:00+00:00,9734.06,9742.72,9734.06,9741.24,31.138732,2020,6,5
2020-06-05 18:09:00+00:00,9741.24,9742.17,9733.42,9734.54,34.247844,2020,6,5
2020-06-05 18:10:00+00:00,9734.74,9739.99,9734.48,9737.61,13.341653,2020,6,5
2020-06-05 18:11:00+00:00,9737.6,9740.0,9737.6,9739.92,10.792556,2020,6,5
2020-06-05 18:12:00+00:00,9739.92,9739.92,9736.8,9737.32,16.227789,2020,6,5
2020-06-05 18:13:00+00:00,9737.4,9739.96,9733.71,9736.65,26.992738,2020,6,5
2020-06-05 18:14:00+00:00,9736.5,9739.02,9733.02,9733.63,8.005844,2020,6,5
2020-06-05 18:15:00+00:00,9734.71,9740.0,9734.71,9738.99,25.247389,2020,6,5
2020-06-05 18:16:00+00:00,9738.98,9739.0,9736.71,9737.47,6.16687,2020,6,5
2020-06-05 18:17:00+00:00,9737.47,9739.99,9737.47,9738.98,5.172797,2020,6,5
2020-06-05 18:18:00+00:00,9738.75,9739.26,9732.65,9734.05,12.204303,2020,6,5
2020-06-05 18:19:00+00:00,9734.05,9734.36,9732.5,9733.21,8.903576,2020,6,5
2020-06-05 18:20:00+00:00,9733.2,9735.12,9723.96,9727.09,36.363822,2020,6,5
2020-06-05 18:21:00+00:00,9727.09,9730.07,9725.89,9727.82,13.308586,2020,6,5
2020-06-05 18:22:00+00:00,9727.82,9732.58,9727.82,9731.2,4.850658,2020,6,5
2020-06-05 18:23:00+00:00,9731.2,9732.68,9731.0,9732.23,7.343777,2020,6,5
2020-06-05 18:24:00+00:00,9732.14,9732.14,9728.19,9728.36,9.261183,2020,6,5
2020-06-05 18:25:00+00:00,9729.64,9731.71,9728.34,9730.07,9.485007,2020,6,5
2020-06-05 18:26:00+00:00,9730.0,9731.96,9726.88,9728.68,10.242808,2020,6,5
2020-06-05 18:27:00+00:00,9729.46,9731.0,9727.0,9727.0,7.522117,2020,6,5
2020-06-05 18:28:00+00:00,9727.36,9727.44,9724.73,9725.01,14.019413,2020,6,5
2020-06-05 18:29:00+00:00,9725.01,9735.0,9725.01,9733.35,34.136568,2020,6,5
2020-06-05 18:30:00+00:00,9733.33,9733.34,9729.28,9729.99,6.865321,2020,6,5
2020-06-05 18:31:00+00:00,9730.0,9734.05,9729.32,9734.05,24.771763,2020,6,5
2020-06-05 18:32:00+00:00,9734.05,9736.3,9730.96,9733.67,17.151684,2020,6,5
2020-06-05 18:33:00+00:00,9733.67,9733.91,9733.62,9733.82,5.484689,2020,6,5
2020-06-05 18:34:00+00:00,9733.82,9733.91,9732.98,9733.09,24.016102,2020,6,5
2020-06-05 18:35:00+00:00,9733.09,9733.09,9720.01,9726.53,35.998785,2020,6,5
2020-06-05 18:36:00+00:00,9726.52,9737.32,9726.52,9736.36,122.687121,2020,6,5
2020-06-05 18:37:00+00:00,9736.47,9737.56,9732.64,9736.24,18.025841,2020,6,5
2020-06-05 18:38:00+00:00,9736.24,9738.84,9736.24,9737.52,10.621223,2020,6,5
2020-06-05 18:39:00+00:00,9737.47,9740.0,9734.94,9739.86,23.603442,2020,6,5
2020-06-05 18:40:00+00:00,9738.45,9739.9,9735.77,9737.09,14.859158,2020,6,5
2020-06-05 18:41:00+00:00,9737.65,9741.34,9733.71,9737.81,22.649005,2020,6,5
2020-06-05 18:42:00+00:00,9737.82,9740.81,9733.29,9734.24,18.14684,2020,6,5
2020-06-05 18:43:00+00:00,9734.18,9741.12,9733.59,9739.84,6.241606,2020,6,5
2020-06-05 18:44:00+00:00,9739.94,9742.25,9738.99,9739.98,10.061401,2020,6,5
2020-06-05 18:45:00+00:00,9739.98,9741.49,9727.78,9729.57,38.644971,2020,6,5
2020-06-05 18:46:00+00:00,9729.57,9740.0,9729.57,9734.45,23.216206,2020,6,5
2020-06-05 18:47:00+00:00,9735.41,9740.09,9734.3,9739.2,8.174026,2020,6,5
2020-06-05 18:48:00+00:00,9739.21,9740.06,9737.02,9738.99,8.088908,2020,6,5
2020-06-05 18:49:00+00:00,9739.21,9742.43,9737.92,9739.24,9.614596,2020,6,5
2020-06-05 18:50:00+00:00,9739.24,9741.8,9737.5,9738.0,10.292731,2020,6,5
2020-06-05 18:51:00+00:00,9738.29,9739.99,9731.0,9737.98,20.034411,2020,6,5
2020-06-05 18:52:00+00:00,9737.44,9738.01,9735.55,9737.0,7.61453,2020,6,5
2020-06-05 18:53:00+00:00,9737.0,9741.16,9735.9,9738.36,15.257151,2020,6,5
2020-06-05 18:54:00+00:00,9737.46,9745.46,9737.46,9740.0,41.920145,2020,6,5
2020-06-05 18:55:00+00:00,9739.98,9750.0,9739.5,9748.71,58.539561,2020,6,5
2020-06-05 18:56:00+00:00,9748.02,9753.12,9747.0,9751.1,54.770519,2020,6,5
2020-06-05 18:57:00+00:00,9751.55,9751.76,9734.66,9736.61,44.205689,2020,6,5
2020-06-05 18:58:00+00:00,9735.95,9744.4,9733.68,9740.02,23.547971,2020,6,5
2020-06-05 18:59:00+00:00,9740.6,9744.04,9738.14,9739.77,13.141162,2020,6,5
2020-06-05 19:00:00+00:00,9740.79,9749.71,9738.93,9743.27,38.474923,2020,6,5
2020-06-05 19:01:00+00:00,9743.51,9745.43,9740.75,9744.4,27.88743,2020,6,5
2020-06-05 19:02:00+00:00,9744.4,9746.08,9726.67,9727.15,45.394748,2020,6,5
2020-06-05 19:03:00+00:00,9727.29,9736.6,9725.0,9734.41,23.545748,2020,6,5
2020-06-05 19:04:00+00:00,9734.42,9735.66,9723.55,9730.09,49.654435,2020,6,5
2020-06-05 19:05:00+00:00,9731.03,9738.0,9725.42,9728.1,26.721642,2020,6,5
2020-06-05 19:06:00+00:00,9727.44,9729.7,9724.49,9726.4,29.850709,2020,6,5
2020-06-05 19:07:00+00:00,9726.14,9729.43,9726.14,9728.03,5.237662,2020,6,5
2020-06-05 19:08:00+00:00,9728.02,9730.99,9728.0,9728.22,12.499977,2020,6,5
2020-06-05 19:09:00+00:00,9729.14,9730.53,9726.93,9729.65,7.345074,2020,6,5
2020-06-05 19:10:00+00:00,9729.62,9731.05,9725.0,9728.28,16.408993,2020,6,5
2020-06-05 19:11:00+00:00,9727.96,9732.7,9726.54,9731.0,15.825783,2020,6,5
2020-06-05 19:12:00+00:00,9730.81,9730.81,9707.61,9716.23,157.870748,2020,6,5
2020-06-05 19:13:00+00:00,9715.87,9726.41,9715.87,9722.79,10.322787,2020,6,5
2020-06-05 19:14:00+00:00,9722.34,9726.87,9720.26,9725.53,7.343602,2020,6,5
2020-06-05 19:15:00+00:00,9725.17,9730.61,9719.22,9723.41,22.155108,2020,6,5
2020-06-05 19:16:00+00:00,9722.99,9724.36,9721.13,9721.13,6.641752,2020,6,5
2020-06-05 19:17:00+00:00,9721.13,9723.77,9719.13,9721.39,13.294395,2020,6,5
2020-06-05 19:18:00+00:00,9721.67,9727.98,9721.43,9722.3,19.554354,2020,6,5
2020-06-05 19:19:00+00:00,9722.9,9726.46,9722.15,9723.55,5.664785,2020,6,5
2020-06-05 19:20:00+00:00,9723.54,9729.92,9721.38,9729.92,18.677055,2020,6,5
2020-06-05 19:21:00+00:00,9729.92,9729.93,9721.72,9721.72,6.287689,2020,6,5
2020-06-05 19:22:00+00:00,9722.21,9724.91,9721.35,9721.4,7.833539,2020,6,5
2020-06-05 19:23:00+00:00,9721.53,9722.1,9718.83,9720.66,10.263844,2020,6,5
2020-06-05 19:24:00+00:00,9720.86,9725.0,9719.52,9724.46,17.125405,2020,6,5
2020-06-05 19:25:00+00:00,9724.47,9725.0,9721.69,9725.0,5.52673,2020,6,5
2020-06-05 19:26:00+00:00,9725.0,9725.0,9722.82,9723.61,12.577341,2020,6,5
2020-06-05 19:27:00+00:00,9723.37,9725.65,9722.82,9725.49,10.98938,2020,6,5
2020-06-05 19:28:00+00:00,9725.5,9725.5,9720.68,9721.99,3.954277,2020,6,5
2020-06-05 19:29:00+00:00,9721.99,9726.65,9721.78,9722.14,10.965587,2020,6,5
2020-06-05 19:30:00+00:00,9722.14,9722.15,9713.07,9720.05,24.510413,2020,6,5
2020-06-05 19:31:00+00:00,9719.68,9720.0,9713.98,9714.72,5.637967,2020,6,5
2020-06-05 19:32:00+00:00,9714.72,9715.88,9708.36,9710.36,48.778019,2020,6,5
2020-06-05 19:33:00+00:00,9710.71,9712.37,9708.96,9709.55,18.115449,2020,6,5
2020-06-05 19:34:00+00:00,9709.54,9713.8,9707.18,9709.87,22.419331,2020,6,5
2020-06-05 19:35:00+00:00,9709.51,9713.18,9708.98,9711.47,20.389998,2020,6,5
2020-06-05 19:36:00+00:00,9711.49,9712.0,9708.56,9708.58,12.326315,2020,6,5
2020-06-05 19:37:00+00:00,9709.84,9716.08,9709.63,9713.28,13.463073,2020,6,5
2020-06-05 19:38:00+00:00,9713.39,9716.86,9710.42,9712.02,10.002906,2020,6,5
2020-06-05 19:39:00+00:00,9711.98,9714.0,9700.0,9705.41,63.106607,2020,6,5
2020-06-05 19:40:00+00:00,9705.44,9710.07,9704.17,9710.06,15.993959,2020,6,5
2020-06-05 19:41:00+00:00,9710.07,9722.09,9710.07,9720.97,29.899335,2020,6,5
2020-06-05 19:42:00+00:00,9720.96,9720.96,9713.25,9714.39,10.597391,2020,6,5
2020-06-05 19:43:00+00:00,9714.39,9716.82,9713.57,9715.49,7.056611,2020,6,5
2020-06-05 19:44:00+00:00,9715.96,9719.72,9711.42,9718.0,39.598611,2020,6,5
2020-06-05 19:45:00+00:00,9718.47,9718.97,9712.19,9712.47,10.468155,2020,6,5
2020-06-05 19:46:00+00:00,9713.0,9714.32,9710.72,9712.48,9.341175,2020,6,5
2020-06-05 19:47:00+00:00,9712.49,9719.62,9712.48,9719.04,17.443016,2020,6,5
2020-06-05 19:48:00+00:00,9719.05,9727.45,9718.79,9726.18,16.684728,2020,6,5
2020-06-05 19:49:00+00:00,9726.18,9727.39,9721.9,9723.7,50.975877,2020,6,5
2020-06-05 19:50:00+00:00,9722.84,9729.76,9722.33,9727.12,30.79221,2020,6,5
2020-06-05 19:51:00+00:00,9727.63,9736.87,9727.44,9729.29,45.555557,2020,6,5
2020-06-05 19:52:00+00:00,9729.17,9732.23,9724.03,9724.03,35.09666,2020,6,5
2020-06-05 19:53:00+00:00,9724.03,9726.74,9718.79,9725.57,34.230872,2020,6,5
2020-06-05 19:54:00+00:00,9725.66,9726.49,9721.69,9724.0,8.849833,2020,6,5
2020-06-05 19:55:00+00:00,9724.0,9724.81,9719.0,9724.81,24.425419,2020,6,5
2020-06-05 19:56:00+00:00,9724.89,9727.02,9723.0,9725.06,39.775479,2020,6,5
2020-06-05 19:57:00+00:00,9725.02,9730.0,9724.03,9724.12,27.069188,2020,6,5
2020-06-05 19:58:00+00:00,9724.12,9726.38,9720.82,9724.54,8.944515,2020,6,5
2020-06-05 19:59:00+00:00,9725.01,9725.15,9723.39,9725.0,7.560664,2020,6,5
2020-06-05 20:00:00+00:00,9724.99,9729.78,9724.14,9726.35,36.515685,2020,6,5
2020-06-05 20:01:00+00:00,9726.3,9730.0,9723.11,9727.79,28.031391,2020,6,5
2020-06-05 20:02:00+00:00,9727.79,9731.23,9727.79,9730.73,9.693834,2020,6,5
2020-06-05 20:03:00+00:00,9730.63,9732.1,9725.67,9727.32,17.8809,2020,6,5
2020-06-05 20:04:00+00:00,9727.15,9734.59,9727.15,9729.97,8.415012,2020,6,5
2020-06-05 20:05:00+00:00,9729.96,9735.43,9729.83,9734.06,10.141224,2020,6,5
2020-06-05 20:06:00+00:00,9734.1,9734.1,9731.66,9732.99,4.721589,2020,6,5
2020-06-05 20:07:00+00:00,9732.99,9733.79,9727.73,9730.42,10.191872,2020,6,5
2020-06-05 20:08:00+00:00,9730.03,9731.43,9727.73,9730.0,20.163835,2020,6,5
2020-06-05 20:09:00+00:00,9729.75,9729.97,9727.0,9727.0,8.052375,2020,6,5
2020-06-05 20:10:00+00:00,9727.14,9730.0,9727.14,9729.99,7.174002,2020,6,5
2020-06-05 20:11:00+00:00,9729.99,9730.0,9727.02,9728.94,10.721177,2020,6,5
2020-06-05 20:12:00+00:00,9728.35,9730.0,9727.03,9728.56,9.302746,2020,6,5
2020-06-05 20:13:00+00:00,9729.05,9730.0,9728.01,9730.0,9.219336,2020,6,5
2020-06-05 20:14:00+00:00,9729.81,9729.98,9724.47,9727.77,31.303449,2020,6,5
2020-06-05 20:15:00+00:00,9727.77,9729.91,9723.64,9724.27,11.384431,2020,6,5
2020-06-05 20:16:00+00:00,9724.26,9724.87,9720.58,9720.58,13.464108,2020,6,5
2020-06-05 20:17:00+00:00,9720.97,9726.76,9720.57,9726.42,20.099685,2020,6,5
2020-06-05 20:18:00+00:00,9725.6,9729.94,9725.14,9727.91,10.511429,2020,6,5
2020-06-05 20:19:00+00:00,9727.88,9729.88,9726.12,9727.86,6.17237,2020,6,5
2020-06-05 20:20:00+00:00,9727.86,9729.76,9726.9,9727.99,6.401323,2020,6,5
2020-06-05 20:21:00+00:00,9727.99,9729.59,9727.52,9727.74,5.968892,2020,6,5
2020-06-05 20:22:00+00:00,9727.97,9728.04,9722.77,9723.63,10.063776,2020,6,5
2020-06-05 20:23:00+00:00,9723.95,9728.91,9723.95,9725.78,4.940599,2020,6,5
2020-06-05 20:24:00+00:00,9725.79,9726.69,9723.24,9724.41,9.65678,2020,6,5
2020-06-05 20:25:00+00:00,9724.41,9726.59,9720.0,9720.0,21.344405,2020,6,5
2020-06-05 20:26:00+00:00,9720.0,9720.01,9712.27,9713.38,12.506312,2020,6,5
2020-06-05 20:27:00+00:00,9713.41,9713.78,9707.21,9709.82,16.343159,2020,6,5
2020-06-05 20:28:00+00:00,9709.82,9712.47,9704.0,9708.63,28.408069,2020,6,5
2020-06-05 20:29:00+00:00,9708.16,9709.99,9704.0,9705.33,7.853548,2020,6,5
2020-06-05 20:30:00+00:00,9705.42,9705.42,9696.02,9700.01,48.017747,2020,6,5
2020-06-05 20:31:00+00:00,9700.01,9705.4,9696.66,9697.14,10.933402,2020,6,5
2020-06-05 20:32:00+00:00,9697.15,9699.98,9696.67,9698.0,18.863298,2020,6,5
2020-06-05 20:33:00+00:00,9698.81,9703.94,9698.0,9703.17,18.303341,2020,6,5
2020-06-05 20:34:00+00:00,9702.88,9703.39,9697.9,9697.91,11.703086,2020,6,5
2020-06-05 20:35:00+00:00,9697.91,9697.91,9690.48,9692.46,19.014246,2020,6,5
2020-06-05 20:36:00+00:00,9694.2,9694.45,9681.62,9689.68,41.693751,2020,6,5
2020-06-05 20:37:00+00:00,9689.21,9691.97,9682.91,9690.65,15.625532,2020,6,5
2020-06-05 20:38:00+00:00,9690.58,9691.7,9687.66,9689.57,7.742667,2020,6,5
2020-06-05 20:39:00+00:00,9689.58,9696.69,9686.87,9688.02,80.483306,2020,6,5
2020-06-05 20:40:00+00:00,9689.86,9692.94,9688.03,9689.0,16.489201,2020,6,5
2020-06-05 20:41:00+00:00,9689.01,9693.28,9688.02,9689.07,51.245583,2020,6,5
2020-06-05 20:42:00+00:00,9688.59,9690.02,9688.07,9688.5,13.872354,2020,6,5
2020-06-05 20:43:00+00:00,9688.5,9690.02,9688.49,9690.0,7.709088,2020,6,5
2020-06-05 20:44:00+00:00,9689.67,9690.0,9682.45,9682.45,23.291157,2020,6,5
2020-06-05 20:45:00+00:00,9683.16,9690.02,9683.12,9690.02,23.542821,2020,6,5
2020-06-05 20:46:00+00:00,9690.02,9693.75,9690.01,9690.44,25.769776,2020,6,5
2020-06-05 20:47:00+00:00,9690.45,9696.98,9690.1,9695.0,16.481516,2020,6,5
2020-06-05 20:48:00+00:00,9695.01,9697.27,9695.0,9695.43,6.825547,2020,6,5
2020-06-05 20:49:00+00:00,9696.0,9697.97,9686.85,9688.14,37.9227,2020,6,5
2020-06-05 20:50:00+00:00,9688.62,9692.61,9684.57,9692.57,25.195069,2020,6,5
2020-06-05 20:51:00+00:00,9691.09,9693.89,9688.54,9693.81,11.678305,2020,6,5
2020-06-05 20:52:00+00:00,9692.59,9694.91,9691.0,9694.2,14.315658,2020,6,5
2020-06-05 20:53:00+00:00,9693.36,9695.01,9692.0,9694.99,12.028279,2020,6,5
2020-06-05 20:54:00+00:00,9695.0,9703.97,9695.0,9701.7,32.427608,2020,6,5
2020-06-05 20:55:00+00:00,9701.23,9702.43,9700.53,9701.0,7.583074,2020,6,5
2020-06-05 20:56:00+00:00,9700.99,9706.9,9700.53,9706.5,18.265451,2020,6,5
2020-06-05 20:57:00+00:00,9705.62,9707.69,9702.04,9706.3,10.260265,2020,6,5
2020-06-05 20:58:00+00:00,9706.1,9714.45,9705.63,9711.82,9.430601,2020,6,5
2020-06-05 20:59:00+00:00,9711.81,9714.66,9711.04,9714.22,6.781955,2020,6,5
2020-06-05 21:00:00+00:00,9714.22,9715.0,9711.49,9712.22,23.294569,2020,6,5
2020-06-05 21:01:00+00:00,9712.22,9714.41,9712.14,9713.16,7.934093,2020,6,5
2020-06-05 21:02:00+00:00,9713.13,9714.92,9713.13,9714.92,7.065413,2020,6,5
2020-06-05 21:03:00+00:00,9714.69,9715.0,9713.34,9715.0,8.62178,2020,6,5
2020-06-05 21:04:00+00:00,9714.47,9715.35,9714.27,9714.94,17.107918,2020,6,5
2020-06-05 21:05:00+00:00,9714.94,9715.54,9710.51,9711.08,35.479007,2020,6,5
2020-06-05 21:06:00+00:00,9711.08,9711.31,9708.14,9709.93,20.206304,2020,6,5
2020-06-05 21:07:00+00:00,9710.86,9710.95,9707.88,9708.68,15.560323,2020,6,5
2020-06-05 21:08:00+00:00,9709.13,9709.13,9704.37,9706.42,9.662543,2020,6,5
2020-06-05 21:09:00+00:00,9706.39,9706.4,9700.78,9700.78,12.818644,2020,6,5
2020-06-05 21:10:00+00:00,9702.03,9702.15,9657.51,9687.07,132.792764,2020,6,5
2020-06-05 21:11:00+00:00,9686.92,9687.88,9684.5,9686.26,24.104249,2020,6,5
2020-06-05 21:12:00+00:00,9686.26,9693.5,9686.21,9693.5,29.981745,2020,6,5
2020-06-05 21:13:00+00:00,9693.5,9696.36,9693.5,9694.69,15.408202,2020,6,5
2020-06-05 21:14:00+00:00,9694.46,9696.8,9693.26,9695.36,15.717926,2020,6,5
2020-06-05 21:15:00+00:00,9695.82,9695.82,9691.59,9693.6,6.804346,2020,6,5
2020-06-05 21:16:00+00:00,9693.22,9693.61,9688.72,9689.29,5.703801,2020,6,5
2020-06-05 21:17:00+00:00,9689.3,9689.92,9681.11,9683.81,32.5511,2020,6,5
2020-06-05 21:18:00+00:00,9683.32,9684.33,9681.43,9683.19,12.305911,2020,6,5
2020-06-05 21:19:00+00:00,9683.18,9684.33,9679.96,9680.0,150.148393,2020,6,5
2020-06-05 21:20:00+00:00,9680.0,9685.93,9679.99,9685.07,19.097001,2020,6,5
2020-06-05 21:21:00+00:00,9685.15,9687.42,9684.55,9687.3,13.715011,2020,6,5
2020-06-05 21:22:00+00:00,9687.22,9694.5,9685.05,9692.86,14.279684,2020,6,5
2020-06-05 21:23:00+00:00,9693.26,9701.98,9692.66,9700.35,68.000582,2020,6,5
2020-06-05 21:24:00+00:00,9700.01,9702.68,9693.37,9694.29,34.87317,2020,6,5
2020-06-05 21:25:00+00:00,9694.13,9694.96,9691.39,9694.1,5.960997,2020,6,5
2020-06-05 21:26:00+00:00,9693.7,9693.7,9693.15,9693.28,2.804619,2020,6,5
2020-06-05 21:27:00+00:00,9693.29,9699.98,9693.29,9698.85,11.146545,2020,6,5
2020-06-05 21:28:00+00:00,9698.02,9700.74,9698.02,9699.24,3.185385,2020,6,5
2020-06-05 21:29:00+00:00,9699.24,9700.0,9696.63,9697.2,23.395562,2020,6,5
2020-06-05 21:30:00+00:00,9697.3,9697.98,9695.04,9695.04,7.277786,2020,6,5
2020-06-05 21:31:00+00:00,9693.7,9694.23,9693.08,9693.28,6.595565,2020,6,5
2020-06-05 21:32:00+00:00,9693.3,9693.31,9688.44,9689.22,15.877368,2020,6,5
2020-06-05 21:33:00+00:00,9689.23,9689.24,9685.0,9685.96,14.353956,2020,6,5
2020-06-05 21:34:00+00:00,9685.56,9686.0,9677.93,9684.51,50.947907,2020,6,5
2020-06-05 21:35:00+00:00,9684.49,9685.9,9684.49,9685.47,15.802638,2020,6,5
2020-06-05 21:36:00+00:00,9685.47,9688.48,9685.47,9686.8,29.190673,2020,6,5
2020-06-05 21:37:00+00:00,9686.53,9687.49,9686.44,9686.63,2.72487,2020,6,5
2020-06-05 21:38:00+00:00,9686.6,9686.99,9686.59,9686.59,10.164048,2020,6,5
2020-06-05 21:39:00+00:00,9686.44,9686.44,9681.14,9682.65,15.127895,2020,6,5
2020-06-05 21:40:00+00:00,9684.02,9686.04,9681.77,9682.41,8.877846,2020,6,5
2020-06-05 21:41:00+00:00,9682.39,9683.2,9678.0,9681.41,17.479185,2020,6,5
2020-06-05 21:42:00+00:00,9682.03,9682.03,9679.01,9680.59,18.240015,2020,6,5
2020-06-05 21:43:00+00:00,9680.79,9681.99,9678.77,9680.85,4.19046,2020,6,5
2020-06-05 21:44:00+00:00,9680.81,9681.36,9678.73,9680.51,5.67404,2020,6,5
2020-06-05 21:45:00+00:00,9680.0,9680.48,9675.23,9676.2,11.280283,2020,6,5
2020-06-05 21:46:00+00:00,9676.06,9677.0,9671.79,9673.27,11.470872,2020,6,5
2020-06-05 21:47:00+00:00,9673.87,9682.18,9672.79,9681.28,17.235787,2020,6,5
2020-06-05 21:48:00+00:00,9681.25,9685.76,9680.51,9683.57,12.914243,2020,6,5
2020-06-05 21:49:00+00:00,9684.66,9685.95,9679.47,9682.17,27.609108,2020,6,5
2020-06-05 21:50:00+00:00,9682.61,9685.32,9682.1,9683.38,10.126052,2020,6,5
2020-06-05 21:51:00+00:00,9683.24,9687.31,9664.2,9667.36,54.73424,2020,6,5
2020-06-05 21:52:00+00:00,9667.37,9678.99,9667.22,9671.55,49.764902,2020,6,5
2020-06-05 21:53:00+00:00,9671.55,9671.55,9663.0,9663.87,13.85656,2020,6,5
2020-06-05 21:54:00+00:00,9663.24,9664.64,9659.77,9660.0,20.379467,2020,6,5
2020-06-05 21:55:00+00:00,9659.92,9659.99,9653.53,9655.0,40.277223,2020,6,5
2020-06-05 21:56:00+00:00,9655.54,9659.51,9655.0,9656.93,25.453204,2020,6,5
2020-06-05 21:57:00+00:00,9656.17,9669.17,9656.12,9667.05,51.378625,2020,6,5
2020-06-05 21:58:00+00:00,9666.22,9668.64,9665.01,9665.81,10.797503,2020,6,5
2020-06-05 21:59:00+00:00,9666.33,9670.81,9664.49,9669.23,16.559138,2020,6,5
2020-06-05 22:00:00+00:00,9669.23,9670.85,9665.78,9670.31,11.921161,2020,6,5
2020-06-05 22:01:00+00:00,9670.32,9675.96,9667.14,9667.52,35.216552,2020,6,5
2020-06-05 22:02:00+00:00,9667.51,9668.32,9661.25,9661.25,9.116145,2020,6,5
2020-06-05 22:03:00+00:00,9662.78,9664.0,9660.65,9662.97,8.76015,2020,6,5
2020-06-05 22:04:00+00:00,9662.96,9662.98,9630.68,9636.81,147.770492,2020,6,5
2020-06-05 22:05:00+00:00,9637.12,9648.59,9636.82,9644.65,36.318638,2020,6,5
2020-06-05 22:06:00+00:00,9644.69,9658.48,9644.67,9654.99,28.260509,2020,6,5
2020-06-05 22:07:00+00:00,9654.97,9659.24,9650.0,9655.99,14.957598,2020,6,5
2020-06-05 22:08:00+00:00,9654.71,9656.81,9650.01,9653.61,16.705938,2020,6,5
2020-06-05 22:09:00+00:00,9652.07,9656.1,9650.0,9653.03,26.80757,2020,6,5
2020-06-05 22:10:00+00:00,9653.77,9659.0,9653.01,9657.0,15.775081,2020,6,5
2020-06-05 22:11:00+00:00,9656.99,9657.0,9653.0,9656.64,9.222084,2020,6,5
2020-06-05 22:12:00+00:00,9655.97,9682.16,9655.51,9679.05,47.512073,2020,6,5
2020-06-05 22:13:00+00:00,9679.05,9679.05,9668.03,9678.5,57.699349,2020,6,5
2020-06-05 22:14:00+00:00,9678.5,9678.5,9671.53,9676.12,16.946599,2020,6,5
2020-06-05 22:15:00+00:00,9676.11,9676.42,9674.63,9676.18,8.538035,2020,6,5
2020-06-05 22:16:00+00:00,9676.17,9684.47,9675.73,9684.47,19.11914,2020,6,5
2020-06-05 22:17:00+00:00,9684.48,9690.0,9680.93,9681.4,28.053947,2020,6,5
2020-06-05 22:18:00+00:00,9681.13,9682.62,9675.52,9676.12,11.856883,2020,6,5
2020-06-05 22:19:00+00:00,9676.3,9678.29,9676.0,9677.05,6.348098,2020,6,5
2020-06-05 22:20:00+00:00,9677.01,9682.97,9676.91,9681.33,12.221909,2020,6,5
2020-06-05 22:21:00+00:00,9681.33,9683.91,9677.56,9677.57,9.634663,2020,6,5
2020-06-05 22:22:00+00:00,9678.17,9678.99,9667.98,9669.62,16.045857,2020,6,5
2020-06-05 22:23:00+00:00,9669.23,9669.49,9662.12,9664.13,21.718853,2020,6,5
2020-06-05 22:24:00+00:00,9663.74,9664.13,9655.22,9659.2,12.930979,2020,6,5
2020-06-05 22:25:00+00:00,9658.37,9661.77,9657.17,9658.62,15.280969,2020,6,5
2020-06-05 22:26:00+00:00,9658.39,9659.92,9647.57,9653.09,48.472901,2020,6,5
2020-06-05 22:27:00+00:00,9653.06,9653.57,9648.52,9648.52,12.481257,2020,6,5
2020-06-05 22:28:00+00:00,9649.02,9657.47,9648.24,9655.0,12.335217,2020,6,5
2020-06-05 22:29:00+00:00,9655.01,9655.28,9650.0,9650.5,5.314,2020,6,5
2020-06-05 22:30:00+00:00,9650.49,9653.41,9646.14,9653.16,29.689555,2020,6,5
2020-06-05 22:31:00+00:00,9653.4,9655.55,9645.09,9645.9,26.523716,2020,6,5
2020-06-05 22:32:00+00:00,9646.64,9652.41,9641.13,9651.16,33.426462,2020,6,5
2020-06-05 22:33:00+00:00,9651.16,9662.45,9651.16,9660.91,15.724086,2020,6,5
2020-06-05 22:34:00+00:00,9660.92,9661.14,9652.02,9652.95,7.882289,2020,6,5
2020-06-05 22:35:00+00:00,9652.95,9661.99,9652.95,9661.3,15.660101,2020,6,5
2020-06-05 22:36:00+00:00,9660.0,9666.8,9657.29,9660.97,41.550024,2020,6,5
2020-06-05 22:37:00+00:00,9661.0,9661.99,9659.17,9661.98,6.090872,2020,6,5
2020-06-05 22:38:00+00:00,9661.98,9663.99,9659.15,9663.44,7.101684,2020,6,5
2020-06-05 22:39:00+00:00,9663.38,9664.73,9657.13,9662.32,14.333019,2020,6,5
2020-06-05 22:40:00+00:00,9662.34,9674.59,9662.34,9670.22,16.668456,2020,6,5
2020-06-05 22:41:00+00:00,9671.4,9672.09,9665.52,9666.2,12.217791,2020,6,5
2020-06-05 22:42:00+00:00,9666.21,9672.29,9666.2,9670.44,6.220138,2020,6,5
2020-06-05 22:43:00+00:00,9671.0,9673.81,9670.09,9671.57,8.306622,2020,6,5
2020-06-05 22:44:00+00:00,9672.13,9674.49,9669.53,9672.0,16.51618,2020,6,5
2020-06-05 22:45:00+00:00,9672.0,9672.65,9664.25,9664.29,32.120651,2020,6,5
2020-06-05 22:46:00+00:00,9664.39,9665.99,9658.93,9665.7,26.009093,2020,6,5
2020-06-05 22:47:00+00:00,9665.71,9670.54,9663.87,9670.06,11.000288,2020,6,5
2020-06-05 22:48:00+00:00,9670.06,9672.0,9670.06,9671.91,8.328737,2020,6,5
2020-06-05 22:49:00+00:00,9671.92,9677.46,9671.43,9677.37,15.420997,2020,6,5
2020-06-05 22:50:00+00:00,9675.96,9677.44,9673.57,9676.42,7.49938,2020,6,5
2020-06-05 22:51:00+00:00,9676.41,9683.67,9676.41,9678.29,14.359357,2020,6,5
2020-06-05 22:52:00+00:00,9677.8,9680.95,9672.54,9673.47,19.544173,2020,6,5
2020-06-05 22:53:00+00:00,9674.31,9677.6,9673.36,9676.48,7.416854,2020,6,5
2020-06-05 22:54:00+00:00,9676.24,9678.26,9675.07,9678.13,3.835632,2020,6,5
2020-06-05 22:55:00+00:00,9678.14,9680.2,9676.48,9677.73,8.086435,2020,6,5
2020-06-05 22:56:00+00:00,9677.87,9680.51,9676.5,9679.59,9.083443,2020,6,5
2020-06-05 22:57:00+00:00,9679.58,9679.58,9674.81,9677.52,8.982306,2020,6,5
2020-06-05 22:58:00+00:00,9678.4,9680.0,9677.43,9679.99,14.826417,2020,6,5
2020-06-05 22:59:00+00:00,9679.99,9680.0,9677.76,9679.74,3.564453,2020,6,5
2020-06-05 23:00:00+00:00,9679.74,9683.67,9678.8,9683.66,8.516086,2020,6,5
2020-06-05 23:01:00+00:00,9683.24,9683.66,9680.07,9681.99,7.602586,2020,6,5
2020-06-05 23:02:00+00:00,9680.89,9683.83,9680.13,9683.73,8.692457,2020,6,5
2020-06-05 23:03:00+00:00,9683.78,9683.92,9673.02,9674.22,25.899267,2020,6,5
2020-06-05 23:04:00+00:00,9674.22,9674.22,9670.1,9673.0,12.664749,2020,6,5
2020-06-05 23:05:00+00:00,9672.97,9676.45,9669.55,9674.19,21.10645,2020,6,5
2020-06-05 23:06:00+00:00,9674.24,9675.26,9671.24,9672.55,10.134293,2020,6,5
2020-06-05 23:07:00+00:00,9672.55,9675.73,9671.44,9672.89,12.562821,2020,6,5
2020-06-05 23:08:00+00:00,9672.89,9673.44,9671.72,9673.43,2.404882,2020,6,5
2020-06-05 23:09:00+00:00,9673.43,9674.3,9669.51,9670.0,8.708533,2020,6,5
2020-06-05 23:10:00+00:00,9670.0,9670.0,9664.33,9666.38,8.452989,2020,6,5
2020-06-05 23:11:00+00:00,9665.89,9668.49,9664.69,9668.49,9.932033,2020,6,5
2020-06-05 23:12:00+00:00,9666.94,9674.64,9666.44,9672.03,10.027586,2020,6,5
2020-06-05 23:13:00+00:00,9672.86,9676.11,9672.42,9675.54,5.622594,2020,6,5
2020-06-05 23:14:00+00:00,9674.99,9676.16,9668.85,9671.4,37.047953,2020,6,5
2020-06-05 23:15:00+00:00,9671.39,9671.65,9669.22,9671.08,15.810431,2020,6,5
2020-06-05 23:16:00+00:00,9671.09,9671.09,9670.04,9670.45,8.872854,2020,6,5
2020-06-05 23:17:00+00:00,9670.46,9670.46,9665.8,9667.58,18.305073,2020,6,5
2020-06-05 23:18:00+00:00,9667.5,9667.51,9660.46,9660.49,12.102834,2020,6,5
2020-06-05 23:19:00+00:00,9660.46,9660.46,9633.23,9633.34,120.318665,2020,6,5
2020-06-05 23:20:00+00:00,9633.55,9647.3,9633.43,9641.22,61.979672,2020,6,5
2020-06-05 23:21:00+00:00,9640.91,9644.93,9624.66,9632.65,83.214341,2020,6,5
2020-06-05 23:22:00+00:00,9632.69,9649.65,9632.66,9647.87,33.478997,2020,6,5
2020-06-05 23:23:00+00:00,9647.71,9655.38,9646.64,9655.38,10.504591,2020,6,5
2020-06-05 23:24:00+00:00,9654.95,9655.32,9650.0,9653.0,9.497246,2020,6,5
2020-06-05 23:25:00+00:00,9653.0,9653.0,9641.88,9650.27,44.228516,2020,6,5
2020-06-05 23:26:00+00:00,9650.27,9659.99,9647.68,9658.91,35.263267,2020,6,5
2020-06-05 23:27:00+00:00,9658.86,9665.63,9657.9,9665.01,9.742032,2020,6,5
2020-06-05 23:28:00+00:00,9665.01,9665.29,9656.06,9658.26,13.934836,2020,6,5
2020-06-05 23:29:00+00:00,9658.26,9660.4,9653.88,9659.66,17.899726,2020,6,5
2020-06-05 23:30:00+00:00,9658.96,9666.34,9656.21,9666.33,31.139998,2020,6,5
2020-06-05 23:31:00+00:00,9666.39,9670.0,9664.31,9665.38,23.063537,2020,6,5
2020-06-05 23:32:00+00:00,9665.38,9669.96,9662.7,9663.52,12.130664,2020,6,5
2020-06-05 23:33:00+00:00,9663.53,9663.53,9660.0,9660.16,8.996485,2020,6,5
2020-06-05 23:34:00+00:00,9660.29,9660.29,9656.33,9656.8,10.933018,2020,6,5
2020-06-05 23:35:00+00:00,9656.8,9663.54,9656.0,9663.43,15.657028,2020,6,5
2020-06-05 23:36:00+00:00,9663.43,9670.1,9657.85,9668.57,27.405594,2020,6,5
2020-06-05 23:37:00+00:00,9668.0,9671.89,9666.99,9671.33,10.934578,2020,6,5
2020-06-05 23:38:00+00:00,9670.94,9671.98,9669.09,9670.61,7.667608,2020,6,5
2020-06-05 23:39:00+00:00,9670.69,9671.99,9667.1,9668.85,18.461526,2020,6,5
2020-06-05 23:40:00+00:00,9668.86,9668.86,9662.71,9667.07,11.254848,2020,6,5
2020-06-05 23:41:00+00:00,9667.07,9667.4,9662.04,9662.22,17.918876,2020,6,5
2020-06-05 23:42:00+00:00,9663.24,9663.24,9653.89,9657.23,26.894169,2020,6,5
2020-06-05 23:43:00+00:00,9657.23,9659.99,9649.99,9655.46,55.657756,2020,6,5
2020-06-05 23:44:00+00:00,9655.46,9657.76,9655.12,9656.26,4.502072,2020,6,5
2020-06-05 23:45:00+00:00,9656.24,9657.76,9653.63,9654.0,17.99611,2020,6,5
2020-06-05 23:46:00+00:00,9654.0,9656.46,9633.5,9643.22,43.48578,2020,6,5
2020-06-05 23:47:00+00:00,9642.69,9649.02,9639.92,9649.02,9.371223,2020,6,5
2020-06-05 23:48:00+00:00,9649.02,9649.02,9626.0,9636.1,62.029448,2020,6,5
2020-06-05 23:49:00+00:00,9636.31,9637.03,9620.0,9635.44,97.514463,2020,6,5
2020-06-05 23:50:00+00:00,9634.86,9643.68,9632.9,9639.78,39.021803,2020,6,5
2020-06-05 23:51:00+00:00,9639.08,9640.0,9627.17,9628.54,33.214846,2020,6,5
2020-06-05 23:52:00+00:00,9628.93,9632.32,9621.24,9629.75,39.45629,2020,6,5
2020-06-05 23:53:00+00:00,9628.19,9639.43,9626.32,9632.31,42.065922,2020,6,5
2020-06-05 23:54:00+00:00,9633.21,9637.07,9630.01,9636.89,28.389158,2020,6,5
2020-06-05 23:55:00+00:00,9636.07,9636.89,9631.0,9633.01,6.097054,2020,6,5
2020-06-05 23:56:00+00:00,9633.01,9638.89,9629.95,9630.78,42.738647,2020,6,5
2020-06-05 23:57:00+00:00,9631.37,9636.63,9630.0,9631.33,26.184914,2020,6,5
2020-06-05 23:58:00+00:00,9631.33,9631.33,9626.01,9627.62,17.970445,2020,6,5
2020-06-05 23:59:00+00:00,9627.62,9627.62,9619.47,9621.16,19.343887,2020,6,5
2020-06-06 00:00:00+00:00,9621.17,9621.17,9550.29,9570.69,995.248022,2020,6,6
2020-06-06 00:01:00+00:00,9572.12,9599.91,9568.93,9589.86,118.730407,2020,6,6
2020-06-06 00:02:00+00:00,9588.03,9599.12,9570.0,9578.23,100.418296,2020,6,6
2020-06-06 00:03:00+00:00,9577.9,9592.0,9566.9,9591.86,62.298701,2020,6,6
2020-06-06 00:04:00+00:00,9591.89,9595.45,9582.71,9583.89,28.804761,2020,6,6
2020-06-06 00:05:00+00:00,9584.66,9590.0,9569.49,9585.5,89.297038,2020,6,6
2020-06-06 00:06:00+00:00,9586.03,9597.87,9583.72,9593.51,99.665529,2020,6,6
2020-06-06 00:07:00+00:00,9591.67,9595.98,9583.95,9586.44,26.335528,2020,6,6
2020-06-06 00:08:00+00:00,9585.1,9586.52,9576.25,9582.93,29.449753,2020,6,6
2020-06-06 00:09:00+00:00,9583.75,9590.55,9581.75,9590.15,22.757528,2020,6,6
2020-06-06 00:10:00+00:00,9589.69,9590.55,9584.0,9584.99,46.953447,2020,6,6
2020-06-06 00:11:00+00:00,9584.98,9585.47,9570.0,9570.01,45.725712,2020,6,6
2020-06-06 00:12:00+00:00,9570.01,9580.0,9569.0,9579.99,92.859552,2020,6,6
2020-06-06 00:13:00+00:00,9579.99,9580.0,9572.36,9580.0,35.322223,2020,6,6
2020-06-06 00:14:00+00:00,9580.0,9580.0,9570.0,9575.0,39.430332,2020,6,6
2020-06-06 00:15:00+00:00,9574.99,9580.0,9559.37,9575.74,175.230406,2020,6,6
2020-06-06 00:16:00+00:00,9575.73,9577.64,9570.04,9574.33,16.551521,2020,6,6
2020-06-06 00:17:00+00:00,9574.33,9585.0,9572.66,9584.61,41.497465,2020,6,6
2020-06-06 00:18:00+00:00,9583.75,9594.0,9583.52,9585.25,39.841118,2020,6,6
2020-06-06 00:19:00+00:00,9585.74,9589.91,9583.59,9589.21,27.673681,2020,6,6
2020-06-06 00:20:00+00:00,9587.91,9588.1,9578.18,9578.18,32.893755,2020,6,6
2020-06-06 00:21:00+00:00,9579.04,9585.02,9577.84,9583.63,22.955456,2020,6,6
2020-06-06 00:22:00+00:00,9583.7,9589.04,9583.65,9586.45,36.818618,2020,6,6
2020-06-06 00:23:00+00:00,9586.46,9594.99,9584.1,9593.9,31.121587,2020,6,6
2020-06-06 00:24:00+00:00,9594.37,9595.94,9588.1,9589.57,25.754465,2020,6,6
2020-06-06 00:25:00+00:00,9589.65,9597.47,9588.27,9595.99,24.086011,2020,6,6
2020-06-06 00:26:00+00:00,9595.93,9598.38,9592.34,9596.07,19.235424,2020,6,6
2020-06-06 00:27:00+00:00,9596.69,9599.87,9591.19,9593.91,36.886702,2020,6,6
2020-06-06 00:28:00+00:00,9594.05,9600.0,9592.62,9598.59,21.723471,2020,6,6
2020-06-06 00:29:00+00:00,9598.22,9598.45,9589.0,9591.14,41.367736,2020,6,6
2020-06-06 00:30:00+00:00,9591.11,9591.59,9584.34,9584.87,52.959596,2020,6,6
2020-06-06 00:31:00+00:00,9585.35,9589.49,9583.8,9584.23,17.027257,2020,6,6
2020-06-06 00:32:00+00:00,9584.24,9586.91,9574.47,9575.86,31.491288,2020,6,6
2020-06-06 00:33:00+00:00,9575.87,9580.0,9573.52,9579.51,28.219971,2020,6,6
2020-06-06 00:34:00+00:00,9579.51,9579.97,9570.36,9570.37,20.594985,2020,6,6
2020-06-06 00:35:00+00:00,9570.37,9571.1,9567.95,9568.67,30.330989,2020,6,6
2020-06-06 00:36:00+00:00,9568.34,9569.07,9531.06,9531.38,261.42104,2020,6,6
2020-06-06 00:37:00+00:00,9531.38,9560.0,9531.05,9554.89,157.610515,2020,6,6
2020-06-06 00:38:00+00:00,9554.1,9556.8,9536.18,9539.3,88.5246,2020,6,6
2020-06-06 00:39:00+00:00,9539.47,9565.4,9539.3,9562.99,75.241053,2020,6,6
2020-06-06 00:40:00+00:00,9562.55,9571.79,9560.71,9571.69,67.612615,2020,6,6
2020-06-06 00:41:00+00:00,9571.68,9577.06,9563.52,9570.41,37.281591,2020,6,6
2020-06-06 00:42:00+00:00,9570.78,9581.63,9570.16,9581.63,28.748026,2020,6,6
2020-06-06 00:43:00+00:00,9581.62,9589.15,9580.06,9581.66,53.854926,2020,6,6
2020-06-06 00:44:00+00:00,9582.45,9594.72,9581.66,9588.93,53.556322,2020,6,6
2020-06-06 00:45:00+00:00,9588.92,9590.26,9583.63,9587.56,53.260568,2020,6,6
2020-06-06 00:46:00+00:00,9586.34,9587.18,9581.11,9582.08,12.59661,2020,6,6
2020-06-06 00:47:00+00:00,9582.08,9592.65,9581.66,9586.19,20.270281,2020,6,6
2020-06-06 00:48:00+00:00,9586.08,9604.36,9585.59,9599.72,64.937995,2020,6,6
2020-06-06 00:49:00+00:00,9600.47,9600.94,9595.03,9599.02,23.597547,2020,6,6
2020-06-06 00:50:00+00:00,9599.1,9600.45,9593.36,9593.55,18.474928,2020,6,6
2020-06-06 00:51:00+00:00,9593.98,9599.52,9590.4,9598.91,12.182755,2020,6,6
2020-06-06 00:52:00+00:00,9598.91,9604.63,9597.81,9598.35,18.907288,2020,6,6
2020-06-06 00:53:00+00:00,9598.18,9599.48,9595.06,9596.29,19.74141,2020,6,6
2020-06-06 00:54:00+00:00,9596.29,9599.47,9596.28,9599.45,9.199621,2020,6,6
2020-06-06 00:55:00+00:00,9599.36,9613.3,9598.46,9603.2,46.775653,2020,6,6
2020-06-06 00:56:00+00:00,9601.86,9604.14,9599.19,9602.48,42.297159,2020,6,6
2020-06-06 00:57:00+00:00,9602.48,9605.23,9590.52,9600.46,44.344318,2020,6,6
2020-06-06 00:58:00+00:00,9600.47,9604.78,9598.11,9599.47,17.66393,2020,6,6
2020-06-06 00:59:00+00:00,9599.93,9601.51,9598.62,9600.47,7.408678,2020,6,6
2020-06-06 01:00:00+00:00,9601.26,9601.43,9580.0,9587.1,70.14883,2020,6,6
2020-06-06 01:01:00+00:00,9587.79,9597.69,9586.03,9594.08,11.482521,2020,6,6
2020-06-06 01:02:00+00:00,9594.07,9608.64,9593.7,9599.67,25.129152,2020,6,6
2020-06-06 01:03:00+00:00,9599.67,9605.67,9597.65,9604.34,21.773423,2020,6,6
2020-06-06 01:04:00+00:00,9604.34,9606.39,9604.34,9604.34,10.084948,2020,6,6
2020-06-06 01:05:00+00:00,9604.35,9609.82,9604.34,9604.36,20.699022,2020,6,6
2020-06-06 01:06:00+00:00,9605.68,9605.86,9593.78,9602.39,29.878817,2020,6,6
2020-06-06 01:07:00+00:00,9601.6,9603.75,9592.6,9598.6,202.374329,2020,6,6
2020-06-06 01:08:00+00:00,9598.59,9599.19,9592.1,9599.01,21.144602,2020,6,6
2020-06-06 01:09:00+00:00,9599.01,9600.0,9596.91,9598.44,11.506246,2020,6,6
2020-06-06 01:10:00+00:00,9598.81,9601.01,9597.5,9601.01,6.987495,2020,6,6
2020-06-06 01:11:00+00:00,9601.27,9601.27,9595.73,9596.44,18.217475,2020,6,6
2020-06-06 01:12:00+00:00,9596.52,9596.52,9583.93,9591.69,40.998958,2020,6,6
2020-06-06 01:13:00+00:00,9592.66,9594.18,9590.05,9591.77,15.614989,2020,6,6
2020-06-06 01:14:00+00:00,9591.77,9591.77,9587.51,9591.22,17.618346,2020,6,6
2020-06-06 01:15:00+00:00,9591.37,9596.45,9589.06,9595.55,15.521779,2020,6,6
2020-06-06 01:16:00+00:00,9595.54,9599.73,9594.3,9598.31,14.272636,2020,6,6
2020-06-06 01:17:00+00:00,9598.32,9599.98,9596.88,9598.81,13.075376,2020,6,6
2020-06-06 01:18:00+00:00,9598.81,9598.81,9592.45,9596.32,21.018278,2020,6,6
2020-06-06 01:19:00+00:00,9596.33,9599.0,9585.23,9599.0,45.18165,2020,6,6
2020-06-06 01:20:00+00:00,9599.0,9606.76,9596.64,9606.27,48.102864,2020,6,6
2020-06-06 01:21:00+00:00,9605.82,9612.09,9604.72,9609.11,73.653049,2020,6,6
2020-06-06 01:22:00+00:00,9611.33,9611.36,9606.77,9609.16,29.711034,2020,6,6
2020-06-06 01:23:00+00:00,9609.5,9621.94,9609.45,9617.23,79.366294,2020,6,6
2020-06-06 01:24:00+00:00,9616.72,9620.8,9601.15,9601.16,48.444311,2020,6,6
2020-06-06 01:25:00+00:00,9601.6,9608.41,9600.91,9605.65,38.910971,2020,6,6
2020-06-06 01:26:00+00:00,9605.65,9606.83,9603.67,9603.99,8.624336,2020,6,6
2020-06-06 01:27:00+00:00,9604.0,9605.24,9601.0,9602.78,23.309033,2020,6,6
2020-06-06 01:28:00+00:00,9602.78,9604.72,9599.46,9601.95,13.626399,2020,6,6
2020-06-06 01:29:00+00:00,9601.95,9601.95,9597.27,9598.08,15.770313,2020,6,6
2020-06-06 01:30:00+00:00,9598.08,9599.28,9593.37,9594.95,24.915719,2020,6,6
2020-06-06 01:31:00+00:00,9595.24,9596.36,9593.63,9594.12,5.401845,2020,6,6
2020-06-06 01:32:00+00:00,9594.1,9594.11,9593.03,9593.03,4.201692,2020,6,6
2020-06-06 01:33:00+00:00,9593.04,9594.08,9589.53,9590.71,19.311663,2020,6,6
2020-06-06 01:34:00+00:00,9590.45,9593.46,9588.59,9592.88,26.208219,2020,6,6
2020-06-06 01:35:00+00:00,9591.17,9594.48,9590.16,9594.01,24.224106,2020,6,6
2020-06-06 01:36:00+00:00,9594.18,9595.9,9594.0,9594.05,17.204721,2020,6,6
2020-06-06 01:37:00+00:00,9594.04,9594.04,9586.83,9587.24,10.848496,2020,6,6
2020-06-06 01:38:00+00:00,9586.83,9594.17,9583.54,9591.09,21.888336,2020,6,6
2020-06-06 01:39:00+00:00,9591.09,9593.0,9589.46,9590.01,9.474284,2020,6,6
2020-06-06 01:40:00+00:00,9590.0,9592.76,9588.1,9588.77,12.680426,2020,6,6
2020-06-06 01:41:00+00:00,9588.95,9601.94,9588.95,9595.47,45.553035,2020,6,6
2020-06-06 01:42:00+00:00,9595.46,9604.78,9595.45,9600.65,59.368785,2020,6,6
2020-06-06 01:43:00+00:00,9601.17,9605.88,9600.64,9605.88,11.202617,2020,6,6
2020-06-06 01:44:00+00:00,9605.67,9607.24,9603.57,9606.44,21.155433,2020,6,6
2020-06-06 01:45:00+00:00,9606.44,9608.45,9597.68,9602.16,19.652237,2020,6,6
2020-06-06 01:46:00+00:00,9603.17,9603.46,9595.0,9595.08,9.625341,2020,6,6
2020-06-06 01:47:00+00:00,9595.09,9597.91,9595.0,9595.94,2.992739,2020,6,6
2020-06-06 01:48:00+00:00,9595.99,9598.89,9595.74,9596.21,4.063186,2020,6,6
2020-06-06 01:49:00+00:00,9596.22,9596.22,9588.49,9589.97,22.579114,2020,6,6
2020-06-06 01:50:00+00:00,9590.78,9591.01,9585.95,9587.34,14.167914,2020,6,6
2020-06-06 01:51:00+00:00,9585.96,9590.5,9582.07,9589.04,31.189161,2020,6,6
2020-06-06 01:52:00+00:00,9589.08,9591.7,9588.5,9590.11,25.592953,2020,6,6
2020-06-06 01:53:00+00:00,9589.99,9591.84,9587.65,9591.08,14.932069,2020,6,6
2020-06-06 01:54:00+00:00,9590.6,9591.72,9587.8,9590.6,5.730693,2020,6,6
2020-06-06 01:55:00+00:00,9589.12,9590.09,9581.33,9583.24,25.776959,2020,6,6
2020-06-06 01:56:00+00:00,9583.51,9585.92,9581.26,9581.74,10.935661,2020,6,6
2020-06-06 01:57:00+00:00,9581.75,9585.0,9581.26,9582.93,13.766912,2020,6,6
2020-06-06 01:58:00+00:00,9583.74,9587.59,9582.28,9582.29,9.584769,2020,6,6
2020-06-06 01:59:00+00:00,9582.28,9583.49,9573.54,9578.08,50.088039,2020,6,6
2020-06-06 02:00:00+00:00,9578.64,9588.67,9575.8,9576.95,44.066563,2020,6,6
2020-06-06 02:01:00+00:00,9576.92,9586.38,9575.72,9581.86,23.889795,2020,6,6
2020-06-06 02:02:00+00:00,9582.87,9585.88,9576.72,9585.88,46.327716,2020,6,6
2020-06-06 02:03:00+00:00,9585.88,9588.94,9582.75,9585.61,15.309616,2020,6,6
2020-06-06 02:04:00+00:00,9585.61,9589.13,9585.21,9587.31,10.343123,2020,6,6
2020-06-06 02:05:00+00:00,9587.31,9588.87,9586.13,9586.67,3.849391,2020,6,6
2020-06-06 02:06:00+00:00,9586.66,9594.75,9586.65,9591.34,38.875729,2020,6,6
2020-06-06 02:07:00+00:00,9591.69,9596.76,9591.68,9594.22,9.853755,2020,6,6
2020-06-06 02:08:00+00:00,9594.17,9598.0,9593.77,9596.49,19.956604,2020,6,6
2020-06-06 02:09:00+00:00,9596.49,9597.34,9592.51,9594.31,9.099313,2020,6,6
2020-06-06 02:10:00+00:00,9594.08,9599.95,9593.63,9598.41,8.538516,2020,6,6
2020-06-06 02:11:00+00:00,9598.41,9598.41,9590.74,9590.75,9.19737,2020,6,6
2020-06-06 02:12:00+00:00,9590.74,9597.6,9590.28,9594.98,13.37013,2020,6,6
2020-06-06 02:13:00+00:00,9594.99,9595.95,9590.19,9591.5,8.858472,2020,6,6
2020-06-06 02:14:00+00:00,9591.5,9592.55,9566.79,9567.73,129.788848,2020,6,6
2020-06-06 02:15:00+00:00,9568.11,9572.19,9551.0,9564.97,228.468777,2020,6,6
2020-06-06 02:16:00+00:00,9564.97,9577.07,9563.79,9568.46,53.115588,2020,6,6
2020-06-06 02:17:00+00:00,9568.19,9578.5,9568.18,9576.7,14.895506,2020,6,6
2020-06-06 02:18:00+00:00,9576.49,9583.12,9575.61,9579.93,29.489816,2020,6,6
2020-06-06 02:19:00+00:00,9578.82,9584.85,9578.81,9584.31,18.920838,2020,6,6
2020-06-06 02:20:00+00:00,9584.31,9588.97,9583.91,9585.42,10.267316,2020,6,6
2020-06-06 02:21:00+00:00,9585.21,9585.21,9580.39,9582.66,6.940447,2020,6,6
2020-06-06 02:22:00+00:00,9582.48,9582.48,9577.52,9580.53,8.059436,2020,6,6
2020-06-06 02:23:00+00:00,9580.53,9583.21,9580.33,9583.05,4.273145,2020,6,6
2020-06-06 02:24:00+00:00,9583.0,9586.56,9582.21,9585.67,7.365262,2020,6,6
2020-06-06 02:25:00+00:00,9585.59,9590.0,9585.48,9587.71,11.219322,2020,6,6
2020-06-06 02:26:00+00:00,9587.71,9593.12,9585.83,9591.18,11.493702,2020,6,6
2020-06-06 02:27:00+00:00,9591.18,9592.89,9586.57,9588.07,11.45981,2020,6,6
2020-06-06 02:28:00+00:00,9588.07,9589.88,9585.05,9587.35,13.270113,2020,6,6
2020-06-06 02:29:00+00:00,9587.35,9590.48,9587.35,9587.95,3.089578,2020,6,6
2020-06-06 02:30:00+00:00,9587.95,9593.12,9587.95,9590.76,5.338407,2020,6,6
2020-06-06 02:31:00+00:00,9590.85,9593.87,9589.62,9592.01,8.039566,2020,6,6
2020-06-06 02:32:00+00:00,9592.01,9594.62,9590.01,9594.62,12.55336,2020,6,6
2020-06-06 02:33:00+00:00,9594.02,9594.02,9590.88,9593.22,5.536288,2020,6,6
2020-06-06 02:34:00+00:00,9592.54,9596.3,9592.54,9593.04,5.651431,2020,6,6
2020-06-06 02:35:00+00:00,9593.76,9596.51,9589.09,9595.51,26.422295,2020,6,6
2020-06-06 02:36:00+00:00,9595.46,9597.32,9592.01,9592.01,7.473126,2020,6,6
2020-06-06 02:37:00+00:00,9592.04,9598.0,9591.62,9597.46,11.986136,2020,6,6
2020-06-06 02:38:00+00:00,9597.46,9601.52,9594.33,9600.0,17.410789,2020,6,6
2020-06-06 02:39:00+00:00,9600.0,9602.26,9600.0,9601.2,11.758711,2020,6,6
2020-06-06 02:40:00+00:00,9601.2,9601.31,9593.0,9595.07,31.773448,2020,6,6
2020-06-06 02:41:00+00:00,9596.01,9597.64,9589.5,9593.83,29.164864,2020,6,6
2020-06-06 02:42:00+00:00,9594.72,9595.71,9589.0,9591.85,18.390281,2020,6,6
2020-06-06 02:43:00+00:00,9591.85,9595.0,9590.0,9594.42,10.947076,2020,6,6
2020-06-06 02:44:00+00:00,9594.42,9601.2,9593.55,9597.85,19.14527,2020,6,6
2020-06-06 02:45:00+00:00,9597.85,9600.0,9595.97,9597.29,7.20105,2020,6,6
2020-06-06 02:46:00+00:00,9597.28,9597.68,9593.64,9595.16,10.095213,2020,6,6
2020-06-06 02:47:00+00:00,9594.88,9596.67,9591.34,9592.01,6.605357,2020,6,6
2020-06-06 02:48:00+00:00,9592.44,9594.19,9590.0,9591.82,8.650912,2020,6,6
2020-06-06 02:49:00+00:00,9591.57,9598.43,9590.0,9594.62,58.67043,2020,6,6
2020-06-06 02:50:00+00:00,9594.62,9594.67,9590.51,9591.89,5.960039,2020,6,6
2020-06-06 02:51:00+00:00,9592.06,9594.29,9590.56,9593.3,3.461864,2020,6,6
2020-06-06 02:52:00+00:00,9593.59,9595.55,9591.93,9594.81,4.811149,2020,6,6
2020-06-06 02:53:00+00:00,9595.36,9600.0,9595.35,9598.91,7.758899,2020,6,6
2020-06-06 02:54:00+00:00,9599.0,9600.13,9595.6,9598.7,5.056715,2020,6,6
2020-06-06 02:55:00+00:00,9598.7,9605.51,9598.7,9604.01,13.359816,2020,6,6
2020-06-06 02:56:00+00:00,9604.01,9605.8,9601.78,9605.25,5.722281,2020,6,6
2020-06-06 02:57:00+00:00,9605.1,9609.52,9603.0,9604.99,50.343012,2020,6,6
2020-06-06 02:58:00+00:00,9604.51,9607.93,9601.06,9603.58,11.595997,2020,6,6
2020-06-06 02:59:00+00:00,9603.02,9604.79,9599.66,9600.86,9.255432,2020,6,6
2020-06-06 03:00:00+00:00,9600.17,9603.94,9598.98,9602.5,7.522125,2020,6,6
2020-06-06 03:01:00+00:00,9602.8,9609.99,9602.34,9605.96,53.062613,2020,6,6
2020-06-06 03:02:00+00:00,9607.79,9610.0,9605.0,9605.69,13.505567,2020,6,6
2020-06-06 03:03:00+00:00,9605.67,9609.05,9603.94,9604.69,12.573158,2020,6,6
2020-06-06 03:04:00+00:00,9604.31,9607.37,9600.77,9606.4,14.952332,2020,6,6
2020-06-06 03:05:00+00:00,9606.4,9607.21,9605.81,9606.5,5.346286,2020,6,6
2020-06-06 03:06:00+00:00,9606.34,9607.06,9603.38,9605.11,7.452925,2020,6,6
2020-06-06 03:07:00+00:00,9605.14,9609.99,9605.14,9609.34,13.919109,2020,6,6
2020-06-06 03:08:00+00:00,9609.0,9609.0,9605.03,9605.51,8.710103,2020,6,6
2020-06-06 03:09:00+00:00,9605.52,9608.1,9599.0,9599.01,45.178307,2020,6,6
2020-06-06 03:10:00+00:00,9599.01,9600.35,9595.42,9597.44,15.694869,2020,6,6
2020-06-06 03:11:00+00:00,9597.44,9599.34,9596.57,9597.53,5.224894,2020,6,6
2020-06-06 03:12:00+00:00,9597.85,9597.87,9595.0,9595.46,21.463595,2020,6,6
2020-06-06 03:13:00+00:00,9595.7,9598.25,9592.22,9597.02,9.284697,2020,6,6
2020-06-06 03:14:00+00:00,9597.11,9597.11,9593.27,9594.56,3.766945,2020,6,6
2020-06-06 03:15:00+00:00,9594.56,9594.56,9591.9,9592.61,9.877423,2020,6,6
2020-06-06 03:16:00+00:00,9592.61,9595.33,9585.49,9589.12,15.120143,2020,6,6
2020-06-06 03:17:00+00:00,9589.05,9591.95,9586.52,9587.08,20.283277,2020,6,6
2020-06-06 03:18:00+00:00,9586.52,9590.0,9586.52,9588.93,7.271188,2020,6,6
2020-06-06 03:19:00+00:00,9588.94,9594.64,9588.25,9593.39,13.594864,2020,6,6
2020-06-06 03:20:00+00:00,9593.1,9593.1,9588.01,9588.49,6.309659,2020,6,6
2020-06-06 03:21:00+00:00,9588.63,9590.73,9585.5,9586.54,8.887105,2020,6,6
2020-06-06 03:22:00+00:00,9586.01,9586.83,9586.0,9586.17,4.939327,2020,6,6
2020-06-06 03:23:00+00:00,9586.17,9588.8,9581.26,9586.31,21.70906,2020,6,6
2020-06-06 03:24:00+00:00,9586.31,9586.39,9581.81,9581.81,5.530522,2020,6,6
2020-06-06 03:25:00+00:00,9581.18,9585.04,9578.0,9583.3,20.86592,2020,6,6
2020-06-06 03:26:00+00:00,9583.33,9583.76,9571.63,9579.45,38.491658,2020,6,6
2020-06-06 03:27:00+00:00,9579.44,9579.99,9576.64,9578.19,34.369953,2020,6,6
2020-06-06 03:28:00+00:00,9578.77,9590.0,9578.77,9588.9,17.130325,2020,6,6
2020-06-06 03:29:00+00:00,9588.9,9592.24,9588.9,9591.87,15.655256,2020,6,6
2020-06-06 03:30:00+00:00,9591.77,9592.48,9590.0,9590.01,12.621528,2020,6,6
2020-06-06 03:31:00+00:00,9590.02,9590.89,9590.0,9590.82,4.695173,2020,6,6
2020-06-06 03:32:00+00:00,9590.81,9620.0,9590.26,9611.32,67.038234,2020,6,6
2020-06-06 03:33:00+00:00,9611.41,9622.06,9611.4,9618.14,35.393747,2020,6,6
2020-06-06 03:34:00+00:00,9618.14,9620.67,9612.6,9613.12,12.97403,2020,6,6
2020-06-06 03:35:00+00:00,9612.77,9615.5,9610.01,9610.01,8.033569,2020,6,6
2020-06-06 03:36:00+00:00,9610.01,9613.81,9610.01,9613.81,7.459212,2020,6,6
2020-06-06 03:37:00+00:00,9611.88,9611.88,9604.17,9608.16,10.909202,2020,6,6
2020-06-06 03:38:00+00:00,9608.15,9609.3,9607.1,9608.3,5.397158,2020,6,6
2020-06-06 03:39:00+00:00,9608.3,9609.89,9607.01,9607.96,4.159079,2020,6,6
2020-06-06 03:40:00+00:00,9608.1,9609.29,9607.2,9608.99,5.316221,2020,6,6
2020-06-06 03:41:00+00:00,9608.99,9617.0,9608.98,9615.35,23.625009,2020,6,6
2020-06-06 03:42:00+00:00,9616.35,9616.77,9612.33,9614.05,12.071796,2020,6,6
2020-06-06 03:43:00+00:00,9614.42,9623.51,9614.0,9619.04,24.461196,2020,6,6
2020-06-06 03:44:00+00:00,9619.03,9624.66,9618.31,9621.62,11.208925,2020,6,6
2020-06-06 03:45:00+00:00,9622.1,9632.09,9612.36,9612.72,138.962614,2020,6,6
2020-06-06 03:46:00+00:00,9612.72,9623.48,9612.71,9622.0,27.685721,2020,6,6
2020-06-06 03:47:00+00:00,9622.05,9622.44,9618.67,9620.0,16.614396,2020,6,6
2020-06-06 03:48:00+00:00,9620.01,9620.29,9618.67,9619.99,4.481388,2020,6,6
2020-06-06 03:49:00+00:00,9619.97,9620.0,9617.65,9617.83,8.765337,2020,6,6
2020-06-06 03:50:00+00:00,9617.86,9619.91,9617.73,9617.87,3.295089,2020,6,6
2020-06-06 03:51:00+00:00,9617.87,9620.63,9616.3,9620.0,10.587935,2020,6,6
2020-06-06 03:52:00+00:00,9620.0,9620.01,9613.18,9616.24,11.503758,2020,6,6
2020-06-06 03:53:00+00:00,9616.53,9619.94,9615.17,9619.94,9.809207,2020,6,6
2020-06-06 03:54:00+00:00,9619.94,9622.0,9618.17,9620.86,9.010214,2020,6,6
2020-06-06 03:55:00+00:00,9620.57,9621.84,9615.68,9619.73,9.590578,2020,6,6
2020-06-06 03:56:00+00:00,9619.73,9621.29,9618.14,9619.98,3.650545,2020,6,6
2020-06-06 03:57:00+00:00,9619.51,9620.83,9615.65,9618.21,8.186385,2020,6,6
2020-06-06 03:58:00+00:00,9618.46,9644.34,9618.25,9639.48,96.830906,2020,6,6
2020-06-06 03:59:00+00:00,9639.07,9643.0,9632.17,9636.18,24.781545,2020,6,6
2020-06-06 04:00:00+00:00,9636.17,9636.6,9623.82,9633.86,61.909423,2020,6,6
2020-06-06 04:01:00+00:00,9633.86,9633.88,9632.0,9632.81,9.009472,2020,6,6
2020-06-06 04:02:00+00:00,9632.81,9634.98,9632.0,9633.25,12.483627,2020,6,6
2020-06-06 04:03:00+00:00,9633.3,9637.04,9632.09,9633.31,16.602384,2020,6,6
2020-06-06 04:04:00+00:00,9633.21,9635.04,9629.64,9632.07,12.232045,2020,6,6
2020-06-06 04:05:00+00:00,9632.83,9634.89,9631.3,9632.81,8.54187,2020,6,6
2020-06-06 04:06:00+00:00,9632.77,9633.95,9627.17,9627.17,23.784967,2020,6,6
2020-06-06 04:07:00+00:00,9628.25,9631.32,9626.52,9627.22,21.84435,2020,6,6
2020-06-06 04:08:00+00:00,9627.75,9630.0,9625.86,9626.81,46.103553,2020,6,6
2020-06-06 04:09:00+00:00,9626.81,9631.97,9615.65,9617.5,56.254832,2020,6,6
2020-06-06 04:10:00+00:00,9617.34,9620.01,9615.38,9616.7,19.682397,2020,6,6
2020-06-06 04:11:00+00:00,9616.71,9621.83,9616.66,9619.99,16.065825,2020,6,6
2020-06-06 04:12:00+00:00,9619.99,9625.03,9617.89,9625.03,9.783072,2020,6,6
2020-06-06 04:13:00+00:00,9626.52,9627.14,9621.89,9626.67,10.946275,2020,6,6
2020-06-06 04:14:00+00:00,9626.66,9626.68,9626.05,9626.05,5.701598,2020,6,6
2020-06-06 04:15:00+00:00,9626.55,9626.55,9615.2,9617.58,84.325758,2020,6,6
2020-06-06 04:16:00+00:00,9617.58,9621.29,9617.0,9621.1,9.182753,2020,6,6
2020-06-06 04:17:00+00:00,9621.1,9621.81,9616.07,9619.58,12.278669,2020,6,6
2020-06-06 04:18:00+00:00,9619.1,9626.64,9617.07,9624.85,14.898635,2020,6,6
2020-06-06 04:19:00+00:00,9625.52,9629.98,9624.0,9626.98,30.817497,2020,6,6
2020-06-06 04:20:00+00:00,9626.98,9629.98,9618.49,9620.41,26.847095,2020,6,6
2020-06-06 04:21:00+00:00,9620.41,9621.83,9620.0,9620.63,7.857241,2020,6,6
2020-06-06 04:22:00+00:00,9620.63,9632.64,9620.63,9632.64,13.512911,2020,6,6
2020-06-06 04:23:00+00:00,9631.95,9635.41,9625.64,9626.89,16.413824,2020,6,6
2020-06-06 04:24:00+00:00,9627.38,9631.28,9627.38,9628.56,4.515071,2020,6,6
2020-06-06 04:25:00+00:00,9629.14,9634.42,9626.9,9630.99,20.224523,2020,6,6
2020-06-06 04:26:00+00:00,9631.0,9631.51,9620.88,9626.7,18.608605,2020,6,6
2020-06-06 04:27:00+00:00,9627.51,9628.54,9621.37,9622.25,12.727452,2020,6,6
2020-06-06 04:28:00+00:00,9622.16,9628.72,9620.02,9622.77,20.962939,2020,6,6
2020-06-06 04:29:00+00:00,9622.77,9626.43,9622.03,9625.35,18.450801,2020,6,6
2020-06-06 04:30:00+00:00,9625.09,9626.84,9617.66,9619.74,18.395962,2020,6,6
2020-06-06 04:31:00+00:00,9619.74,9624.42,9617.0,9622.24,17.218549,2020,6,6
2020-06-06 04:32:00+00:00,9622.24,9622.89,9617.54,9617.86,14.557607,2020,6,6
2020-06-06 04:33:00+00:00,9617.87,9621.06,9613.43,9617.44,24.11547,2020,6,6
2020-06-06 04:34:00+00:00,9617.44,9619.99,9613.87,9615.1,8.495628,2020,6,6
2020-06-06 04:35:00+00:00,9615.12,9619.99,9610.01,9618.89,16.069045,2020,6,6
2020-06-06 04:36:00+00:00,9618.89,9620.0,9616.04,9618.9,7.651862,2020,6,6
2020-06-06 04:37:00+00:00,9618.43,9622.8,9618.43,9621.84,13.914574,2020,6,6
2020-06-06 04:38:00+00:00,9621.84,9621.93,9612.56,9615.56,10.437362,2020,6,6
2020-06-06 04:39:00+00:00,9615.56,9615.56,9607.2,9612.36,11.581693,2020,6,6
2020-06-06 04:40:00+00:00,9611.94,9613.28,9609.1,9613.27,8.972627,2020,6,6
2020-06-06 04:41:00+00:00,9613.27,9613.27,9608.93,9609.72,8.267727,2020,6,6
2020-06-06 04:42:00+00:00,9610.11,9612.81,9608.25,9611.22,8.660439,2020,6,6
2020-06-06 04:43:00+00:00,9611.43,9614.99,9611.42,9613.3,5.811993,2020,6,6
2020-06-06 04:44:00+00:00,9613.28,9613.53,9610.15,9610.83,5.70395,2020,6,6
2020-06-06 04:45:00+00:00,9611.06,9612.97,9608.91,9609.39,5.868748,2020,6,6
2020-06-06 04:46:00+00:00,9611.29,9614.66,9611.0,9613.34,7.897421,2020,6,6
2020-06-06 04:47:00+00:00,9613.52,9617.9,9613.52,9616.01,14.110131,2020,6,6
2020-06-06 04:48:00+00:00,9616.0,9617.8,9614.58,9617.8,4.079111,2020,6,6
2020-06-06 04:49:00+00:00,9617.23,9621.81,9615.9,9620.44,10.018545,2020,6,6
2020-06-06 04:50:00+00:00,9620.31,9621.19,9618.7,9619.87,7.165996,2020,6,6
2020-06-06 04:51:00+00:00,9619.88,9619.88,9612.79,9612.81,17.501745,2020,6,6
2020-06-06 04:52:00+00:00,9612.81,9614.48,9611.73,9613.0,7.937707,2020,6,6
2020-06-06 04:53:00+00:00,9613.48,9617.13,9613.0,9614.0,6.43716,2020,6,6
2020-06-06 04:54:00+00:00,9614.04,9614.04,9612.17,9612.59,3.621596,2020,6,6
2020-06-06 04:55:00+00:00,9612.59,9615.99,9606.34,9615.02,29.600304,2020,6,6
2020-06-06 04:56:00+00:00,9615.47,9615.47,9605.7,9609.17,34.173955,2020,6,6
2020-06-06 04:57:00+00:00,9607.91,9617.97,9603.86,9615.79,30.06851,2020,6,6
2020-06-06 04:58:00+00:00,9615.79,9617.84,9606.0,9607.45,14.621338,2020,6,6
2020-06-06 04:59:00+00:00,9608.47,9611.22,9606.31,9608.15,9.089441,2020,6,6
2020-06-06 05:00:00+00:00,9608.37,9608.63,9590.2,9596.92,59.172928,2020,6,6
2020-06-06 05:01:00+00:00,9596.93,9604.51,9580.0,9602.15,85.943393,2020,6,6
2020-06-06 05:02:00+00:00,9601.65,9605.54,9600.0,9604.09,32.759834,2020,6,6
2020-06-06 05:03:00+00:00,9603.64,9603.74,9598.0,9598.35,12.877485,2020,6,6
2020-06-06 05:04:00+00:00,9599.13,9599.75,9595.18,9599.17,8.547201,2020,6,6
2020-06-06 05:05:00+00:00,9599.18,9603.34,9599.18,9600.21,34.587575,2020,6,6
2020-06-06 05:06:00+00:00,9600.21,9601.63,9598.34,9600.68,7.582506,2020,6,6
2020-06-06 05:07:00+00:00,9600.64,9600.75,9596.5,9596.5,22.468742,2020,6,6
2020-06-06 05:08:00+00:00,9596.16,9601.67,9595.59,9600.7,12.079034,2020,6,6
2020-06-06 05:09:00+00:00,9601.01,9603.4,9598.66,9601.24,13.161448,2020,6,6
2020-06-06 05:10:00+00:00,9600.96,9604.73,9600.4,9603.62,5.825553,2020,6,6
2020-06-06 05:11:00+00:00,9604.22,9605.0,9603.42,9604.93,6.526022,2020,6,6
2020-06-06 05:12:00+00:00,9605.0,9607.34,9600.0,9603.7,54.036942,2020,6,6
2020-06-06 05:13:00+00:00,9603.7,9605.67,9603.7,9604.31,7.127137,2020,6,6
2020-06-06 05:14:00+00:00,9604.3,9605.23,9602.46,9604.72,5.745865,2020,6,6
2020-06-06 05:15:00+00:00,9604.72,9605.42,9603.77,9603.77,6.44792,2020,6,6
2020-06-06 05:16:00+00:00,9604.51,9606.1,9604.41,9606.09,7.275244,2020,6,6
2020-06-06 05:17:00+00:00,9606.1,9612.24,9604.35,9611.79,15.688096,2020,6,6
2020-06-06 05:18:00+00:00,9611.79,9619.17,9611.32,9617.54,28.227391,2020,6,6
2020-06-06 05:19:00+00:00,9617.24,9618.21,9613.12,9614.47,13.848814,2020,6,6
2020-06-06 05:20:00+00:00,9615.46,9618.32,9612.49,9617.78,8.982381,2020,6,6
2020-06-06 05:21:00+00:00,9617.4,9617.7,9614.58,9615.74,3.690695,2020,6,6
2020-06-06 05:22:00+00:00,9615.74,9616.02,9613.0,9615.5,10.07306,2020,6,6
2020-06-06 05:23:00+00:00,9615.48,9617.09,9613.1,9615.8,9.908436,2020,6,6
2020-06-06 05:24:00+00:00,9615.75,9616.97,9613.0,9613.06,14.378338,2020,6,6
2020-06-06 05:25:00+00:00,9613.01,9613.21,9606.54,9609.95,12.110646,2020,6,6
2020-06-06 05:26:00+00:00,9609.52,9610.99,9609.26,9609.96,5.124442,2020,6,6
2020-06-06 05:27:00+00:00,9610.0,9616.52,9610.0,9615.0,26.579236,2020,6,6
2020-06-06 05:28:00+00:00,9615.0,9620.09,9614.99,9616.51,27.156312,2020,6,6
2020-06-06 05:29:00+00:00,9615.68,9618.37,9614.07,9616.72,17.811567,2020,6,6
2020-06-06 05:30:00+00:00,9616.27,9616.57,9611.17,9613.7,11.526145,2020,6,6
2020-06-06 05:31:00+00:00,9613.7,9613.98,9608.04,9608.05,5.796044,2020,6,6
2020-06-06 05:32:00+00:00,9608.04,9608.04,9600.32,9600.9,11.218818,2020,6,6
2020-06-06 05:33:00+00:00,9600.88,9606.68,9598.17,9606.15,9.428812,2020,6,6
2020-06-06 05:34:00+00:00,9606.14,9611.24,9605.08,9610.0,11.842225,2020,6,6
2020-06-06 05:35:00+00:00,9609.98,9616.92,9609.98,9616.92,6.849395,2020,6,6
2020-06-06 05:36:00+00:00,9616.92,9623.14,9616.91,9623.14,7.906606,2020,6,6
2020-06-06 05:37:00+00:00,9623.4,9625.0,9622.76,9623.94,11.388189,2020,6,6
2020-06-06 05:38:00+00:00,9623.65,9624.99,9618.24,9621.07,34.477507,2020,6,6
2020-06-06 05:39:00+00:00,9621.07,9621.93,9616.5,9619.65,10.520532,2020,6,6
2020-06-06 05:40:00+00:00,9619.65,9627.58,9619.65,9625.15,26.377263,2020,6,6
2020-06-06 05:41:00+00:00,9625.15,9628.01,9621.05,9623.07,7.886454,2020,6,6
2020-06-06 05:42:00+00:00,9623.28,9623.28,9620.08,9621.89,8.224055,2020,6,6
2020-06-06 05:43:00+00:00,9621.91,9624.73,9621.2,9621.63,9.717489,2020,6,6
2020-06-06 05:44:00+00:00,9621.63,9624.37,9620.7,9623.84,6.93604,2020,6,6
2020-06-06 05:45:00+00:00,9623.68,9626.73,9623.47,9625.27,9.820804,2020,6,6
2020-06-06 05:46:00+00:00,9624.82,9625.18,9620.0,9622.11,12.0685,2020,6,6
2020-06-06 05:47:00+00:00,9622.56,9622.6,9616.21,9620.01,13.107292,2020,6,6
2020-06-06 05:48:00+00:00,9619.96,9620.89,9617.86,9619.2,4.264498,2020,6,6
2020-06-06 05:49:00+00:00,9619.19,9620.98,9615.31,9616.19,14.67216,2020,6,6
2020-06-06 05:50:00+00:00,9616.18,9623.79,9615.63,9623.79,11.831612,2020,6,6
2020-06-06 05:51:00+00:00,9623.59,9627.99,9622.09,9627.91,7.142201,2020,6,6
2020-06-06 05:52:00+00:00,9627.27,9632.64,9626.33,9627.98,24.723405,2020,6,6
2020-06-06 05:53:00+00:00,9628.72,9629.23,9616.83,9621.46,27.441297,2020,6,6
2020-06-06 05:54:00+00:00,9622.41,9623.61,9619.85,9620.73,8.421947,2020,6,6
2020-06-06 05:55:00+00:00,9621.19,9627.91,9621.01,9624.38,15.6071,2020,6,6
2020-06-06 05:56:00+00:00,9623.32,9625.22,9622.18,9624.88,7.345263,2020,6,6
2020-06-06 05:57:00+00:00,9624.88,9624.89,9619.0,9620.02,12.499287,2020,6,6
2020-06-06 05:58:00+00:00,9620.59,9621.45,9620.02,9621.05,4.81362,2020,6,6
2020-06-06 05:59:00+00:00,9621.04,9621.05,9619.0,9619.02,11.726259,2020,6,6
2020-06-06 06:00:00+00:00,9619.43,9624.79,9609.02,9623.21,87.268073,2020,6,6
2020-06-06 06:01:00+00:00,9623.2,9627.0,9622.25,9626.71,9.952454,2020,6,6
2020-06-06 06:02:00+00:00,9626.84,9627.0,9623.62,9624.11,8.636636,2020,6,6
2020-06-06 06:03:00+00:00,9624.12,9625.79,9621.05,9625.0,11.484381,2020,6,6
2020-06-06 06:04:00+00:00,9624.99,9625.93,9621.71,9624.55,8.768985,2020,6,6
2020-06-06 06:05:00+00:00,9624.19,9624.84,9621.06,9621.39,7.010265,2020,6,6
2020-06-06 06:06:00+00:00,9621.3,9625.05,9621.3,9625.0,3.919595,2020,6,6
2020-06-06 06:07:00+00:00,9625.0,9625.42,9622.79,9623.56,2.334975,2020,6,6
2020-06-06 06:08:00+00:00,9624.34,9630.0,9623.34,9629.0,20.523404,2020,6,6
2020-06-06 06:09:00+00:00,9629.01,9629.01,9625.2,9626.96,5.724936,2020,6,6
2020-06-06 06:10:00+00:00,9627.47,9629.49,9627.35,9629.03,9.015832,2020,6,6
2020-06-06 06:11:00+00:00,9628.54,9633.01,9628.54,9632.01,15.001147,2020,6,6
2020-06-06 06:12:00+00:00,9632.01,9633.0,9630.01,9631.61,7.253725,2020,6,6
2020-06-06 06:13:00+00:00,9631.81,9634.16,9631.33,9632.08,10.580424,2020,6,6
2020-06-06 06:14:00+00:00,9632.09,9633.35,9629.2,9630.01,17.957753,2020,6,6
2020-06-06 06:15:00+00:00,9630.01,9633.04,9630.0,9630.0,35.851081,2020,6,6
2020-06-06 06:16:00+00:00,9630.01,9630.01,9626.39,9627.52,13.95728,2020,6,6
2020-06-06 06:17:00+00:00,9627.2,9628.17,9619.76,9622.56,22.908503,2020,6,6
2020-06-06 06:18:00+00:00,9622.57,9623.8,9617.3,9620.96,8.547029,2020,6,6
2020-06-06 06:19:00+00:00,9621.34,9622.41,9617.1,9618.0,12.540275,2020,6,6
2020-06-06 06:20:00+00:00,9618.52,9621.53,9616.03,9621.23,5.08316,2020,6,6
2020-06-06 06:21:00+00:00,9621.81,9622.47,9617.79,9619.91,11.126364,2020,6,6
2020-06-06 06:22:00+00:00,9620.09,9622.55,9619.38,9620.76,5.798509,2020,6,6
2020-06-06 06:23:00+00:00,9620.76,9620.76,9614.0,9615.06,23.267771,2020,6,6
2020-06-06 06:24:00+00:00,9615.06,9617.65,9613.0,9617.04,6.694123,2020,6,6
2020-06-06 06:25:00+00:00,9617.09,9620.02,9616.69,9618.96,10.110723,2020,6,6
2020-06-06 06:26:00+00:00,9619.15,9622.4,9615.05,9615.05,8.380769,2020,6,6
2020-06-06 06:27:00+00:00,9616.3,9618.96,9615.43,9618.02,12.475583,2020,6,6
2020-06-06 06:28:00+00:00,9618.13,9621.21,9617.58,9620.31,5.955635,2020,6,6
2020-06-06 06:29:00+00:00,9620.31,9621.97,9619.88,9621.54,11.044985,2020,6,6
2020-06-06 06:30:00+00:00,9621.53,9623.42,9615.84,9618.28,10.583336,2020,6,6
2020-06-06 06:31:00+00:00,9618.28,9620.55,9617.29,9619.09,5.293664,2020,6,6
2020-06-06 06:32:00+00:00,9619.53,9619.76,9613.0,9617.85,21.270275,2020,6,6
2020-06-06 06:33:00+00:00,9617.85,9618.37,9614.73,9616.72,13.044689,2020,6,6
2020-06-06 06:34:00+00:00,9616.12,9621.49,9616.12,9620.54,5.927897,2020,6,6
2020-06-06 06:35:00+00:00,9620.54,9625.0,9620.51,9621.93,10.285992,2020,6,6
2020-06-06 06:36:00+00:00,9621.93,9621.93,9616.95,9620.51,9.916225,2020,6,6
2020-06-06 06:37:00+00:00,9620.51,9623.94,9617.85,9619.2,18.128184,2020,6,6
2020-06-06 06:38:00+00:00,9619.2,9620.56,9619.12,9619.6,17.009031,2020,6,6
2020-06-06 06:39:00+00:00,9619.6,9619.6,9612.06,9614.9,27.596409,2020,6,6
2020-06-06 06:40:00+00:00,9614.91,9617.25,9614.89,9615.98,15.923088,2020,6,6
2020-06-06 06:41:00+00:00,9615.98,9615.98,9608.64,9612.18,21.738071,2020,6,6
2020-06-06 06:42:00+00:00,9612.18,9614.47,9606.29,9607.58,20.167367,2020,6,6
2020-06-06 06:43:00+00:00,9607.27,9609.67,9601.06,9608.76,36.138222,2020,6,6
2020-06-06 06:44:00+00:00,9608.08,9608.08,9604.95,9605.01,7.008026,2020,6,6
2020-06-06 06:45:00+00:00,9605.0,9606.24,9604.95,9606.15,14.811635,2020,6,6
2020-06-06 06:46:00+00:00,9605.92,9605.92,9600.0,9603.95,24.695495,2020,6,6
2020-06-06 06:47:00+00:00,9602.68,9607.55,9600.38,9607.54,31.485195,2020,6,6
2020-06-06 06:48:00+00:00,9607.05,9609.73,9605.51,9607.0,18.306084,2020,6,6
2020-06-06 06:49:00+00:00,9607.0,9607.39,9603.0,9604.85,21.327369,2020,6,6
2020-06-06 06:50:00+00:00,9604.85,9607.81,9604.12,9607.81,12.872809,2020,6,6
2020-06-06 06:51:00+00:00,9607.35,9607.81,9607.16,9607.16,16.110911,2020,6,6
2020-06-06 06:52:00+00:00,9607.17,9607.81,9607.16,9607.81,10.817884,2020,6,6
2020-06-06 06:53:00+00:00,9607.81,9610.47,9607.8,9610.3,4.621874,2020,6,6
2020-06-06 06:54:00+00:00,9610.0,9613.34,9609.84,9611.91,10.2798,2020,6,6
2020-06-06 06:55:00+00:00,9611.91,9612.72,9610.28,9610.99,4.772828,2020,6,6
2020-06-06 06:56:00+00:00,9610.99,9615.19,9610.99,9615.0,10.73073,2020,6,6
2020-06-06 06:57:00+00:00,9615.0,9616.21,9612.74,9614.85,7.109473,2020,6,6
2020-06-06 06:58:00+00:00,9614.85,9617.28,9610.0,9610.0,10.605248,2020,6,6
2020-06-06 06:59:00+00:00,9610.01,9613.74,9610.0,9610.0,16.748221,2020,6,6
2020-06-06 07:00:00+00:00,9610.0,9618.79,9610.0,9617.02,18.288992,2020,6,6
2020-06-06 07:01:00+00:00,9617.02,9621.98,9614.82,9621.53,29.783357,2020,6,6
2020-06-06 07:02:00+00:00,9621.54,9623.34,9620.04,9623.12,8.396634,2020,6,6
2020-06-06 07:03:00+00:00,9623.12,9623.13,9620.87,9620.87,12.281717,2020,6,6
2020-06-06 07:04:00+00:00,9620.86,9620.86,9619.74,9619.74,10.324074,2020,6,6
2020-06-06 07:05:00+00:00,9619.73,9626.52,9619.7,9626.5,31.383517,2020,6,6
2020-06-06 07:06:00+00:00,9626.5,9630.0,9622.52,9626.87,22.351156,2020,6,6
2020-06-06 07:07:00+00:00,9626.88,9628.65,9626.06,9626.07,6.649916,2020,6,6
2020-06-06 07:08:00+00:00,9626.06,9628.34,9624.62,9626.58,8.521748,2020,6,6
2020-06-06 07:09:00+00:00,9626.19,9633.0,9626.19,9632.87,23.391855,2020,6,6
2020-06-06 07:10:00+00:00,9632.99,9640.0,9632.86,9636.99,34.286965,2020,6,6
2020-06-06 07:11:00+00:00,9636.55,9636.56,9625.98,9625.99,40.43844,2020,6,6
2020-06-06 07:12:00+00:00,9625.99,9628.18,9625.01,9625.96,13.643178,2020,6,6
2020-06-06 07:13:00+00:00,9626.18,9630.12,9625.94,9628.65,14.05935,2020,6,6
2020-06-06 07:14:00+00:00,9628.65,9629.04,9627.54,9627.56,11.351114,2020,6,6
2020-06-06 07:15:00+00:00,9627.54,9632.55,9623.07,9623.08,23.265817,2020,6,6
2020-06-06 07:16:00+00:00,9623.08,9623.84,9620.75,9621.51,16.205953,2020,6,6
2020-06-06 07:17:00+00:00,9621.51,9622.49,9617.01,9617.57,25.446552,2020,6,6
2020-06-06 07:18:00+00:00,9617.59,9624.55,9617.58,9623.74,22.153461,2020,6,6
2020-06-06 07:19:00+00:00,9624.11,9624.93,9619.22,9620.61,33.818105,2020,6,6
2020-06-06 07:20:00+00:00,9620.98,9624.12,9620.4,9622.6,7.354542,2020,6,6
2020-06-06 07:21:00+00:00,9622.55,9622.78,9619.01,9620.05,8.87872,2020,6,6
2020-06-06 07:22:00+00:00,9620.04,9620.79,9615.76,9616.38,9.491369,2020,6,6
2020-06-06 07:23:00+00:00,9616.34,9618.92,9615.0,9615.01,8.857326,2020,6,6
2020-06-06 07:24:00+00:00,9615.0,9618.99,9614.03,9617.34,15.002996,2020,6,6
2020-06-06 07:25:00+00:00,9617.31,9618.0,9613.92,9614.89,14.250046,2020,6,6
2020-06-06 07:26:00+00:00,9614.35,9614.94,9612.24,9612.24,5.393359,2020,6,6
2020-06-06 07:27:00+00:00,9613.0,9618.02,9612.88,9616.46,19.258089,2020,6,6
2020-06-06 07:28:00+00:00,9616.47,9618.99,9615.14,9616.61,11.612842,2020,6,6
2020-06-06 07:29:00+00:00,9616.74,9619.0,9614.08,9615.11,13.258395,2020,6,6
2020-06-06 07:30:00+00:00,9615.11,9623.75,9615.11,9622.28,36.518539,2020,6,6
2020-06-06 07:31:00+00:00,9622.28,9622.28,9615.34,9615.9,15.70526,2020,6,6
2020-06-06 07:32:00+00:00,9615.9,9617.34,9611.92,9615.09,10.564799,2020,6,6
2020-06-06 07:33:00+00:00,9614.71,9616.99,9612.69,9614.99,14.470178,2020,6,6
2020-06-06 07:34:00+00:00,9614.02,9615.75,9611.87,9611.88,5.310946,2020,6,6
2020-06-06 07:35:00+00:00,9611.88,9611.88,9601.37,9610.4,31.824052,2020,6,6
2020-06-06 07:36:00+00:00,9610.42,9610.98,9605.0,9605.01,19.190075,2020,6,6
2020-06-06 07:37:00+00:00,9605.01,9612.2,9605.0,9607.24,28.419916,2020,6,6
2020-06-06 07:38:00+00:00,9607.27,9612.19,9606.2,9610.73,18.490846,2020,6,6
2020-06-06 07:39:00+00:00,9610.09,9611.49,9605.0,9605.79,7.530817,2020,6,6
2020-06-06 07:40:00+00:00,9605.79,9610.72,9605.05,9605.05,11.488012,2020,6,6
2020-06-06 07:41:00+00:00,9605.05,9605.06,9599.94,9601.01,34.018403,2020,6,6
2020-06-06 07:42:00+00:00,9601.01,9606.5,9599.39,9604.69,20.34214,2020,6,6
2020-06-06 07:43:00+00:00,9605.18,9605.99,9599.01,9602.87,23.435636,2020,6,6
2020-06-06 07:44:00+00:00,9602.86,9609.0,9602.86,9605.58,13.146076,2020,6,6
2020-06-06 07:45:00+00:00,9606.01,9623.39,9604.81,9620.98,32.825765,2020,6,6
2020-06-06 07:46:00+00:00,9619.93,9621.51,9616.48,9620.73,9.719316,2020,6,6
2020-06-06 07:47:00+00:00,9620.56,9620.61,9618.29,9618.99,6.060583,2020,6,6
2020-06-06 07:48:00+00:00,9618.96,9627.84,9612.49,9626.83,74.381412,2020,6,6
2020-06-06 07:49:00+00:00,9626.42,9627.68,9620.53,9622.92,8.54747,2020,6,6
2020-06-06 07:50:00+00:00,9622.22,9624.38,9620.13,9621.97,8.742103,2020,6,6
2020-06-06 07:51:00+00:00,9621.97,9622.94,9619.31,9621.23,14.498679,2020,6,6
2020-06-06 07:52:00+00:00,9621.23,9623.92,9620.04,9623.18,4.656014,2020,6,6
2020-06-06 07:53:00+00:00,9623.28,9624.81,9622.89,9623.48,3.951186,2020,6,6
2020-06-06 07:54:00+00:00,9623.48,9623.98,9616.86,9620.61,14.692286,2020,6,6
2020-06-06 07:55:00+00:00,9621.93,9623.34,9620.87,9622.32,8.190943,2020,6,6
2020-06-06 07:56:00+00:00,9622.31,9622.32,9616.58,9618.0,26.991698,2020,6,6
2020-06-06 07:57:00+00:00,9618.0,9622.55,9617.74,9619.0,16.642552,2020,6,6
2020-06-06 07:58:00+00:00,9619.42,9623.0,9618.0,9621.83,7.336386,2020,6,6
2020-06-06 07:59:00+00:00,9621.5,9622.04,9605.16,9609.84,32.373311,2020,6,6
2020-06-06 08:00:00+00:00,9609.85,9614.6,9590.95,9604.71,116.192878,2020,6,6
2020-06-06 08:01:00+00:00,9604.76,9608.26,9602.52,9606.01,22.265861,2020,6,6
2020-06-06 08:02:00+00:00,9606.01,9606.55,9603.28,9604.8,12.065772,2020,6,6
2020-06-06 08:03:00+00:00,9605.16,9613.19,9605.16,9611.0,15.658328,2020,6,6
2020-06-06 08:04:00+00:00,9610.99,9612.55,9609.35,9611.67,30.612068,2020,6,6
2020-06-06 08:05:00+00:00,9611.11,9618.05,9610.56,9610.56,16.005909,2020,6,6
2020-06-06 08:06:00+00:00,9610.56,9611.21,9607.52,9610.0,11.359581,2020,6,6
2020-06-06 08:07:00+00:00,9609.99,9610.0,9600.04,9601.0,17.069671,2020,6,6
2020-06-06 08:08:00+00:00,9600.59,9601.0,9592.0,9598.98,91.104836,2020,6,6
2020-06-06 08:09:00+00:00,9598.98,9600.0,9597.05,9597.28,10.583236,2020,6,6
2020-06-06 08:10:00+00:00,9597.25,9598.92,9594.26,9596.09,9.792923,2020,6,6
2020-06-06 08:11:00+00:00,9594.63,9600.0,9594.62,9599.33,22.941663,2020,6,6
2020-06-06 08:12:00+00:00,9599.17,9604.62,9598.95,9601.63,39.142062,2020,6,6
2020-06-06 08:13:00+00:00,9601.63,9603.63,9600.97,9601.21,10.011948,2020,6,6
2020-06-06 08:14:00+00:00,9601.74,9602.0,9592.0,9592.0,79.341808,2020,6,6
2020-06-06 08:15:00+00:00,9592.0,9594.9,9590.0,9590.04,19.27769,2020,6,6
2020-06-06 08:16:00+00:00,9590.15,9594.74,9586.0,9592.77,31.67762,2020,6,6
2020-06-06 08:17:00+00:00,9592.85,9597.99,9591.14,9597.58,27.285459,2020,6,6
2020-06-06 08:18:00+00:00,9597.29,9604.77,9595.76,9600.43,14.81518,2020,6,6
2020-06-06 08:19:00+00:00,9601.52,9601.52,9597.3,9598.81,5.478568,2020,6,6
2020-06-06 08:20:00+00:00,9598.95,9604.18,9596.97,9601.74,30.624593,2020,6,6
2020-06-06 08:21:00+00:00,9601.92,9603.25,9600.0,9600.91,4.809327,2020,6,6
2020-06-06 08:22:00+00:00,9601.87,9603.88,9600.9,9603.46,4.876055,2020,6,6
2020-06-06 08:23:00+00:00,9603.08,9603.87,9602.13,9602.41,5.475588,2020,6,6
2020-06-06 08:24:00+00:00,9602.45,9602.84,9596.72,9599.9,15.456521,2020,6,6
2020-06-06 08:25:00+00:00,9599.9,9599.9,9590.0,9591.32,17.763866,2020,6,6
2020-06-06 08:26:00+00:00,9590.98,9594.35,9585.38,9586.7,46.594113,2020,6,6
2020-06-06 08:27:00+00:00,9586.7,9593.21,9585.34,9587.99,39.450311,2020,6,6
2020-06-06 08:28:00+00:00,9587.62,9590.0,9587.01,9588.75,8.429524,2020,6,6
2020-06-06 08:29:00+00:00,9589.29,9589.29,9583.89,9584.24,39.423334,2020,6,6
2020-06-06 08:30:00+00:00,9584.23,9590.0,9583.74,9589.27,36.000921,2020,6,6
2020-06-06 08:31:00+00:00,9589.22,9589.44,9580.0,9584.96,51.652916,2020,6,6
2020-06-06 08:32:00+00:00,9585.0,9596.85,9584.99,9593.49,65.159183,2020,6,6
2020-06-06 08:33:00+00:00,9594.02,9594.99,9588.94,9591.15,18.732093,2020,6,6
2020-06-06 08:34:00+00:00,9589.99,9590.23,9586.1,9586.93,9.027263,2020,6,6
2020-06-06 08:35:00+00:00,9586.88,9589.91,9583.57,9587.05,14.724364,2020,6,6
2020-06-06 08:36:00+00:00,9587.05,9589.2,9585.0,9585.0,15.834128,2020,6,6
2020-06-06 08:37:00+00:00,9585.0,9594.13,9584.99,9593.53,43.028061,2020,6,6
2020-06-06 08:38:00+00:00,9593.2,9593.74,9590.51,9590.91,6.993266,2020,6,6
2020-06-06 08:39:00+00:00,9590.9,9591.37,9587.06,9590.26,8.346211,2020,6,6
2020-06-06 08:40:00+00:00,9590.25,9590.26,9586.96,9587.61,8.384694,2020,6,6
2020-06-06 08:41:00+00:00,9588.07,9591.32,9586.75,9588.52,17.753818,2020,6,6
2020-06-06 08:42:00+00:00,9588.53,9591.37,9587.61,9591.37,12.983474,2020,6,6
2020-06-06 08:43:00+00:00,9591.36,9595.67,9589.84,9595.0,20.726176,2020,6,6
2020-06-06 08:44:00+00:00,9595.0,9595.0,9588.98,9592.68,3.693471,2020,6,6
2020-06-06 08:45:00+00:00,9592.67,9592.67,9591.0,9591.19,6.144183,2020,6,6
2020-06-06 08:46:00+00:00,9591.18,9591.19,9590.66,9590.99,2.554608,2020,6,6
2020-06-06 08:47:00+00:00,9590.99,9597.44,9590.99,9594.57,55.557088,2020,6,6
2020-06-06 08:48:00+00:00,9595.38,9600.0,9594.0,9598.47,17.588608,2020,6,6
2020-06-06 08:49:00+00:00,9598.94,9600.02,9594.5,9597.88,63.493718,2020,6,6
2020-06-06 08:50:00+00:00,9597.88,9599.05,9597.88,9599.04,3.241751,2020,6,6
2020-06-06 08:51:00+00:00,9599.04,9599.75,9597.86,9599.38,14.599014,2020,6,6
2020-06-06 08:52:00+00:00,9599.38,9599.38,9597.58,9597.87,11.022871,2020,6,6
2020-06-06 08:53:00+00:00,9597.87,9602.12,9597.84,9601.01,17.490305,2020,6,6
2020-06-06 08:54:00+00:00,9601.15,9602.12,9600.91,9600.91,15.234565,2020,6,6
2020-06-06 08:55:00+00:00,9600.62,9600.94,9600.34,9600.62,10.142269,2020,6,6
2020-06-06 08:56:00+00:00,9600.62,9600.67,9599.05,9600.0,13.339293,2020,6,6
2020-06-06 08:57:00+00:00,9599.99,9600.0,9597.01,9600.0,8.882608,2020,6,6
2020-06-06 08:58:00+00:00,9600.0,9602.11,9598.07,9602.11,8.35268,2020,6,6
2020-06-06 08:59:00+00:00,9602.11,9609.91,9598.77,9605.1,46.925247,2020,6,6
2020-06-06 09:00:00+00:00,9604.59,9616.66,9604.59,9614.94,16.728561,2020,6,6
2020-06-06 09:01:00+00:00,9613.86,9627.99,9613.08,9626.23,41.280464,2020,6,6
2020-06-06 09:02:00+00:00,9626.24,9640.0,9623.0,9638.83,211.83067,2020,6,6
2020-06-06 09:03:00+00:00,9638.83,9646.35,9635.98,9640.18,95.118695,2020,6,6
2020-06-06 09:04:00+00:00,9640.52,9647.58,9638.17,9646.32,43.816368,2020,6,6
2020-06-06 09:05:00+00:00,9646.31,9650.0,9641.71,9641.73,73.884226,2020,6,6
2020-06-06 09:06:00+00:00,9642.08,9646.67,9639.97,9641.98,96.305239,2020,6,6
2020-06-06 09:07:00+00:00,9641.82,9644.12,9635.05,9635.48,22.975139,2020,6,6
2020-06-06 09:08:00+00:00,9635.48,9639.43,9634.56,9639.4,13.071016,2020,6,6
2020-06-06 09:09:00+00:00,9639.07,9655.0,9638.61,9655.0,123.585925,2020,6,6
2020-06-06 09:10:00+00:00,9655.0,9685.0,9654.99,9670.22,313.369356,2020,6,6
2020-06-06 09:11:00+00:00,9670.97,9678.62,9670.0,9674.65,35.336374,2020,6,6
2020-06-06 09:12:00+00:00,9674.64,9674.64,9663.1,9665.6,36.801201,2020,6,6
2020-06-06 09:13:00+00:00,9665.11,9671.39,9665.03,9668.57,22.280055,2020,6,6
2020-06-06 09:14:00+00:00,9668.56,9675.0,9666.39,9672.67,21.267377,2020,6,6
2020-06-06 09:15:00+00:00,9672.67,9686.0,9671.64,9677.69,90.459784,2020,6,6
2020-06-06 09:16:00+00:00,9677.69,9683.44,9676.01,9678.18,30.882364,2020,6,6
2020-06-06 09:17:00+00:00,9678.18,9685.0,9674.39,9677.33,98.685875,2020,6,6
2020-06-06 09:18:00+00:00,9677.33,9680.0,9666.97,9672.23,57.773462,2020,6,6
2020-06-06 09:19:00+00:00,9672.24,9678.81,9660.95,9662.95,61.608103,2020,6,6
2020-06-06 09:20:00+00:00,9662.79,9670.43,9662.46,9668.19,26.48313,2020,6,6
2020-06-06 09:21:00+00:00,9668.0,9671.0,9666.78,9670.36,15.323799,2020,6,6
2020-06-06 09:22:00+00:00,9670.22,9670.22,9667.23,9669.5,14.308077,2020,6,6
2020-06-06 09:23:00+00:00,9669.5,9677.27,9667.35,9677.0,37.979663,2020,6,6
2020-06-06 09:24:00+00:00,9677.01,9695.0,9675.73,9677.39,101.820679,2020,6,6
2020-06-06 09:25:00+00:00,9677.39,9682.65,9674.93,9677.56,20.298592,2020,6,6
2020-06-06 09:26:00+00:00,9677.45,9677.5,9667.23,9673.53,49.88485,2020,6,6
2020-06-06 09:27:00+00:00,9673.53,9674.73,9666.68,9672.53,26.514231,2020,6,6
2020-06-06 09:28:00+00:00,9672.52,9677.95,9669.86,9677.95,15.588823,2020,6,6
2020-06-06 09:29:00+00:00,9677.94,9678.96,9666.23,9667.71,24.339657,2020,6,6
2020-06-06 09:30:00+00:00,9667.44,9672.34,9665.09,9672.34,23.473707,2020,6,6
2020-06-06 09:31:00+00:00,9672.45,9672.46,9665.08,9666.24,32.953697,2020,6,6
2020-06-06 09:32:00+00:00,9666.24,9680.0,9666.24,9670.0,42.779224,2020,6,6
2020-06-06 09:33:00+00:00,9670.0,9674.7,9661.16,9663.8,47.912696,2020,6,6
2020-06-06 09:34:00+00:00,9664.02,9673.5,9660.81,9669.52,48.480787,2020,6,6
2020-06-06 09:35:00+00:00,9668.62,9669.36,9663.29,9667.63,43.171839,2020,6,6
2020-06-06 09:36:00+00:00,9667.36,9676.51,9665.4,9671.94,23.428342,2020,6,6
2020-06-06 09:37:00+00:00,9671.94,9674.98,9667.36,9671.21,18.145019,2020,6,6
2020-06-06 09:38:00+00:00,9671.1,9673.54,9667.74,9673.28,24.794283,2020,6,6
2020-06-06 09:39:00+00:00,9672.46,9674.73,9668.91,9670.86,29.629332,2020,6,6
2020-06-06 09:40:00+00:00,9670.0,9671.8,9669.97,9670.22,12.845126,2020,6,6
2020-06-06 09:41:00+00:00,9670.21,9679.84,9670.0,9673.18,31.389443,2020,6,6
2020-06-06 09:42:00+00:00,9673.14,9676.95,9672.42,9676.07,10.477697,2020,6,6
2020-06-06 09:43:00+00:00,9676.11,9676.63,9670.73,9673.64,14.369923,2020,6,6
2020-06-06 09:44:00+00:00,9674.0,9683.97,9671.92,9681.38,24.273918,2020,6,6
2020-06-06 09:45:00+00:00,9681.37,9694.62,9679.99,9690.52,54.667445,2020,6,6
2020-06-06 09:46:00+00:00,9690.01,9699.0,9690.0,9694.57,72.826881,2020,6,6
2020-06-06 09:47:00+00:00,9694.57,9695.09,9687.26,9690.5,26.766168,2020,6,6
2020-06-06 09:48:00+00:00,9690.02,9692.0,9682.0,9683.4,20.828314,2020,6,6
2020-06-06 09:49:00+00:00,9683.85,9688.86,9682.56,9683.83,14.398013,2020,6,6
2020-06-06 09:50:00+00:00,9683.96,9685.13,9677.46,9683.57,33.185466,2020,6,6
2020-06-06 09:51:00+00:00,9683.57,9684.65,9678.19,9679.96,20.74094,2020,6,6
2020-06-06 09:52:00+00:00,9679.29,9681.07,9677.51,9680.17,13.447159,2020,6,6
2020-06-06 09:53:00+00:00,9680.23,9681.61,9677.45,9677.91,13.109797,2020,6,6
2020-06-06 09:54:00+00:00,9678.53,9679.49,9676.54,9677.0,9.565957,2020,6,6
2020-06-06 09:55:00+00:00,9677.0,9677.13,9674.07,9675.63,12.580239,2020,6,6
2020-06-06 09:56:00+00:00,9675.63,9675.77,9671.48,9671.5,11.681414,2020,6,6
2020-06-06 09:57:00+00:00,9672.15,9678.05,9671.0,9674.55,21.195367,2020,6,6
2020-06-06 09:58:00+00:00,9674.54,9678.33,9673.36,9677.46,13.307737,2020,6,6
2020-06-06 09:59:00+00:00,9677.47,9679.78,9673.35,9674.12,19.155744,2020,6,6
2020-06-06 10:00:00+00:00,9674.18,9681.66,9674.18,9679.06,15.443004,2020,6,6
2020-06-06 10:01:00+00:00,9679.58,9682.07,9679.04,9680.39,13.384317,2020,6,6
2020-06-06 10:02:00+00:00,9680.4,9681.51,9673.0,9677.55,23.615066,2020,6,6
2020-06-06 10:03:00+00:00,9676.08,9679.04,9674.22,9675.37,15.91599,2020,6,6
2020-06-06 10:04:00+00:00,9674.68,9677.75,9671.0,9672.97,25.963334,2020,6,6
2020-06-06 10:05:00+00:00,9672.24,9677.81,9662.52,9667.92,41.410368,2020,6,6
2020-06-06 10:06:00+00:00,9667.47,9669.85,9664.94,9667.63,13.887212,2020,6,6
2020-06-06 10:07:00+00:00,9667.63,9669.91,9664.0,9664.0,17.401622,2020,6,6
2020-06-06 10:08:00+00:00,9664.49,9669.41,9662.16,9669.13,24.578296,2020,6,6
2020-06-06 10:09:00+00:00,9668.87,9669.85,9666.01,9666.85,13.839557,2020,6,6
2020-06-06 10:10:00+00:00,9666.73,9667.97,9665.01,9665.93,10.881239,2020,6,6
2020-06-06 10:11:00+00:00,9665.92,9668.0,9665.92,9667.99,9.649061,2020,6,6
2020-06-06 10:12:00+00:00,9668.0,9670.0,9665.62,9669.48,15.934372,2020,6,6
2020-06-06 10:13:00+00:00,9669.85,9675.97,9667.37,9674.25,24.460426,2020,6,6
2020-06-06 10:14:00+00:00,9674.25,9675.61,9674.0,9675.11,5.146654,2020,6,6
2020-06-06 10:15:00+00:00,9675.12,9681.0,9669.89,9679.39,22.691937,2020,6,6
2020-06-06 10:16:00+00:00,9679.58,9687.06,9679.24,9681.66,17.299796,2020,6,6
2020-06-06 10:17:00+00:00,9681.65,9683.97,9681.42,9682.15,6.902853,2020,6,6
2020-06-06 10:18:00+00:00,9682.76,9683.29,9677.2,9681.49,25.575234,2020,6,6
2020-06-06 10:19:00+00:00,9681.49,9684.8,9681.38,9682.83,6.474846,2020,6,6
2020-06-06 10:20:00+00:00,9682.83,9684.0,9678.75,9681.84,10.437718,2020,6,6
2020-06-06 10:21:00+00:00,9681.84,9684.99,9679.45,9684.21,15.142524,2020,6,6
2020-06-06 10:22:00+00:00,9684.83,9684.99,9678.75,9681.44,8.391536,2020,6,6
2020-06-06 10:23:00+00:00,9681.44,9684.05,9680.49,9682.03,4.32112,2020,6,6
2020-06-06 10:24:00+00:00,9682.03,9683.56,9680.67,9681.68,10.359764,2020,6,6
2020-06-06 10:25:00+00:00,9681.46,9689.78,9678.39,9681.01,30.498218,2020,6,6
2020-06-06 10:26:00+00:00,9680.86,9681.18,9669.06,9671.41,16.774121,2020,6,6
2020-06-06 10:27:00+00:00,9671.41,9673.2,9665.45,9667.2,9.009854,2020,6,6
2020-06-06 10:28:00+00:00,9667.21,9672.99,9667.2,9669.38,21.07178,2020,6,6
2020-06-06 10:29:00+00:00,9668.59,9668.59,9666.65,9667.17,6.474778,2020,6,6
2020-06-06 10:30:00+00:00,9666.79,9672.09,9666.67,9669.21,26.521697,2020,6,6
2020-06-06 10:31:00+00:00,9669.17,9673.39,9668.08,9673.29,12.133055,2020,6,6
2020-06-06 10:32:00+00:00,9673.29,9675.01,9670.09,9670.93,13.557857,2020,6,6
2020-06-06 10:33:00+00:00,9670.92,9670.92,9665.67,9666.38,14.618366,2020,6,6
2020-06-06 10:34:00+00:00,9665.89,9668.05,9665.67,9667.78,9.421506,2020,6,6
2020-06-06 10:35:00+00:00,9668.24,9670.0,9667.67,9669.68,7.484358,2020,6,6
2020-06-06 10:36:00+00:00,9669.51,9670.48,9669.48,9670.48,3.738801,2020,6,6
2020-06-06 10:37:00+00:00,9670.48,9670.49,9664.25,9665.02,13.955909,2020,6,6
2020-06-06 10:38:00+00:00,9665.02,9682.0,9664.83,9674.76,45.012448,2020,6,6
2020-06-06 10:39:00+00:00,9675.0,9679.03,9674.97,9679.0,4.733694,2020,6,6
2020-06-06 10:40:00+00:00,9679.0,9680.99,9676.95,9678.67,13.787862,2020,6,6
2020-06-06 10:41:00+00:00,9678.68,9683.0,9672.17,9681.98,23.264019,2020,6,6
2020-06-06 10:42:00+00:00,9681.97,9683.18,9674.8,9676.0,34.905844,2020,6,6
2020-06-06 10:43:00+00:00,9676.01,9680.3,9674.29,9676.03,10.64636,2020,6,6
2020-06-06 10:44:00+00:00,9676.78,9676.78,9669.58,9673.9,26.372461,2020,6,6
2020-06-06 10:45:00+00:00,9673.84,9683.77,9673.19,9682.12,20.944582,2020,6,6
2020-06-06 10:46:00+00:00,9682.33,9683.81,9680.71,9680.71,10.744787,2020,6,6
2020-06-06 10:47:00+00:00,9680.71,9682.33,9678.82,9682.29,14.072763,2020,6,6
2020-06-06 10:48:00+00:00,9682.3,9686.0,9678.71,9681.6,24.551363,2020,6,6
2020-06-06 10:49:00+00:00,9681.59,9682.41,9679.38,9681.84,13.412246,2020,6,6
2020-06-06 10:50:00+00:00,9681.6,9684.16,9681.6,9682.27,10.793712,2020,6,6
2020-06-06 10:51:00+00:00,9682.24,9683.93,9682.01,9682.18,5.777273,2020,6,6
2020-06-06 10:52:00+00:00,9682.2,9683.97,9678.39,9680.95,34.006213,2020,6,6
2020-06-06 10:53:00+00:00,9680.95,9680.95,9672.51,9672.51,16.537069,2020,6,6
2020-06-06 10:54:00+00:00,9672.92,9675.12,9671.01,9673.93,10.057986,2020,6,6
2020-06-06 10:55:00+00:00,9673.71,9675.2,9670.01,9672.88,12.852946,2020,6,6
2020-06-06 10:56:00+00:00,9672.16,9676.13,9672.01,9675.42,15.430675,2020,6,6
2020-06-06 10:57:00+00:00,9675.15,9679.72,9674.54,9676.56,28.630941,2020,6,6
2020-06-06 10:58:00+00:00,9676.57,9677.89,9674.52,9675.01,12.385352,2020,6,6
2020-06-06 10:59:00+00:00,9675.0,9675.01,9672.42,9673.04,9.823496,2020,6,6
2020-06-06 11:00:00+00:00,9674.83,9683.71,9674.83,9681.8,30.887329,2020,6,6
2020-06-06 11:01:00+00:00,9681.92,9683.65,9680.5,9681.59,7.429709,2020,6,6
2020-06-06 11:02:00+00:00,9681.58,9683.0,9681.39,9683.0,9.743598,2020,6,6
2020-06-06 11:03:00+00:00,9682.35,9684.01,9682.35,9683.87,15.25341,2020,6,6
2020-06-06 11:04:00+00:00,9683.87,9687.99,9679.99,9679.99,42.083849,2020,6,6
2020-06-06 11:05:00+00:00,9680.12,9681.66,9678.45,9680.01,15.352931,2020,6,6
2020-06-06 11:06:00+00:00,9680.0,9681.29,9676.56,9680.08,19.165679,2020,6,6
2020-06-06 11:07:00+00:00,9680.13,9681.34,9673.81,9678.42,27.656212,2020,6,6
2020-06-06 11:08:00+00:00,9677.89,9682.11,9677.39,9681.95,7.358872,2020,6,6
2020-06-06 11:09:00+00:00,9681.95,9682.41,9678.8,9680.49,15.284076,2020,6,6
2020-06-06 11:10:00+00:00,9678.81,9680.24,9678.8,9680.0,5.334796,2020,6,6
2020-06-06 11:11:00+00:00,9680.0,9683.7,9679.91,9683.12,16.197562,2020,6,6
2020-06-06 11:12:00+00:00,9683.14,9683.6,9683.0,9683.38,8.074857,2020,6,6
2020-06-06 11:13:00+00:00,9683.56,9683.56,9675.35,9679.0,20.853423,2020,6,6
2020-06-06 11:14:00+00:00,9679.0,9680.51,9670.91,9674.03,62.885182,2020,6,6
2020-06-06 11:15:00+00:00,9674.65,9676.42,9670.59,9672.5,15.358442,2020,6,6
2020-06-06 11:16:00+00:00,9672.5,9674.51,9670.68,9670.73,7.198942,2020,6,6
2020-06-06 11:17:00+00:00,9671.02,9672.31,9665.94,9665.94,25.334338,2020,6,6
2020-06-06 11:18:00+00:00,9666.2,9673.0,9665.2,9671.71,16.497524,2020,6,6
2020-06-06 11:19:00+00:00,9671.81,9674.4,9671.45,9672.04,10.042847,2020,6,6
2020-06-06 11:20:00+00:00,9672.8,9674.89,9670.65,9670.68,9.939833,2020,6,6
2020-06-06 11:21:00+00:00,9670.65,9672.12,9669.57,9670.69,5.905623,2020,6,6
2020-06-06 11:22:00+00:00,9670.69,9678.79,9670.69,9676.81,27.656062,2020,6,6
2020-06-06 11:23:00+00:00,9676.8,9679.57,9671.19,9675.62,15.406503,2020,6,6
2020-06-06 11:24:00+00:00,9675.8,9675.8,9671.01,9673.12,5.590034,2020,6,6
2020-06-06 11:25:00+00:00,9673.11,9673.12,9672.15,9672.15,3.633014,2020,6,6
2020-06-06 11:26:00+00:00,9672.64,9672.71,9671.81,9671.82,4.622905,2020,6,6
2020-06-06 11:27:00+00:00,9671.81,9672.0,9667.27,9669.96,15.119752,2020,6,6
2020-06-06 11:28:00+00:00,9669.96,9670.94,9668.41,9669.92,4.52885,2020,6,6
2020-06-06 11:29:00+00:00,9669.74,9670.82,9667.0,9670.0,8.415697,2020,6,6
2020-06-06 11:30:00+00:00,9670.0,9672.55,9667.28,9672.33,10.538431,2020,6,6
2020-06-06 11:31:00+00:00,9672.33,9677.28,9671.97,9672.17,18.309961,2020,6,6
2020-06-06 11:32:00+00:00,9672.16,9672.16,9670.94,9671.63,3.120765,2020,6,6
2020-06-06 11:33:00+00:00,9672.07,9672.97,9670.45,9671.62,5.197286,2020,6,6
2020-06-06 11:34:00+00:00,9671.63,9672.88,9669.96,9671.1,9.887617,2020,6,6
2020-06-06 11:35:00+00:00,9670.89,9674.52,9670.89,9671.35,8.8272,2020,6,6
2020-06-06 11:36:00+00:00,9671.55,9675.0,9671.55,9673.0,19.054807,2020,6,6
2020-06-06 11:37:00+00:00,9673.0,9673.01,9672.32,9672.32,3.547678,2020,6,6
2020-06-06 11:38:00+00:00,9672.84,9679.35,9672.62,9677.98,9.740415,2020,6,6
2020-06-06 11:39:00+00:00,9677.49,9680.0,9675.0,9675.0,16.062034,2020,6,6
2020-06-06 11:40:00+00:00,9675.0,9676.87,9666.81,9666.9,24.392464,2020,6,6
2020-06-06 11:41:00+00:00,9666.9,9672.5,9666.29,9669.35,30.99045,2020,6,6
2020-06-06 11:42:00+00:00,9669.4,9671.05,9665.28,9666.48,12.607504,2020,6,6
2020-06-06 11:43:00+00:00,9666.48,9683.0,9665.06,9680.75,56.08662,2020,6,6
2020-06-06 11:44:00+00:00,9681.0,9686.99,9680.75,9686.0,18.734783,2020,6,6
2020-06-06 11:45:00+00:00,9686.0,9698.0,9686.0,9696.66,43.564613,2020,6,6
2020-06-06 11:46:00+00:00,9696.66,9699.0,9690.0,9694.26,40.98952,2020,6,6
2020-06-06 11:47:00+00:00,9694.54,9694.54,9688.38,9692.35,18.155164,2020,6,6
2020-06-06 11:48:00+00:00,9692.81,9694.36,9688.49,9692.49,17.258222,2020,6,6
2020-06-06 11:49:00+00:00,9692.25,9692.25,9683.87,9686.69,14.898739,2020,6,6
2020-06-06 11:50:00+00:00,9686.72,9695.0,9686.72,9695.0,20.305505,2020,6,6
2020-06-06 11:51:00+00:00,9695.0,9695.0,9690.0,9690.0,20.44061,2020,6,6
2020-06-06 11:52:00+00:00,9690.0,9690.01,9683.16,9687.64,19.417703,2020,6,6
2020-06-06 11:53:00+00:00,9687.64,9687.64,9672.12,9679.81,20.964377,2020,6,6
2020-06-06 11:54:00+00:00,9679.81,9681.78,9678.12,9679.0,4.7079,2020,6,6
2020-06-06 11:55:00+00:00,9679.0,9682.0,9678.92,9681.98,5.593933,2020,6,6
2020-06-06 11:56:00+00:00,9681.97,9681.99,9679.36,9679.98,10.782533,2020,6,6
2020-06-06 11:57:00+00:00,9679.98,9681.99,9679.97,9681.78,7.90855,2020,6,6
2020-06-06 11:58:00+00:00,9681.78,9690.69,9681.75,9689.88,24.251918,2020,6,6
2020-06-06 11:59:00+00:00,9689.87,9693.86,9689.58,9693.85,12.91942,2020,6,6
2020-06-06 12:00:00+00:00,9693.85,9735.0,9693.85,9726.93,311.84882,2020,6,6
2020-06-06 12:01:00+00:00,9726.72,9732.51,9719.9,9722.01,50.123611,2020,6,6
2020-06-06 12:02:00+00:00,9722.0,9727.03,9720.05,9727.0,35.085319,2020,6,6
2020-06-06 12:03:00+00:00,9728.18,9733.0,9717.12,9718.0,70.459884,2020,6,6
2020-06-06 12:04:00+00:00,9718.16,9724.5,9718.02,9722.37,20.872038,2020,6,6
2020-06-06 12:05:00+00:00,9722.38,9730.0,9720.98,9724.99,19.35169,2020,6,6
2020-06-06 12:06:00+00:00,9725.0,9733.0,9719.34,9724.97,61.775741,2020,6,6
2020-06-06 12:07:00+00:00,9724.98,9727.31,9714.45,9720.0,33.660006,2020,6,6
2020-06-06 12:08:00+00:00,9720.0,9725.59,9720.0,9723.26,21.251995,2020,6,6
2020-06-06 12:09:00+00:00,9723.26,9730.0,9723.25,9727.0,19.304168,2020,6,6
2020-06-06 12:10:00+00:00,9726.01,9732.76,9725.34,9729.96,32.433054,2020,6,6
2020-06-06 12:11:00+00:00,9729.93,9730.0,9715.74,9717.51,37.607364,2020,6,6
2020-06-06 12:12:00+00:00,9717.51,9718.33,9713.22,9715.0,12.494932,2020,6,6
2020-06-06 12:13:00+00:00,9715.0,9722.45,9714.97,9721.02,44.370363,2020,6,6
2020-06-06 12:14:00+00:00,9721.43,9727.48,9715.59,9717.68,42.818501,2020,6,6
2020-06-06 12:15:00+00:00,9717.64,9730.0,9715.71,9723.78,32.479526,2020,6,6
2020-06-06 12:16:00+00:00,9723.34,9728.28,9723.34,9725.74,14.982602,2020,6,6
2020-06-06 12:17:00+00:00,9725.77,9726.28,9721.8,9725.1,21.318752,2020,6,6
2020-06-06 12:18:00+00:00,9725.15,9730.0,9721.63,9724.21,28.098726,2020,6,6
2020-06-06 12:19:00+00:00,9724.21,9727.28,9722.51,9725.29,18.238589,2020,6,6
2020-06-06 12:20:00+00:00,9725.28,9728.03,9715.54,9715.54,43.847823,2020,6,6
2020-06-06 12:21:00+00:00,9716.76,9720.24,9706.01,9715.41,76.326815,2020,6,6
2020-06-06 12:22:00+00:00,9715.14,9716.49,9706.0,9707.62,20.125453,2020,6,6
2020-06-06 12:23:00+00:00,9708.12,9708.13,9701.92,9702.28,19.823722,2020,6,6
2020-06-06 12:24:00+00:00,9702.28,9710.7,9702.27,9708.31,21.572223,2020,6,6
2020-06-06 12:25:00+00:00,9708.3,9713.72,9707.4,9712.01,9.447956,2020,6,6
2020-06-06 12:26:00+00:00,9712.01,9712.04,9704.39,9704.72,11.892631,2020,6,6
2020-06-06 12:27:00+00:00,9705.05,9705.05,9694.73,9700.97,29.964965,2020,6,6
2020-06-06 12:28:00+00:00,9700.96,9703.84,9700.09,9700.09,14.963076,2020,6,6
2020-06-06 12:29:00+00:00,9700.09,9704.71,9698.46,9702.35,33.667625,2020,6,6
2020-06-06 12:30:00+00:00,9702.35,9709.69,9702.35,9705.22,38.469246,2020,6,6
2020-06-06 12:31:00+00:00,9705.22,9708.37,9702.35,9702.51,18.179485,2020,6,6
2020-06-06 12:32:00+00:00,9702.55,9704.29,9695.41,9698.27,27.276611,2020,6,6
2020-06-06 12:33:00+00:00,9698.27,9699.73,9694.52,9695.12,18.025167,2020,6,6
2020-06-06 12:34:00+00:00,9695.26,9696.99,9682.29,9690.47,90.128076,2020,6,6
2020-06-06 12:35:00+00:00,9689.78,9690.47,9633.0,9635.34,220.984829,2020,6,6
2020-06-06 12:36:00+00:00,9635.34,9665.0,9634.35,9661.32,169.69755,2020,6,6
2020-06-06 12:37:00+00:00,9661.33,9665.43,9644.3,9653.3,58.564596,2020,6,6
2020-06-06 12:38:00+00:00,9653.52,9659.23,9645.26,9654.23,48.939305,2020,6,6
2020-06-06 12:39:00+00:00,9654.52,9662.75,9646.5,9662.34,53.325207,2020,6,6
2020-06-06 12:40:00+00:00,9660.96,9671.89,9659.98,9671.51,63.592245,2020,6,6
2020-06-06 12:41:00+00:00,9671.19,9672.11,9658.0,9658.0,33.633192,2020,6,6
2020-06-06 12:42:00+00:00,9657.46,9661.48,9652.07,9654.64,56.355634,2020,6,6
2020-06-06 12:43:00+00:00,9654.64,9657.61,9650.8,9655.99,35.78166,2020,6,6
2020-06-06 12:44:00+00:00,9655.44,9660.0,9654.54,9659.54,46.412038,2020,6,6
2020-06-06 12:45:00+00:00,9659.4,9660.0,9650.1,9652.17,24.862253,2020,6,6
2020-06-06 12:46:00+00:00,9652.17,9657.73,9645.0,9645.55,47.610016,2020,6,6
2020-06-06 12:47:00+00:00,9646.18,9646.43,9643.5,9644.82,35.445212,2020,6,6
2020-06-06 12:48:00+00:00,9644.42,9660.71,9643.51,9657.97,65.375501,2020,6,6
2020-06-06 12:49:00+00:00,9656.08,9664.74,9656.07,9659.43,31.114651,2020,6,6
2020-06-06 12:50:00+00:00,9659.44,9662.64,9657.87,9659.73,31.132936,2020,6,6
2020-06-06 12:51:00+00:00,9659.73,9661.96,9651.44,9653.74,25.086746,2020,6,6
2020-06-06 12:52:00+00:00,9653.74,9658.65,9653.2,9657.19,38.712639,2020,6,6
2020-06-06 12:53:00+00:00,9657.19,9657.68,9650.01,9652.59,25.433675,2020,6,6
2020-06-06 12:54:00+00:00,9652.25,9654.46,9649.07,9649.57,25.161761,2020,6,6
2020-06-06 12:55:00+00:00,9650.0,9654.73,9649.03,9654.45,25.707637,2020,6,6
2020-06-06 12:56:00+00:00,9654.45,9657.52,9652.3,9655.27,39.512219,2020,6,6
2020-06-06 12:57:00+00:00,9655.27,9657.84,9653.08,9653.6,22.408404,2020,6,6
2020-06-06 12:58:00+00:00,9653.6,9655.0,9640.99,9649.99,28.515751,2020,6,6
2020-06-06 12:59:00+00:00,9650.0,9652.35,9647.49,9648.06,21.885964,2020,6,6
2020-06-06 13:00:00+00:00,9647.8,9661.51,9647.08,9660.0,40.681308,2020,6,6
2020-06-06 13:01:00+00:00,9659.19,9660.61,9653.27,9657.52,20.686958,2020,6,6
2020-06-06 13:02:00+00:00,9656.78,9659.78,9652.21,9658.18,11.863655,2020,6,6
2020-06-06 13:03:00+00:00,9658.68,9661.95,9655.61,9657.01,20.555722,2020,6,6
2020-06-06 13:04:00+00:00,9657.0,9658.4,9655.05,9657.66,3.463079,2020,6,6
2020-06-06 13:05:00+00:00,9657.66,9664.98,9657.66,9664.54,18.865589,2020,6,6
2020-06-06 13:06:00+00:00,9663.93,9664.65,9655.0,9657.74,16.156018,2020,6,6
2020-06-06 13:07:00+00:00,9657.61,9661.83,9655.56,9658.99,15.464542,2020,6,6
2020-06-06 13:08:00+00:00,9658.99,9659.93,9657.5,9658.34,5.955439,2020,6,6
2020-06-06 13:09:00+00:00,9658.34,9664.06,9658.33,9663.0,22.098701,2020,6,6
2020-06-06 13:10:00+00:00,9663.0,9665.35,9660.23,9663.21,6.641229,2020,6,6
2020-06-06 13:11:00+00:00,9662.96,9671.51,9662.96,9668.4,17.45593,2020,6,6
2020-06-06 13:12:00+00:00,9667.92,9671.91,9667.92,9670.01,14.335288,2020,6,6
2020-06-06 13:13:00+00:00,9670.36,9671.75,9665.35,9665.36,19.018999,2020,6,6
2020-06-06 13:14:00+00:00,9665.35,9665.36,9658.78,9662.32,15.215551,2020,6,6
2020-06-06 13:15:00+00:00,9662.33,9663.8,9660.19,9662.26,5.704063,2020,6,6
2020-06-06 13:16:00+00:00,9662.25,9662.25,9656.01,9660.64,10.914605,2020,6,6
2020-06-06 13:17:00+00:00,9660.96,9666.53,9660.96,9665.56,11.777403,2020,6,6
2020-06-06 13:18:00+00:00,9665.56,9671.42,9663.71,9666.04,13.765381,2020,6,6
2020-06-06 13:19:00+00:00,9666.33,9669.96,9651.56,9658.34,27.883706,2020,6,6
2020-06-06 13:20:00+00:00,9658.49,9658.49,9652.1,9653.1,14.217382,2020,6,6
2020-06-06 13:21:00+00:00,9653.1,9655.0,9652.77,9655.0,8.934244,2020,6,6
2020-06-06 13:22:00+00:00,9654.99,9657.16,9653.88,9656.05,12.772139,2020,6,6
2020-06-06 13:23:00+00:00,9656.05,9661.53,9656.05,9658.56,22.86703,2020,6,6
2020-06-06 13:24:00+00:00,9658.48,9664.88,9658.48,9661.41,9.566049,2020,6,6
2020-06-06 13:25:00+00:00,9661.41,9661.83,9658.3,9658.65,5.026986,2020,6,6
2020-06-06 13:26:00+00:00,9658.65,9662.48,9658.65,9659.12,15.079873,2020,6,6
2020-06-06 13:27:00+00:00,9659.1,9663.63,9657.46,9663.14,42.499199,2020,6,6
2020-06-06 13:28:00+00:00,9663.13,9664.77,9662.66,9663.1,8.505809,2020,6,6
2020-06-06 13:29:00+00:00,9663.05,9663.82,9659.38,9661.35,11.269008,2020,6,6
2020-06-06 13:30:00+00:00,9660.32,9661.95,9660.31,9661.9,24.132179,2020,6,6
2020-06-06 13:31:00+00:00,9661.9,9664.15,9661.5,9663.54,21.191601,2020,6,6
2020-06-06 13:32:00+00:00,9663.54,9665.32,9662.11,9662.11,24.384867,2020,6,6
2020-06-06 13:33:00+00:00,9662.66,9663.53,9657.36,9659.0,10.159542,2020,6,6
2020-06-06 13:34:00+00:00,9659.38,9660.0,9658.1,9659.01,4.487101,2020,6,6
2020-06-06 13:35:00+00:00,9659.01,9659.01,9655.4,9658.41,12.771171,2020,6,6
2020-06-06 13:36:00+00:00,9658.15,9658.45,9654.01,9654.1,13.751625,2020,6,6
2020-06-06 13:37:00+00:00,9654.1,9660.0,9653.78,9660.0,38.550453,2020,6,6
2020-06-06 13:38:00+00:00,9659.99,9660.64,9654.0,9657.4,15.163448,2020,6,6
2020-06-06 13:39:00+00:00,9657.2,9657.65,9650.94,9652.3,7.55544,2020,6,6
2020-06-06 13:40:00+00:00,9652.2,9654.18,9650.0,9653.54,57.609634,2020,6,6
2020-06-06 13:41:00+00:00,9653.54,9657.19,9653.54,9656.22,45.046543,2020,6,6
2020-06-06 13:42:00+00:00,9656.21,9656.79,9655.61,9656.33,10.018162,2020,6,6
2020-06-06 13:43:00+00:00,9656.8,9656.8,9651.99,9653.66,23.203313,2020,6,6
2020-06-06 13:44:00+00:00,9653.22,9653.86,9652.0,9653.43,7.726342,2020,6,6
2020-06-06 13:45:00+00:00,9653.43,9661.05,9653.42,9660.58,38.995489,2020,6,6
2020-06-06 13:46:00+00:00,9660.59,9661.53,9657.0,9657.0,14.719039,2020,6,6
2020-06-06 13:47:00+00:00,9657.01,9658.58,9653.86,9655.19,25.633271,2020,6,6
2020-06-06 13:48:00+00:00,9655.15,9657.56,9655.0,9657.08,4.902806,2020,6,6
2020-06-06 13:49:00+00:00,9657.07,9657.08,9648.01,9651.45,17.991775,2020,6,6
2020-06-06 13:50:00+00:00,9651.45,9655.7,9649.99,9654.23,18.636677,2020,6,6
2020-06-06 13:51:00+00:00,9654.71,9655.71,9652.36,9653.79,29.074671,2020,6,6
2020-06-06 13:52:00+00:00,9655.49,9655.7,9652.52,9653.37,5.389504,2020,6,6
2020-06-06 13:53:00+00:00,9653.37,9653.41,9652.49,9652.49,19.105273,2020,6,6
2020-06-06 13:54:00+00:00,9652.5,9653.01,9652.47,9652.98,9.156544,2020,6,6
2020-06-06 13:55:00+00:00,9652.98,9652.98,9650.21,9650.55,10.544252,2020,6,6
2020-06-06 13:56:00+00:00,9650.55,9650.96,9643.35,9643.97,24.585979,2020,6,6
2020-06-06 13:57:00+00:00,9644.35,9650.6,9637.59,9649.87,63.301803,2020,6,6
2020-06-06 13:58:00+00:00,9649.81,9649.91,9644.54,9646.88,21.57302,2020,6,6
2020-06-06 13:59:00+00:00,9646.6,9653.41,9646.0,9653.41,36.733276,2020,6,6
2020-06-06 14:00:00+00:00,9653.41,9653.41,9645.69,9650.28,21.286898,2020,6,6
2020-06-06 14:01:00+00:00,9650.39,9653.41,9649.02,9652.72,18.516489,2020,6,6
2020-06-06 14:02:00+00:00,9652.87,9655.7,9652.06,9655.7,16.260104,2020,6,6
2020-06-06 14:03:00+00:00,9655.69,9657.58,9651.36,9654.7,17.798511,2020,6,6
2020-06-06 14:04:00+00:00,9654.62,9659.62,9654.62,9658.0,11.610635,2020,6,6
2020-06-06 14:05:00+00:00,9658.0,9660.38,9657.99,9660.27,7.465188,2020,6,6
2020-06-06 14:06:00+00:00,9660.27,9680.31,9660.27,9665.28,96.944258,2020,6,6
2020-06-06 14:07:00+00:00,9665.06,9667.0,9663.48,9666.0,5.98576,2020,6,6
2020-06-06 14:08:00+00:00,9666.0,9669.66,9665.03,9667.65,6.668928,2020,6,6
2020-06-06 14:09:00+00:00,9667.45,9669.31,9665.86,9669.3,8.492085,2020,6,6
2020-06-06 14:10:00+00:00,9669.3,9669.31,9667.0,9667.66,10.589976,2020,6,6
2020-06-06 14:11:00+00:00,9667.4,9669.49,9665.13,9666.59,9.826797,2020,6,6
2020-06-06 14:12:00+00:00,9666.58,9666.59,9664.96,9666.57,9.705852,2020,6,6
2020-06-06 14:13:00+00:00,9666.41,9668.99,9664.53,9667.59,15.607157,2020,6,6
2020-06-06 14:14:00+00:00,9667.16,9669.59,9666.02,9669.09,8.555483,2020,6,6
2020-06-06 14:15:00+00:00,9669.09,9669.71,9661.14,9661.14,22.12588,2020,6,6
2020-06-06 14:16:00+00:00,9661.14,9662.38,9656.82,9658.85,22.318674,2020,6,6
2020-06-06 14:17:00+00:00,9659.18,9660.31,9655.76,9657.32,36.074723,2020,6,6
2020-06-06 14:18:00+00:00,9657.34,9659.04,9655.78,9656.99,13.7942,2020,6,6
2020-06-06 14:19:00+00:00,9656.99,9662.51,9653.21,9662.0,23.182172,2020,6,6
2020-06-06 14:20:00+00:00,9662.01,9662.01,9659.66,9659.9,9.144241,2020,6,6
2020-06-06 14:21:00+00:00,9660.07,9661.81,9659.46,9660.96,5.732987,2020,6,6
2020-06-06 14:22:00+00:00,9661.03,9662.74,9660.26,9660.27,7.835517,2020,6,6
2020-06-06 14:23:00+00:00,9660.26,9660.31,9655.01,9655.89,20.495195,2020,6,6
2020-06-06 14:24:00+00:00,9655.89,9658.42,9655.51,9657.37,7.716535,2020,6,6
2020-06-06 14:25:00+00:00,9657.86,9658.01,9656.12,9657.32,4.844321,2020,6,6
2020-06-06 14:26:00+00:00,9657.32,9657.32,9655.42,9656.47,10.021869,2020,6,6
2020-06-06 14:27:00+00:00,9656.12,9656.47,9654.43,9654.77,6.635667,2020,6,6
2020-06-06 14:28:00+00:00,9654.76,9654.77,9650.84,9652.21,9.43228,2020,6,6
2020-06-06 14:29:00+00:00,9652.2,9653.55,9650.5,9651.44,5.803658,2020,6,6
2020-06-06 14:30:00+00:00,9651.45,9654.77,9651.13,9654.76,9.242197,2020,6,6
2020-06-06 14:31:00+00:00,9654.76,9656.98,9653.84,9655.57,10.485111,2020,6,6
2020-06-06 14:32:00+00:00,9655.36,9656.6,9654.1,9655.4,7.882813,2020,6,6
2020-06-06 14:33:00+00:00,9655.83,9659.6,9654.64,9656.03,11.088028,2020,6,6
2020-06-06 14:34:00+00:00,9656.7,9659.4,9656.09,9658.38,4.032347,2020,6,6
2020-06-06 14:35:00+00:00,9658.36,9659.61,9655.92,9656.34,10.966024,2020,6,6
2020-06-06 14:36:00+00:00,9656.79,9656.79,9653.45,9654.99,12.403872,2020,6,6
2020-06-06 14:37:00+00:00,9654.75,9655.23,9652.75,9653.26,13.760638,2020,6,6
2020-06-06 14:38:00+00:00,9654.28,9657.42,9654.06,9657.41,7.785954,2020,6,6
2020-06-06 14:39:00+00:00,9657.41,9658.45,9656.89,9658.29,3.831878,2020,6,6
2020-06-06 14:40:00+00:00,9658.3,9659.56,9655.88,9658.61,7.594198,2020,6,6
2020-06-06 14:41:00+00:00,9657.9,9659.99,9657.57,9659.77,5.40597,2020,6,6
2020-06-06 14:42:00+00:00,9659.77,9663.13,9659.18,9663.13,10.375971,2020,6,6
2020-06-06 14:43:00+00:00,9662.49,9662.5,9657.0,9657.0,36.452706,2020,6,6
2020-06-06 14:44:00+00:00,9657.0,9660.53,9657.0,9657.59,11.640733,2020,6,6
2020-06-06 14:45:00+00:00,9657.61,9659.72,9657.0,9659.06,6.949806,2020,6,6
2020-06-06 14:46:00+00:00,9659.06,9660.53,9659.01,9660.46,7.608944,2020,6,6
2020-06-06 14:47:00+00:00,9660.46,9660.53,9660.0,9660.53,8.31117,2020,6,6
2020-06-06 14:48:00+00:00,9660.52,9662.77,9660.52,9662.08,9.091647,2020,6,6
2020-06-06 14:49:00+00:00,9661.66,9662.25,9644.85,9654.39,90.131102,2020,6,6
2020-06-06 14:50:00+00:00,9654.4,9657.03,9652.24,9652.24,18.319511,2020,6,6
2020-06-06 14:51:00+00:00,9652.24,9657.15,9646.87,9655.07,17.556835,2020,6,6
2020-06-06 14:52:00+00:00,9655.08,9658.91,9653.73,9656.25,9.084853,2020,6,6
2020-06-06 14:53:00+00:00,9656.39,9657.0,9650.32,9651.51,10.41985,2020,6,6
2020-06-06 14:54:00+00:00,9651.54,9652.3,9644.82,9648.56,39.154059,2020,6,6
2020-06-06 14:55:00+00:00,9649.33,9649.79,9644.74,9646.86,12.896928,2020,6,6
2020-06-06 14:56:00+00:00,9646.85,9651.57,9640.03,9651.26,40.082502,2020,6,6
2020-06-06 14:57:00+00:00,9651.0,9651.46,9643.03,9643.05,45.932699,2020,6,6
2020-06-06 14:58:00+00:00,9643.31,9646.66,9643.31,9646.46,13.986425,2020,6,6
2020-06-06 14:59:00+00:00,9646.45,9651.42,9646.36,9650.19,20.828275,2020,6,6
2020-06-06 15:00:00+00:00,9650.59,9650.91,9646.13,9646.13,16.664369,2020,6,6
2020-06-06 15:01:00+00:00,9646.14,9650.3,9646.13,9646.37,9.52558,2020,6,6
2020-06-06 15:02:00+00:00,9646.38,9648.44,9646.13,9647.32,13.606882,2020,6,6
2020-06-06 15:03:00+00:00,9647.32,9652.53,9646.87,9650.34,11.966377,2020,6,6
2020-06-06 15:04:00+00:00,9650.35,9651.22,9646.13,9646.13,20.279916,2020,6,6
2020-06-06 15:05:00+00:00,9646.13,9648.8,9646.13,9648.14,3.86745,2020,6,6
2020-06-06 15:06:00+00:00,9648.27,9649.97,9646.95,9648.22,7.470199,2020,6,6
2020-06-06 15:07:00+00:00,9648.91,9649.86,9645.0,9645.01,23.313825,2020,6,6
2020-06-06 15:08:00+00:00,9645.52,9645.86,9643.05,9643.21,24.873512,2020,6,6
2020-06-06 15:09:00+00:00,9644.06,9644.22,9641.15,9642.22,6.633253,2020,6,6
2020-06-06 15:10:00+00:00,9641.47,9641.47,9625.33,9635.91,100.105539,2020,6,6
2020-06-06 15:11:00+00:00,9635.91,9637.5,9633.54,9637.2,19.893206,2020,6,6
2020-06-06 15:12:00+00:00,9636.5,9641.88,9635.86,9638.26,28.960879,2020,6,6
2020-06-06 15:13:00+00:00,9638.26,9645.0,9636.68,9645.0,20.094786,2020,6,6
2020-06-06 15:14:00+00:00,9644.99,9646.7,9642.19,9643.41,10.356744,2020,6,6
2020-06-06 15:15:00+00:00,9643.34,9648.19,9643.33,9648.19,7.018054,2020,6,6
2020-06-06 15:16:00+00:00,9647.65,9653.25,9647.01,9652.75,11.177882,2020,6,6
2020-06-06 15:17:00+00:00,9653.0,9655.24,9649.01,9649.78,50.623686,2020,6,6
2020-06-06 15:18:00+00:00,9650.09,9652.5,9648.52,9650.91,11.600435,2020,6,6
2020-06-06 15:19:00+00:00,9650.91,9655.94,9650.05,9651.07,36.979734,2020,6,6
2020-06-06 15:20:00+00:00,9651.07,9655.33,9651.06,9655.01,13.294779,2020,6,6
2020-06-06 15:21:00+00:00,9655.02,9660.21,9655.01,9656.37,19.583264,2020,6,6
2020-06-06 15:22:00+00:00,9656.31,9656.6,9652.09,9652.61,9.596005,2020,6,6
2020-06-06 15:23:00+00:00,9652.62,9655.09,9645.67,9647.04,71.95363,2020,6,6
2020-06-06 15:24:00+00:00,9646.69,9648.11,9645.07,9647.68,11.9083,2020,6,6
2020-06-06 15:25:00+00:00,9647.69,9650.28,9643.32,9643.55,11.901114,2020,6,6
2020-06-06 15:26:00+00:00,9643.56,9647.88,9640.98,9647.19,21.948225,2020,6,6
2020-06-06 15:27:00+00:00,9647.04,9647.85,9645.01,9645.72,17.215963,2020,6,6
2020-06-06 15:28:00+00:00,9645.73,9650.0,9645.48,9647.16,11.122138,2020,6,6
2020-06-06 15:29:00+00:00,9647.17,9648.62,9640.16,9642.98,16.346964,2020,6,6
2020-06-06 15:30:00+00:00,9642.97,9642.98,9637.38,9638.35,22.065965,2020,6,6
2020-06-06 15:31:00+00:00,9638.35,9643.81,9638.35,9642.99,12.225822,2020,6,6
2020-06-06 15:32:00+00:00,9642.98,9645.49,9641.9,9645.01,16.556389,2020,6,6
2020-06-06 15:33:00+00:00,9645.02,9650.41,9643.52,9647.47,12.906511,2020,6,6
2020-06-06 15:34:00+00:00,9647.47,9662.99,9647.01,9658.74,38.567868,2020,6,6
2020-06-06 15:35:00+00:00,9657.63,9666.25,9655.55,9655.55,43.03351,2020,6,6
2020-06-06 15:36:00+00:00,9655.56,9658.94,9653.11,9655.49,15.996722,2020,6,6
2020-06-06 15:37:00+00:00,9655.5,9655.98,9653.43,9655.01,10.633127,2020,6,6
2020-06-06 15:38:00+00:00,9655.01,9660.0,9654.59,9658.17,22.203636,2020,6,6
2020-06-06 15:39:00+00:00,9657.89,9659.0,9656.16,9658.0,6.811256,2020,6,6
2020-06-06 15:40:00+00:00,9658.0,9659.61,9656.71,9658.0,9.561411,2020,6,6
2020-06-06 15:41:00+00:00,9658.52,9661.88,9658.0,9661.88,11.134721,2020,6,6
2020-06-06 15:42:00+00:00,9661.87,9666.57,9660.29,9664.65,18.051633,2020,6,6
2020-06-06 15:43:00+00:00,9664.65,9666.59,9651.56,9655.15,26.118601,2020,6,6
2020-06-06 15:44:00+00:00,9655.15,9658.05,9654.12,9657.4,14.434992,2020,6,6
2020-06-06 15:45:00+00:00,9657.11,9661.5,9656.21,9660.81,9.961238,2020,6,6
2020-06-06 15:46:00+00:00,9659.92,9661.0,9658.78,9659.41,10.278451,2020,6,6
2020-06-06 15:47:00+00:00,9658.88,9660.48,9656.21,9660.38,9.459453,2020,6,6
2020-06-06 15:48:00+00:00,9660.01,9660.58,9656.55,9659.14,8.602037,2020,6,6
2020-06-06 15:49:00+00:00,9659.14,9660.5,9657.0,9658.01,7.23346,2020,6,6
2020-06-06 15:50:00+00:00,9658.02,9660.0,9656.98,9660.0,12.213615,2020,6,6
2020-06-06 15:51:00+00:00,9660.0,9660.0,9656.98,9656.99,12.684765,2020,6,6
2020-06-06 15:52:00+00:00,9656.99,9657.37,9653.79,9654.73,12.225122,2020,6,6
2020-06-06 15:53:00+00:00,9654.79,9655.28,9651.57,9651.78,9.010645,2020,6,6
2020-06-06 15:54:00+00:00,9651.64,9651.78,9650.0,9650.39,9.846062,2020,6,6
2020-06-06 15:55:00+00:00,9650.38,9650.68,9650.21,9650.47,5.98143,2020,6,6
2020-06-06 15:56:00+00:00,9650.49,9654.4,9650.0,9653.4,6.484426,2020,6,6
2020-06-06 15:57:00+00:00,9653.4,9656.56,9653.08,9656.05,6.315743,2020,6,6
2020-06-06 15:58:00+00:00,9656.05,9659.65,9656.05,9658.29,6.00499,2020,6,6
2020-06-06 15:59:00+00:00,9658.69,9659.03,9650.85,9651.67,17.65748,2020,6,6
2020-06-06 16:00:00+00:00,9651.59,9655.37,9650.09,9652.13,23.672571,2020,6,6
2020-06-06 16:01:00+00:00,9651.53,9653.07,9644.51,9645.24,29.541599,2020,6,6
2020-06-06 16:02:00+00:00,9645.68,9654.92,9644.72,9653.11,21.296683,2020,6,6
2020-06-06 16:03:00+00:00,9653.11,9660.97,9651.23,9656.95,17.256801,2020,6,6
2020-06-06 16:04:00+00:00,9656.98,9662.0,9656.95,9658.67,17.605853,2020,6,6
2020-06-06 16:05:00+00:00,9658.06,9661.98,9657.59,9661.39,14.247708,2020,6,6
2020-06-06 16:06:00+00:00,9661.42,9661.54,9653.5,9656.94,14.746318,2020,6,6
2020-06-06 16:07:00+00:00,9656.94,9658.92,9654.58,9656.69,23.407202,2020,6,6
2020-06-06 16:08:00+00:00,9656.69,9657.98,9655.45,9657.85,7.309941,2020,6,6
2020-06-06 16:09:00+00:00,9657.83,9664.96,9656.62,9664.16,17.686401,2020,6,6
2020-06-06 16:10:00+00:00,9663.64,9664.32,9660.96,9662.16,8.358261,2020,6,6
2020-06-06 16:11:00+00:00,9662.13,9662.73,9660.85,9661.76,6.279385,2020,6,6
2020-06-06 16:12:00+00:00,9660.77,9662.71,9658.3,9658.31,12.055987,2020,6,6
2020-06-06 16:13:00+00:00,9658.3,9661.39,9656.11,9660.0,10.712519,2020,6,6
2020-06-06 16:14:00+00:00,9660.0,9662.15,9658.96,9659.01,16.569501,2020,6,6
2020-06-06 16:15:00+00:00,9659.6,9661.2,9659.21,9660.47,8.84538,2020,6,6
2020-06-06 16:16:00+00:00,9660.46,9660.83,9658.75,9659.68,4.970228,2020,6,6
2020-06-06 16:17:00+00:00,9659.83,9660.0,9651.0,9651.71,21.199574,2020,6,6
2020-06-06 16:18:00+00:00,9651.71,9660.0,9651.1,9659.99,20.779576,2020,6,6
2020-06-06 16:19:00+00:00,9660.0,9660.0,9657.35,9657.61,8.936972,2020,6,6
2020-06-06 16:20:00+00:00,9657.39,9662.0,9657.35,9661.85,11.067245,2020,6,6
2020-06-06 16:21:00+00:00,9661.72,9662.0,9659.23,9660.0,7.969858,2020,6,6
2020-06-06 16:22:00+00:00,9660.0,9660.98,9658.94,9660.97,3.805162,2020,6,6
2020-06-06 16:23:00+00:00,9660.97,9661.43,9658.94,9660.18,6.824539,2020,6,6
2020-06-06 16:24:00+00:00,9660.18,9661.45,9659.02,9660.06,8.049047,2020,6,6
2020-06-06 16:25:00+00:00,9660.05,9660.39,9655.54,9656.4,15.432974,2020,6,6
2020-06-06 16:26:00+00:00,9656.4,9656.4,9651.0,9651.5,13.527456,2020,6,6
2020-06-06 16:27:00+00:00,9651.5,9656.0,9651.5,9655.96,10.722268,2020,6,6
2020-06-06 16:28:00+00:00,9655.97,9657.35,9654.97,9656.55,5.240831,2020,6,6
2020-06-06 16:29:00+00:00,9656.73,9657.49,9653.12,9655.29,8.071369,2020,6,6
2020-06-06 16:30:00+00:00,9655.63,9656.0,9652.13,9652.23,15.892243,2020,6,6
2020-06-06 16:31:00+00:00,9652.7,9653.14,9648.63,9648.63,12.811794,2020,6,6
2020-06-06 16:32:00+00:00,9648.24,9649.33,9643.74,9647.84,21.350233,2020,6,6
2020-06-06 16:33:00+00:00,9647.84,9650.92,9645.87,9647.03,8.213756,2020,6,6
2020-06-06 16:34:00+00:00,9647.02,9652.06,9645.87,9650.02,18.559506,2020,6,6
2020-06-06 16:35:00+00:00,9650.96,9655.56,9649.37,9651.7,32.150223,2020,6,6
2020-06-06 16:36:00+00:00,9651.7,9654.08,9647.52,9649.44,18.719688,2020,6,6
2020-06-06 16:37:00+00:00,9648.79,9649.38,9643.0,9643.66,14.573173,2020,6,6
2020-06-06 16:38:00+00:00,9643.97,9648.29,9641.35,9646.69,28.716587,2020,6,6
2020-06-06 16:39:00+00:00,9646.68,9649.99,9645.39,9648.21,24.914615,2020,6,6
2020-06-06 16:40:00+00:00,9648.37,9650.0,9647.46,9648.98,16.504684,2020,6,6
2020-06-06 16:41:00+00:00,9648.98,9649.44,9641.2,9646.48,28.695774,2020,6,6
2020-06-06 16:42:00+00:00,9645.64,9647.19,9641.41,9645.91,19.615365,2020,6,6
2020-06-06 16:43:00+00:00,9645.97,9650.0,9643.29,9647.86,11.041039,2020,6,6
2020-06-06 16:44:00+00:00,9647.66,9650.28,9643.29,9646.3,10.012914,2020,6,6
2020-06-06 16:45:00+00:00,9645.99,9650.27,9645.03,9648.21,14.89047,2020,6,6
2020-06-06 16:46:00+00:00,9648.94,9653.0,9647.68,9648.01,12.522863,2020,6,6
2020-06-06 16:47:00+00:00,9648.01,9650.09,9645.32,9647.13,9.927081,2020,6,6
2020-06-06 16:48:00+00:00,9647.34,9649.74,9645.89,9647.44,4.774504,2020,6,6
2020-06-06 16:49:00+00:00,9648.48,9649.99,9645.0,9645.02,6.966171,2020,6,6
2020-06-06 16:50:00+00:00,9645.01,9645.03,9612.84,9631.23,186.901485,2020,6,6
2020-06-06 16:51:00+00:00,9631.23,9631.23,9583.93,9593.09,389.941423,2020,6,6
2020-06-06 16:52:00+00:00,9593.09,9605.78,9589.18,9604.02,118.647908,2020,6,6
2020-06-06 16:53:00+00:00,9604.03,9613.83,9601.01,9612.1,28.80759,2020,6,6
2020-06-06 16:54:00+00:00,9612.08,9616.49,9607.28,9611.31,29.355951,2020,6,6
2020-06-06 16:55:00+00:00,9611.38,9613.09,9598.08,9600.11,26.534936,2020,6,6
2020-06-06 16:56:00+00:00,9600.11,9603.94,9589.66,9603.23,54.810694,2020,6,6
2020-06-06 16:57:00+00:00,9602.92,9609.0,9601.63,9604.99,18.653088,2020,6,6
2020-06-06 16:58:00+00:00,9604.99,9611.99,9603.89,9611.92,13.615922,2020,6,6
2020-06-06 16:59:00+00:00,9610.99,9617.07,9610.57,9616.62,16.23896,2020,6,6
2020-06-06 17:00:00+00:00,9616.14,9616.97,9608.0,9609.99,28.02415,2020,6,6
2020-06-06 17:01:00+00:00,9609.99,9612.38,9608.02,9608.18,30.254821,2020,6,6
2020-06-06 17:02:00+00:00,9608.14,9608.49,9603.73,9603.74,28.11934,2020,6,6
2020-06-06 17:03:00+00:00,9603.75,9604.65,9598.61,9599.97,47.215229,2020,6,6
2020-06-06 17:04:00+00:00,9599.98,9603.33,9591.69,9602.88,44.659033,2020,6,6
2020-06-06 17:05:00+00:00,9602.88,9605.45,9601.68,9605.0,15.929858,2020,6,6
2020-06-06 17:06:00+00:00,9604.93,9605.32,9595.0,9595.0,25.982896,2020,6,6
2020-06-06 17:07:00+00:00,9595.59,9604.0,9585.99,9603.68,47.39854,2020,6,6
2020-06-06 17:08:00+00:00,9603.19,9604.94,9600.0,9600.0,14.704195,2020,6,6
2020-06-06 17:09:00+00:00,9600.0,9600.01,9592.91,9597.27,10.877999,2020,6,6
2020-06-06 17:10:00+00:00,9597.07,9600.0,9596.52,9599.92,25.732167,2020,6,6
2020-06-06 17:11:00+00:00,9599.53,9600.85,9597.27,9600.84,20.076055,2020,6,6
2020-06-06 17:12:00+00:00,9600.84,9608.25,9600.84,9605.49,22.971596,2020,6,6
2020-06-06 17:13:00+00:00,9605.3,9609.12,9602.58,9602.58,15.387383,2020,6,6
2020-06-06 17:14:00+00:00,9601.2,9602.56,9598.06,9602.16,26.693818,2020,6,6
2020-06-06 17:15:00+00:00,9602.16,9606.42,9600.79,9606.42,18.456476,2020,6,6
2020-06-06 17:16:00+00:00,9606.0,9608.13,9604.49,9605.92,11.155499,2020,6,6
2020-06-06 17:17:00+00:00,9605.77,9606.3,9597.73,9599.45,13.927545,2020,6,6
2020-06-06 17:18:00+00:00,9597.9,9599.95,9596.31,9597.91,17.198046,2020,6,6
2020-06-06 17:19:00+00:00,9598.35,9602.67,9597.93,9602.66,11.552065,2020,6,6
2020-06-06 17:20:00+00:00,9602.66,9605.94,9601.47,9603.51,15.843244,2020,6,6
2020-06-06 17:21:00+00:00,9604.39,9607.82,9603.55,9607.02,18.753091,2020,6,6
2020-06-06 17:22:00+00:00,9607.01,9607.01,9600.37,9602.65,21.682048,2020,6,6
2020-06-06 17:23:00+00:00,9603.27,9609.13,9602.66,9607.55,20.089345,2020,6,6
2020-06-06 17:24:00+00:00,9607.07,9611.1,9606.59,9609.2,11.46741,2020,6,6
2020-06-06 17:25:00+00:00,9609.19,9610.63,9602.9,9607.39,34.599892,2020,6,6
2020-06-06 17:26:00+00:00,9607.39,9608.44,9604.21,9604.6,10.968776,2020,6,6
2020-06-06 17:27:00+00:00,9604.51,9606.29,9603.18,9604.1,7.366651,2020,6,6
2020-06-06 17:28:00+00:00,9605.11,9607.86,9603.02,9605.03,9.352933,2020,6,6
2020-06-06 17:29:00+00:00,9605.01,9606.84,9604.14,9605.55,9.088271,2020,6,6
2020-06-06 17:30:00+00:00,9605.54,9609.19,9605.11,9608.33,7.499058,2020,6,6
2020-06-06 17:31:00+00:00,9608.33,9610.24,9601.24,9605.86,22.077086,2020,6,6
2020-06-06 17:32:00+00:00,9605.86,9608.78,9605.18,9606.27,10.492121,2020,6,6
2020-06-06 17:33:00+00:00,9606.41,9606.69,9601.0,9605.54,18.266001,2020,6,6
2020-06-06 17:34:00+00:00,9606.56,9606.56,9601.17,9605.84,14.106613,2020,6,6
2020-06-06 17:35:00+00:00,9605.84,9607.32,9604.0,9604.01,17.205337,2020,6,6
2020-06-06 17:36:00+00:00,9604.0,9607.4,9604.0,9604.9,17.664853,2020,6,6
2020-06-06 17:37:00+00:00,9604.9,9606.59,9603.0,9603.01,9.160638,2020,6,6
2020-06-06 17:38:00+00:00,9603.0,9604.89,9601.69,9601.84,12.527797,2020,6,6
2020-06-06 17:39:00+00:00,9601.84,9603.35,9601.0,9602.0,23.622665,2020,6,6
2020-06-06 17:40:00+00:00,9602.0,9602.08,9600.0,9600.99,15.563561,2020,6,6
2020-06-06 17:41:00+00:00,9600.09,9602.7,9600.0,9600.65,9.978374,2020,6,6
2020-06-06 17:42:00+00:00,9600.65,9600.65,9600.0,9600.1,9.995749,2020,6,6
2020-06-06 17:43:00+00:00,9600.01,9600.01,9595.67,9596.81,22.224811,2020,6,6
2020-06-06 17:44:00+00:00,9597.94,9602.44,9595.26,9602.4,13.710651,2020,6,6
2020-06-06 17:45:00+00:00,9602.38,9602.41,9597.18,9599.03,25.56542,2020,6,6
2020-06-06 17:46:00+00:00,9599.03,9612.23,9598.99,9612.18,16.903047,2020,6,6
2020-06-06 17:47:00+00:00,9612.16,9619.24,9612.14,9618.67,29.908211,2020,6,6
2020-06-06 17:48:00+00:00,9618.68,9619.94,9614.27,9618.69,24.932421,2020,6,6
2020-06-06 17:49:00+00:00,9618.69,9621.76,9617.38,9620.35,27.40079,2020,6,6
2020-06-06 17:50:00+00:00,9620.5,9620.5,9615.67,9617.47,14.721292,2020,6,6
2020-06-06 17:51:00+00:00,9617.46,9621.29,9617.44,9621.01,20.049915,2020,6,6
2020-06-06 17:52:00+00:00,9621.02,9621.73,9603.12,9603.14,37.283443,2020,6,6
2020-06-06 17:53:00+00:00,9603.14,9606.83,9603.08,9606.35,12.146499,2020,6,6
2020-06-06 17:54:00+00:00,9605.71,9611.64,9605.0,9609.69,12.658549,2020,6,6
2020-06-06 17:55:00+00:00,9609.71,9619.4,9609.71,9615.8,15.744082,2020,6,6
2020-06-06 17:56:00+00:00,9615.58,9617.01,9615.26,9615.81,7.818589,2020,6,6
2020-06-06 17:57:00+00:00,9615.79,9619.08,9615.78,9617.32,17.365649,2020,6,6
2020-06-06 17:58:00+00:00,9617.31,9617.32,9612.17,9614.14,10.955551,2020,6,6
2020-06-06 17:59:00+00:00,9614.5,9618.0,9613.71,9614.66,6.629337,2020,6,6
2020-06-06 18:00:00+00:00,9614.95,9615.2,9606.7,9611.56,26.973199,2020,6,6
2020-06-06 18:01:00+00:00,9611.85,9614.47,9610.14,9612.31,8.304401,2020,6,6
2020-06-06 18:02:00+00:00,9612.38,9612.7,9608.82,9608.83,4.679648,2020,6,6
2020-06-06 18:03:00+00:00,9608.82,9610.44,9606.0,9606.57,6.637112,2020,6,6
2020-06-06 18:04:00+00:00,9606.69,9613.4,9606.59,9613.4,8.799343,2020,6,6
2020-06-06 18:05:00+00:00,9613.4,9614.35,9613.4,9613.4,3.948305,2020,6,6
2020-06-06 18:06:00+00:00,9613.4,9615.0,9611.38,9612.0,8.018062,2020,6,6
2020-06-06 18:07:00+00:00,9612.01,9613.0,9612.0,9612.27,7.008772,2020,6,6
2020-06-06 18:08:00+00:00,9612.84,9616.74,9612.84,9616.67,5.476133,2020,6,6
2020-06-06 18:09:00+00:00,9616.98,9618.93,9614.98,9618.01,5.541987,2020,6,6
2020-06-06 18:10:00+00:00,9618.0,9618.99,9615.0,9615.75,9.730914,2020,6,6
2020-06-06 18:11:00+00:00,9615.76,9620.05,9615.76,9620.0,10.042612,2020,6,6
2020-06-06 18:12:00+00:00,9620.0,9620.09,9619.96,9620.08,4.230321,2020,6,6
2020-06-06 18:13:00+00:00,9620.08,9623.45,9620.08,9621.86,4.171462,2020,6,6
2020-06-06 18:14:00+00:00,9621.87,9621.87,9617.46,9619.95,7.782126,2020,6,6
2020-06-06 18:15:00+00:00,9619.96,9620.97,9618.1,9618.85,7.55549,2020,6,6
2020-06-06 18:16:00+00:00,9618.36,9619.08,9615.0,9617.49,9.963219,2020,6,6
2020-06-06 18:17:00+00:00,9617.5,9617.87,9615.01,9616.38,7.269654,2020,6,6
2020-06-06 18:18:00+00:00,9616.38,9618.37,9614.69,9615.99,9.262053,2020,6,6
2020-06-06 18:19:00+00:00,9615.99,9616.22,9613.85,9614.36,8.448762,2020,6,6
2020-06-06 18:20:00+00:00,9614.66,9616.22,9611.17,9616.05,12.855682,2020,6,6
2020-06-06 18:21:00+00:00,9616.17,9617.0,9615.36,9615.78,6.641417,2020,6,6
2020-06-06 18:22:00+00:00,9615.82,9617.0,9615.81,9616.21,5.879855,2020,6,6
2020-06-06 18:23:00+00:00,9616.3,9616.88,9616.2,9616.2,6.381783,2020,6,6
2020-06-06 18:24:00+00:00,9616.57,9616.65,9615.08,9616.48,6.589098,2020,6,6
2020-06-06 18:25:00+00:00,9616.49,9617.41,9615.74,9616.75,5.922539,2020,6,6
2020-06-06 18:26:00+00:00,9616.75,9618.05,9615.93,9616.0,7.999213,2020,6,6
2020-06-06 18:27:00+00:00,9616.0,9616.47,9607.15,9609.12,24.448929,2020,6,6
2020-06-06 18:28:00+00:00,9609.12,9617.32,9609.02,9614.95,16.64802,2020,6,6
2020-06-06 18:29:00+00:00,9614.14,9617.63,9614.13,9615.16,3.944769,2020,6,6
2020-06-06 18:30:00+00:00,9615.33,9615.55,9611.38,9614.25,6.876752,2020,6,6
2020-06-06 18:31:00+00:00,9614.25,9616.41,9611.53,9614.71,6.511563,2020,6,6
2020-06-06 18:32:00+00:00,9614.61,9621.62,9613.0,9620.97,24.40267,2020,6,6
2020-06-06 18:33:00+00:00,9620.61,9621.77,9617.02,9620.49,7.192484,2020,6,6
2020-06-06 18:34:00+00:00,9620.34,9623.76,9620.34,9622.93,3.637871,2020,6,6
2020-06-06 18:35:00+00:00,9622.94,9634.62,9622.64,9631.07,67.941266,2020,6,6
2020-06-06 18:36:00+00:00,9631.07,9631.62,9626.17,9626.7,9.792964,2020,6,6
2020-06-06 18:37:00+00:00,9626.72,9630.95,9626.7,9628.75,9.750555,2020,6,6
2020-06-06 18:38:00+00:00,9629.09,9629.39,9627.28,9628.44,7.132248,2020,6,6
2020-06-06 18:39:00+00:00,9628.44,9635.0,9628.19,9629.21,18.755697,2020,6,6
2020-06-06 18:40:00+00:00,9629.21,9631.2,9627.22,9627.28,7.894871,2020,6,6
2020-06-06 18:41:00+00:00,9627.99,9629.49,9624.01,9627.97,15.667199,2020,6,6
2020-06-06 18:42:00+00:00,9627.98,9634.93,9627.98,9631.59,8.114735,2020,6,6
2020-06-06 18:43:00+00:00,9631.64,9631.7,9630.0,9630.0,8.561192,2020,6,6
2020-06-06 18:44:00+00:00,9630.0,9630.02,9625.49,9625.57,9.959774,2020,6,6
2020-06-06 18:45:00+00:00,9625.53,9626.92,9622.25,9626.4,6.05303,2020,6,6
2020-06-06 18:46:00+00:00,9626.4,9627.89,9625.4,9625.97,6.531083,2020,6,6
2020-06-06 18:47:00+00:00,9626.31,9626.32,9625.85,9626.28,4.753853,2020,6,6
2020-06-06 18:48:00+00:00,9626.28,9627.04,9625.28,9625.91,6.64,2020,6,6
2020-06-06 18:49:00+00:00,9625.91,9629.25,9625.85,9627.59,6.770592,2020,6,6
2020-06-06 18:50:00+00:00,9627.51,9629.11,9626.32,9626.9,7.430013,2020,6,6
2020-06-06 18:51:00+00:00,9626.9,9630.03,9625.84,9626.56,22.218725,2020,6,6
2020-06-06 18:52:00+00:00,9626.53,9633.95,9626.22,9631.19,32.15212,2020,6,6
2020-06-06 18:53:00+00:00,9631.23,9633.99,9631.02,9632.18,11.674062,2020,6,6
2020-06-06 18:54:00+00:00,9632.18,9632.75,9626.68,9631.17,18.38452,2020,6,6
2020-06-06 18:55:00+00:00,9631.15,9633.24,9628.86,9631.66,8.666377,2020,6,6
2020-06-06 18:56:00+00:00,9631.66,9632.45,9628.86,9630.36,7.956639,2020,6,6
2020-06-06 18:57:00+00:00,9630.57,9631.99,9629.08,9630.99,6.385598,2020,6,6
2020-06-06 18:58:00+00:00,9631.0,9632.45,9628.28,9629.42,6.995371,2020,6,6
2020-06-06 18:59:00+00:00,9630.28,9632.45,9628.71,9628.86,13.079029,2020,6,6
2020-06-06 19:00:00+00:00,9628.86,9630.7,9626.02,9630.0,17.094495,2020,6,6
2020-06-06 19:01:00+00:00,9630.01,9630.01,9626.67,9627.27,8.573546,2020,6,6
2020-06-06 19:02:00+00:00,9627.52,9628.0,9625.33,9625.92,8.42265,2020,6,6
2020-06-06 19:03:00+00:00,9625.97,9627.99,9625.3,9627.16,8.987297,2020,6,6
2020-06-06 19:04:00+00:00,9627.16,9628.51,9626.38,9627.93,2.845686,2020,6,6
2020-06-06 19:05:00+00:00,9628.07,9628.5,9625.2,9627.6,14.94226,2020,6,6
2020-06-06 19:06:00+00:00,9627.61,9628.2,9622.71,9624.08,34.739508,2020,6,6
2020-06-06 19:07:00+00:00,9624.04,9624.99,9620.0,9620.0,21.51573,2020,6,6
2020-06-06 19:08:00+00:00,9620.0,9626.11,9618.17,9623.77,33.559991,2020,6,6
2020-06-06 19:09:00+00:00,9623.65,9625.21,9623.65,9623.97,2.738481,2020,6,6
2020-06-06 19:10:00+00:00,9623.96,9629.13,9621.5,9621.54,7.763148,2020,6,6
2020-06-06 19:11:00+00:00,9622.86,9622.86,9620.66,9622.38,5.314015,2020,6,6
2020-06-06 19:12:00+00:00,9622.4,9627.37,9619.0,9625.63,29.897892,2020,6,6
2020-06-06 19:13:00+00:00,9625.62,9626.16,9617.69,9624.5,13.777071,2020,6,6
2020-06-06 19:14:00+00:00,9624.63,9624.75,9619.43,9620.06,8.59367,2020,6,6
2020-06-06 19:15:00+00:00,9620.0,9620.06,9618.14,9618.53,4.310722,2020,6,6
2020-06-06 19:16:00+00:00,9618.53,9621.88,9612.48,9620.46,31.229883,2020,6,6
2020-06-06 19:17:00+00:00,9619.99,9619.99,9612.69,9614.44,12.566691,2020,6,6
2020-06-06 19:18:00+00:00,9614.39,9620.99,9613.35,9617.72,9.041485,2020,6,6
2020-06-06 19:19:00+00:00,9617.72,9618.91,9615.01,9615.01,8.260836,2020,6,6
2020-06-06 19:20:00+00:00,9615.78,9616.0,9615.0,9615.99,6.426903,2020,6,6
2020-06-06 19:21:00+00:00,9616.0,9617.69,9615.47,9616.12,8.974034,2020,6,6
2020-06-06 19:22:00+00:00,9616.47,9617.72,9612.54,9615.83,8.734419,2020,6,6
2020-06-06 19:23:00+00:00,9615.83,9618.17,9615.34,9616.42,12.294393,2020,6,6
2020-06-06 19:24:00+00:00,9616.41,9617.44,9616.41,9616.41,5.900853,2020,6,6
2020-06-06 19:25:00+00:00,9616.41,9618.68,9616.41,9616.42,5.760638,2020,6,6
2020-06-06 19:26:00+00:00,9616.41,9617.61,9614.43,9616.26,6.028472,2020,6,6
2020-06-06 19:27:00+00:00,9616.26,9625.91,9616.26,9623.55,31.798219,2020,6,6
2020-06-06 19:28:00+00:00,9623.76,9627.37,9623.76,9624.61,8.201356,2020,6,6
2020-06-06 19:29:00+00:00,9626.34,9629.69,9625.08,9627.83,10.258104,2020,6,6
2020-06-06 19:30:00+00:00,9627.81,9632.44,9626.61,9627.25,11.878266,2020,6,6
2020-06-06 19:31:00+00:00,9626.78,9630.69,9626.55,9628.56,5.854325,2020,6,6
2020-06-06 19:32:00+00:00,9628.62,9632.1,9627.69,9629.02,13.292194,2020,6,6
2020-06-06 19:33:00+00:00,9629.45,9632.36,9629.15,9630.92,9.799766,2020,6,6
2020-06-06 19:34:00+00:00,9630.95,9633.24,9630.71,9633.22,9.303172,2020,6,6
2020-06-06 19:35:00+00:00,9633.23,9636.59,9633.22,9634.1,12.116795,2020,6,6
2020-06-06 19:36:00+00:00,9634.1,9643.39,9634.09,9639.35,25.04473,2020,6,6
2020-06-06 19:37:00+00:00,9639.35,9647.0,9636.42,9646.99,25.251008,2020,6,6
2020-06-06 19:38:00+00:00,9646.99,9652.39,9641.4,9648.39,66.360834,2020,6,6
2020-06-06 19:39:00+00:00,9649.39,9651.51,9647.08,9648.31,13.817023,2020,6,6
2020-06-06 19:40:00+00:00,9647.63,9653.0,9646.89,9651.35,14.766833,2020,6,6
2020-06-06 19:41:00+00:00,9651.35,9652.97,9650.63,9652.18,11.286161,2020,6,6
2020-06-06 19:42:00+00:00,9652.51,9659.0,9652.07,9657.98,27.206807,2020,6,6
2020-06-06 19:43:00+00:00,9657.71,9677.0,9657.42,9664.58,126.670217,2020,6,6
2020-06-06 19:44:00+00:00,9664.51,9667.37,9661.65,9662.49,10.593811,2020,6,6
2020-06-06 19:45:00+00:00,9662.5,9669.77,9662.49,9665.01,24.114749,2020,6,6
2020-06-06 19:46:00+00:00,9665.01,9670.0,9663.56,9667.29,17.911897,2020,6,6
2020-06-06 19:47:00+00:00,9667.42,9667.42,9659.95,9663.22,23.007688,2020,6,6
2020-06-06 19:48:00+00:00,9662.4,9663.8,9657.48,9659.59,23.870497,2020,6,6
2020-06-06 19:49:00+00:00,9659.6,9659.94,9656.09,9657.0,12.55822,2020,6,6
2020-06-06 19:50:00+00:00,9657.0,9663.72,9657.0,9658.6,19.748967,2020,6,6
2020-06-06 19:51:00+00:00,9659.14,9662.03,9657.27,9662.02,16.180492,2020,6,6
2020-06-06 19:52:00+00:00,9662.01,9662.01,9657.27,9660.23,14.85433,2020,6,6
2020-06-06 19:53:00+00:00,9660.23,9662.03,9657.74,9657.75,17.3431,2020,6,6
2020-06-06 19:54:00+00:00,9658.1,9662.03,9657.05,9659.53,11.826312,2020,6,6
2020-06-06 19:55:00+00:00,9659.73,9662.48,9659.32,9661.23,19.523564,2020,6,6
2020-06-06 19:56:00+00:00,9661.69,9666.67,9658.81,9660.0,10.619588,2020,6,6
2020-06-06 19:57:00+00:00,9659.99,9661.6,9659.26,9659.73,4.534303,2020,6,6
2020-06-06 19:58:00+00:00,9659.73,9661.07,9656.58,9658.66,10.849684,2020,6,6
2020-06-06 19:59:00+00:00,9658.49,9659.15,9656.57,9657.39,12.988672,2020,6,6
2020-06-06 20:00:00+00:00,9658.15,9664.11,9657.81,9663.01,15.844433,2020,6,6
2020-06-06 20:01:00+00:00,9663.01,9663.85,9659.42,9662.06,23.4744,2020,6,6
2020-06-06 20:02:00+00:00,9662.01,9663.96,9650.25,9650.25,34.711274,2020,6,6
2020-06-06 20:03:00+00:00,9650.25,9654.95,9646.53,9653.71,19.10279,2020,6,6
2020-06-06 20:04:00+00:00,9653.89,9655.9,9652.0,9653.39,11.371555,2020,6,6
2020-06-06 20:05:00+00:00,9653.96,9662.99,9653.42,9656.67,20.373291,2020,6,6
2020-06-06 20:06:00+00:00,9656.46,9657.81,9653.52,9657.31,4.462494,2020,6,6
2020-06-06 20:07:00+00:00,9657.31,9657.93,9651.93,9652.34,7.400385,2020,6,6
2020-06-06 20:08:00+00:00,9652.33,9654.32,9651.01,9652.27,7.454921,2020,6,6
2020-06-06 20:09:00+00:00,9652.2,9653.4,9651.0,9651.4,4.776675,2020,6,6
2020-06-06 20:10:00+00:00,9651.7,9652.2,9650.48,9652.04,8.108923,2020,6,6
2020-06-06 20:11:00+00:00,9651.01,9652.14,9650.0,9650.01,10.384061,2020,6,6
2020-06-06 20:12:00+00:00,9650.01,9654.0,9648.6,9653.12,7.954082,2020,6,6
2020-06-06 20:13:00+00:00,9653.12,9654.54,9653.05,9654.11,2.111485,2020,6,6
2020-06-06 20:14:00+00:00,9654.11,9656.0,9650.42,9654.99,7.778505,2020,6,6
2020-06-06 20:15:00+00:00,9654.98,9656.68,9654.94,9654.94,13.565975,2020,6,6
2020-06-06 20:16:00+00:00,9655.18,9655.18,9655.09,9655.09,2.73775,2020,6,6
2020-06-06 20:17:00+00:00,9655.08,9655.08,9646.02,9647.68,18.080565,2020,6,6
2020-06-06 20:18:00+00:00,9648.56,9651.98,9646.68,9649.8,6.891007,2020,6,6
2020-06-06 20:19:00+00:00,9650.08,9651.69,9647.21,9649.76,9.30558,2020,6,6
2020-06-06 20:20:00+00:00,9649.66,9656.5,9649.29,9655.74,4.999973,2020,6,6
2020-06-06 20:21:00+00:00,9655.73,9667.91,9655.73,9663.72,25.467523,2020,6,6
2020-06-06 20:22:00+00:00,9663.73,9671.47,9663.36,9668.52,17.459281,2020,6,6
2020-06-06 20:23:00+00:00,9668.52,9680.0,9666.15,9675.1,40.432868,2020,6,6
2020-06-06 20:24:00+00:00,9675.1,9676.72,9671.71,9673.02,14.277914,2020,6,6
2020-06-06 20:25:00+00:00,9673.25,9680.0,9672.01,9678.25,12.632444,2020,6,6
2020-06-06 20:26:00+00:00,9678.67,9680.0,9677.33,9678.63,15.923957,2020,6,6
2020-06-06 20:27:00+00:00,9678.62,9688.0,9676.84,9682.45,117.429229,2020,6,6
2020-06-06 20:28:00+00:00,9682.45,9687.48,9680.0,9687.21,17.894975,2020,6,6
2020-06-06 20:29:00+00:00,9687.21,9688.87,9682.27,9683.02,16.986875,2020,6,6
2020-06-06 20:30:00+00:00,9682.97,9690.0,9682.97,9685.4,22.010223,2020,6,6
2020-06-06 20:31:00+00:00,9685.4,9686.0,9675.65,9675.87,27.994588,2020,6,6
2020-06-06 20:32:00+00:00,9675.86,9676.66,9666.53,9668.73,42.092607,2020,6,6
2020-06-06 20:33:00+00:00,9668.29,9670.0,9662.43,9662.43,18.02167,2020,6,6
2020-06-06 20:34:00+00:00,9663.12,9669.86,9663.12,9667.66,14.498457,2020,6,6
2020-06-06 20:35:00+00:00,9668.88,9669.99,9667.26,9669.13,10.946221,2020,6,6
2020-06-06 20:36:00+00:00,9669.43,9670.02,9667.84,9669.99,5.720009,2020,6,6
2020-06-06 20:37:00+00:00,9669.99,9675.0,9669.84,9673.39,9.795427,2020,6,6
2020-06-06 20:38:00+00:00,9674.4,9674.4,9672.21,9673.6,7.244806,2020,6,6
2020-06-06 20:39:00+00:00,9673.44,9675.0,9667.73,9667.73,25.022462,2020,6,6
2020-06-06 20:40:00+00:00,9667.73,9667.73,9662.65,9666.0,21.777479,2020,6,6
2020-06-06 20:41:00+00:00,9666.0,9668.57,9665.55,9665.55,6.662661,2020,6,6
2020-06-06 20:42:00+00:00,9666.72,9666.98,9665.55,9665.84,6.826233,2020,6,6
2020-06-06 20:43:00+00:00,9665.84,9669.39,9665.55,9669.39,6.868456,2020,6,6
2020-06-06 20:44:00+00:00,9669.39,9680.0,9669.39,9679.33,24.203314,2020,6,6
2020-06-06 20:45:00+00:00,9679.33,9680.0,9674.27,9675.0,23.509846,2020,6,6
2020-06-06 20:46:00+00:00,9674.99,9677.49,9670.46,9672.83,19.528701,2020,6,6
2020-06-06 20:47:00+00:00,9672.82,9673.0,9670.75,9671.86,5.899763,2020,6,6
2020-06-06 20:48:00+00:00,9671.73,9689.0,9670.12,9687.68,23.576487,2020,6,6
2020-06-06 20:49:00+00:00,9687.8,9687.91,9678.67,9678.67,32.743275,2020,6,6
2020-06-06 20:50:00+00:00,9680.04,9685.0,9677.04,9683.35,16.452615,2020,6,6
2020-06-06 20:51:00+00:00,9683.29,9684.95,9679.64,9684.3,15.041722,2020,6,6
2020-06-06 20:52:00+00:00,9683.87,9684.29,9681.81,9683.5,7.13489,2020,6,6
2020-06-06 20:53:00+00:00,9683.5,9685.04,9680.04,9680.45,8.498115,2020,6,6
2020-06-06 20:54:00+00:00,9680.93,9697.0,9680.0,9695.89,76.432505,2020,6,6
2020-06-06 20:55:00+00:00,9696.12,9719.0,9695.89,9718.42,143.565915,2020,6,6
2020-06-06 20:56:00+00:00,9718.99,9720.0,9690.01,9700.97,117.88963,2020,6,6
2020-06-06 20:57:00+00:00,9700.97,9708.41,9700.97,9707.7,15.243303,2020,6,6
2020-06-06 20:58:00+00:00,9706.96,9708.26,9703.62,9704.12,11.399959,2020,6,6
2020-06-06 20:59:00+00:00,9703.74,9704.07,9700.52,9700.52,9.810947,2020,6,6
2020-06-06 21:00:00+00:00,9701.0,9718.69,9700.79,9718.68,72.664252,2020,6,6
2020-06-06 21:01:00+00:00,9718.68,9720.0,9717.69,9719.38,20.744983,2020,6,6
2020-06-06 21:02:00+00:00,9718.84,9719.84,9717.3,9718.6,12.942406,2020,6,6
2020-06-06 21:03:00+00:00,9718.48,9720.0,9712.56,9713.33,16.449171,2020,6,6
2020-06-06 21:04:00+00:00,9713.33,9713.33,9703.35,9704.4,21.671396,2020,6,6
2020-06-06 21:05:00+00:00,9704.39,9716.97,9704.39,9709.55,42.130605,2020,6,6
2020-06-06 21:06:00+00:00,9708.36,9710.73,9707.82,9709.44,9.796501,2020,6,6
2020-06-06 21:07:00+00:00,9709.44,9710.0,9708.91,9708.92,6.831925,2020,6,6
2020-06-06 21:08:00+00:00,9709.03,9712.93,9708.83,9712.01,18.343494,2020,6,6
2020-06-06 21:09:00+00:00,9712.01,9712.69,9709.68,9710.79,22.46916,2020,6,6
2020-06-06 21:10:00+00:00,9711.27,9711.79,9708.38,9710.0,12.350286,2020,6,6
2020-06-06 21:11:00+00:00,9709.27,9710.41,9707.04,9709.26,16.376558,2020,6,6
2020-06-06 21:12:00+00:00,9709.08,9710.21,9707.26,9707.9,9.168443,2020,6,6
2020-06-06 21:13:00+00:00,9707.3,9707.83,9705.0,9705.05,10.157985,2020,6,6
2020-06-06 21:14:00+00:00,9705.74,9706.86,9700.0,9700.0,20.792871,2020,6,6
2020-06-06 21:15:00+00:00,9700.79,9702.71,9691.32,9691.32,27.403588,2020,6,6
2020-06-06 21:16:00+00:00,9691.81,9693.48,9686.45,9687.62,18.536565,2020,6,6
2020-06-06 21:17:00+00:00,9687.62,9687.62,9683.52,9683.73,8.827862,2020,6,6
2020-06-06 21:18:00+00:00,9683.73,9688.89,9682.75,9686.57,25.087042,2020,6,6
2020-06-06 21:19:00+00:00,9687.04,9690.0,9685.98,9689.32,14.321808,2020,6,6
2020-06-06 21:20:00+00:00,9688.25,9689.31,9685.23,9687.01,9.465734,2020,6,6
2020-06-06 21:21:00+00:00,9685.98,9687.39,9685.37,9687.39,6.92249,2020,6,6
2020-06-06 21:22:00+00:00,9687.39,9691.0,9686.83,9690.0,10.520826,2020,6,6
2020-06-06 21:23:00+00:00,9689.35,9692.97,9688.9,9692.0,18.430592,2020,6,6
2020-06-06 21:24:00+00:00,9692.01,9696.95,9692.0,9695.46,12.959334,2020,6,6
2020-06-06 21:25:00+00:00,9695.46,9699.22,9695.44,9698.35,8.115483,2020,6,6
2020-06-06 21:26:00+00:00,9698.77,9701.59,9698.2,9698.69,22.067281,2020,6,6
2020-06-06 21:27:00+00:00,9698.69,9699.0,9693.37,9694.49,18.04928,2020,6,6
2020-06-06 21:28:00+00:00,9694.49,9694.49,9691.25,9691.77,4.405714,2020,6,6
2020-06-06 21:29:00+00:00,9692.49,9694.24,9686.31,9688.53,12.630314,2020,6,6
2020-06-06 21:30:00+00:00,9687.2,9689.44,9685.45,9686.26,9.751448,2020,6,6
2020-06-06 21:31:00+00:00,9686.16,9687.01,9682.44,9682.99,10.848625,2020,6,6
2020-06-06 21:32:00+00:00,9682.99,9683.87,9681.0,9681.38,6.770578,2020,6,6
2020-06-06 21:33:00+00:00,9681.38,9682.4,9681.38,9682.15,2.765952,2020,6,6
2020-06-06 21:34:00+00:00,9682.0,9682.0,9678.08,9678.91,14.963764,2020,6,6
2020-06-06 21:35:00+00:00,9678.9,9679.45,9678.01,9678.52,1.818173,2020,6,6
2020-06-06 21:36:00+00:00,9678.14,9680.37,9676.62,9678.61,7.700096,2020,6,6
2020-06-06 21:37:00+00:00,9679.01,9684.45,9679.01,9683.18,22.464286,2020,6,6
2020-06-06 21:38:00+00:00,9684.08,9692.23,9683.05,9690.74,21.138415,2020,6,6
2020-06-06 21:39:00+00:00,9690.77,9693.52,9688.64,9691.4,20.033837,2020,6,6
2020-06-06 21:40:00+00:00,9690.0,9692.73,9685.0,9691.04,67.051662,2020,6,6
2020-06-06 21:41:00+00:00,9691.15,9692.08,9688.55,9689.94,7.605759,2020,6,6
2020-06-06 21:42:00+00:00,9689.99,9690.0,9688.4,9690.0,10.490533,2020,6,6
2020-06-06 21:43:00+00:00,9689.99,9691.22,9685.39,9688.66,19.61462,2020,6,6
2020-06-06 21:44:00+00:00,9688.41,9688.41,9685.88,9685.88,19.309367,2020,6,6
2020-06-06 21:45:00+00:00,9685.95,9689.56,9685.18,9685.77,23.48355,2020,6,6
2020-06-06 21:46:00+00:00,9685.77,9686.82,9685.03,9686.0,2.180118,2020,6,6
2020-06-06 21:47:00+00:00,9685.99,9686.0,9685.03,9685.03,5.79998,2020,6,6
2020-06-06 21:48:00+00:00,9685.31,9685.34,9682.56,9682.96,7.95953,2020,6,6
2020-06-06 21:49:00+00:00,9683.0,9683.0,9680.8,9682.57,14.188662,2020,6,6
2020-06-06 21:50:00+00:00,9682.59,9683.79,9681.32,9682.71,5.171152,2020,6,6
2020-06-06 21:51:00+00:00,9682.82,9682.84,9680.36,9682.0,3.04058,2020,6,6
2020-06-06 21:52:00+00:00,9682.34,9685.03,9681.27,9683.33,10.855424,2020,6,6
2020-06-06 21:53:00+00:00,9683.33,9725.4,9682.64,9700.98,153.400332,2020,6,6
2020-06-06 21:54:00+00:00,9700.98,9718.17,9698.99,9700.55,74.117572,2020,6,6
2020-06-06 21:55:00+00:00,9699.77,9729.74,9698.01,9703.5,94.594272,2020,6,6
2020-06-06 21:56:00+00:00,9703.5,9717.5,9700.81,9702.19,60.196514,2020,6,6
2020-06-06 21:57:00+00:00,9701.44,9705.0,9701.0,9702.42,23.713303,2020,6,6
2020-06-06 21:58:00+00:00,9702.42,9703.74,9691.78,9692.15,40.26378,2020,6,6
2020-06-06 21:59:00+00:00,9692.44,9693.87,9691.99,9693.3,2.646372,2020,6,6
2020-06-06 22:00:00+00:00,9693.82,9702.0,9693.82,9701.98,8.908404,2020,6,6
2020-06-06 22:01:00+00:00,9702.0,9707.8,9701.99,9707.05,10.25624,2020,6,6
2020-06-06 22:02:00+00:00,9705.88,9707.39,9705.12,9705.76,6.056668,2020,6,6
2020-06-06 22:03:00+00:00,9706.66,9706.67,9704.58,9704.82,6.55421,2020,6,6
2020-06-06 22:04:00+00:00,9704.58,9704.82,9701.3,9701.67,11.469586,2020,6,6
2020-06-06 22:05:00+00:00,9701.67,9701.85,9700.0,9700.52,11.927358,2020,6,6
2020-06-06 22:06:00+00:00,9700.71,9701.35,9697.96,9698.04,12.448725,2020,6,6
2020-06-06 22:07:00+00:00,9698.72,9698.72,9691.59,9692.42,9.458403,2020,6,6
2020-06-06 22:08:00+00:00,9691.79,9692.68,9690.1,9690.82,10.359022,2020,6,6
2020-06-06 22:09:00+00:00,9690.14,9694.37,9688.41,9688.48,9.922866,2020,6,6
2020-06-06 22:10:00+00:00,9689.84,9690.45,9686.09,9687.32,7.886571,2020,6,6
2020-06-06 22:11:00+00:00,9687.19,9688.39,9684.61,9686.77,6.840011,2020,6,6
2020-06-06 22:12:00+00:00,9686.24,9686.98,9684.62,9685.0,7.302939,2020,6,6
2020-06-06 22:13:00+00:00,9685.0,9687.08,9684.0,9684.6,6.318578,2020,6,6
2020-06-06 22:14:00+00:00,9684.6,9693.55,9684.6,9692.74,9.340197,2020,6,6
2020-06-06 22:15:00+00:00,9691.54,9695.54,9691.43,9695.08,6.897321,2020,6,6
2020-06-06 22:16:00+00:00,9695.08,9700.52,9694.96,9699.81,27.168572,2020,6,6
2020-06-06 22:17:00+00:00,9699.24,9704.0,9699.24,9701.39,26.002408,2020,6,6
2020-06-06 22:18:00+00:00,9701.33,9702.44,9701.33,9701.69,7.66444,2020,6,6
2020-06-06 22:19:00+00:00,9701.69,9702.41,9686.28,9687.13,18.096026,2020,6,6
2020-06-06 22:20:00+00:00,9687.1,9688.67,9686.79,9687.68,8.464793,2020,6,6
2020-06-06 22:21:00+00:00,9687.67,9687.67,9680.01,9681.87,22.464689,2020,6,6
2020-06-06 22:22:00+00:00,9681.85,9682.56,9679.64,9680.26,4.374318,2020,6,6
2020-06-06 22:23:00+00:00,9680.37,9680.99,9651.4,9654.15,76.858652,2020,6,6
2020-06-06 22:24:00+00:00,9656.32,9660.05,9646.4,9659.35,45.700348,2020,6,6
2020-06-06 22:25:00+00:00,9659.33,9668.93,9659.33,9667.64,34.882839,2020,6,6
2020-06-06 22:26:00+00:00,9667.63,9669.58,9656.99,9658.39,18.847549,2020,6,6
2020-06-06 22:27:00+00:00,9658.15,9661.41,9651.5,9660.05,23.947718,2020,6,6
2020-06-06 22:28:00+00:00,9660.04,9662.86,9658.25,9660.45,17.485257,2020,6,6
2020-06-06 22:29:00+00:00,9660.48,9665.74,9659.95,9664.15,7.881523,2020,6,6
2020-06-06 22:30:00+00:00,9664.28,9668.45,9664.28,9667.02,25.545942,2020,6,6
2020-06-06 22:31:00+00:00,9667.28,9670.99,9666.88,9667.15,16.533024,2020,6,6
2020-06-06 22:32:00+00:00,9667.1,9667.1,9650.33,9651.7,28.433302,2020,6,6
2020-06-06 22:33:00+00:00,9651.7,9655.5,9648.02,9655.5,23.716286,2020,6,6
2020-06-06 22:34:00+00:00,9655.63,9659.05,9652.2,9653.45,15.163818,2020,6,6
2020-06-06 22:35:00+00:00,9653.45,9658.33,9652.63,9655.54,4.96573,2020,6,6
2020-06-06 22:36:00+00:00,9656.5,9660.13,9655.69,9656.15,18.272245,2020,6,6
2020-06-06 22:37:00+00:00,9656.15,9656.63,9635.0,9641.48,62.100908,2020,6,6
2020-06-06 22:38:00+00:00,9641.49,9643.83,9635.0,9636.06,47.065454,2020,6,6
2020-06-06 22:39:00+00:00,9636.32,9643.28,9635.66,9641.49,10.498754,2020,6,6
2020-06-06 22:40:00+00:00,9641.48,9645.15,9640.02,9642.54,8.727186,2020,6,6
2020-06-06 22:41:00+00:00,9643.07,9645.97,9641.84,9644.91,13.929436,2020,6,6
2020-06-06 22:42:00+00:00,9643.81,9646.73,9643.66,9645.4,7.540692,2020,6,6
2020-06-06 22:43:00+00:00,9646.39,9646.89,9645.41,9646.0,5.795385,2020,6,6
2020-06-06 22:44:00+00:00,9646.0,9646.01,9635.14,9635.49,15.483792,2020,6,6
2020-06-06 22:45:00+00:00,9635.64,9640.48,9635.0,9636.15,22.629375,2020,6,6
2020-06-06 22:46:00+00:00,9636.11,9640.25,9633.7,9638.06,22.547443,2020,6,6
2020-06-06 22:47:00+00:00,9637.55,9650.63,9635.26,9649.12,26.799415,2020,6,6
2020-06-06 22:48:00+00:00,9649.11,9651.18,9639.55,9640.88,24.295082,2020,6,6
2020-06-06 22:49:00+00:00,9640.81,9643.49,9637.01,9641.71,27.766831,2020,6,6
2020-06-06 22:50:00+00:00,9641.78,9648.59,9641.22,9645.02,21.134311,2020,6,6
2020-06-06 22:51:00+00:00,9645.03,9646.67,9645.02,9646.67,2.236327,2020,6,6
2020-06-06 22:52:00+00:00,9646.67,9649.98,9643.2,9649.93,22.226626,2020,6,6
2020-06-06 22:53:00+00:00,9649.92,9651.02,9647.71,9647.71,8.381022,2020,6,6
2020-06-06 22:54:00+00:00,9647.5,9651.55,9645.03,9647.98,31.124715,2020,6,6
2020-06-06 22:55:00+00:00,9647.24,9648.0,9646.63,9647.0,4.564813,2020,6,6
2020-06-06 22:56:00+00:00,9647.49,9648.0,9645.0,9646.88,6.999422,2020,6,6
2020-06-06 22:57:00+00:00,9646.88,9648.0,9645.57,9647.09,5.232495,2020,6,6
2020-06-06 22:58:00+00:00,9647.09,9649.68,9647.09,9649.0,4.809714,2020,6,6
2020-06-06 22:59:00+00:00,9649.03,9649.03,9643.31,9644.63,6.888516,2020,6,6
2020-06-06 23:00:00+00:00,9644.63,9645.59,9643.13,9645.02,4.754739,2020,6,6
2020-06-06 23:01:00+00:00,9645.0,9645.0,9643.89,9644.89,4.812731,2020,6,6
2020-06-06 23:02:00+00:00,9644.89,9645.0,9637.59,9644.18,25.366165,2020,6,6
2020-06-06 23:03:00+00:00,9643.53,9648.27,9643.53,9645.26,21.172518,2020,6,6
2020-06-06 23:04:00+00:00,9645.65,9647.33,9642.87,9646.03,18.532969,2020,6,6
2020-06-06 23:05:00+00:00,9646.03,9649.49,9646.03,9647.67,4.408531,2020,6,6
2020-06-06 23:06:00+00:00,9648.68,9656.16,9642.18,9646.01,50.917303,2020,6,6
2020-06-06 23:07:00+00:00,9646.01,9649.36,9642.45,9648.63,28.369579,2020,6,6
2020-06-06 23:08:00+00:00,9648.14,9649.77,9647.0,9649.5,2.675608,2020,6,6
2020-06-06 23:09:00+00:00,9649.52,9659.29,9649.52,9655.01,23.264676,2020,6,6
2020-06-06 23:10:00+00:00,9655.04,9656.5,9655.0,9656.31,5.692925,2020,6,6
2020-06-06 23:11:00+00:00,9655.64,9662.0,9655.64,9660.68,13.658177,2020,6,6
2020-06-06 23:12:00+00:00,9661.24,9663.76,9657.91,9661.84,21.259348,2020,6,6
2020-06-06 23:13:00+00:00,9662.26,9664.38,9661.6,9664.01,12.04069,2020,6,6
2020-06-06 23:14:00+00:00,9664.01,9670.0,9663.27,9663.27,43.4715,2020,6,6
2020-06-06 23:15:00+00:00,9663.27,9666.0,9659.87,9661.17,33.728679,2020,6,6
2020-06-06 23:16:00+00:00,9661.17,9661.81,9655.75,9655.76,10.795982,2020,6,6
2020-06-06 23:17:00+00:00,9655.76,9658.11,9655.0,9655.3,8.294309,2020,6,6
2020-06-06 23:18:00+00:00,9656.38,9656.4,9650.54,9650.76,49.256082,2020,6,6
2020-06-06 23:19:00+00:00,9651.48,9653.43,9646.3,9646.56,18.438019,2020,6,6
2020-06-06 23:20:00+00:00,9646.49,9646.49,9643.63,9645.02,17.052172,2020,6,6
2020-06-06 23:21:00+00:00,9645.02,9651.49,9645.0,9651.02,25.885323,2020,6,6
2020-06-06 23:22:00+00:00,9651.01,9653.35,9648.56,9650.66,12.102585,2020,6,6
2020-06-06 23:23:00+00:00,9650.66,9650.75,9647.69,9649.38,28.080736,2020,6,6
2020-06-06 23:24:00+00:00,9649.4,9649.41,9649.37,9649.41,3.838084,2020,6,6
2020-06-06 23:25:00+00:00,9649.41,9657.95,9649.41,9657.38,21.248581,2020,6,6
2020-06-06 23:26:00+00:00,9656.92,9661.19,9656.01,9659.72,15.519862,2020,6,6
2020-06-06 23:27:00+00:00,9659.79,9663.43,9655.68,9657.55,33.79029,2020,6,6
2020-06-06 23:28:00+00:00,9657.55,9657.81,9655.27,9655.83,2.193747,2020,6,6
2020-06-06 23:29:00+00:00,9656.37,9656.8,9650.76,9653.47,26.985852,2020,6,6
2020-06-06 23:30:00+00:00,9653.52,9653.52,9650.89,9650.89,1.887252,2020,6,6
2020-06-06 23:31:00+00:00,9651.39,9655.0,9650.14,9654.24,6.487243,2020,6,6
2020-06-06 23:32:00+00:00,9654.26,9656.25,9653.46,9655.22,4.824729,2020,6,6
2020-06-06 23:33:00+00:00,9654.63,9656.22,9653.51,9654.0,2.43193,2020,6,6
2020-06-06 23:34:00+00:00,9654.37,9659.1,9654.33,9656.44,21.423787,2020,6,6
2020-06-06 23:35:00+00:00,9656.64,9658.37,9655.58,9657.89,2.820534,2020,6,6
2020-06-06 23:36:00+00:00,9657.41,9658.87,9656.42,9656.85,2.969544,2020,6,6
2020-06-06 23:37:00+00:00,9656.85,9656.85,9650.71,9653.53,27.918763,2020,6,6
2020-06-06 23:38:00+00:00,9653.47,9657.85,9653.45,9657.62,12.325559,2020,6,6
2020-06-06 23:39:00+00:00,9656.98,9663.47,9656.9,9663.12,31.722326,2020,6,6
2020-06-06 23:40:00+00:00,9662.9,9680.0,9662.0,9678.0,20.099869,2020,6,6
2020-06-06 23:41:00+00:00,9678.0,9679.93,9676.1,9677.56,3.199182,2020,6,6
2020-06-06 23:42:00+00:00,9678.1,9678.2,9671.1,9672.4,16.00862,2020,6,6
2020-06-06 23:43:00+00:00,9671.55,9673.75,9666.76,9672.69,29.976742,2020,6,6
2020-06-06 23:44:00+00:00,9673.55,9676.58,9672.97,9673.81,9.53182,2020,6,6
2020-06-06 23:45:00+00:00,9673.8,9688.65,9671.52,9685.71,16.287127,2020,6,6
2020-06-06 23:46:00+00:00,9685.71,9702.76,9685.71,9693.47,80.619951,2020,6,6
2020-06-06 23:47:00+00:00,9694.24,9696.45,9683.89,9686.87,44.970905,2020,6,6
2020-06-06 23:48:00+00:00,9687.26,9689.79,9686.55,9687.67,15.516042,2020,6,6
2020-06-06 23:49:00+00:00,9687.64,9687.94,9680.65,9681.86,28.560034,2020,6,6
2020-06-06 23:50:00+00:00,9681.87,9683.21,9676.27,9681.15,9.707079,2020,6,6
2020-06-06 23:51:00+00:00,9680.82,9682.13,9672.52,9673.86,11.846477,2020,6,6
2020-06-06 23:52:00+00:00,9673.86,9674.81,9671.23,9672.93,5.403575,2020,6,6
2020-06-06 23:53:00+00:00,9672.26,9677.06,9672.19,9673.37,26.984693,2020,6,6
2020-06-06 23:54:00+00:00,9673.37,9673.41,9656.83,9657.83,43.109776,2020,6,6
2020-06-06 23:55:00+00:00,9658.37,9666.69,9657.8,9661.59,12.115113,2020,6,6
2020-06-06 23:56:00+00:00,9662.79,9669.57,9659.55,9668.9,14.987505,2020,6,6
2020-06-06 23:57:00+00:00,9668.85,9672.31,9666.73,9671.19,9.028096,2020,6,6
2020-06-06 23:58:00+00:00,9670.79,9675.91,9668.93,9669.72,9.603441,2020,6,6
2020-06-06 23:59:00+00:00,9669.99,9670.33,9666.3,9666.3,7.884643,2020,6,6
2020-06-07 00:00:00+00:00,9666.85,9669.13,9663.1,9663.1,24.622215,2020,6,7
2020-06-07 00:01:00+00:00,9664.12,9665.35,9659.08,9660.02,18.079404,2020,6,7
2020-06-07 00:02:00+00:00,9659.1,9660.07,9654.23,9655.33,13.370511,2020,6,7
2020-06-07 00:03:00+00:00,9655.72,9656.13,9651.15,9651.73,12.579384,2020,6,7
2020-06-07 00:04:00+00:00,9651.67,9657.3,9651.67,9653.01,8.157198,2020,6,7
2020-06-07 00:05:00+00:00,9653.01,9653.01,9641.59,9646.6,25.126015,2020,6,7
2020-06-07 00:06:00+00:00,9646.39,9647.74,9639.59,9642.13,13.599426,2020,6,7
2020-06-07 00:07:00+00:00,9642.42,9649.23,9642.19,9645.02,13.292129,2020,6,7
2020-06-07 00:08:00+00:00,9645.02,9645.88,9640.16,9641.47,8.289515,2020,6,7
2020-06-07 00:09:00+00:00,9641.48,9647.68,9641.48,9643.93,14.43821,2020,6,7
2020-06-07 00:10:00+00:00,9643.98,9644.09,9641.38,9643.89,10.621781,2020,6,7
2020-06-07 00:11:00+00:00,9643.45,9650.0,9642.99,9648.81,11.755873,2020,6,7
2020-06-07 00:12:00+00:00,9648.94,9652.4,9648.11,9649.12,23.540879,2020,6,7
2020-06-07 00:13:00+00:00,9649.5,9652.4,9649.5,9652.39,4.412457,2020,6,7
2020-06-07 00:14:00+00:00,9652.39,9655.15,9648.92,9648.95,7.285023,2020,6,7
2020-06-07 00:15:00+00:00,9649.07,9651.02,9648.81,9648.91,5.056992,2020,6,7
2020-06-07 00:16:00+00:00,9648.91,9653.08,9648.91,9651.58,10.591679,2020,6,7
2020-06-07 00:17:00+00:00,9651.86,9651.86,9637.0,9638.31,12.562964,2020,6,7
2020-06-07 00:18:00+00:00,9638.31,9643.91,9637.62,9641.0,9.68922,2020,6,7
2020-06-07 00:19:00+00:00,9641.0,9644.46,9624.0,9629.88,55.487071,2020,6,7
2020-06-07 00:20:00+00:00,9628.31,9642.8,9628.27,9637.9,32.768108,2020,6,7
2020-06-07 00:21:00+00:00,9637.91,9644.17,9635.96,9638.0,10.805563,2020,6,7
2020-06-07 00:22:00+00:00,9638.38,9655.03,9638.37,9653.62,17.492801,2020,6,7
2020-06-07 00:23:00+00:00,9653.66,9654.17,9648.07,9651.04,6.246495,2020,6,7
2020-06-07 00:24:00+00:00,9651.33,9658.2,9651.33,9657.5,21.044156,2020,6,7
2020-06-07 00:25:00+00:00,9657.16,9657.16,9651.76,9654.19,14.589376,2020,6,7
2020-06-07 00:26:00+00:00,9654.01,9654.19,9652.09,9652.3,3.355992,2020,6,7
2020-06-07 00:27:00+00:00,9653.26,9653.26,9649.47,9649.87,10.787887,2020,6,7
2020-06-07 00:28:00+00:00,9649.86,9659.25,9649.83,9658.52,8.885913,2020,6,7
2020-06-07 00:29:00+00:00,9658.53,9659.69,9658.0,9658.01,3.77777,2020,6,7
2020-06-07 00:30:00+00:00,9658.06,9658.06,9651.86,9656.1,10.569304,2020,6,7
2020-06-07 00:31:00+00:00,9655.6,9658.0,9653.97,9655.7,5.086686,2020,6,7
2020-06-07 00:32:00+00:00,9655.7,9657.0,9654.06,9654.99,2.929333,2020,6,7
2020-06-07 00:33:00+00:00,9654.99,9656.92,9653.05,9655.56,4.225373,2020,6,7
2020-06-07 00:34:00+00:00,9655.57,9664.98,9654.84,9662.21,93.858298,2020,6,7
2020-06-07 00:35:00+00:00,9662.21,9664.72,9660.02,9664.24,9.555102,2020,6,7
2020-06-07 00:36:00+00:00,9664.23,9666.62,9662.0,9663.01,10.83758,2020,6,7
2020-06-07 00:37:00+00:00,9663.31,9670.19,9662.68,9665.47,73.248198,2020,6,7
2020-06-07 00:38:00+00:00,9665.47,9665.5,9659.79,9660.21,10.082644,2020,6,7
2020-06-07 00:39:00+00:00,9660.21,9661.5,9658.38,9658.6,7.175483,2020,6,7
2020-06-07 00:40:00+00:00,9658.6,9658.61,9658.6,9658.6,2.617685,2020,6,7
2020-06-07 00:41:00+00:00,9658.6,9659.15,9653.18,9654.93,7.291126,2020,6,7
2020-06-07 00:42:00+00:00,9654.93,9655.9,9653.81,9654.35,2.396384,2020,6,7
2020-06-07 00:43:00+00:00,9654.35,9666.97,9654.35,9659.47,19.957042,2020,6,7
2020-06-07 00:44:00+00:00,9660.0,9660.43,9658.32,9659.38,1.936329,2020,6,7
2020-06-07 00:45:00+00:00,9659.47,9659.48,9655.99,9657.99,7.667915,2020,6,7
2020-06-07 00:46:00+00:00,9657.5,9660.41,9657.46,9659.76,5.253426,2020,6,7
2020-06-07 00:47:00+00:00,9659.53,9668.5,9659.37,9664.69,5.04587,2020,6,7
2020-06-07 00:48:00+00:00,9664.21,9665.0,9661.01,9661.01,6.479524,2020,6,7
2020-06-07 00:49:00+00:00,9661.96,9662.42,9660.93,9660.94,2.855753,2020,6,7
2020-06-07 00:50:00+00:00,9660.98,9662.42,9659.99,9660.94,4.767745,2020,6,7
2020-06-07 00:51:00+00:00,9660.67,9667.43,9660.63,9665.18,9.598034,2020,6,7
2020-06-07 00:52:00+00:00,9664.98,9666.9,9663.94,9664.75,3.275933,2020,6,7
2020-06-07 00:53:00+00:00,9664.75,9666.0,9664.0,9664.0,6.89541,2020,6,7
2020-06-07 00:54:00+00:00,9664.01,9665.88,9664.0,9664.0,14.096602,2020,6,7
2020-06-07 00:55:00+00:00,9664.0,9665.0,9664.0,9664.99,5.992574,2020,6,7
2020-06-07 00:56:00+00:00,9664.99,9666.26,9664.93,9666.25,3.39637,2020,6,7
2020-06-07 00:57:00+00:00,9665.4,9666.89,9664.0,9664.51,2.819265,2020,6,7
2020-06-07 00:58:00+00:00,9664.61,9665.23,9664.41,9664.76,5.590792,2020,6,7
2020-06-07 00:59:00+00:00,9664.84,9674.48,9664.76,9673.0,22.451086,2020,6,7
2020-06-07 01:00:00+00:00,9673.29,9677.08,9670.62,9675.69,15.598114,2020,6,7
2020-06-07 01:01:00+00:00,9675.5,9676.49,9673.46,9674.95,5.226633,2020,6,7
2020-06-07 01:02:00+00:00,9675.84,9675.86,9670.3,9671.59,7.474351,2020,6,7
2020-06-07 01:03:00+00:00,9671.8,9674.0,9671.09,9672.01,2.737303,2020,6,7
2020-06-07 01:04:00+00:00,9672.25,9674.0,9672.0,9673.84,3.905531,2020,6,7
2020-06-07 01:05:00+00:00,9673.84,9676.19,9673.84,9675.13,8.759183,2020,6,7
2020-06-07 01:06:00+00:00,9675.13,9676.07,9667.28,9668.74,14.99766,2020,6,7
2020-06-07 01:07:00+00:00,9668.74,9669.02,9655.49,9655.49,21.697763,2020,6,7
2020-06-07 01:08:00+00:00,9656.74,9657.97,9647.38,9647.38,25.875206,2020,6,7
2020-06-07 01:09:00+00:00,9649.27,9654.47,9648.35,9651.75,7.959862,2020,6,7
2020-06-07 01:10:00+00:00,9651.7,9657.17,9650.51,9654.02,7.365132,2020,6,7
2020-06-07 01:11:00+00:00,9655.13,9656.35,9647.25,9648.0,9.062821,2020,6,7
2020-06-07 01:12:00+00:00,9649.44,9650.46,9647.4,9648.48,2.482499,2020,6,7
2020-06-07 01:13:00+00:00,9648.28,9651.73,9648.17,9651.31,6.902987,2020,6,7
2020-06-07 01:14:00+00:00,9651.45,9651.46,9649.63,9650.3,1.605741,2020,6,7
2020-06-07 01:15:00+00:00,9650.29,9650.29,9647.96,9648.62,3.831727,2020,6,7
2020-06-07 01:16:00+00:00,9648.63,9649.74,9646.82,9648.74,10.748073,2020,6,7
2020-06-07 01:17:00+00:00,9647.85,9649.04,9646.17,9647.59,3.665433,2020,6,7
2020-06-07 01:18:00+00:00,9647.57,9653.99,9647.57,9653.15,7.113462,2020,6,7
2020-06-07 01:19:00+00:00,9653.13,9654.96,9652.58,9653.9,5.328248,2020,6,7
2020-06-07 01:20:00+00:00,9652.92,9654.97,9651.92,9654.12,6.091561,2020,6,7
2020-06-07 01:21:00+00:00,9654.4,9656.82,9654.12,9655.58,4.139945,2020,6,7
2020-06-07 01:22:00+00:00,9655.4,9657.37,9654.18,9655.3,2.0832,2020,6,7
2020-06-07 01:23:00+00:00,9655.3,9655.3,9654.2,9654.74,1.959801,2020,6,7
2020-06-07 01:24:00+00:00,9654.74,9654.74,9649.97,9651.9,5.397854,2020,6,7
2020-06-07 01:25:00+00:00,9651.52,9651.82,9650.04,9650.28,3.865177,2020,6,7
2020-06-07 01:26:00+00:00,9650.18,9651.51,9649.98,9650.01,5.050242,2020,6,7
2020-06-07 01:27:00+00:00,9650.47,9650.84,9650.0,9650.44,1.57838,2020,6,7
2020-06-07 01:28:00+00:00,9650.44,9653.45,9650.37,9653.41,4.788406,2020,6,7
2020-06-07 01:29:00+00:00,9653.41,9654.29,9652.31,9652.57,3.968946,2020,6,7
2020-06-07 01:30:00+00:00,9652.57,9677.45,9652.34,9675.0,40.365705,2020,6,7
2020-06-07 01:31:00+00:00,9673.74,9676.66,9672.25,9675.4,14.161061,2020,6,7
2020-06-07 01:32:00+00:00,9675.57,9677.59,9670.35,9670.35,11.044553,2020,6,7
2020-06-07 01:33:00+00:00,9671.51,9672.99,9666.65,9668.72,9.40696,2020,6,7
2020-06-07 01:34:00+00:00,9669.68,9669.68,9665.06,9666.6,9.882102,2020,6,7
2020-06-07 01:35:00+00:00,9666.04,9668.45,9665.64,9668.0,17.731654,2020,6,7
2020-06-07 01:36:00+00:00,9668.0,9669.97,9668.0,9669.16,13.817323,2020,6,7
2020-06-07 01:37:00+00:00,9669.0,9673.88,9665.51,9671.05,30.088643,2020,6,7
2020-06-07 01:38:00+00:00,9671.06,9672.93,9669.16,9669.95,13.652972,2020,6,7
2020-06-07 01:39:00+00:00,9670.09,9671.29,9669.68,9671.29,3.92294,2020,6,7
2020-06-07 01:40:00+00:00,9671.14,9672.99,9668.97,9671.83,10.853382,2020,6,7
2020-06-07 01:41:00+00:00,9671.29,9674.45,9669.0,9669.0,14.480902,2020,6,7
2020-06-07 01:42:00+00:00,9669.0,9670.4,9666.83,9668.69,4.680054,2020,6,7
2020-06-07 01:43:00+00:00,9669.29,9669.52,9666.84,9667.65,4.434476,2020,6,7
2020-06-07 01:44:00+00:00,9667.61,9667.96,9666.02,9666.39,3.143026,2020,6,7
2020-06-07 01:45:00+00:00,9666.38,9666.48,9664.01,9664.1,4.383119,2020,6,7
2020-06-07 01:46:00+00:00,9664.98,9665.27,9662.86,9663.22,6.538968,2020,6,7
2020-06-07 01:47:00+00:00,9663.22,9669.06,9659.0,9668.93,10.973081,2020,6,7
2020-06-07 01:48:00+00:00,9669.05,9672.0,9668.58,9672.0,7.351797,2020,6,7
2020-06-07 01:49:00+00:00,9671.99,9674.94,9671.34,9674.45,5.583912,2020,6,7
2020-06-07 01:50:00+00:00,9674.45,9677.67,9668.98,9677.67,21.089446,2020,6,7
2020-06-07 01:51:00+00:00,9677.42,9679.48,9672.33,9675.38,12.173466,2020,6,7
2020-06-07 01:52:00+00:00,9675.37,9675.37,9672.51,9673.1,4.973554,2020,6,7
2020-06-07 01:53:00+00:00,9674.6,9677.95,9674.16,9676.6,3.449255,2020,6,7
2020-06-07 01:54:00+00:00,9676.6,9678.07,9676.52,9677.97,4.165105,2020,6,7
2020-06-07 01:55:00+00:00,9678.06,9678.06,9677.17,9677.34,2.617883,2020,6,7
2020-06-07 01:56:00+00:00,9677.81,9677.81,9663.62,9665.86,23.553777,2020,6,7
2020-06-07 01:57:00+00:00,9665.86,9667.98,9664.0,9665.66,7.295862,2020,6,7
2020-06-07 01:58:00+00:00,9665.25,9668.08,9665.15,9666.71,4.853356,2020,6,7
2020-06-07 01:59:00+00:00,9666.71,9668.0,9665.0,9665.0,8.857825,2020,6,7
2020-06-07 02:00:00+00:00,9665.0,9665.01,9653.1,9654.82,15.227394,2020,6,7
2020-06-07 02:01:00+00:00,9654.82,9660.34,9654.82,9660.01,4.519208,2020,6,7
2020-06-07 02:02:00+00:00,9660.11,9664.49,9660.11,9662.4,6.230648,2020,6,7
2020-06-07 02:03:00+00:00,9662.0,9669.77,9661.99,9668.4,6.910181,2020,6,7
2020-06-07 02:04:00+00:00,9668.4,9677.0,9666.68,9677.0,9.354951,2020,6,7
2020-06-07 02:05:00+00:00,9676.98,9676.98,9671.51,9674.28,9.629929,2020,6,7
2020-06-07 02:06:00+00:00,9674.81,9686.47,9674.13,9684.44,26.69579,2020,6,7
2020-06-07 02:07:00+00:00,9684.02,9696.98,9684.02,9694.38,38.893248,2020,6,7
2020-06-07 02:08:00+00:00,9694.37,9698.0,9689.83,9693.22,22.078753,2020,6,7
2020-06-07 02:09:00+00:00,9693.05,9693.64,9688.02,9689.34,9.238879,2020,6,7
2020-06-07 02:10:00+00:00,9688.69,9694.51,9686.86,9690.87,23.269023,2020,6,7
2020-06-07 02:11:00+00:00,9690.88,9699.99,9688.69,9698.04,21.878543,2020,6,7
2020-06-07 02:12:00+00:00,9698.03,9700.0,9687.99,9688.26,26.619233,2020,6,7
2020-06-07 02:13:00+00:00,9688.34,9698.86,9688.34,9696.32,17.127687,2020,6,7
2020-06-07 02:14:00+00:00,9696.31,9696.32,9688.0,9688.75,13.701652,2020,6,7
2020-06-07 02:15:00+00:00,9689.72,9691.15,9684.69,9685.65,19.062794,2020,6,7
2020-06-07 02:16:00+00:00,9686.05,9692.66,9685.44,9692.65,11.119407,2020,6,7
2020-06-07 02:17:00+00:00,9692.74,9699.39,9692.74,9694.92,17.31324,2020,6,7
2020-06-07 02:18:00+00:00,9694.93,9701.61,9694.93,9695.0,85.440969,2020,6,7
2020-06-07 02:19:00+00:00,9695.56,9697.32,9691.06,9692.66,18.032743,2020,6,7
2020-06-07 02:20:00+00:00,9691.9,9693.82,9689.59,9693.16,9.640225,2020,6,7
2020-06-07 02:21:00+00:00,9693.15,9697.06,9693.15,9696.6,9.406805,2020,6,7
2020-06-07 02:22:00+00:00,9697.0,9700.01,9695.01,9700.01,26.060988,2020,6,7
2020-06-07 02:23:00+00:00,9700.0,9700.52,9695.97,9696.82,15.844291,2020,6,7
2020-06-07 02:24:00+00:00,9697.5,9700.05,9695.52,9700.0,18.448776,2020,6,7
2020-06-07 02:25:00+00:00,9700.0,9701.49,9696.03,9698.02,31.987772,2020,6,7
2020-06-07 02:26:00+00:00,9698.01,9698.04,9687.77,9693.32,26.789446,2020,6,7
2020-06-07 02:27:00+00:00,9693.32,9695.0,9689.33,9690.4,10.580814,2020,6,7
2020-06-07 02:28:00+00:00,9689.98,9695.0,9687.55,9691.98,16.064304,2020,6,7
2020-06-07 02:29:00+00:00,9691.57,9694.16,9688.96,9694.11,17.768701,2020,6,7
2020-06-07 02:30:00+00:00,9694.12,9695.57,9692.68,9694.3,14.439858,2020,6,7
2020-06-07 02:31:00+00:00,9694.29,9694.29,9684.44,9684.44,17.985109,2020,6,7
2020-06-07 02:32:00+00:00,9684.44,9686.88,9683.51,9686.88,17.780612,2020,6,7
2020-06-07 02:33:00+00:00,9686.87,9688.88,9675.0,9683.96,57.0975,2020,6,7
2020-06-07 02:34:00+00:00,9683.54,9686.17,9682.83,9686.16,9.390309,2020,6,7
2020-06-07 02:35:00+00:00,9686.16,9687.0,9676.5,9679.04,8.572597,2020,6,7
2020-06-07 02:36:00+00:00,9679.03,9684.17,9678.8,9680.89,15.21105,2020,6,7
2020-06-07 02:37:00+00:00,9680.89,9684.63,9680.89,9682.37,8.364398,2020,6,7
2020-06-07 02:38:00+00:00,9682.36,9685.71,9681.0,9681.09,24.925161,2020,6,7
2020-06-07 02:39:00+00:00,9681.87,9684.26,9681.0,9683.5,9.475467,2020,6,7
2020-06-07 02:40:00+00:00,9683.5,9687.49,9683.5,9687.49,19.636601,2020,6,7
2020-06-07 02:41:00+00:00,9687.4,9688.96,9685.5,9687.09,13.411287,2020,6,7
2020-06-07 02:42:00+00:00,9687.1,9689.93,9687.02,9687.95,3.162555,2020,6,7
2020-06-07 02:43:00+00:00,9687.96,9688.02,9681.78,9683.39,31.456278,2020,6,7
2020-06-07 02:44:00+00:00,9683.4,9687.48,9683.33,9684.08,5.866977,2020,6,7
2020-06-07 02:45:00+00:00,9684.07,9697.03,9684.07,9690.35,26.279649,2020,6,7
2020-06-07 02:46:00+00:00,9690.34,9694.87,9690.0,9693.1,5.98059,2020,6,7
2020-06-07 02:47:00+00:00,9693.71,9695.0,9693.7,9694.2,5.791441,2020,6,7
2020-06-07 02:48:00+00:00,9694.3,9694.9,9685.99,9690.04,7.793402,2020,6,7
2020-06-07 02:49:00+00:00,9690.04,9692.79,9682.54,9683.12,25.446931,2020,6,7
2020-06-07 02:50:00+00:00,9683.46,9685.0,9681.23,9682.92,14.65985,2020,6,7
2020-06-07 02:51:00+00:00,9682.93,9684.46,9678.76,9680.02,40.438894,2020,6,7
2020-06-07 02:52:00+00:00,9680.02,9694.74,9680.01,9690.59,14.25234,2020,6,7
2020-06-07 02:53:00+00:00,9690.48,9690.48,9683.0,9683.8,8.575095,2020,6,7
2020-06-07 02:54:00+00:00,9683.99,9685.0,9683.2,9683.4,9.628448,2020,6,7
2020-06-07 02:55:00+00:00,9683.39,9685.91,9682.36,9682.37,6.860612,2020,6,7
2020-06-07 02:56:00+00:00,9682.36,9687.48,9682.36,9686.89,9.391343,2020,6,7
2020-06-07 02:57:00+00:00,9687.29,9689.08,9685.43,9687.01,8.534059,2020,6,7
2020-06-07 02:58:00+00:00,9687.0,9687.88,9682.86,9682.86,4.512544,2020,6,7
2020-06-07 02:59:00+00:00,9682.85,9686.26,9682.85,9684.23,4.963474,2020,6,7
2020-06-07 03:00:00+00:00,9685.56,9686.71,9679.02,9679.81,8.594749,2020,6,7
2020-06-07 03:01:00+00:00,9679.91,9685.01,9679.62,9685.0,24.007998,2020,6,7
2020-06-07 03:02:00+00:00,9685.0,9685.73,9685.0,9685.0,6.579841,2020,6,7
2020-06-07 03:03:00+00:00,9685.0,9685.01,9677.79,9678.43,32.812575,2020,6,7
2020-06-07 03:04:00+00:00,9678.71,9681.85,9677.72,9680.51,6.560538,2020,6,7
2020-06-07 03:05:00+00:00,9681.79,9682.28,9680.47,9681.77,3.101055,2020,6,7
2020-06-07 03:06:00+00:00,9681.55,9681.55,9676.29,9676.56,7.213816,2020,6,7
2020-06-07 03:07:00+00:00,9676.56,9678.7,9675.23,9678.42,11.96606,2020,6,7
2020-06-07 03:08:00+00:00,9678.43,9679.89,9676.09,9677.49,6.739678,2020,6,7
2020-06-07 03:09:00+00:00,9677.41,9679.8,9677.34,9678.2,3.499792,2020,6,7
2020-06-07 03:10:00+00:00,9678.2,9678.2,9670.0,9675.65,76.792014,2020,6,7
2020-06-07 03:11:00+00:00,9675.64,9675.64,9671.7,9671.7,3.46784,2020,6,7
2020-06-07 03:12:00+00:00,9671.47,9673.34,9670.01,9671.82,5.626244,2020,6,7
2020-06-07 03:13:00+00:00,9671.61,9680.0,9671.61,9677.42,35.722362,2020,6,7
2020-06-07 03:14:00+00:00,9677.41,9679.28,9675.65,9676.7,10.821743,2020,6,7
2020-06-07 03:15:00+00:00,9676.69,9677.93,9673.65,9677.32,7.483894,2020,6,7
2020-06-07 03:16:00+00:00,9677.3,9679.19,9676.32,9678.12,3.557082,2020,6,7
2020-06-07 03:17:00+00:00,9677.85,9680.97,9677.85,9679.04,10.310151,2020,6,7
2020-06-07 03:18:00+00:00,9679.33,9688.45,9678.47,9686.41,15.864596,2020,6,7
2020-06-07 03:19:00+00:00,9686.41,9688.0,9681.52,9684.95,22.166497,2020,6,7
2020-06-07 03:20:00+00:00,9684.73,9687.46,9683.35,9685.56,8.626329,2020,6,7
2020-06-07 03:21:00+00:00,9684.81,9685.1,9683.38,9683.86,3.063963,2020,6,7
2020-06-07 03:22:00+00:00,9683.54,9685.0,9681.02,9683.55,7.854443,2020,6,7
2020-06-07 03:23:00+00:00,9683.56,9685.1,9682.0,9682.0,4.769062,2020,6,7
2020-06-07 03:24:00+00:00,9682.24,9683.71,9682.0,9682.01,4.370218,2020,6,7
2020-06-07 03:25:00+00:00,9682.0,9683.54,9678.65,9680.28,5.274521,2020,6,7
2020-06-07 03:26:00+00:00,9680.63,9681.47,9679.62,9680.4,4.668044,2020,6,7
2020-06-07 03:27:00+00:00,9679.99,9685.1,9678.84,9680.0,13.250655,2020,6,7
2020-06-07 03:28:00+00:00,9680.0,9681.19,9678.0,9678.85,4.890843,2020,6,7
2020-06-07 03:29:00+00:00,9678.61,9684.0,9675.14,9683.21,20.457516,2020,6,7
2020-06-07 03:30:00+00:00,9682.57,9685.67,9681.8,9684.31,8.779966,2020,6,7
2020-06-07 03:31:00+00:00,9683.94,9685.55,9683.92,9684.28,4.529874,2020,6,7
2020-06-07 03:32:00+00:00,9684.45,9685.49,9683.22,9685.45,5.47119,2020,6,7
2020-06-07 03:33:00+00:00,9685.45,9690.0,9684.82,9689.5,5.759378,2020,6,7
2020-06-07 03:34:00+00:00,9689.7,9691.91,9689.7,9690.5,20.505244,2020,6,7
2020-06-07 03:35:00+00:00,9690.5,9690.51,9685.33,9686.38,9.120477,2020,6,7
2020-06-07 03:36:00+00:00,9686.89,9688.88,9685.96,9688.27,4.755613,2020,6,7
2020-06-07 03:37:00+00:00,9688.28,9690.0,9682.89,9682.89,6.816588,2020,6,7
2020-06-07 03:38:00+00:00,9683.27,9686.38,9682.86,9683.94,4.59813,2020,6,7
2020-06-07 03:39:00+00:00,9683.7,9686.45,9683.55,9683.89,4.044299,2020,6,7
2020-06-07 03:40:00+00:00,9683.89,9685.77,9682.82,9683.65,3.401487,2020,6,7
2020-06-07 03:41:00+00:00,9682.83,9690.49,9682.83,9687.87,23.487523,2020,6,7
2020-06-07 03:42:00+00:00,9687.88,9688.9,9686.74,9686.84,1.855575,2020,6,7
2020-06-07 03:43:00+00:00,9686.3,9689.89,9685.81,9688.43,4.758155,2020,6,7
2020-06-07 03:44:00+00:00,9688.4,9689.77,9687.73,9688.96,1.812229,2020,6,7
2020-06-07 03:45:00+00:00,9689.09,9690.99,9686.92,9690.98,12.312546,2020,6,7
2020-06-07 03:46:00+00:00,9690.99,9693.92,9690.98,9693.68,7.842648,2020,6,7
2020-06-07 03:47:00+00:00,9693.68,9695.97,9687.96,9692.51,10.786446,2020,6,7
2020-06-07 03:48:00+00:00,9692.51,9696.0,9687.23,9693.28,22.824434,2020,6,7
2020-06-07 03:49:00+00:00,9692.5,9696.37,9690.54,9695.13,17.479281,2020,6,7
2020-06-07 03:50:00+00:00,9694.43,9700.0,9693.9,9694.69,23.008576,2020,6,7
2020-06-07 03:51:00+00:00,9694.02,9695.69,9690.69,9690.69,8.868957,2020,6,7
2020-06-07 03:52:00+00:00,9691.52,9693.41,9685.15,9691.25,32.252983,2020,6,7
2020-06-07 03:53:00+00:00,9691.99,9695.68,9690.75,9694.09,12.613561,2020,6,7
2020-06-07 03:54:00+00:00,9693.27,9694.06,9686.02,9687.07,12.614607,2020,6,7
2020-06-07 03:55:00+00:00,9687.21,9688.97,9685.0,9685.68,7.644631,2020,6,7
2020-06-07 03:56:00+00:00,9685.69,9688.3,9681.15,9681.91,22.815778,2020,6,7
2020-06-07 03:57:00+00:00,9683.11,9686.77,9680.68,9683.08,8.807065,2020,6,7
2020-06-07 03:58:00+00:00,9681.47,9686.8,9680.51,9683.1,6.453016,2020,6,7
2020-06-07 03:59:00+00:00,9683.1,9686.54,9683.09,9685.69,11.443319,2020,6,7
2020-06-07 04:00:00+00:00,9685.79,9688.73,9681.08,9687.79,18.8313,2020,6,7
2020-06-07 04:01:00+00:00,9687.79,9693.52,9686.3,9691.57,13.036662,2020,6,7
2020-06-07 04:02:00+00:00,9691.85,9692.16,9690.13,9692.15,4.273073,2020,6,7
2020-06-07 04:03:00+00:00,9692.16,9692.16,9687.13,9688.9,7.918758,2020,6,7
2020-06-07 04:04:00+00:00,9689.36,9689.96,9686.94,9689.0,6.798249,2020,6,7
2020-06-07 04:05:00+00:00,9688.99,9691.9,9687.45,9691.14,9.594136,2020,6,7
2020-06-07 04:06:00+00:00,9691.14,9698.97,9690.75,9697.54,6.24679,2020,6,7
2020-06-07 04:07:00+00:00,9697.54,9702.92,9696.79,9702.57,53.443863,2020,6,7
2020-06-07 04:08:00+00:00,9702.57,9712.0,9700.27,9703.85,59.186426,2020,6,7
2020-06-07 04:09:00+00:00,9703.85,9711.99,9700.27,9707.9,57.862007,2020,6,7
2020-06-07 04:10:00+00:00,9707.9,9717.0,9706.58,9715.75,35.686391,2020,6,7
2020-06-07 04:11:00+00:00,9715.75,9716.49,9710.82,9714.98,112.1885,2020,6,7
2020-06-07 04:12:00+00:00,9714.99,9715.0,9698.68,9705.0,57.856925,2020,6,7
2020-06-07 04:13:00+00:00,9705.0,9706.0,9701.75,9702.12,6.112767,2020,6,7
2020-06-07 04:14:00+00:00,9702.12,9706.0,9698.51,9700.0,36.559593,2020,6,7
2020-06-07 04:15:00+00:00,9700.0,9704.0,9699.99,9702.83,32.021544,2020,6,7
2020-06-07 04:16:00+00:00,9702.17,9702.65,9693.61,9698.12,18.946929,2020,6,7
2020-06-07 04:17:00+00:00,9698.12,9698.77,9697.3,9698.0,11.662443,2020,6,7
2020-06-07 04:18:00+00:00,9698.0,9701.51,9691.82,9695.32,23.509969,2020,6,7
2020-06-07 04:19:00+00:00,9695.18,9700.12,9693.51,9699.43,14.698226,2020,6,7
2020-06-07 04:20:00+00:00,9699.01,9705.94,9693.95,9705.94,22.211154,2020,6,7
2020-06-07 04:21:00+00:00,9704.04,9706.56,9699.18,9701.4,31.284474,2020,6,7
2020-06-07 04:22:00+00:00,9701.4,9706.87,9697.71,9697.71,28.220165,2020,6,7
2020-06-07 04:23:00+00:00,9698.41,9704.81,9698.17,9703.75,15.121206,2020,6,7
2020-06-07 04:24:00+00:00,9703.75,9703.75,9695.21,9696.45,16.675426,2020,6,7
2020-06-07 04:25:00+00:00,9696.04,9696.04,9691.48,9693.56,15.833901,2020,6,7
2020-06-07 04:26:00+00:00,9693.1,9695.79,9692.98,9694.72,5.901051,2020,6,7
2020-06-07 04:27:00+00:00,9694.72,9700.13,9692.99,9697.94,13.778653,2020,6,7
2020-06-07 04:28:00+00:00,9698.41,9699.17,9694.63,9694.63,9.011776,2020,6,7
2020-06-07 04:29:00+00:00,9694.56,9696.01,9692.16,9692.82,5.164847,2020,6,7
2020-06-07 04:30:00+00:00,9692.6,9694.56,9692.34,9692.35,8.26519,2020,6,7
2020-06-07 04:31:00+00:00,9692.37,9695.09,9691.54,9693.0,10.496217,2020,6,7
2020-06-07 04:32:00+00:00,9693.25,9693.29,9685.69,9688.27,19.879396,2020,6,7
2020-06-07 04:33:00+00:00,9688.27,9697.21,9688.26,9694.78,26.210457,2020,6,7
2020-06-07 04:34:00+00:00,9694.47,9698.87,9693.12,9696.4,9.50918,2020,6,7
2020-06-07 04:35:00+00:00,9696.4,9698.88,9695.1,9698.33,15.249066,2020,6,7
2020-06-07 04:36:00+00:00,9697.76,9702.05,9695.37,9698.37,13.666451,2020,6,7
2020-06-07 04:37:00+00:00,9698.36,9703.83,9693.92,9695.12,25.940953,2020,6,7
2020-06-07 04:38:00+00:00,9695.28,9701.54,9694.26,9700.58,22.387831,2020,6,7
2020-06-07 04:39:00+00:00,9700.67,9704.51,9699.33,9703.88,14.34419,2020,6,7
2020-06-07 04:40:00+00:00,9703.12,9704.19,9685.01,9686.37,29.086405,2020,6,7
2020-06-07 04:41:00+00:00,9686.66,9693.74,9686.66,9692.09,11.482969,2020,6,7
2020-06-07 04:42:00+00:00,9692.88,9694.72,9688.42,9691.97,7.047962,2020,6,7
2020-06-07 04:43:00+00:00,9691.98,9694.4,9677.42,9677.99,28.572835,2020,6,7
2020-06-07 04:44:00+00:00,9677.99,9685.72,9677.23,9682.98,11.795688,2020,6,7
2020-06-07 04:45:00+00:00,9682.98,9682.98,9678.71,9682.8,9.294017,2020,6,7
2020-06-07 04:46:00+00:00,9682.79,9682.79,9677.42,9677.98,17.337186,2020,6,7
2020-06-07 04:47:00+00:00,9678.34,9688.56,9678.34,9686.77,29.123012,2020,6,7
2020-06-07 04:48:00+00:00,9686.77,9689.72,9686.7,9687.09,8.517793,2020,6,7
2020-06-07 04:49:00+00:00,9687.88,9689.45,9682.73,9688.55,17.868175,2020,6,7
2020-06-07 04:50:00+00:00,9688.25,9689.08,9679.11,9682.08,25.606313,2020,6,7
2020-06-07 04:51:00+00:00,9682.08,9685.98,9682.08,9685.17,20.647101,2020,6,7
2020-06-07 04:52:00+00:00,9685.04,9689.7,9684.3,9687.08,20.987589,2020,6,7
2020-06-07 04:53:00+00:00,9687.08,9687.08,9683.81,9684.32,3.865705,2020,6,7
2020-06-07 04:54:00+00:00,9684.31,9686.93,9682.02,9686.24,10.336777,2020,6,7
2020-06-07 04:55:00+00:00,9686.14,9687.16,9685.38,9685.78,6.510365,2020,6,7
2020-06-07 04:56:00+00:00,9685.39,9688.07,9682.76,9683.23,12.594758,2020,6,7
2020-06-07 04:57:00+00:00,9683.23,9685.94,9676.55,9680.56,42.967033,2020,6,7
2020-06-07 04:58:00+00:00,9679.71,9683.99,9677.49,9678.66,22.048233,2020,6,7
2020-06-07 04:59:00+00:00,9680.97,9682.64,9679.65,9681.21,10.552631,2020,6,7
2020-06-07 05:00:00+00:00,9681.17,9685.0,9680.48,9683.14,11.944744,2020,6,7
2020-06-07 05:01:00+00:00,9683.13,9683.14,9680.01,9680.55,5.471924,2020,6,7
2020-06-07 05:02:00+00:00,9680.55,9680.99,9676.82,9679.15,10.377767,2020,6,7
2020-06-07 05:03:00+00:00,9679.49,9679.93,9678.16,9678.34,3.067602,2020,6,7
2020-06-07 05:04:00+00:00,9678.34,9679.99,9675.0,9676.0,8.978712,2020,6,7
2020-06-07 05:05:00+00:00,9676.0,9679.48,9675.01,9677.43,5.593208,2020,6,7
2020-06-07 05:06:00+00:00,9677.17,9689.79,9676.47,9687.79,23.570537,2020,6,7
2020-06-07 05:07:00+00:00,9687.78,9689.0,9686.62,9688.22,3.430439,2020,6,7
2020-06-07 05:08:00+00:00,9688.22,9688.98,9683.75,9685.44,10.426029,2020,6,7
2020-06-07 05:09:00+00:00,9685.44,9688.55,9685.44,9686.12,4.754742,2020,6,7
2020-06-07 05:10:00+00:00,9686.46,9686.52,9682.38,9683.93,10.930391,2020,6,7
2020-06-07 05:11:00+00:00,9683.93,9686.73,9683.46,9683.9,3.785926,2020,6,7
2020-06-07 05:12:00+00:00,9683.3,9683.99,9676.62,9680.8,14.488519,2020,6,7
2020-06-07 05:13:00+00:00,9680.41,9680.82,9675.11,9676.36,23.135812,2020,6,7
2020-06-07 05:14:00+00:00,9676.29,9683.14,9675.81,9680.71,20.34028,2020,6,7
2020-06-07 05:15:00+00:00,9680.71,9683.05,9680.13,9682.35,8.508208,2020,6,7
2020-06-07 05:16:00+00:00,9682.17,9687.25,9681.31,9686.3,15.002515,2020,6,7
2020-06-07 05:17:00+00:00,9686.28,9686.77,9678.48,9681.72,13.032557,2020,6,7
2020-06-07 05:18:00+00:00,9681.73,9684.2,9680.39,9683.91,5.903308,2020,6,7
2020-06-07 05:19:00+00:00,9683.67,9684.44,9679.52,9680.0,5.210329,2020,6,7
2020-06-07 05:20:00+00:00,9680.0,9689.88,9679.35,9688.39,17.299542,2020,6,7
2020-06-07 05:21:00+00:00,9688.05,9688.99,9683.59,9685.25,11.794254,2020,6,7
2020-06-07 05:22:00+00:00,9685.25,9685.25,9679.93,9682.43,5.486274,2020,6,7
2020-06-07 05:23:00+00:00,9682.34,9682.52,9678.79,9680.14,3.884634,2020,6,7
2020-06-07 05:24:00+00:00,9679.96,9680.82,9671.66,9678.89,22.362613,2020,6,7
2020-06-07 05:25:00+00:00,9679.9,9681.43,9677.9,9680.0,12.044202,2020,6,7
2020-06-07 05:26:00+00:00,9680.0,9680.0,9678.93,9679.63,2.609023,2020,6,7
2020-06-07 05:27:00+00:00,9679.99,9679.99,9675.3,9677.44,25.232433,2020,6,7
2020-06-07 05:28:00+00:00,9677.56,9680.64,9676.16,9678.86,5.879453,2020,6,7
2020-06-07 05:29:00+00:00,9678.86,9679.11,9671.93,9677.05,10.725098,2020,6,7
2020-06-07 05:30:00+00:00,9677.04,9677.94,9666.6,9673.04,20.159466,2020,6,7
2020-06-07 05:31:00+00:00,9672.42,9673.47,9668.06,9671.13,12.60203,2020,6,7
2020-06-07 05:32:00+00:00,9671.13,9676.22,9670.53,9675.01,12.563629,2020,6,7
2020-06-07 05:33:00+00:00,9675.0,9681.93,9674.69,9679.99,11.137721,2020,6,7
2020-06-07 05:34:00+00:00,9680.34,9683.2,9679.99,9681.48,7.028951,2020,6,7
2020-06-07 05:35:00+00:00,9680.99,9682.38,9671.06,9676.45,20.604811,2020,6,7
2020-06-07 05:36:00+00:00,9676.45,9677.96,9675.49,9677.39,9.765033,2020,6,7
2020-06-07 05:37:00+00:00,9677.61,9679.88,9677.04,9678.0,3.741927,2020,6,7
2020-06-07 05:38:00+00:00,9678.09,9679.5,9672.43,9673.13,5.982679,2020,6,7
2020-06-07 05:39:00+00:00,9672.64,9673.31,9667.55,9669.71,19.998873,2020,6,7
2020-06-07 05:40:00+00:00,9670.18,9673.08,9667.7,9670.73,5.498423,2020,6,7
2020-06-07 05:41:00+00:00,9670.73,9673.58,9666.43,9666.44,15.523882,2020,6,7
2020-06-07 05:42:00+00:00,9666.44,9673.78,9666.34,9672.76,13.095126,2020,6,7
2020-06-07 05:43:00+00:00,9672.75,9674.17,9667.21,9671.88,11.089642,2020,6,7
2020-06-07 05:44:00+00:00,9671.17,9674.36,9671.16,9674.2,6.998698,2020,6,7
2020-06-07 05:45:00+00:00,9674.19,9674.2,9670.54,9673.09,6.957612,2020,6,7
2020-06-07 05:46:00+00:00,9673.09,9677.21,9672.6,9673.69,7.37754,2020,6,7
2020-06-07 05:47:00+00:00,9673.69,9673.69,9670.47,9670.91,5.057224,2020,6,7
2020-06-07 05:48:00+00:00,9670.91,9673.0,9670.0,9670.64,7.608387,2020,6,7
2020-06-07 05:49:00+00:00,9670.63,9673.62,9670.56,9670.56,2.97391,2020,6,7
2020-06-07 05:50:00+00:00,9670.57,9670.61,9665.98,9667.15,9.657958,2020,6,7
2020-06-07 05:51:00+00:00,9666.25,9667.18,9660.08,9664.84,20.735213,2020,6,7
2020-06-07 05:52:00+00:00,9664.4,9664.48,9655.0,9659.35,19.630141,2020,6,7
2020-06-07 05:53:00+00:00,9658.97,9660.95,9650.0,9659.79,40.988387,2020,6,7
2020-06-07 05:54:00+00:00,9660.01,9664.44,9656.23,9659.31,38.376519,2020,6,7
2020-06-07 05:55:00+00:00,9658.95,9670.92,9656.81,9669.51,38.962772,2020,6,7
2020-06-07 05:56:00+00:00,9669.51,9674.25,9667.51,9668.29,17.816023,2020,6,7
2020-06-07 05:57:00+00:00,9667.74,9669.83,9666.76,9667.68,9.448897,2020,6,7
2020-06-07 05:58:00+00:00,9667.49,9670.55,9666.31,9670.08,60.262618,2020,6,7
2020-06-07 05:59:00+00:00,9670.07,9671.34,9670.0,9671.33,11.363539,2020,6,7
2020-06-07 06:00:00+00:00,9671.33,9671.33,9659.51,9660.71,115.318256,2020,6,7
2020-06-07 06:01:00+00:00,9660.9,9665.87,9659.56,9665.53,12.619283,2020,6,7
2020-06-07 06:02:00+00:00,9665.47,9665.53,9662.23,9663.07,11.078852,2020,6,7
2020-06-07 06:03:00+00:00,9663.48,9665.16,9661.55,9663.65,4.99122,2020,6,7
2020-06-07 06:04:00+00:00,9663.65,9671.98,9663.65,9667.67,19.58467,2020,6,7
2020-06-07 06:05:00+00:00,9667.72,9668.62,9665.71,9668.29,9.733525,2020,6,7
2020-06-07 06:06:00+00:00,9668.29,9671.65,9666.44,9670.14,6.808804,2020,6,7
2020-06-07 06:07:00+00:00,9670.14,9674.55,9669.25,9672.92,17.083695,2020,6,7
2020-06-07 06:08:00+00:00,9672.23,9672.76,9664.02,9665.75,7.422447,2020,6,7
2020-06-07 06:09:00+00:00,9665.74,9668.11,9664.0,9668.11,5.695431,2020,6,7
2020-06-07 06:10:00+00:00,9668.11,9669.62,9666.09,9669.51,7.265026,2020,6,7
2020-06-07 06:11:00+00:00,9669.2,9671.24,9668.14,9670.15,6.644701,2020,6,7
2020-06-07 06:12:00+00:00,9670.16,9670.87,9661.53,9665.34,17.64777,2020,6,7
2020-06-07 06:13:00+00:00,9665.35,9666.89,9664.81,9664.82,6.008283,2020,6,7
2020-06-07 06:14:00+00:00,9664.81,9664.81,9661.01,9663.02,9.692655,2020,6,7
2020-06-07 06:15:00+00:00,9663.02,9663.02,9660.0,9660.0,10.196169,2020,6,7
2020-06-07 06:16:00+00:00,9660.49,9662.52,9657.17,9661.62,27.039696,2020,6,7
2020-06-07 06:17:00+00:00,9662.09,9662.09,9656.15,9657.2,12.307431,2020,6,7
2020-06-07 06:18:00+00:00,9657.2,9660.44,9655.7,9658.24,10.409762,2020,6,7
2020-06-07 06:19:00+00:00,9658.24,9658.24,9654.42,9656.76,9.081226,2020,6,7
2020-06-07 06:20:00+00:00,9656.76,9659.29,9655.04,9658.98,28.318474,2020,6,7
2020-06-07 06:21:00+00:00,9657.9,9664.24,9657.43,9663.55,22.592475,2020,6,7
2020-06-07 06:22:00+00:00,9662.29,9664.76,9659.83,9660.22,13.126608,2020,6,7
2020-06-07 06:23:00+00:00,9660.47,9663.05,9659.0,9660.22,23.88893,2020,6,7
2020-06-07 06:24:00+00:00,9660.28,9661.58,9658.0,9658.46,9.596743,2020,6,7
2020-06-07 06:25:00+00:00,9658.89,9659.98,9653.75,9659.09,19.509563,2020,6,7
2020-06-07 06:26:00+00:00,9659.65,9661.46,9657.45,9660.7,8.912738,2020,6,7
2020-06-07 06:27:00+00:00,9659.83,9661.69,9659.11,9661.69,11.142041,2020,6,7
2020-06-07 06:28:00+00:00,9661.43,9674.54,9659.9,9672.08,19.782326,2020,6,7
2020-06-07 06:29:00+00:00,9672.75,9674.26,9671.11,9672.21,9.018421,2020,6,7
2020-06-07 06:30:00+00:00,9672.22,9672.72,9668.04,9671.39,14.634795,2020,6,7
2020-06-07 06:31:00+00:00,9671.2,9673.53,9670.8,9671.79,10.195078,2020,6,7
2020-06-07 06:32:00+00:00,9671.79,9671.79,9667.86,9670.63,9.955401,2020,6,7
2020-06-07 06:33:00+00:00,9670.62,9670.63,9668.54,9670.0,5.360585,2020,6,7
2020-06-07 06:34:00+00:00,9670.0,9673.64,9669.77,9672.12,4.138868,2020,6,7
2020-06-07 06:35:00+00:00,9671.99,9678.39,9671.98,9676.51,19.436726,2020,6,7
2020-06-07 06:36:00+00:00,9677.58,9681.07,9675.62,9676.26,9.082408,2020,6,7
2020-06-07 06:37:00+00:00,9676.26,9676.57,9670.56,9672.78,8.018414,2020,6,7
2020-06-07 06:38:00+00:00,9672.79,9677.55,9672.24,9677.55,9.365919,2020,6,7
2020-06-07 06:39:00+00:00,9677.55,9678.92,9677.11,9678.4,8.366193,2020,6,7
2020-06-07 06:40:00+00:00,9678.73,9682.0,9676.62,9676.9,12.681957,2020,6,7
2020-06-07 06:41:00+00:00,9677.05,9681.66,9676.32,9678.26,9.011988,2020,6,7
2020-06-07 06:42:00+00:00,9677.81,9678.28,9676.23,9677.58,5.401678,2020,6,7
2020-06-07 06:43:00+00:00,9677.57,9678.29,9676.0,9676.32,13.998129,2020,6,7
2020-06-07 06:44:00+00:00,9676.32,9678.14,9675.15,9676.15,6.585255,2020,6,7
2020-06-07 06:45:00+00:00,9675.25,9676.69,9675.18,9676.03,7.042336,2020,6,7
2020-06-07 06:46:00+00:00,9676.34,9676.41,9672.37,9672.93,13.268785,2020,6,7
2020-06-07 06:47:00+00:00,9673.25,9674.1,9668.23,9669.27,15.614392,2020,6,7
2020-06-07 06:48:00+00:00,9669.27,9675.3,9668.81,9673.04,17.49298,2020,6,7
2020-06-07 06:49:00+00:00,9672.7,9673.94,9671.72,9673.05,3.538067,2020,6,7
2020-06-07 06:50:00+00:00,9673.06,9674.0,9671.82,9673.59,6.463545,2020,6,7
2020-06-07 06:51:00+00:00,9673.59,9677.73,9664.23,9669.3,42.630237,2020,6,7
2020-06-07 06:52:00+00:00,9669.31,9671.64,9666.63,9669.92,19.527552,2020,6,7
2020-06-07 06:53:00+00:00,9669.92,9671.76,9669.01,9670.65,12.133081,2020,6,7
2020-06-07 06:54:00+00:00,9670.19,9670.24,9665.57,9665.99,32.87112,2020,6,7
2020-06-07 06:55:00+00:00,9665.99,9674.2,9665.99,9668.5,24.748032,2020,6,7
2020-06-07 06:56:00+00:00,9668.5,9668.77,9662.81,9663.8,26.836273,2020,6,7
2020-06-07 06:57:00+00:00,9663.8,9665.97,9662.81,9664.19,4.956657,2020,6,7
2020-06-07 06:58:00+00:00,9664.19,9668.82,9664.01,9666.38,10.07654,2020,6,7
2020-06-07 06:59:00+00:00,9666.38,9668.34,9664.85,9665.8,9.079258,2020,6,7
2020-06-07 07:00:00+00:00,9665.72,9670.76,9664.0,9664.08,31.458672,2020,6,7
2020-06-07 07:01:00+00:00,9664.32,9670.18,9658.35,9668.84,43.891678,2020,6,7
2020-06-07 07:02:00+00:00,9669.09,9669.63,9663.55,9666.34,23.420757,2020,6,7
2020-06-07 07:03:00+00:00,9666.34,9679.0,9666.33,9676.87,22.234338,2020,6,7
2020-06-07 07:04:00+00:00,9676.87,9677.99,9674.3,9677.21,9.232298,2020,6,7
2020-06-07 07:05:00+00:00,9676.27,9677.17,9675.79,9676.23,6.282854,2020,6,7
2020-06-07 07:06:00+00:00,9676.23,9681.45,9671.6,9672.5,35.346527,2020,6,7
2020-06-07 07:07:00+00:00,9672.76,9675.52,9666.42,9675.33,32.202321,2020,6,7
2020-06-07 07:08:00+00:00,9675.33,9678.24,9673.19,9674.7,25.359856,2020,6,7
2020-06-07 07:09:00+00:00,9674.3,9675.92,9671.49,9671.69,9.648205,2020,6,7
2020-06-07 07:10:00+00:00,9671.68,9674.0,9666.45,9669.12,31.0543,2020,6,7
2020-06-07 07:11:00+00:00,9669.59,9675.87,9669.15,9673.94,26.627518,2020,6,7
2020-06-07 07:12:00+00:00,9673.95,9675.9,9673.52,9674.45,5.207387,2020,6,7
2020-06-07 07:13:00+00:00,9675.23,9676.49,9674.38,9676.0,7.712201,2020,6,7
2020-06-07 07:14:00+00:00,9676.0,9676.0,9660.5,9663.66,51.421574,2020,6,7
2020-06-07 07:15:00+00:00,9663.66,9668.49,9661.97,9663.45,43.079,2020,6,7
2020-06-07 07:16:00+00:00,9663.45,9664.52,9655.11,9659.29,30.50559,2020,6,7
2020-06-07 07:17:00+00:00,9659.3,9659.3,9653.11,9657.42,21.102273,2020,6,7
2020-06-07 07:18:00+00:00,9658.18,9661.82,9655.97,9660.56,10.899072,2020,6,7
2020-06-07 07:19:00+00:00,9660.95,9666.89,9657.99,9659.82,39.759813,2020,6,7
2020-06-07 07:20:00+00:00,9660.15,9660.15,9657.18,9657.19,6.053698,2020,6,7
2020-06-07 07:21:00+00:00,9657.27,9657.99,9655.0,9655.96,15.947678,2020,6,7
2020-06-07 07:22:00+00:00,9656.19,9658.64,9655.48,9658.01,17.85889,2020,6,7
2020-06-07 07:23:00+00:00,9658.01,9658.91,9655.0,9657.6,8.754712,2020,6,7
2020-06-07 07:24:00+00:00,9657.59,9657.59,9645.0,9653.32,65.478311,2020,6,7
2020-06-07 07:25:00+00:00,9653.32,9657.52,9597.0,9639.48,584.053696,2020,6,7
2020-06-07 07:26:00+00:00,9639.01,9652.23,9633.63,9649.33,80.501995,2020,6,7
2020-06-07 07:27:00+00:00,9649.36,9653.63,9648.71,9653.1,29.964049,2020,6,7
2020-06-07 07:28:00+00:00,9653.09,9656.96,9651.26,9655.57,44.952839,2020,6,7
2020-06-07 07:29:00+00:00,9655.57,9657.33,9652.0,9652.05,17.793281,2020,6,7
2020-06-07 07:30:00+00:00,9652.05,9659.0,9650.77,9659.0,49.509038,2020,6,7
2020-06-07 07:31:00+00:00,9657.37,9659.0,9656.23,9657.34,12.961868,2020,6,7
2020-06-07 07:32:00+00:00,9657.35,9659.0,9654.0,9657.28,21.196205,2020,6,7
2020-06-07 07:33:00+00:00,9657.28,9657.64,9654.42,9656.99,14.658079,2020,6,7
2020-06-07 07:34:00+00:00,9657.0,9657.0,9654.53,9656.61,4.790829,2020,6,7
2020-06-07 07:35:00+00:00,9656.62,9658.32,9656.13,9657.34,4.394319,2020,6,7
2020-06-07 07:36:00+00:00,9657.3,9662.44,9657.02,9662.01,12.201559,2020,6,7
2020-06-07 07:37:00+00:00,9661.52,9666.29,9660.53,9665.33,18.978492,2020,6,7
2020-06-07 07:38:00+00:00,9665.41,9666.66,9659.0,9664.4,12.599435,2020,6,7
2020-06-07 07:39:00+00:00,9664.03,9665.85,9663.53,9664.56,12.379158,2020,6,7
2020-06-07 07:40:00+00:00,9665.0,9665.0,9663.78,9664.06,5.778851,2020,6,7
2020-06-07 07:41:00+00:00,9664.55,9664.55,9660.97,9662.62,5.904989,2020,6,7
2020-06-07 07:42:00+00:00,9662.76,9665.0,9661.76,9663.8,10.544089,2020,6,7
2020-06-07 07:43:00+00:00,9663.8,9664.75,9661.12,9662.51,6.244888,2020,6,7
2020-06-07 07:44:00+00:00,9662.51,9664.31,9662.5,9662.75,8.659442,2020,6,7
2020-06-07 07:45:00+00:00,9662.75,9664.31,9661.35,9662.24,6.828138,2020,6,7
2020-06-07 07:46:00+00:00,9662.76,9664.48,9661.75,9664.12,5.854216,2020,6,7
2020-06-07 07:47:00+00:00,9664.12,9667.58,9664.12,9666.15,10.104287,2020,6,7
2020-06-07 07:48:00+00:00,9666.14,9667.3,9664.04,9665.76,10.076974,2020,6,7
2020-06-07 07:49:00+00:00,9665.76,9667.23,9664.11,9665.78,5.707505,2020,6,7
2020-06-07 07:50:00+00:00,9665.78,9665.78,9659.62,9660.45,26.437597,2020,6,7
2020-06-07 07:51:00+00:00,9660.94,9661.26,9659.62,9661.26,7.482523,2020,6,7
2020-06-07 07:52:00+00:00,9661.25,9662.96,9656.79,9658.36,13.469289,2020,6,7
2020-06-07 07:53:00+00:00,9658.35,9659.23,9656.83,9657.68,9.09083,2020,6,7
2020-06-07 07:54:00+00:00,9657.67,9657.67,9649.57,9649.57,53.076717,2020,6,7
2020-06-07 07:55:00+00:00,9649.86,9654.45,9648.81,9653.04,9.247822,2020,6,7
2020-06-07 07:56:00+00:00,9653.04,9658.44,9652.5,9656.99,9.130552,2020,6,7
2020-06-07 07:57:00+00:00,9657.71,9658.11,9653.0,9654.42,8.358847,2020,6,7
2020-06-07 07:58:00+00:00,9654.42,9656.55,9653.59,9654.23,9.90604,2020,6,7
2020-06-07 07:59:00+00:00,9654.36,9660.15,9653.94,9658.99,6.727869,2020,6,7
2020-06-07 08:00:00+00:00,9658.99,9659.0,9654.47,9655.73,27.032941,2020,6,7
2020-06-07 08:01:00+00:00,9655.72,9661.09,9654.69,9658.37,28.176615,2020,6,7
2020-06-07 08:02:00+00:00,9658.37,9659.72,9656.02,9658.8,8.480948,2020,6,7
2020-06-07 08:03:00+00:00,9658.79,9661.75,9650.78,9651.19,29.895654,2020,6,7
2020-06-07 08:04:00+00:00,9651.19,9653.05,9650.85,9651.47,6.313999,2020,6,7
2020-06-07 08:05:00+00:00,9651.48,9651.48,9645.01,9648.37,27.021816,2020,6,7
2020-06-07 08:06:00+00:00,9648.37,9656.56,9646.44,9655.48,12.228744,2020,6,7
2020-06-07 08:07:00+00:00,9654.21,9667.19,9654.21,9667.02,29.486325,2020,6,7
2020-06-07 08:08:00+00:00,9667.17,9678.37,9666.4,9677.95,78.99608,2020,6,7
2020-06-07 08:09:00+00:00,9678.36,9678.53,9668.91,9671.56,33.522788,2020,6,7
2020-06-07 08:10:00+00:00,9671.63,9672.6,9661.31,9662.58,13.809488,2020,6,7
2020-06-07 08:11:00+00:00,9662.93,9671.65,9662.45,9671.65,8.198805,2020,6,7
2020-06-07 08:12:00+00:00,9671.64,9671.65,9662.81,9663.41,24.266891,2020,6,7
2020-06-07 08:13:00+00:00,9664.36,9665.62,9662.45,9663.02,2.909539,2020,6,7
2020-06-07 08:14:00+00:00,9664.03,9666.71,9662.52,9664.75,20.742917,2020,6,7
2020-06-07 08:15:00+00:00,9664.26,9664.35,9660.11,9660.76,9.505152,2020,6,7
2020-06-07 08:16:00+00:00,9660.81,9660.81,9651.89,9656.87,29.80834,2020,6,7
2020-06-07 08:17:00+00:00,9656.85,9657.96,9656.84,9657.91,3.481366,2020,6,7
2020-06-07 08:18:00+00:00,9657.91,9663.01,9655.56,9661.49,16.32007,2020,6,7
2020-06-07 08:19:00+00:00,9661.5,9661.5,9651.99,9652.0,19.733049,2020,6,7
2020-06-07 08:20:00+00:00,9652.4,9652.47,9642.76,9645.93,42.084998,2020,6,7
2020-06-07 08:21:00+00:00,9645.91,9646.22,9601.28,9620.0,214.359974,2020,6,7
2020-06-07 08:22:00+00:00,9620.0,9627.03,9601.28,9624.18,87.474935,2020,6,7
2020-06-07 08:23:00+00:00,9625.82,9625.82,9615.96,9622.17,34.869814,2020,6,7
2020-06-07 08:24:00+00:00,9621.68,9624.18,9606.16,9614.53,67.777746,2020,6,7
2020-06-07 08:25:00+00:00,9614.53,9617.92,9606.03,9617.11,36.489686,2020,6,7
2020-06-07 08:26:00+00:00,9617.11,9628.16,9615.91,9618.09,31.381191,2020,6,7
2020-06-07 08:27:00+00:00,9619.07,9623.07,9612.9,9615.82,18.548028,2020,6,7
2020-06-07 08:28:00+00:00,9616.47,9621.76,9607.93,9619.5,58.350671,2020,6,7
2020-06-07 08:29:00+00:00,9619.51,9622.99,9618.0,9619.36,19.185754,2020,6,7
2020-06-07 08:30:00+00:00,9619.36,9619.36,9605.81,9610.02,46.345188,2020,6,7
2020-06-07 08:31:00+00:00,9610.03,9623.13,9601.0,9620.86,46.701747,2020,6,7
2020-06-07 08:32:00+00:00,9621.29,9623.48,9610.64,9621.16,37.720664,2020,6,7
2020-06-07 08:33:00+00:00,9620.86,9626.74,9618.34,9625.0,27.322588,2020,6,7
2020-06-07 08:34:00+00:00,9624.99,9625.0,9619.51,9620.98,32.58093,2020,6,7
2020-06-07 08:35:00+00:00,9620.87,9620.87,9612.88,9618.54,24.419667,2020,6,7
2020-06-07 08:36:00+00:00,9619.37,9622.8,9617.76,9620.98,21.666278,2020,6,7
2020-06-07 08:37:00+00:00,9620.83,9621.43,9605.4,9614.3,53.372587,2020,6,7
2020-06-07 08:38:00+00:00,9614.47,9615.48,9606.5,9611.99,41.152405,2020,6,7
2020-06-07 08:39:00+00:00,9612.0,9612.01,9605.86,9608.03,21.124222,2020,6,7
2020-06-07 08:40:00+00:00,9608.04,9615.43,9606.22,9614.31,43.314921,2020,6,7
2020-06-07 08:41:00+00:00,9614.2,9617.46,9610.02,9612.09,36.419384,2020,6,7
2020-06-07 08:42:00+00:00,9612.09,9612.09,9599.24,9599.25,66.000592,2020,6,7
2020-06-07 08:43:00+00:00,9599.25,9606.41,9555.0,9604.44,809.125041,2020,6,7
2020-06-07 08:44:00+00:00,9606.43,9649.52,9598.28,9636.08,206.612933,2020,6,7
2020-06-07 08:45:00+00:00,9636.56,9646.34,9631.22,9646.18,62.924738,2020,6,7
2020-06-07 08:46:00+00:00,9646.34,9679.89,9646.34,9664.97,216.795491,2020,6,7
2020-06-07 08:47:00+00:00,9664.85,9668.95,9654.44,9654.44,29.462264,2020,6,7
2020-06-07 08:48:00+00:00,9655.38,9665.0,9652.18,9660.0,23.902619,2020,6,7
2020-06-07 08:49:00+00:00,9659.99,9660.9,9650.19,9652.0,15.122772,2020,6,7
2020-06-07 08:50:00+00:00,9651.62,9656.71,9648.48,9651.57,40.884669,2020,6,7
2020-06-07 08:51:00+00:00,9652.83,9655.01,9646.73,9651.5,26.43146,2020,6,7
2020-06-07 08:52:00+00:00,9651.75,9652.7,9648.56,9651.98,23.044034,2020,6,7
2020-06-07 08:53:00+00:00,9652.12,9667.49,9651.68,9665.66,36.168026,2020,6,7
2020-06-07 08:54:00+00:00,9664.99,9675.0,9664.51,9668.82,47.686927,2020,6,7
2020-06-07 08:55:00+00:00,9668.28,9672.25,9660.0,9662.94,30.029914,2020,6,7
2020-06-07 08:56:00+00:00,9663.04,9664.18,9661.83,9663.68,11.686153,2020,6,7
2020-06-07 08:57:00+00:00,9663.67,9664.89,9660.0,9660.74,24.112442,2020,6,7
2020-06-07 08:58:00+00:00,9660.74,9660.74,9650.61,9656.82,35.453837,2020,6,7
2020-06-07 08:59:00+00:00,9656.38,9661.96,9655.86,9661.31,16.245952,2020,6,7
2020-06-07 09:00:00+00:00,9661.32,9667.58,9650.56,9651.97,40.865043,2020,6,7
2020-06-07 09:01:00+00:00,9652.82,9656.39,9649.07,9656.39,28.825743,2020,6,7
2020-06-07 09:02:00+00:00,9655.91,9659.18,9648.55,9653.61,27.426768,2020,6,7
2020-06-07 09:03:00+00:00,9653.16,9657.99,9651.13,9656.21,25.916368,2020,6,7
2020-06-07 09:04:00+00:00,9656.13,9664.05,9656.13,9660.27,38.906092,2020,6,7
2020-06-07 09:05:00+00:00,9661.64,9664.16,9660.13,9662.0,17.331107,2020,6,7
2020-06-07 09:06:00+00:00,9661.73,9668.92,9661.15,9663.75,15.894759,2020,6,7
2020-06-07 09:07:00+00:00,9664.53,9666.45,9662.0,9662.0,20.439602,2020,6,7
2020-06-07 09:08:00+00:00,9662.0,9667.06,9662.0,9664.1,14.818095,2020,6,7
2020-06-07 09:09:00+00:00,9664.11,9670.0,9664.11,9665.72,35.806905,2020,6,7
2020-06-07 09:10:00+00:00,9665.72,9670.21,9664.36,9670.03,14.177552,2020,6,7
2020-06-07 09:11:00+00:00,9670.03,9671.0,9666.08,9669.29,26.212262,2020,6,7
2020-06-07 09:12:00+00:00,9669.29,9675.0,9652.97,9654.2,45.689322,2020,6,7
2020-06-07 09:13:00+00:00,9654.1,9658.0,9648.33,9653.99,38.409135,2020,6,7
2020-06-07 09:14:00+00:00,9654.29,9658.5,9650.41,9651.08,21.379829,2020,6,7
2020-06-07 09:15:00+00:00,9651.23,9657.09,9651.05,9655.13,14.255814,2020,6,7
2020-06-07 09:16:00+00:00,9655.13,9656.93,9652.94,9653.39,22.442485,2020,6,7
2020-06-07 09:17:00+00:00,9652.94,9656.17,9649.83,9652.33,36.296775,2020,6,7
2020-06-07 09:18:00+00:00,9652.34,9654.83,9642.57,9643.27,16.638778,2020,6,7
2020-06-07 09:19:00+00:00,9643.27,9649.99,9643.27,9648.0,10.586223,2020,6,7
2020-06-07 09:20:00+00:00,9648.05,9648.77,9642.29,9648.09,26.845833,2020,6,7
2020-06-07 09:21:00+00:00,9647.39,9648.0,9644.0,9648.0,6.502838,2020,6,7
2020-06-07 09:22:00+00:00,9647.99,9652.73,9647.13,9650.67,40.029047,2020,6,7
2020-06-07 09:23:00+00:00,9650.66,9652.67,9649.76,9650.98,10.160514,2020,6,7
2020-06-07 09:24:00+00:00,9650.99,9651.13,9644.97,9648.31,40.129932,2020,6,7
2020-06-07 09:25:00+00:00,9648.43,9649.57,9646.28,9647.41,13.669864,2020,6,7
2020-06-07 09:26:00+00:00,9647.68,9648.41,9633.65,9641.0,53.395903,2020,6,7
2020-06-07 09:27:00+00:00,9641.0,9647.44,9635.19,9644.45,46.94242,2020,6,7
2020-06-07 09:28:00+00:00,9644.45,9650.89,9642.72,9644.88,29.289037,2020,6,7
2020-06-07 09:29:00+00:00,9644.72,9646.31,9643.04,9644.25,16.879903,2020,6,7
2020-06-07 09:30:00+00:00,9644.49,9644.49,9619.7,9623.41,48.808402,2020,6,7
2020-06-07 09:31:00+00:00,9623.1,9634.89,9621.08,9630.78,16.317473,2020,6,7
2020-06-07 09:32:00+00:00,9630.74,9639.09,9630.0,9637.91,14.668398,2020,6,7
2020-06-07 09:33:00+00:00,9637.49,9643.0,9635.68,9637.78,12.940802,2020,6,7
2020-06-07 09:34:00+00:00,9636.55,9638.3,9628.57,9631.02,13.307335,2020,6,7
2020-06-07 09:35:00+00:00,9629.18,9634.19,9626.91,9634.19,8.753149,2020,6,7
2020-06-07 09:36:00+00:00,9634.19,9637.21,9631.99,9636.06,15.646061,2020,6,7
2020-06-07 09:37:00+00:00,9636.75,9638.06,9628.55,9629.6,25.341602,2020,6,7
2020-06-07 09:38:00+00:00,9629.78,9640.81,9628.49,9640.81,37.884784,2020,6,7
2020-06-07 09:39:00+00:00,9641.03,9647.72,9639.49,9640.66,20.971688,2020,6,7
2020-06-07 09:40:00+00:00,9639.48,9642.67,9639.48,9642.0,19.359653,2020,6,7
2020-06-07 09:41:00+00:00,9642.0,9642.05,9640.41,9641.59,8.360513,2020,6,7
2020-06-07 09:42:00+00:00,9641.6,9643.26,9640.76,9642.22,13.662015,2020,6,7
2020-06-07 09:43:00+00:00,9642.22,9643.18,9635.0,9635.04,32.144528,2020,6,7
2020-06-07 09:44:00+00:00,9635.65,9637.43,9634.51,9636.16,11.833871,2020,6,7
2020-06-07 09:45:00+00:00,9636.16,9636.16,9629.03,9634.66,29.802013,2020,6,7
2020-06-07 09:46:00+00:00,9634.4,9636.5,9632.31,9635.86,21.485078,2020,6,7
2020-06-07 09:47:00+00:00,9635.85,9636.67,9633.43,9636.49,16.754441,2020,6,7
2020-06-07 09:48:00+00:00,9636.12,9641.37,9633.3,9640.19,11.466966,2020,6,7
2020-06-07 09:49:00+00:00,9640.19,9641.42,9637.76,9640.08,6.534383,2020,6,7
2020-06-07 09:50:00+00:00,9640.64,9649.47,9639.6,9648.77,14.575563,2020,6,7
2020-06-07 09:51:00+00:00,9648.82,9652.74,9645.0,9645.08,20.695163,2020,6,7
2020-06-07 09:52:00+00:00,9645.1,9645.35,9634.49,9634.63,23.957882,2020,6,7
2020-06-07 09:53:00+00:00,9634.71,9637.29,9626.53,9634.18,21.933092,2020,6,7
2020-06-07 09:54:00+00:00,9634.56,9636.99,9634.32,9635.08,10.138878,2020,6,7
2020-06-07 09:55:00+00:00,9635.05,9635.05,9631.8,9633.68,3.77302,2020,6,7
2020-06-07 09:56:00+00:00,9633.88,9633.98,9624.1,9628.81,15.243157,2020,6,7
2020-06-07 09:57:00+00:00,9628.58,9632.2,9626.0,9630.83,20.432733,2020,6,7
2020-06-07 09:58:00+00:00,9630.83,9631.74,9629.14,9630.66,9.750793,2020,6,7
2020-06-07 09:59:00+00:00,9631.01,9633.84,9629.21,9629.96,9.594109,2020,6,7
2020-06-07 10:00:00+00:00,9630.22,9630.22,9612.84,9618.99,52.050212,2020,6,7
2020-06-07 10:01:00+00:00,9617.73,9634.26,9613.92,9631.64,31.165054,2020,6,7
2020-06-07 10:02:00+00:00,9631.64,9634.65,9628.67,9631.86,11.074664,2020,6,7
2020-06-07 10:03:00+00:00,9631.63,9633.16,9625.0,9626.24,13.919798,2020,6,7
2020-06-07 10:04:00+00:00,9626.66,9628.15,9624.93,9626.8,7.243728,2020,6,7
2020-06-07 10:05:00+00:00,9626.8,9630.09,9626.8,9630.09,8.040049,2020,6,7
2020-06-07 10:06:00+00:00,9630.1,9630.1,9612.21,9623.34,60.088833,2020,6,7
2020-06-07 10:07:00+00:00,9623.35,9629.09,9622.23,9626.01,23.993678,2020,6,7
2020-06-07 10:08:00+00:00,9626.01,9629.07,9623.3,9627.17,8.655955,2020,6,7
2020-06-07 10:09:00+00:00,9627.17,9629.99,9626.0,9628.19,8.214723,2020,6,7
2020-06-07 10:10:00+00:00,9628.2,9634.17,9627.09,9631.75,21.388377,2020,6,7
2020-06-07 10:11:00+00:00,9633.21,9634.36,9630.95,9633.46,7.802679,2020,6,7
2020-06-07 10:12:00+00:00,9632.82,9633.98,9631.5,9633.06,6.788029,2020,6,7
2020-06-07 10:13:00+00:00,9633.06,9633.06,9630.44,9633.06,9.361649,2020,6,7
2020-06-07 10:14:00+00:00,9633.06,9633.06,9630.81,9631.66,2.317804,2020,6,7
2020-06-07 10:15:00+00:00,9631.96,9631.96,9620.52,9624.91,23.371241,2020,6,7
2020-06-07 10:16:00+00:00,9625.49,9625.66,9613.88,9615.51,21.188989,2020,6,7
2020-06-07 10:17:00+00:00,9615.5,9620.97,9615.5,9620.01,11.290052,2020,6,7
2020-06-07 10:18:00+00:00,9620.01,9620.93,9615.51,9615.56,16.432934,2020,6,7
2020-06-07 10:19:00+00:00,9615.61,9620.54,9615.51,9619.02,11.787852,2020,6,7
2020-06-07 10:20:00+00:00,9619.02,9620.52,9619.01,9619.34,8.839443,2020,6,7
2020-06-07 10:21:00+00:00,9619.34,9619.35,9605.46,9610.64,56.013832,2020,6,7
2020-06-07 10:22:00+00:00,9609.28,9617.28,9605.0,9616.73,44.5974,2020,6,7
2020-06-07 10:23:00+00:00,9616.72,9629.69,9616.29,9625.67,28.419215,2020,6,7
2020-06-07 10:24:00+00:00,9625.2,9626.0,9620.05,9621.84,14.186979,2020,6,7
2020-06-07 10:25:00+00:00,9622.7,9634.7,9622.7,9628.03,34.767856,2020,6,7
2020-06-07 10:26:00+00:00,9628.03,9628.03,9615.47,9616.63,13.806683,2020,6,7
2020-06-07 10:27:00+00:00,9616.63,9622.91,9616.63,9618.24,5.719556,2020,6,7
2020-06-07 10:28:00+00:00,9618.3,9622.9,9616.63,9621.01,21.92419,2020,6,7
2020-06-07 10:29:00+00:00,9621.0,9625.0,9621.0,9624.73,7.987598,2020,6,7
2020-06-07 10:30:00+00:00,9624.73,9629.5,9624.66,9626.68,16.951286,2020,6,7
2020-06-07 10:31:00+00:00,9626.68,9626.68,9625.07,9626.67,6.00873,2020,6,7
2020-06-07 10:32:00+00:00,9626.58,9632.0,9626.58,9631.62,8.401269,2020,6,7
2020-06-07 10:33:00+00:00,9631.55,9632.0,9621.97,9623.52,15.401043,2020,6,7
2020-06-07 10:34:00+00:00,9624.46,9631.17,9623.91,9627.61,12.48991,2020,6,7
2020-06-07 10:35:00+00:00,9627.35,9631.77,9627.35,9631.7,6.691684,2020,6,7
2020-06-07 10:36:00+00:00,9631.8,9640.0,9630.03,9637.76,18.450577,2020,6,7
2020-06-07 10:37:00+00:00,9637.83,9637.95,9628.01,9630.02,22.174539,2020,6,7
2020-06-07 10:38:00+00:00,9630.02,9640.55,9630.02,9640.38,13.067158,2020,6,7
2020-06-07 10:39:00+00:00,9640.38,9640.53,9636.51,9640.37,12.995425,2020,6,7
2020-06-07 10:40:00+00:00,9640.37,9643.1,9638.31,9640.09,10.635047,2020,6,7
2020-06-07 10:41:00+00:00,9640.13,9640.13,9631.45,9631.46,17.714806,2020,6,7
2020-06-07 10:42:00+00:00,9631.61,9637.84,9631.3,9635.42,11.263491,2020,6,7
2020-06-07 10:43:00+00:00,9636.2,9638.97,9629.35,9629.59,7.518444,2020,6,7
2020-06-07 10:44:00+00:00,9629.85,9633.55,9626.71,9631.79,15.279826,2020,6,7
2020-06-07 10:45:00+00:00,9631.79,9637.16,9627.54,9637.16,14.878499,2020,6,7
2020-06-07 10:46:00+00:00,9636.14,9640.0,9631.15,9632.15,18.94553,2020,6,7
2020-06-07 10:47:00+00:00,9631.69,9643.0,9631.52,9642.49,27.660167,2020,6,7
2020-06-07 10:48:00+00:00,9641.49,9641.49,9631.52,9631.52,38.945731,2020,6,7
2020-06-07 10:49:00+00:00,9631.52,9633.98,9630.0,9632.49,7.825359,2020,6,7
2020-06-07 10:50:00+00:00,9632.27,9632.66,9630.0,9632.31,11.548037,2020,6,7
2020-06-07 10:51:00+00:00,9632.31,9632.31,9631.0,9631.0,3.202109,2020,6,7
2020-06-07 10:52:00+00:00,9631.0,9640.4,9631.0,9635.82,36.525286,2020,6,7
2020-06-07 10:53:00+00:00,9636.05,9637.07,9630.0,9630.19,9.633931,2020,6,7
2020-06-07 10:54:00+00:00,9630.2,9635.69,9630.0,9630.0,12.426347,2020,6,7
2020-06-07 10:55:00+00:00,9630.0,9631.75,9628.81,9629.11,8.244561,2020,6,7
2020-06-07 10:56:00+00:00,9629.0,9641.12,9628.83,9635.33,19.727121,2020,6,7
2020-06-07 10:57:00+00:00,9634.36,9635.45,9627.62,9630.18,9.066843,2020,6,7
2020-06-07 10:58:00+00:00,9631.01,9631.44,9628.01,9629.09,2.783669,2020,6,7
2020-06-07 10:59:00+00:00,9629.08,9629.08,9626.08,9626.45,10.150978,2020,6,7
2020-06-07 11:00:00+00:00,9626.45,9628.66,9621.69,9625.0,20.015783,2020,6,7
2020-06-07 11:01:00+00:00,9625.0,9628.93,9625.0,9628.92,10.601697,2020,6,7
2020-06-07 11:02:00+00:00,9628.93,9637.16,9628.88,9635.94,9.216235,2020,6,7
2020-06-07 11:03:00+00:00,9635.9,9636.63,9630.31,9634.07,9.745972,2020,6,7
2020-06-07 11:04:00+00:00,9633.88,9634.04,9625.0,9627.7,10.043482,2020,6,7
2020-06-07 11:05:00+00:00,9627.23,9628.09,9622.81,9626.21,13.214712,2020,6,7
2020-06-07 11:06:00+00:00,9626.22,9630.51,9623.06,9624.22,12.99146,2020,6,7
2020-06-07 11:07:00+00:00,9623.71,9627.0,9623.22,9623.99,9.600941,2020,6,7
2020-06-07 11:08:00+00:00,9623.56,9628.54,9622.39,9626.62,10.400399,2020,6,7
2020-06-07 11:09:00+00:00,9625.69,9631.13,9623.72,9628.92,12.351723,2020,6,7
2020-06-07 11:10:00+00:00,9628.93,9630.64,9625.5,9627.3,7.34439,2020,6,7
2020-06-07 11:11:00+00:00,9627.3,9630.0,9625.52,9628.01,13.802693,2020,6,7
2020-06-07 11:12:00+00:00,9628.01,9629.9,9628.0,9629.34,11.055331,2020,6,7
2020-06-07 11:13:00+00:00,9629.33,9632.99,9626.28,9628.22,13.094317,2020,6,7
2020-06-07 11:14:00+00:00,9628.4,9632.64,9627.99,9630.72,11.548113,2020,6,7
2020-06-07 11:15:00+00:00,9630.73,9634.65,9626.39,9632.65,16.052587,2020,6,7
2020-06-07 11:16:00+00:00,9632.57,9633.54,9630.0,9631.83,8.887735,2020,6,7
2020-06-07 11:17:00+00:00,9631.77,9634.41,9628.63,9629.47,16.459293,2020,6,7
2020-06-07 11:18:00+00:00,9629.75,9630.91,9626.35,9628.82,5.467406,2020,6,7
2020-06-07 11:19:00+00:00,9628.51,9629.73,9625.16,9625.48,8.565089,2020,6,7
2020-06-07 11:20:00+00:00,9625.67,9625.78,9617.09,9619.34,41.64363,2020,6,7
2020-06-07 11:21:00+00:00,9618.89,9623.61,9615.1,9618.0,29.147124,2020,6,7
2020-06-07 11:22:00+00:00,9617.54,9618.5,9610.0,9614.13,30.787909,2020,6,7
2020-06-07 11:23:00+00:00,9613.58,9616.0,9613.08,9616.0,13.629205,2020,6,7
2020-06-07 11:24:00+00:00,9616.0,9619.99,9616.0,9619.56,22.423252,2020,6,7
2020-06-07 11:25:00+00:00,9619.56,9621.19,9615.0,9615.0,8.809453,2020,6,7
2020-06-07 11:26:00+00:00,9615.01,9616.94,9611.43,9613.45,18.306909,2020,6,7
2020-06-07 11:27:00+00:00,9612.96,9616.84,9610.0,9612.48,25.998865,2020,6,7
2020-06-07 11:28:00+00:00,9612.48,9613.49,9606.78,9608.55,22.379045,2020,6,7
2020-06-07 11:29:00+00:00,9608.54,9616.0,9607.55,9610.0,28.202321,2020,6,7
2020-06-07 11:30:00+00:00,9610.0,9610.0,9580.0,9593.1,230.801238,2020,6,7
2020-06-07 11:31:00+00:00,9593.1,9618.74,9590.81,9609.4,111.765358,2020,6,7
2020-06-07 11:32:00+00:00,9609.4,9609.43,9596.73,9600.01,31.568789,2020,6,7
2020-06-07 11:33:00+00:00,9600.49,9612.11,9600.0,9604.72,40.787349,2020,6,7
2020-06-07 11:34:00+00:00,9603.73,9607.03,9599.99,9601.85,43.234999,2020,6,7
2020-06-07 11:35:00+00:00,9601.85,9602.82,9594.59,9596.07,43.746502,2020,6,7
2020-06-07 11:36:00+00:00,9596.08,9607.99,9596.08,9604.83,21.799261,2020,6,7
2020-06-07 11:37:00+00:00,9604.83,9608.34,9601.05,9608.34,17.666084,2020,6,7
2020-06-07 11:38:00+00:00,9608.34,9611.88,9605.51,9610.01,14.593145,2020,6,7
2020-06-07 11:39:00+00:00,9610.01,9611.42,9602.81,9606.23,26.218587,2020,6,7
2020-06-07 11:40:00+00:00,9606.28,9609.16,9605.0,9607.63,10.890752,2020,6,7
2020-06-07 11:41:00+00:00,9607.63,9608.45,9602.5,9604.04,11.431194,2020,6,7
2020-06-07 11:42:00+00:00,9604.02,9604.52,9595.01,9595.86,21.464641,2020,6,7
2020-06-07 11:43:00+00:00,9596.79,9600.0,9594.53,9598.42,20.022694,2020,6,7
2020-06-07 11:44:00+00:00,9597.81,9599.0,9592.61,9594.51,26.424329,2020,6,7
2020-06-07 11:45:00+00:00,9594.51,9594.51,9583.04,9585.21,29.384128,2020,6,7
2020-06-07 11:46:00+00:00,9585.21,9594.31,9584.0,9592.82,47.594067,2020,6,7
2020-06-07 11:47:00+00:00,9592.05,9595.0,9590.14,9593.34,39.068121,2020,6,7
2020-06-07 11:48:00+00:00,9593.52,9602.29,9592.02,9598.36,62.036114,2020,6,7
2020-06-07 11:49:00+00:00,9598.35,9602.93,9596.3,9601.45,26.204865,2020,6,7
2020-06-07 11:50:00+00:00,9601.45,9607.0,9597.0,9598.57,57.85826,2020,6,7
2020-06-07 11:51:00+00:00,9599.14,9600.14,9597.0,9598.92,17.199473,2020,6,7
2020-06-07 11:52:00+00:00,9598.92,9599.98,9597.0,9597.58,20.533543,2020,6,7
2020-06-07 11:53:00+00:00,9597.58,9599.99,9597.0,9598.8,12.857608,2020,6,7
2020-06-07 11:54:00+00:00,9599.26,9600.0,9591.84,9594.05,21.287204,2020,6,7
2020-06-07 11:55:00+00:00,9594.04,9599.87,9592.72,9593.43,19.812419,2020,6,7
2020-06-07 11:56:00+00:00,9593.43,9593.89,9586.96,9587.8,33.215665,2020,6,7
2020-06-07 11:57:00+00:00,9588.1,9589.47,9562.78,9581.56,187.637685,2020,6,7
2020-06-07 11:58:00+00:00,9582.8,9582.8,9567.35,9576.51,64.984387,2020,6,7
2020-06-07 11:59:00+00:00,9576.9,9579.31,9569.7,9575.59,28.198886,2020,6,7
2020-06-07 12:00:00+00:00,9576.57,9577.0,9542.25,9550.05,346.389914,2020,6,7
2020-06-07 12:01:00+00:00,9550.0,9569.6,9543.32,9566.48,119.556897,2020,6,7
2020-06-07 12:02:00+00:00,9564.34,9570.53,9555.36,9570.52,55.70285,2020,6,7
2020-06-07 12:03:00+00:00,9570.52,9574.97,9562.58,9567.24,75.003304,2020,6,7
2020-06-07 12:04:00+00:00,9568.02,9594.83,9567.73,9589.46,110.227723,2020,6,7
2020-06-07 12:05:00+00:00,9588.73,9602.9,9578.26,9598.4,100.980839,2020,6,7
2020-06-07 12:06:00+00:00,9598.96,9599.69,9591.07,9596.33,54.652382,2020,6,7
2020-06-07 12:07:00+00:00,9596.47,9600.29,9594.11,9600.18,49.385247,2020,6,7
2020-06-07 12:08:00+00:00,9599.18,9601.43,9593.35,9593.43,30.29414,2020,6,7
2020-06-07 12:09:00+00:00,9593.48,9594.88,9581.54,9581.81,61.211795,2020,6,7
2020-06-07 12:10:00+00:00,9581.81,9589.33,9579.25,9588.88,36.620162,2020,6,7
2020-06-07 12:11:00+00:00,9588.39,9592.14,9585.66,9589.98,27.606753,2020,6,7
2020-06-07 12:12:00+00:00,9589.42,9590.0,9581.89,9583.02,31.804449,2020,6,7
2020-06-07 12:13:00+00:00,9584.48,9589.46,9580.79,9587.08,68.951839,2020,6,7
2020-06-07 12:14:00+00:00,9587.65,9588.59,9583.01,9583.43,31.758505,2020,6,7
2020-06-07 12:15:00+00:00,9583.43,9587.85,9582.9,9585.27,47.674749,2020,6,7
2020-06-07 12:16:00+00:00,9584.87,9587.17,9579.77,9580.02,37.948683,2020,6,7
2020-06-07 12:17:00+00:00,9580.02,9580.57,9565.08,9565.08,152.116433,2020,6,7
2020-06-07 12:18:00+00:00,9565.17,9570.76,9554.56,9555.26,87.919846,2020,6,7
2020-06-07 12:19:00+00:00,9555.26,9562.08,9554.01,9556.28,85.490291,2020,6,7
2020-06-07 12:20:00+00:00,9555.07,9570.0,9550.0,9568.9,101.895776,2020,6,7
2020-06-07 12:21:00+00:00,9568.89,9570.96,9558.68,9560.11,49.472071,2020,6,7
2020-06-07 12:22:00+00:00,9560.12,9565.0,9559.33,9564.07,19.927779,2020,6,7
2020-06-07 12:23:00+00:00,9564.45,9567.08,9559.09,9564.51,39.057011,2020,6,7
2020-06-07 12:24:00+00:00,9564.3,9565.38,9550.0,9552.1,122.463635,2020,6,7
2020-06-07 12:25:00+00:00,9551.63,9551.63,9451.0,9508.86,1285.007174,2020,6,7
2020-06-07 12:26:00+00:00,9511.4,9519.0,9498.67,9517.49,153.257525,2020,6,7
2020-06-07 12:27:00+00:00,9518.69,9527.6,9515.0,9525.89,48.058007,2020,6,7
2020-06-07 12:28:00+00:00,9525.29,9526.68,9516.03,9523.52,60.871617,2020,6,7
2020-06-07 12:29:00+00:00,9524.59,9526.67,9515.21,9515.93,55.138805,2020,6,7
2020-06-07 12:30:00+00:00,9516.15,9524.45,9479.43,9523.47,268.566524,2020,6,7
2020-06-07 12:31:00+00:00,9521.72,9537.64,9520.0,9530.94,281.625996,2020,6,7
2020-06-07 12:32:00+00:00,9530.99,9546.86,9528.67,9540.56,89.409316,2020,6,7
2020-06-07 12:33:00+00:00,9540.56,9543.72,9530.0,9533.63,100.459028,2020,6,7
2020-06-07 12:34:00+00:00,9533.76,9533.76,9530.0,9530.66,41.554669,2020,6,7
2020-06-07 12:35:00+00:00,9530.85,9530.85,9510.3,9514.51,79.945633,2020,6,7
2020-06-07 12:36:00+00:00,9514.51,9515.0,9507.15,9512.65,72.840872,2020,6,7
2020-06-07 12:37:00+00:00,9512.65,9515.95,9502.37,9504.0,88.22169,2020,6,7
2020-06-07 12:38:00+00:00,9504.0,9514.77,9503.72,9511.13,72.364935,2020,6,7
2020-06-07 12:39:00+00:00,9511.14,9515.0,9501.05,9503.98,39.853982,2020,6,7
2020-06-07 12:40:00+00:00,9505.03,9506.15,9499.81,9499.99,72.282267,2020,6,7
2020-06-07 12:41:00+00:00,9500.0,9529.17,9499.98,9519.27,91.680153,2020,6,7
2020-06-07 12:42:00+00:00,9519.27,9519.27,9503.94,9512.34,40.666994,2020,6,7
2020-06-07 12:43:00+00:00,9512.2,9521.13,9511.25,9520.27,24.783593,2020,6,7
2020-06-07 12:44:00+00:00,9520.08,9522.31,9514.63,9521.12,18.153317,2020,6,7
2020-06-07 12:45:00+00:00,9521.56,9522.97,9506.31,9511.62,32.92374,2020,6,7
2020-06-07 12:46:00+00:00,9511.62,9518.91,9510.01,9515.88,27.404144,2020,6,7
2020-06-07 12:47:00+00:00,9516.23,9527.88,9515.56,9525.96,36.83012,2020,6,7
2020-06-07 12:48:00+00:00,9525.95,9528.0,9520.98,9523.15,26.337836,2020,6,7
2020-06-07 12:49:00+00:00,9524.3,9528.15,9523.19,9526.28,13.376798,2020,6,7
2020-06-07 12:50:00+00:00,9526.2,9529.64,9517.17,9517.98,56.842709,2020,6,7
2020-06-07 12:51:00+00:00,9517.66,9518.34,9501.29,9503.54,38.416716,2020,6,7
2020-06-07 12:52:00+00:00,9503.54,9510.0,9503.53,9507.42,27.459732,2020,6,7
2020-06-07 12:53:00+00:00,9507.42,9520.0,9507.41,9513.74,25.233086,2020,6,7
2020-06-07 12:54:00+00:00,9513.73,9515.28,9508.0,9508.44,31.528854,2020,6,7
2020-06-07 12:55:00+00:00,9508.4,9508.45,9500.0,9503.75,87.15536,2020,6,7
2020-06-07 12:56:00+00:00,9503.74,9520.0,9503.74,9519.99,21.253524,2020,6,7
2020-06-07 12:57:00+00:00,9520.0,9520.0,9511.07,9511.32,27.049889,2020,6,7
2020-06-07 12:58:00+00:00,9511.3,9517.48,9508.54,9513.06,36.99979,2020,6,7
2020-06-07 12:59:00+00:00,9513.06,9515.71,9511.06,9512.28,15.022097,2020,6,7
2020-06-07 13:00:00+00:00,9511.78,9512.96,9488.0,9510.72,154.631932,2020,6,7
2020-06-07 13:01:00+00:00,9510.77,9510.77,9500.03,9505.34,43.187128,2020,6,7
2020-06-07 13:02:00+00:00,9505.33,9509.87,9502.25,9507.74,22.731245,2020,6,7
2020-06-07 13:03:00+00:00,9507.74,9520.45,9507.74,9518.45,63.882774,2020,6,7
2020-06-07 13:04:00+00:00,9518.68,9524.41,9513.6,9522.98,20.687826,2020,6,7
2020-06-07 13:05:00+00:00,9522.98,9523.12,9517.13,9520.63,20.855133,2020,6,7
2020-06-07 13:06:00+00:00,9521.94,9532.54,9521.11,9528.51,94.286894,2020,6,7
2020-06-07 13:07:00+00:00,9527.8,9531.49,9525.01,9527.95,18.675389,2020,6,7
2020-06-07 13:08:00+00:00,9528.22,9534.9,9528.14,9533.04,13.772593,2020,6,7
2020-06-07 13:09:00+00:00,9533.05,9538.92,9523.12,9526.0,54.332244,2020,6,7
2020-06-07 13:10:00+00:00,9526.71,9527.32,9507.0,9507.47,69.570911,2020,6,7
2020-06-07 13:11:00+00:00,9507.43,9513.34,9496.81,9502.47,54.719871,2020,6,7
2020-06-07 13:12:00+00:00,9502.48,9509.5,9502.48,9508.65,18.749,2020,6,7
2020-06-07 13:13:00+00:00,9508.65,9518.0,9503.45,9507.42,34.804356,2020,6,7
2020-06-07 13:14:00+00:00,9507.4,9508.09,9495.06,9504.51,47.447226,2020,6,7
2020-06-07 13:15:00+00:00,9504.57,9505.0,9496.59,9497.21,32.325641,2020,6,7
2020-06-07 13:16:00+00:00,9497.75,9499.95,9461.5,9487.49,347.317007,2020,6,7
2020-06-07 13:17:00+00:00,9486.2,9495.08,9474.07,9487.05,66.559002,2020,6,7
2020-06-07 13:18:00+00:00,9487.06,9499.05,9480.92,9492.0,45.282488,2020,6,7
2020-06-07 13:19:00+00:00,9492.0,9496.0,9482.33,9490.97,59.061541,2020,6,7
2020-06-07 13:20:00+00:00,9490.97,9494.0,9480.0,9480.48,44.616306,2020,6,7
2020-06-07 13:21:00+00:00,9480.48,9493.86,9476.17,9492.92,56.219192,2020,6,7
2020-06-07 13:22:00+00:00,9491.63,9510.71,9490.83,9510.71,42.397398,2020,6,7
2020-06-07 13:23:00+00:00,9510.7,9510.99,9502.68,9505.51,29.492394,2020,6,7
2020-06-07 13:24:00+00:00,9505.76,9514.28,9505.0,9507.3,40.278413,2020,6,7
2020-06-07 13:25:00+00:00,9507.35,9511.31,9497.77,9500.81,25.462939,2020,6,7
2020-06-07 13:26:00+00:00,9502.13,9502.67,9494.96,9496.47,23.785985,2020,6,7
2020-06-07 13:27:00+00:00,9496.72,9498.74,9488.35,9496.55,67.174382,2020,6,7
2020-06-07 13:28:00+00:00,9496.55,9498.87,9491.32,9494.41,26.774463,2020,6,7
2020-06-07 13:29:00+00:00,9494.41,9500.82,9491.14,9498.97,48.871575,2020,6,7
2020-06-07 13:30:00+00:00,9498.97,9518.0,9496.59,9510.03,76.393918,2020,6,7
2020-06-07 13:31:00+00:00,9511.7,9515.13,9508.08,9513.51,26.264828,2020,6,7
2020-06-07 13:32:00+00:00,9513.52,9522.75,9512.01,9515.58,38.326636,2020,6,7
2020-06-07 13:33:00+00:00,9516.14,9516.14,9508.98,9511.91,39.078057,2020,6,7
2020-06-07 13:34:00+00:00,9511.91,9517.7,9511.01,9514.13,22.710071,2020,6,7
2020-06-07 13:35:00+00:00,9514.0,9514.01,9489.79,9502.04,59.089345,2020,6,7
2020-06-07 13:36:00+00:00,9502.01,9504.71,9493.4,9499.36,19.850421,2020,6,7
2020-06-07 13:37:00+00:00,9498.89,9500.0,9486.25,9488.33,57.655666,2020,6,7
2020-06-07 13:38:00+00:00,9488.12,9489.74,9480.51,9486.33,35.121825,2020,6,7
2020-06-07 13:39:00+00:00,9486.33,9487.47,9466.25,9482.68,129.468511,2020,6,7
2020-06-07 13:40:00+00:00,9482.71,9486.97,9476.56,9480.27,69.431914,2020,6,7
2020-06-07 13:41:00+00:00,9480.27,9495.0,9478.19,9493.67,55.840146,2020,6,7
2020-06-07 13:42:00+00:00,9493.81,9493.81,9487.48,9490.11,46.937773,2020,6,7
2020-06-07 13:43:00+00:00,9490.1,9492.0,9480.27,9483.63,30.418234,2020,6,7
2020-06-07 13:44:00+00:00,9483.16,9485.11,9475.52,9481.01,27.181301,2020,6,7
2020-06-07 13:45:00+00:00,9481.01,9487.94,9462.63,9480.42,103.432495,2020,6,7
2020-06-07 13:46:00+00:00,9480.52,9492.0,9477.54,9485.34,53.43033,2020,6,7
2020-06-07 13:47:00+00:00,9485.35,9488.17,9482.0,9484.25,35.998616,2020,6,7
2020-06-07 13:48:00+00:00,9484.31,9484.31,9471.85,9479.01,39.059608,2020,6,7
2020-06-07 13:49:00+00:00,9479.01,9479.01,9459.0,9463.11,125.871118,2020,6,7
2020-06-07 13:50:00+00:00,9463.45,9474.28,9435.0,9469.71,491.265863,2020,6,7
2020-06-07 13:51:00+00:00,9469.72,9483.99,9469.72,9479.13,96.73938,2020,6,7
2020-06-07 13:52:00+00:00,9479.14,9480.68,9468.44,9469.99,51.232922,2020,6,7
2020-06-07 13:53:00+00:00,9469.99,9479.99,9461.25,9476.09,64.485822,2020,6,7
2020-06-07 13:54:00+00:00,9476.88,9481.36,9470.0,9480.44,31.834663,2020,6,7
2020-06-07 13:55:00+00:00,9480.45,9481.14,9472.01,9474.4,29.310361,2020,6,7
2020-06-07 13:56:00+00:00,9475.39,9483.48,9440.0,9447.37,278.404167,2020,6,7
2020-06-07 13:57:00+00:00,9447.38,9467.05,9447.38,9457.85,81.084513,2020,6,7
2020-06-07 13:58:00+00:00,9457.84,9460.5,9431.0,9454.99,247.374156,2020,6,7
2020-06-07 13:59:00+00:00,9454.99,9460.0,9436.0,9446.98,225.310433,2020,6,7
2020-06-07 14:00:00+00:00,9448.42,9448.54,9426.64,9446.64,189.479144,2020,6,7
2020-06-07 14:01:00+00:00,9444.53,9455.0,9430.0,9453.06,153.965448,2020,6,7
2020-06-07 14:02:00+00:00,9453.06,9465.0,9446.76,9449.0,176.83382,2020,6,7
2020-06-07 14:03:00+00:00,9449.0,9464.39,9448.94,9457.45,53.761358,2020,6,7
2020-06-07 14:04:00+00:00,9458.72,9462.32,9450.0,9451.0,55.341635,2020,6,7
2020-06-07 14:05:00+00:00,9451.98,9455.48,9372.46,9437.54,2398.966847,2020,6,7
2020-06-07 14:06:00+00:00,9437.54,9444.92,9412.77,9426.07,219.439375,2020,6,7
2020-06-07 14:07:00+00:00,9426.18,9430.81,9417.17,9430.81,68.811452,2020,6,7
2020-06-07 14:08:00+00:00,9430.81,9460.43,9428.99,9452.24,184.334658,2020,6,7
2020-06-07 14:09:00+00:00,9452.8,9465.0,9450.35,9464.89,88.131801,2020,6,7
2020-06-07 14:10:00+00:00,9464.81,9464.98,9450.52,9460.86,74.589877,2020,6,7
2020-06-07 14:11:00+00:00,9461.34,9465.0,9457.04,9464.3,57.966213,2020,6,7
2020-06-07 14:12:00+00:00,9464.12,9476.3,9463.29,9475.63,100.883183,2020,6,7
2020-06-07 14:13:00+00:00,9475.62,9477.0,9461.5,9468.66,192.917197,2020,6,7
2020-06-07 14:14:00+00:00,9468.67,9474.71,9465.9,9471.5,67.139207,2020,6,7
2020-06-07 14:15:00+00:00,9472.32,9473.91,9465.1,9467.84,44.376006,2020,6,7
2020-06-07 14:16:00+00:00,9467.84,9470.0,9463.48,9464.27,28.018513,2020,6,7
2020-06-07 14:17:00+00:00,9463.93,9475.0,9463.91,9471.84,43.214288,2020,6,7
2020-06-07 14:18:00+00:00,9472.37,9474.0,9464.17,9466.1,50.773351,2020,6,7
2020-06-07 14:19:00+00:00,9465.28,9467.09,9464.0,9465.03,27.701244,2020,6,7
2020-06-07 14:20:00+00:00,9465.02,9483.5,9465.02,9480.01,115.960976,2020,6,7
2020-06-07 14:21:00+00:00,9480.01,9489.92,9480.01,9488.0,56.170624,2020,6,7
2020-06-07 14:22:00+00:00,9488.0,9492.0,9485.0,9485.12,50.89089,2020,6,7
2020-06-07 14:23:00+00:00,9485.77,9490.77,9483.5,9488.94,73.40328,2020,6,7
2020-06-07 14:24:00+00:00,9489.94,9492.1,9482.08,9482.08,42.217026,2020,6,7
2020-06-07 14:25:00+00:00,9483.86,9485.69,9480.01,9482.83,31.671337,2020,6,7
2020-06-07 14:26:00+00:00,9482.84,9493.71,9482.83,9492.76,23.197935,2020,6,7
2020-06-07 14:27:00+00:00,9492.76,9495.44,9486.51,9489.33,66.711226,2020,6,7
2020-06-07 14:28:00+00:00,9487.1,9499.99,9486.61,9497.94,41.734308,2020,6,7
2020-06-07 14:29:00+00:00,9497.94,9500.0,9485.72,9486.86,137.291453,2020,6,7
2020-06-07 14:30:00+00:00,9486.86,9496.8,9486.85,9492.56,21.810684,2020,6,7
2020-06-07 14:31:00+00:00,9492.81,9495.94,9491.0,9492.55,22.329709,2020,6,7
2020-06-07 14:32:00+00:00,9492.48,9495.09,9480.77,9481.49,36.788082,2020,6,7
2020-06-07 14:33:00+00:00,9481.49,9487.23,9480.0,9480.0,51.426663,2020,6,7
2020-06-07 14:34:00+00:00,9480.0,9480.0,9473.58,9476.88,25.283989,2020,6,7
2020-06-07 14:35:00+00:00,9476.87,9480.0,9475.84,9475.84,8.597759,2020,6,7
2020-06-07 14:36:00+00:00,9475.84,9476.88,9469.69,9473.08,48.201893,2020,6,7
2020-06-07 14:37:00+00:00,9473.08,9477.69,9471.43,9474.17,11.205851,2020,6,7
2020-06-07 14:38:00+00:00,9474.16,9478.76,9467.23,9471.49,22.486774,2020,6,7
2020-06-07 14:39:00+00:00,9471.88,9479.78,9470.0,9478.27,34.410028,2020,6,7
2020-06-07 14:40:00+00:00,9478.28,9483.56,9467.63,9470.01,41.226398,2020,6,7
2020-06-07 14:41:00+00:00,9469.54,9476.08,9469.54,9475.55,14.113937,2020,6,7
2020-06-07 14:42:00+00:00,9475.57,9479.36,9471.77,9476.65,38.164475,2020,6,7
2020-06-07 14:43:00+00:00,9476.69,9484.35,9475.94,9481.05,37.494591,2020,6,7
2020-06-07 14:44:00+00:00,9481.04,9482.0,9478.35,9478.99,19.239616,2020,6,7
2020-06-07 14:45:00+00:00,9478.99,9480.95,9474.0,9479.84,37.045497,2020,6,7
2020-06-07 14:46:00+00:00,9479.84,9485.13,9479.0,9482.39,78.422517,2020,6,7
2020-06-07 14:47:00+00:00,9482.27,9487.57,9474.0,9478.47,175.357394,2020,6,7
2020-06-07 14:48:00+00:00,9478.49,9480.0,9473.73,9474.9,17.528573,2020,6,7
2020-06-07 14:49:00+00:00,9474.63,9478.2,9460.84,9465.14,52.635617,2020,6,7
2020-06-07 14:50:00+00:00,9464.68,9470.41,9461.69,9467.67,41.855539,2020,6,7
2020-06-07 14:51:00+00:00,9467.67,9473.87,9465.0,9471.1,28.702793,2020,6,7
2020-06-07 14:52:00+00:00,9471.1,9471.9,9465.9,9465.9,13.209261,2020,6,7
2020-06-07 14:53:00+00:00,9465.5,9470.58,9457.14,9457.14,47.969671,2020,6,7
2020-06-07 14:54:00+00:00,9457.36,9469.35,9453.57,9465.94,53.95101,2020,6,7
2020-06-07 14:55:00+00:00,9465.85,9467.94,9456.72,9457.36,20.525664,2020,6,7
2020-06-07 14:56:00+00:00,9458.83,9458.83,9456.36,9457.09,9.439017,2020,6,7
2020-06-07 14:57:00+00:00,9457.09,9465.5,9457.09,9463.36,26.50775,2020,6,7
2020-06-07 14:58:00+00:00,9463.36,9465.28,9457.09,9458.54,20.243509,2020,6,7
2020-06-07 14:59:00+00:00,9459.62,9459.62,9454.0,9454.43,30.37347,2020,6,7
2020-06-07 15:00:00+00:00,9454.98,9465.82,9452.66,9463.05,30.358642,2020,6,7
2020-06-07 15:01:00+00:00,9464.0,9470.62,9461.96,9468.58,33.429965,2020,6,7
2020-06-07 15:02:00+00:00,9468.27,9471.77,9465.52,9471.77,16.883795,2020,6,7
2020-06-07 15:03:00+00:00,9471.77,9479.97,9471.12,9477.49,34.790767,2020,6,7
2020-06-07 15:04:00+00:00,9477.3,9481.23,9473.03,9476.52,33.515827,2020,6,7
2020-06-07 15:05:00+00:00,9476.52,9482.0,9476.08,9480.67,24.545054,2020,6,7
2020-06-07 15:06:00+00:00,9481.09,9491.72,9480.0,9488.98,38.166146,2020,6,7
2020-06-07 15:07:00+00:00,9490.63,9491.42,9474.91,9476.48,33.4076,2020,6,7
2020-06-07 15:08:00+00:00,9476.57,9483.17,9476.56,9482.0,28.038198,2020,6,7
2020-06-07 15:09:00+00:00,9482.0,9482.01,9476.57,9478.46,14.068505,2020,6,7
2020-06-07 15:10:00+00:00,9478.45,9479.99,9468.85,9470.58,30.838454,2020,6,7
2020-06-07 15:11:00+00:00,9470.53,9473.48,9469.03,9472.35,20.189618,2020,6,7
2020-06-07 15:12:00+00:00,9472.1,9476.93,9470.02,9475.96,17.001096,2020,6,7
2020-06-07 15:13:00+00:00,9475.73,9480.0,9473.43,9473.43,34.133914,2020,6,7
2020-06-07 15:14:00+00:00,9473.43,9473.44,9470.0,9470.89,20.928772,2020,6,7
2020-06-07 15:15:00+00:00,9470.89,9478.16,9470.57,9475.91,13.591374,2020,6,7
2020-06-07 15:16:00+00:00,9475.94,9480.0,9475.9,9476.04,46.431367,2020,6,7
2020-06-07 15:17:00+00:00,9476.05,9480.0,9475.89,9478.19,31.883922,2020,6,7
2020-06-07 15:18:00+00:00,9478.2,9484.88,9478.18,9484.24,40.991422,2020,6,7
2020-06-07 15:19:00+00:00,9484.25,9487.52,9483.51,9486.0,14.69721,2020,6,7
2020-06-07 15:20:00+00:00,9486.0,9487.31,9477.11,9477.82,25.174306,2020,6,7
2020-06-07 15:21:00+00:00,9478.42,9480.01,9475.76,9476.67,31.848176,2020,6,7
2020-06-07 15:22:00+00:00,9477.13,9484.07,9475.7,9479.35,14.937115,2020,6,7
2020-06-07 15:23:00+00:00,9479.25,9479.55,9470.79,9472.04,37.664437,2020,6,7
2020-06-07 15:24:00+00:00,9472.03,9478.79,9472.01,9475.51,17.001347,2020,6,7
2020-06-07 15:25:00+00:00,9475.51,9477.25,9472.06,9472.9,19.98475,2020,6,7
2020-06-07 15:26:00+00:00,9472.9,9472.91,9467.91,9470.83,21.245112,2020,6,7
2020-06-07 15:27:00+00:00,9470.83,9475.47,9470.83,9473.34,11.466664,2020,6,7
2020-06-07 15:28:00+00:00,9473.08,9479.32,9471.31,9477.32,11.751696,2020,6,7
2020-06-07 15:29:00+00:00,9477.12,9479.1,9468.34,9469.45,19.13855,2020,6,7
2020-06-07 15:30:00+00:00,9469.44,9478.0,9467.42,9473.09,26.052272,2020,6,7
2020-06-07 15:31:00+00:00,9473.1,9475.0,9470.03,9474.19,14.00265,2020,6,7
2020-06-07 15:32:00+00:00,9474.19,9486.44,9472.11,9483.99,30.399625,2020,6,7
2020-06-07 15:33:00+00:00,9483.43,9489.59,9483.22,9486.79,46.286338,2020,6,7
2020-06-07 15:34:00+00:00,9486.8,9488.23,9482.68,9485.72,26.63897,2020,6,7
2020-06-07 15:35:00+00:00,9485.72,9494.94,9485.61,9488.68,46.326925,2020,6,7
2020-06-07 15:36:00+00:00,9488.41,9490.64,9484.12,9488.41,36.374876,2020,6,7
2020-06-07 15:37:00+00:00,9488.42,9496.0,9488.42,9493.12,40.789494,2020,6,7
2020-06-07 15:38:00+00:00,9493.01,9494.86,9490.0,9492.67,24.5909,2020,6,7
2020-06-07 15:39:00+00:00,9492.67,9494.92,9490.66,9492.08,14.01242,2020,6,7
2020-06-07 15:40:00+00:00,9492.08,9492.92,9490.07,9491.38,24.385252,2020,6,7
2020-06-07 15:41:00+00:00,9491.85,9498.12,9491.85,9494.04,40.774672,2020,6,7
2020-06-07 15:42:00+00:00,9494.04,9502.68,9491.86,9502.67,87.674834,2020,6,7
2020-06-07 15:43:00+00:00,9502.67,9506.74,9491.21,9494.9,72.525004,2020,6,7
2020-06-07 15:44:00+00:00,9494.99,9496.09,9481.63,9482.47,64.175715,2020,6,7
2020-06-07 15:45:00+00:00,9482.3,9486.98,9480.0,9485.81,27.036827,2020,6,7
2020-06-07 15:46:00+00:00,9485.81,9489.52,9485.81,9488.97,24.026253,2020,6,7
2020-06-07 15:47:00+00:00,9488.48,9496.86,9488.02,9496.22,21.325037,2020,6,7
2020-06-07 15:48:00+00:00,9496.23,9499.1,9495.0,9495.0,12.891869,2020,6,7
2020-06-07 15:49:00+00:00,9495.0,9495.0,9491.32,9492.93,12.215786,2020,6,7
2020-06-07 15:50:00+00:00,9492.93,9494.03,9486.0,9488.26,22.047191,2020,6,7
2020-06-07 15:51:00+00:00,9489.08,9494.24,9487.82,9491.41,15.926778,2020,6,7
2020-06-07 15:52:00+00:00,9491.41,9494.24,9490.51,9491.87,14.022001,2020,6,7
2020-06-07 15:53:00+00:00,9491.87,9493.5,9490.01,9491.43,36.623719,2020,6,7
2020-06-07 15:54:00+00:00,9491.49,9492.5,9489.03,9489.99,9.993794,2020,6,7
2020-06-07 15:55:00+00:00,9489.99,9490.0,9485.32,9488.77,13.84897,2020,6,7
2020-06-07 15:56:00+00:00,9488.86,9489.99,9485.12,9485.12,11.891056,2020,6,7
2020-06-07 15:57:00+00:00,9485.72,9488.09,9480.0,9480.01,37.500722,2020,6,7
2020-06-07 15:58:00+00:00,9480.01,9483.96,9477.0,9481.49,28.645522,2020,6,7
2020-06-07 15:59:00+00:00,9481.72,9501.72,9479.19,9500.03,85.996893,2020,6,7
2020-06-07 16:00:00+00:00,9500.04,9500.72,9484.58,9490.36,91.13798,2020,6,7
2020-06-07 16:01:00+00:00,9490.37,9494.99,9471.0,9477.62,92.406596,2020,6,7
2020-06-07 16:02:00+00:00,9477.95,9487.17,9477.95,9482.31,14.424468,2020,6,7
2020-06-07 16:03:00+00:00,9482.27,9486.35,9480.55,9485.53,13.247499,2020,6,7
2020-06-07 16:04:00+00:00,9485.57,9486.27,9477.84,9482.14,15.982119,2020,6,7
2020-06-07 16:05:00+00:00,9481.35,9491.0,9480.62,9490.0,18.725573,2020,6,7
2020-06-07 16:06:00+00:00,9490.01,9490.01,9481.01,9485.81,64.427859,2020,6,7
2020-06-07 16:07:00+00:00,9487.84,9488.84,9483.28,9486.26,8.760645,2020,6,7
2020-06-07 16:08:00+00:00,9486.04,9486.04,9475.61,9475.81,68.488661,2020,6,7
2020-06-07 16:09:00+00:00,9476.14,9481.14,9475.0,9481.05,42.799357,2020,6,7
2020-06-07 16:10:00+00:00,9481.05,9481.96,9468.0,9478.0,53.566348,2020,6,7
2020-06-07 16:11:00+00:00,9477.98,9481.51,9473.53,9477.79,27.356504,2020,6,7
2020-06-07 16:12:00+00:00,9477.79,9478.92,9471.18,9472.96,17.949691,2020,6,7
2020-06-07 16:13:00+00:00,9473.71,9474.73,9471.12,9471.79,8.392928,2020,6,7
2020-06-07 16:14:00+00:00,9471.8,9472.42,9466.6,9469.44,20.074592,2020,6,7
2020-06-07 16:15:00+00:00,9467.62,9471.39,9465.1,9466.0,65.240299,2020,6,7
2020-06-07 16:16:00+00:00,9466.0,9475.35,9465.99,9471.82,48.493086,2020,6,7
2020-06-07 16:17:00+00:00,9471.85,9472.81,9465.0,9466.03,32.774496,2020,6,7
2020-06-07 16:18:00+00:00,9466.49,9467.21,9461.21,9462.5,36.553743,2020,6,7
2020-06-07 16:19:00+00:00,9462.5,9463.25,9454.98,9461.81,71.371109,2020,6,7
2020-06-07 16:20:00+00:00,9461.52,9467.49,9460.0,9465.18,26.094954,2020,6,7
2020-06-07 16:21:00+00:00,9465.18,9470.75,9464.42,9468.66,20.00058,2020,6,7
2020-06-07 16:22:00+00:00,9470.1,9472.58,9468.1,9468.76,15.097239,2020,6,7
2020-06-07 16:23:00+00:00,9468.76,9468.84,9457.77,9466.23,50.907515,2020,6,7
2020-06-07 16:24:00+00:00,9466.7,9470.01,9466.13,9469.66,35.557299,2020,6,7
2020-06-07 16:25:00+00:00,9469.66,9470.91,9461.89,9461.91,16.218082,2020,6,7
2020-06-07 16:26:00+00:00,9462.11,9466.57,9460.0,9463.11,22.424096,2020,6,7
2020-06-07 16:27:00+00:00,9463.11,9466.04,9461.37,9464.99,13.621088,2020,6,7
2020-06-07 16:28:00+00:00,9464.99,9466.61,9464.34,9465.28,10.021777,2020,6,7
2020-06-07 16:29:00+00:00,9465.28,9465.99,9460.0,9462.57,25.083436,2020,6,7
2020-06-07 16:30:00+00:00,9462.49,9463.89,9460.08,9461.51,14.878247,2020,6,7
2020-06-07 16:31:00+00:00,9461.52,9472.0,9458.07,9470.48,48.813249,2020,6,7
2020-06-07 16:32:00+00:00,9469.79,9470.65,9466.86,9470.0,8.80839,2020,6,7
2020-06-07 16:33:00+00:00,9469.99,9472.83,9466.0,9466.79,23.148264,2020,6,7
2020-06-07 16:34:00+00:00,9466.79,9475.24,9466.0,9475.24,17.741182,2020,6,7
2020-06-07 16:35:00+00:00,9474.72,9475.35,9471.33,9474.87,20.901644,2020,6,7
2020-06-07 16:36:00+00:00,9474.0,9474.87,9473.0,9473.99,13.545589,2020,6,7
2020-06-07 16:37:00+00:00,9473.99,9474.0,9465.0,9473.73,17.788321,2020,6,7
2020-06-07 16:38:00+00:00,9473.73,9484.83,9473.72,9480.88,36.187783,2020,6,7
2020-06-07 16:39:00+00:00,9480.23,9481.72,9468.11,9477.07,38.728221,2020,6,7
2020-06-07 16:40:00+00:00,9477.08,9478.37,9472.56,9473.65,10.489734,2020,6,7
2020-06-07 16:41:00+00:00,9473.85,9481.32,9472.58,9476.91,15.426585,2020,6,7
2020-06-07 16:42:00+00:00,9476.31,9484.08,9476.31,9482.66,17.888555,2020,6,7
2020-06-07 16:43:00+00:00,9482.59,9484.95,9476.57,9478.37,14.591605,2020,6,7
2020-06-07 16:44:00+00:00,9478.37,9484.44,9476.64,9482.81,18.755565,2020,6,7
2020-06-07 16:45:00+00:00,9482.72,9484.8,9480.0,9482.03,15.731578,2020,6,7
2020-06-07 16:46:00+00:00,9481.63,9484.98,9479.13,9482.98,10.380628,2020,6,7
2020-06-07 16:47:00+00:00,9482.77,9482.99,9470.0,9471.43,22.844894,2020,6,7
2020-06-07 16:48:00+00:00,9470.89,9474.93,9470.0,9472.91,8.554928,2020,6,7
2020-06-07 16:49:00+00:00,9472.59,9484.96,9470.52,9478.16,26.506645,2020,6,7
2020-06-07 16:50:00+00:00,9478.15,9482.42,9476.33,9481.32,13.378892,2020,6,7
2020-06-07 16:51:00+00:00,9481.41,9484.7,9478.59,9483.41,5.67675,2020,6,7
2020-06-07 16:52:00+00:00,9482.58,9483.63,9478.0,9482.44,16.052935,2020,6,7
2020-06-07 16:53:00+00:00,9481.2,9484.96,9481.01,9481.99,7.346376,2020,6,7
2020-06-07 16:54:00+00:00,9482.48,9489.67,9482.22,9488.73,29.785349,2020,6,7
2020-06-07 16:55:00+00:00,9488.82,9491.16,9486.43,9489.05,23.648179,2020,6,7
2020-06-07 16:56:00+00:00,9488.41,9489.54,9482.15,9489.53,18.808639,2020,6,7
2020-06-07 16:57:00+00:00,9489.52,9489.53,9482.29,9486.35,11.449659,2020,6,7
2020-06-07 16:58:00+00:00,9486.35,9490.52,9482.3,9485.71,23.293309,2020,6,7
2020-06-07 16:59:00+00:00,9485.05,9491.1,9485.03,9490.27,14.428101,2020,6,7
2020-06-07 17:00:00+00:00,9490.25,9491.43,9483.81,9484.72,18.585107,2020,6,7
2020-06-07 17:01:00+00:00,9485.19,9486.06,9483.71,9484.31,15.233819,2020,6,7
2020-06-07 17:02:00+00:00,9484.31,9486.27,9470.69,9473.11,52.167484,2020,6,7
2020-06-07 17:03:00+00:00,9474.23,9478.76,9467.47,9472.8,20.174993,2020,6,7
2020-06-07 17:04:00+00:00,9472.98,9474.29,9470.68,9474.16,9.230577,2020,6,7
2020-06-07 17:05:00+00:00,9473.18,9481.11,9470.13,9477.18,25.286737,2020,6,7
2020-06-07 17:06:00+00:00,9477.8,9478.66,9472.05,9474.49,9.770869,2020,6,7
2020-06-07 17:07:00+00:00,9474.27,9475.0,9472.48,9474.96,9.994053,2020,6,7
2020-06-07 17:08:00+00:00,9474.97,9474.97,9473.09,9474.58,6.140648,2020,6,7
2020-06-07 17:09:00+00:00,9474.61,9479.16,9470.45,9477.09,16.035708,2020,6,7
2020-06-07 17:10:00+00:00,9476.61,9476.77,9471.82,9473.0,11.607621,2020,6,7
2020-06-07 17:11:00+00:00,9473.44,9474.51,9473.0,9473.0,8.249822,2020,6,7
2020-06-07 17:12:00+00:00,9473.0,9478.16,9466.29,9472.61,39.717758,2020,6,7
2020-06-07 17:13:00+00:00,9472.6,9478.52,9471.27,9474.44,33.617457,2020,6,7
2020-06-07 17:14:00+00:00,9474.98,9477.78,9472.61,9475.02,9.457668,2020,6,7
2020-06-07 17:15:00+00:00,9475.02,9478.59,9472.54,9477.41,24.470288,2020,6,7
2020-06-07 17:16:00+00:00,9477.09,9482.29,9476.96,9480.0,92.121712,2020,6,7
2020-06-07 17:17:00+00:00,9480.83,9481.0,9478.0,9480.11,17.061438,2020,6,7
2020-06-07 17:18:00+00:00,9480.13,9480.99,9476.05,9478.66,14.222727,2020,6,7
2020-06-07 17:19:00+00:00,9478.66,9481.0,9472.13,9472.22,10.351495,2020,6,7
2020-06-07 17:20:00+00:00,9472.49,9474.34,9469.38,9473.64,21.004157,2020,6,7
2020-06-07 17:21:00+00:00,9473.44,9473.51,9468.43,9468.43,20.31607,2020,6,7
2020-06-07 17:22:00+00:00,9469.3,9471.49,9467.26,9469.83,17.349149,2020,6,7
2020-06-07 17:23:00+00:00,9469.83,9470.08,9465.92,9467.62,32.221508,2020,6,7
2020-06-07 17:24:00+00:00,9467.79,9468.99,9464.64,9466.25,45.495838,2020,6,7
2020-06-07 17:25:00+00:00,9466.83,9467.79,9458.0,9466.62,40.21591,2020,6,7
2020-06-07 17:26:00+00:00,9465.51,9468.07,9464.99,9467.15,20.992303,2020,6,7
2020-06-07 17:27:00+00:00,9467.17,9469.48,9463.61,9469.19,22.367616,2020,6,7
2020-06-07 17:28:00+00:00,9468.99,9469.38,9463.49,9466.02,8.636923,2020,6,7
2020-06-07 17:29:00+00:00,9465.87,9479.4,9465.87,9475.83,44.440191,2020,6,7
2020-06-07 17:30:00+00:00,9475.83,9482.99,9475.83,9481.19,16.121285,2020,6,7
2020-06-07 17:31:00+00:00,9480.94,9482.8,9478.96,9481.04,22.007647,2020,6,7
2020-06-07 17:32:00+00:00,9481.03,9481.72,9477.91,9480.96,10.483998,2020,6,7
2020-06-07 17:33:00+00:00,9480.97,9492.99,9479.1,9485.29,25.117798,2020,6,7
2020-06-07 17:34:00+00:00,9485.28,9489.33,9483.85,9487.03,11.817487,2020,6,7
2020-06-07 17:35:00+00:00,9487.02,9487.02,9479.32,9482.63,12.743035,2020,6,7
2020-06-07 17:36:00+00:00,9482.7,9485.16,9481.72,9484.32,8.79416,2020,6,7
2020-06-07 17:37:00+00:00,9484.65,9488.49,9482.26,9485.46,15.009832,2020,6,7
2020-06-07 17:38:00+00:00,9485.51,9486.98,9481.16,9483.13,7.044845,2020,6,7
2020-06-07 17:39:00+00:00,9483.58,9487.77,9483.28,9485.34,15.977853,2020,6,7
2020-06-07 17:40:00+00:00,9485.27,9488.1,9482.2,9487.8,8.71902,2020,6,7
2020-06-07 17:41:00+00:00,9487.85,9490.0,9484.61,9487.43,17.50007,2020,6,7
2020-06-07 17:42:00+00:00,9486.52,9492.0,9477.07,9478.94,30.054575,2020,6,7
2020-06-07 17:43:00+00:00,9479.31,9487.85,9478.26,9481.04,26.427043,2020,6,7
2020-06-07 17:44:00+00:00,9481.22,9481.27,9475.89,9477.67,11.375073,2020,6,7
2020-06-07 17:45:00+00:00,9477.66,9480.47,9473.13,9480.46,14.34126,2020,6,7
2020-06-07 17:46:00+00:00,9480.11,9483.38,9478.39,9478.95,17.536795,2020,6,7
2020-06-07 17:47:00+00:00,9478.99,9483.66,9478.06,9481.91,10.674154,2020,6,7
2020-06-07 17:48:00+00:00,9481.24,9484.21,9480.0,9481.86,7.937281,2020,6,7
2020-06-07 17:49:00+00:00,9481.82,9483.21,9480.57,9481.52,6.17107,2020,6,7
2020-06-07 17:50:00+00:00,9482.37,9487.58,9481.34,9484.03,13.82084,2020,6,7
2020-06-07 17:51:00+00:00,9484.02,9487.37,9483.75,9484.67,6.996193,2020,6,7
2020-06-07 17:52:00+00:00,9484.67,9487.68,9484.29,9487.19,4.920026,2020,6,7
2020-06-07 17:53:00+00:00,9487.22,9488.44,9485.36,9486.33,10.653693,2020,6,7
2020-06-07 17:54:00+00:00,9486.33,9488.72,9481.98,9484.62,23.084095,2020,6,7
2020-06-07 17:55:00+00:00,9484.62,9489.99,9483.88,9487.88,22.031825,2020,6,7
2020-06-07 17:56:00+00:00,9487.42,9495.0,9486.42,9488.22,29.397592,2020,6,7
2020-06-07 17:57:00+00:00,9488.6,9493.51,9488.6,9493.47,9.769456,2020,6,7
2020-06-07 17:58:00+00:00,9493.23,9504.0,9492.49,9499.99,54.776286,2020,6,7
2020-06-07 17:59:00+00:00,9500.0,9502.13,9498.0,9498.02,43.31475,2020,6,7
2020-06-07 18:00:00+00:00,9498.08,9499.76,9494.64,9498.87,41.154183,2020,6,7
2020-06-07 18:01:00+00:00,9498.87,9498.88,9490.49,9492.24,45.860771,2020,6,7
2020-06-07 18:02:00+00:00,9492.24,9494.99,9490.49,9492.12,12.763798,2020,6,7
2020-06-07 18:03:00+00:00,9492.13,9494.79,9490.5,9492.0,14.849203,2020,6,7
2020-06-07 18:04:00+00:00,9492.01,9495.42,9490.65,9494.05,20.102097,2020,6,7
2020-06-07 18:05:00+00:00,9494.06,9495.57,9490.49,9491.69,25.12604,2020,6,7
2020-06-07 18:06:00+00:00,9491.68,9496.42,9491.68,9495.97,20.63991,2020,6,7
2020-06-07 18:07:00+00:00,9495.97,9499.22,9494.33,9498.21,21.967219,2020,6,7
2020-06-07 18:08:00+00:00,9498.2,9498.21,9492.64,9496.82,29.650305,2020,6,7
2020-06-07 18:09:00+00:00,9496.82,9498.15,9492.7,9492.7,16.042714,2020,6,7
2020-06-07 18:10:00+00:00,9492.79,9502.21,9492.79,9500.0,42.920745,2020,6,7
2020-06-07 18:11:00+00:00,9498.68,9499.99,9496.22,9499.99,17.362591,2020,6,7
2020-06-07 18:12:00+00:00,9498.61,9504.83,9495.23,9502.94,119.520258,2020,6,7
2020-06-07 18:13:00+00:00,9502.94,9505.0,9501.65,9505.0,18.977042,2020,6,7
2020-06-07 18:14:00+00:00,9504.99,9513.61,9504.77,9510.07,75.242504,2020,6,7
2020-06-07 18:15:00+00:00,9509.33,9520.0,9503.8,9507.45,108.90206,2020,6,7
2020-06-07 18:16:00+00:00,9507.43,9516.88,9507.01,9513.05,23.782096,2020,6,7
2020-06-07 18:17:00+00:00,9513.45,9515.43,9508.17,9509.51,18.427027,2020,6,7
2020-06-07 18:18:00+00:00,9509.51,9515.6,9509.08,9513.96,61.384128,2020,6,7
2020-06-07 18:19:00+00:00,9514.43,9520.0,9510.0,9519.0,51.934726,2020,6,7
2020-06-07 18:20:00+00:00,9519.0,9520.55,9513.56,9515.04,46.794976,2020,6,7
2020-06-07 18:21:00+00:00,9515.04,9517.13,9513.4,9515.0,12.345507,2020,6,7
2020-06-07 18:22:00+00:00,9515.0,9524.91,9514.95,9522.43,25.137212,2020,6,7
2020-06-07 18:23:00+00:00,9522.41,9523.63,9517.65,9522.47,16.508293,2020,6,7
2020-06-07 18:24:00+00:00,9522.47,9530.61,9519.22,9526.38,29.44839,2020,6,7
2020-06-07 18:25:00+00:00,9526.36,9526.36,9513.88,9516.5,32.399017,2020,6,7
2020-06-07 18:26:00+00:00,9514.88,9525.86,9514.88,9520.06,28.007354,2020,6,7
2020-06-07 18:27:00+00:00,9520.35,9522.54,9519.12,9520.99,10.222325,2020,6,7
2020-06-07 18:28:00+00:00,9520.99,9521.97,9518.57,9521.37,11.441165,2020,6,7
2020-06-07 18:29:00+00:00,9521.88,9522.37,9517.47,9520.08,24.355085,2020,6,7
2020-06-07 18:30:00+00:00,9519.76,9530.0,9517.39,9526.96,25.792403,2020,6,7
2020-06-07 18:31:00+00:00,9526.17,9528.51,9521.17,9527.0,27.333383,2020,6,7
2020-06-07 18:32:00+00:00,9527.01,9529.99,9525.41,9526.05,31.428382,2020,6,7
2020-06-07 18:33:00+00:00,9527.0,9541.91,9523.53,9528.89,96.731899,2020,6,7
2020-06-07 18:34:00+00:00,9528.9,9539.21,9525.16,9529.42,61.509363,2020,6,7
2020-06-07 18:35:00+00:00,9529.2,9533.59,9523.56,9525.5,41.478015,2020,6,7
2020-06-07 18:36:00+00:00,9525.46,9528.18,9523.26,9525.77,24.964029,2020,6,7
2020-06-07 18:37:00+00:00,9525.8,9532.65,9520.41,9532.25,43.2222,2020,6,7
2020-06-07 18:38:00+00:00,9532.63,9539.0,9526.98,9537.53,19.611248,2020,6,7
2020-06-07 18:39:00+00:00,9536.66,9536.66,9524.5,9530.16,24.541009,2020,6,7
2020-06-07 18:40:00+00:00,9529.73,9532.5,9527.0,9530.59,10.322758,2020,6,7
2020-06-07 18:41:00+00:00,9530.36,9538.67,9528.22,9536.22,37.243287,2020,6,7
2020-06-07 18:42:00+00:00,9535.84,9538.43,9533.05,9535.35,16.206335,2020,6,7
2020-06-07 18:43:00+00:00,9535.47,9538.14,9534.53,9534.55,15.1024,2020,6,7
2020-06-07 18:44:00+00:00,9534.53,9537.42,9527.02,9527.41,47.148511,2020,6,7
2020-06-07 18:45:00+00:00,9527.43,9540.0,9527.43,9537.01,26.25323,2020,6,7
2020-06-07 18:46:00+00:00,9536.56,9537.86,9535.03,9535.84,7.661852,2020,6,7
2020-06-07 18:47:00+00:00,9535.85,9537.12,9535.03,9535.84,4.662086,2020,6,7
2020-06-07 18:48:00+00:00,9535.87,9537.05,9528.29,9528.5,14.152292,2020,6,7
2020-06-07 18:49:00+00:00,9529.32,9533.57,9528.49,9529.87,15.249795,2020,6,7
2020-06-07 18:50:00+00:00,9529.88,9531.96,9529.52,9529.53,23.287266,2020,6,7
2020-06-07 18:51:00+00:00,9529.52,9533.0,9526.73,9530.44,22.833869,2020,6,7
2020-06-07 18:52:00+00:00,9530.9,9531.91,9525.0,9526.09,14.251582,2020,6,7
2020-06-07 18:53:00+00:00,9526.09,9530.1,9525.19,9529.6,15.302796,2020,6,7
2020-06-07 18:54:00+00:00,9529.61,9534.97,9527.57,9532.77,17.500138,2020,6,7
2020-06-07 18:55:00+00:00,9532.77,9534.59,9530.0,9530.89,8.249802,2020,6,7
2020-06-07 18:56:00+00:00,9530.89,9534.83,9530.89,9534.5,20.977598,2020,6,7
2020-06-07 18:57:00+00:00,9534.5,9535.0,9529.04,9532.54,36.636739,2020,6,7
2020-06-07 18:58:00+00:00,9532.88,9534.13,9532.53,9532.53,11.65234,2020,6,7
2020-06-07 18:59:00+00:00,9532.53,9532.54,9527.88,9531.0,10.491524,2020,6,7
2020-06-07 19:00:00+00:00,9531.0,9532.98,9528.91,9531.81,13.598355,2020,6,7
2020-06-07 19:01:00+00:00,9531.38,9532.49,9530.04,9531.21,6.209696,2020,6,7
2020-06-07 19:02:00+00:00,9530.93,9534.33,9527.25,9531.47,34.514884,2020,6,7
2020-06-07 19:03:00+00:00,9531.47,9533.89,9528.79,9533.03,10.470619,2020,6,7
2020-06-07 19:04:00+00:00,9533.03,9533.07,9530.01,9532.35,7.983138,2020,6,7
2020-06-07 19:05:00+00:00,9531.16,9532.9,9530.27,9532.46,6.453872,2020,6,7
2020-06-07 19:06:00+00:00,9532.46,9542.43,9532.45,9538.64,35.081357,2020,6,7
2020-06-07 19:07:00+00:00,9538.86,9538.86,9532.45,9532.45,18.337343,2020,6,7
2020-06-07 19:08:00+00:00,9532.45,9536.9,9532.45,9534.0,11.497985,2020,6,7
2020-06-07 19:09:00+00:00,9534.0,9535.55,9528.85,9532.25,34.296077,2020,6,7
2020-06-07 19:10:00+00:00,9532.19,9532.99,9528.78,9529.65,20.513928,2020,6,7
2020-06-07 19:11:00+00:00,9529.65,9530.0,9523.57,9524.45,35.241235,2020,6,7
2020-06-07 19:12:00+00:00,9524.45,9531.59,9524.45,9527.85,22.098991,2020,6,7
2020-06-07 19:13:00+00:00,9527.94,9527.95,9525.53,9527.01,9.425307,2020,6,7
2020-06-07 19:14:00+00:00,9526.79,9532.99,9525.55,9529.99,15.45238,2020,6,7
2020-06-07 19:15:00+00:00,9529.99,9532.03,9515.85,9520.0,37.726756,2020,6,7
2020-06-07 19:16:00+00:00,9520.01,9528.49,9518.43,9524.98,14.576338,2020,6,7
2020-06-07 19:17:00+00:00,9524.98,9538.01,9520.94,9532.39,59.172044,2020,6,7
2020-06-07 19:18:00+00:00,9531.67,9538.67,9531.35,9535.57,14.993749,2020,6,7
2020-06-07 19:19:00+00:00,9535.81,9537.0,9531.66,9533.2,13.18538,2020,6,7
2020-06-07 19:20:00+00:00,9533.2,9535.04,9530.71,9533.96,5.321233,2020,6,7
2020-06-07 19:21:00+00:00,9533.96,9537.88,9533.04,9536.65,64.360731,2020,6,7
2020-06-07 19:22:00+00:00,9536.65,9539.47,9534.88,9537.73,4.758018,2020,6,7
2020-06-07 19:23:00+00:00,9538.38,9539.89,9536.05,9536.43,14.858634,2020,6,7
2020-06-07 19:24:00+00:00,9536.43,9540.0,9536.36,9536.36,16.574226,2020,6,7
2020-06-07 19:25:00+00:00,9537.15,9539.95,9536.82,9539.69,6.608992,2020,6,7
2020-06-07 19:26:00+00:00,9539.69,9542.3,9539.06,9541.18,14.314456,2020,6,7
2020-06-07 19:27:00+00:00,9541.41,9563.72,9541.38,9553.32,248.872643,2020,6,7
2020-06-07 19:28:00+00:00,9553.69,9560.76,9545.97,9548.72,65.878245,2020,6,7
2020-06-07 19:29:00+00:00,9548.99,9550.5,9543.68,9545.0,11.569892,2020,6,7
2020-06-07 19:30:00+00:00,9545.01,9550.45,9545.01,9550.42,20.914989,2020,6,7
2020-06-07 19:31:00+00:00,9550.42,9560.69,9543.77,9560.69,57.975099,2020,6,7
2020-06-07 19:32:00+00:00,9561.22,9562.54,9552.0,9559.69,36.391797,2020,6,7
2020-06-07 19:33:00+00:00,9559.69,9590.66,9558.46,9588.38,259.404924,2020,6,7
2020-06-07 19:34:00+00:00,9588.36,9606.01,9574.96,9577.58,233.195692,2020,6,7
2020-06-07 19:35:00+00:00,9577.58,9589.44,9577.55,9583.09,41.857003,2020,6,7
2020-06-07 19:36:00+00:00,9584.61,9585.0,9580.46,9583.26,23.587556,2020,6,7
2020-06-07 19:37:00+00:00,9583.12,9596.13,9582.44,9591.51,41.498627,2020,6,7
2020-06-07 19:38:00+00:00,9591.51,9604.29,9590.99,9593.46,83.158242,2020,6,7
2020-06-07 19:39:00+00:00,9593.47,9603.6,9590.0,9597.01,35.201268,2020,6,7
2020-06-07 19:40:00+00:00,9596.9,9647.0,9596.9,9620.56,417.48524,2020,6,7
2020-06-07 19:41:00+00:00,9620.56,9630.83,9619.0,9619.85,59.689835,2020,6,7
2020-06-07 19:42:00+00:00,9619.98,9640.0,9617.9,9639.98,102.656487,2020,6,7
2020-06-07 19:43:00+00:00,9639.39,9680.0,9637.29,9656.69,663.945645,2020,6,7
2020-06-07 19:44:00+00:00,9656.21,9679.62,9654.5,9657.85,137.252019,2020,6,7
2020-06-07 19:45:00+00:00,9657.93,9680.0,9657.74,9677.19,83.697133,2020,6,7
2020-06-07 19:46:00+00:00,9677.19,9678.66,9660.1,9665.98,128.560444,2020,6,7
2020-06-07 19:47:00+00:00,9665.97,9675.0,9652.22,9662.67,166.855853,2020,6,7
2020-06-07 19:48:00+00:00,9662.7,9666.51,9659.49,9660.3,53.129377,2020,6,7
2020-06-07 19:49:00+00:00,9661.76,9677.99,9652.73,9673.9,78.899486,2020,6,7
2020-06-07 19:50:00+00:00,9675.17,9675.17,9662.69,9664.79,80.68112,2020,6,7
2020-06-07 19:51:00+00:00,9663.65,9689.0,9663.65,9687.32,171.80329,2020,6,7
2020-06-07 19:52:00+00:00,9688.7,9700.0,9680.9,9688.29,263.999689,2020,6,7
2020-06-07 19:53:00+00:00,9688.28,9695.35,9685.0,9694.68,69.964171,2020,6,7
2020-06-07 19:54:00+00:00,9693.89,9760.0,9693.57,9747.8,985.915542,2020,6,7
2020-06-07 19:55:00+00:00,9746.61,9765.99,9736.73,9753.08,539.233572,2020,6,7
2020-06-07 19:56:00+00:00,9754.24,9756.59,9739.98,9749.9,279.000412,2020,6,7
2020-06-07 19:57:00+00:00,9750.28,9763.78,9745.24,9752.5,212.586213,2020,6,7
2020-06-07 19:58:00+00:00,9752.0,9800.0,9748.13,9774.79,746.990895,2020,6,7
2020-06-07 19:59:00+00:00,9779.41,9791.09,9752.14,9773.81,332.285644,2020,6,7
2020-06-07 20:00:00+00:00,9775.51,9802.0,9771.76,9785.96,420.44541,2020,6,7
2020-06-07 20:01:00+00:00,9782.58,9797.73,9770.64,9781.84,480.906772,2020,6,7
2020-06-07 20:02:00+00:00,9779.88,9780.0,9746.01,9755.04,236.607264,2020,6,7
2020-06-07 20:03:00+00:00,9753.46,9766.17,9733.05,9760.0,256.448016,2020,6,7
2020-06-07 20:04:00+00:00,9758.17,9760.0,9733.15,9737.01,122.115904,2020,6,7
2020-06-07 20:05:00+00:00,9733.33,9755.46,9733.05,9749.93,157.333655,2020,6,7
2020-06-07 20:06:00+00:00,9749.93,9762.88,9746.97,9759.96,167.918074,2020,6,7
2020-06-07 20:07:00+00:00,9759.74,9760.0,9752.61,9756.49,114.743955,2020,6,7
2020-06-07 20:08:00+00:00,9755.39,9778.0,9752.37,9767.03,136.660569,2020,6,7
2020-06-07 20:09:00+00:00,9767.03,9769.61,9752.17,9756.34,54.706361,2020,6,7
2020-06-07 20:10:00+00:00,9754.82,9761.26,9745.81,9748.39,59.400295,2020,6,7
2020-06-07 20:11:00+00:00,9748.38,9752.3,9741.2,9750.0,82.1184,2020,6,7
2020-06-07 20:12:00+00:00,9750.0,9750.0,9744.21,9745.0,48.504819,2020,6,7
2020-06-07 20:13:00+00:00,9745.0,9745.0,9733.32,9734.94,62.260119,2020,6,7
2020-06-07 20:14:00+00:00,9734.86,9747.84,9733.05,9745.0,120.433699,2020,6,7
2020-06-07 20:15:00+00:00,9745.0,9760.0,9744.99,9757.5,195.866866,2020,6,7
2020-06-07 20:16:00+00:00,9757.79,9764.62,9756.5,9764.08,142.727604,2020,6,7
2020-06-07 20:17:00+00:00,9763.67,9765.0,9744.86,9757.16,85.40244,2020,6,7
2020-06-07 20:18:00+00:00,9757.0,9757.03,9747.76,9753.47,35.967351,2020,6,7
2020-06-07 20:19:00+00:00,9753.48,9755.0,9749.32,9750.73,34.653391,2020,6,7
2020-06-07 20:20:00+00:00,9750.99,9751.0,9741.0,9742.23,31.43343,2020,6,7
2020-06-07 20:21:00+00:00,9742.23,9749.86,9739.88,9741.78,47.412089,2020,6,7
2020-06-07 20:22:00+00:00,9740.46,9741.77,9734.06,9735.7,36.680891,2020,6,7
2020-06-07 20:23:00+00:00,9734.99,9747.42,9734.05,9736.5,70.436112,2020,6,7
2020-06-07 20:24:00+00:00,9736.83,9746.0,9724.07,9726.18,154.824775,2020,6,7
2020-06-07 20:25:00+00:00,9726.18,9743.9,9722.23,9736.53,42.968357,2020,6,7
2020-06-07 20:26:00+00:00,9737.26,9743.39,9735.06,9741.59,69.230156,2020,6,7
2020-06-07 20:27:00+00:00,9741.3,9742.89,9712.0,9730.02,87.941977,2020,6,7
2020-06-07 20:28:00+00:00,9730.01,9735.11,9728.13,9728.94,32.941674,2020,6,7
2020-06-07 20:29:00+00:00,9728.94,9735.87,9727.01,9730.0,58.879796,2020,6,7
2020-06-07 20:30:00+00:00,9730.0,9735.86,9728.9,9733.4,70.069554,2020,6,7
2020-06-07 20:31:00+00:00,9733.17,9734.59,9725.12,9728.66,21.657245,2020,6,7
2020-06-07 20:32:00+00:00,9728.78,9730.0,9725.13,9725.29,23.531451,2020,6,7
2020-06-07 20:33:00+00:00,9726.36,9727.01,9725.0,9725.05,30.481878,2020,6,7
2020-06-07 20:34:00+00:00,9725.06,9730.0,9725.0,9729.99,52.252414,2020,6,7
2020-06-07 20:35:00+00:00,9729.97,9741.79,9723.9,9739.5,125.151396,2020,6,7
2020-06-07 20:36:00+00:00,9739.72,9741.2,9734.54,9738.0,33.669324,2020,6,7
2020-06-07 20:37:00+00:00,9738.0,9740.0,9732.39,9738.43,66.554367,2020,6,7
2020-06-07 20:38:00+00:00,9738.42,9739.64,9729.35,9735.77,43.889993,2020,6,7
2020-06-07 20:39:00+00:00,9735.77,9735.78,9729.5,9731.89,15.366356,2020,6,7
2020-06-07 20:40:00+00:00,9732.2,9738.47,9731.93,9736.51,31.615557,2020,6,7
2020-06-07 20:41:00+00:00,9736.06,9739.62,9734.35,9736.22,40.725961,2020,6,7
2020-06-07 20:42:00+00:00,9736.22,9738.47,9736.22,9737.05,9.681663,2020,6,7
2020-06-07 20:43:00+00:00,9737.06,9738.22,9721.57,9722.71,75.376238,2020,6,7
2020-06-07 20:44:00+00:00,9723.2,9723.6,9705.13,9720.86,94.35313,2020,6,7
2020-06-07 20:45:00+00:00,9720.96,9722.0,9715.44,9717.31,22.803503,2020,6,7
2020-06-07 20:46:00+00:00,9717.3,9719.83,9714.75,9719.82,43.697708,2020,6,7
2020-06-07 20:47:00+00:00,9719.79,9719.99,9695.24,9702.88,172.592023,2020,6,7
2020-06-07 20:48:00+00:00,9703.03,9711.88,9701.2,9703.19,89.823941,2020,6,7
2020-06-07 20:49:00+00:00,9703.68,9705.0,9700.49,9703.01,248.812916,2020,6,7
2020-06-07 20:50:00+00:00,9703.01,9704.87,9697.12,9698.98,82.822301,2020,6,7
2020-06-07 20:51:00+00:00,9698.64,9700.0,9686.84,9692.28,97.306332,2020,6,7
2020-06-07 20:52:00+00:00,9692.28,9699.19,9689.52,9690.0,172.425902,2020,6,7
2020-06-07 20:53:00+00:00,9690.0,9690.0,9675.55,9682.5,173.530992,2020,6,7
2020-06-07 20:54:00+00:00,9683.51,9685.67,9677.1,9682.85,125.539006,2020,6,7
2020-06-07 20:55:00+00:00,9682.86,9690.0,9680.19,9689.04,157.649146,2020,6,7
2020-06-07 20:56:00+00:00,9689.04,9699.61,9689.01,9695.53,154.70489,2020,6,7
2020-06-07 20:57:00+00:00,9694.38,9700.0,9693.61,9699.96,67.685259,2020,6,7
2020-06-07 20:58:00+00:00,9699.99,9708.66,9698.62,9707.3,52.9897,2020,6,7
2020-06-07 20:59:00+00:00,9707.24,9734.0,9704.69,9730.08,101.888076,2020,6,7
2020-06-07 21:00:00+00:00,9730.04,9732.28,9718.01,9720.09,112.606509,2020,6,7
2020-06-07 21:01:00+00:00,9720.37,9723.72,9720.09,9721.53,24.754446,2020,6,7
2020-06-07 21:02:00+00:00,9722.0,9722.95,9720.27,9720.28,43.674374,2020,6,7
2020-06-07 21:03:00+00:00,9720.27,9720.28,9702.1,9703.05,53.732973,2020,6,7
2020-06-07 21:04:00+00:00,9702.95,9706.31,9702.62,9705.0,12.436226,2020,6,7
2020-06-07 21:05:00+00:00,9704.18,9708.79,9703.18,9708.72,21.191896,2020,6,7
2020-06-07 21:06:00+00:00,9708.71,9718.12,9708.12,9717.83,33.006623,2020,6,7
2020-06-07 21:07:00+00:00,9717.76,9718.82,9712.54,9713.05,25.77444,2020,6,7
2020-06-07 21:08:00+00:00,9713.43,9714.2,9708.26,9709.98,39.091905,2020,6,7
2020-06-07 21:09:00+00:00,9709.94,9710.0,9707.88,9708.0,10.733982,2020,6,7
2020-06-07 21:10:00+00:00,9707.96,9708.0,9704.79,9705.92,18.438072,2020,6,7
2020-06-07 21:11:00+00:00,9705.95,9706.0,9699.59,9700.09,22.059199,2020,6,7
2020-06-07 21:12:00+00:00,9700.5,9701.89,9697.0,9699.0,26.583319,2020,6,7
2020-06-07 21:13:00+00:00,9698.12,9699.58,9696.83,9696.84,71.668876,2020,6,7
2020-06-07 21:14:00+00:00,9696.99,9712.44,9696.99,9711.37,44.682121,2020,6,7
2020-06-07 21:15:00+00:00,9712.44,9716.73,9710.8,9716.0,30.654419,2020,6,7
2020-06-07 21:16:00+00:00,9714.43,9715.6,9710.08,9712.72,21.640226,2020,6,7
2020-06-07 21:17:00+00:00,9711.86,9713.0,9711.65,9711.94,8.295755,2020,6,7
2020-06-07 21:18:00+00:00,9711.94,9711.95,9697.02,9698.15,34.552645,2020,6,7
2020-06-07 21:19:00+00:00,9696.83,9698.21,9695.0,9695.89,25.947888,2020,6,7
2020-06-07 21:20:00+00:00,9695.89,9700.0,9695.0,9699.99,31.756346,2020,6,7
2020-06-07 21:21:00+00:00,9699.98,9707.51,9699.98,9705.95,33.820493,2020,6,7
2020-06-07 21:22:00+00:00,9705.95,9706.0,9705.43,9706.0,9.367493,2020,6,7
2020-06-07 21:23:00+00:00,9706.0,9706.0,9702.02,9704.25,11.669599,2020,6,7
2020-06-07 21:24:00+00:00,9702.38,9704.19,9696.71,9697.55,11.587861,2020,6,7
2020-06-07 21:25:00+00:00,9697.05,9697.36,9693.37,9694.86,17.787848,2020,6,7
2020-06-07 21:26:00+00:00,9694.84,9694.86,9692.0,9694.0,9.768491,2020,6,7
2020-06-07 21:27:00+00:00,9694.22,9698.87,9693.52,9698.85,18.479391,2020,6,7
2020-06-07 21:28:00+00:00,9697.73,9700.65,9695.69,9699.31,16.616966,2020,6,7
2020-06-07 21:29:00+00:00,9699.31,9701.15,9698.65,9700.65,19.211302,2020,6,7
2020-06-07 21:30:00+00:00,9700.63,9700.98,9698.99,9699.0,11.34034,2020,6,7
2020-06-07 21:31:00+00:00,9699.0,9701.11,9698.74,9700.85,13.586992,2020,6,7
2020-06-07 21:32:00+00:00,9701.11,9704.94,9700.75,9704.25,11.769807,2020,6,7
2020-06-07 21:33:00+00:00,9704.13,9713.0,9703.63,9713.0,33.741201,2020,6,7
2020-06-07 21:34:00+00:00,9713.0,9720.5,9712.26,9720.5,37.587715,2020,6,7
2020-06-07 21:35:00+00:00,9720.5,9724.84,9720.49,9722.36,12.83584,2020,6,7
2020-06-07 21:36:00+00:00,9722.73,9724.87,9715.31,9715.49,30.047745,2020,6,7
2020-06-07 21:37:00+00:00,9715.43,9718.68,9712.31,9712.53,34.072827,2020,6,7
2020-06-07 21:38:00+00:00,9712.54,9715.04,9709.63,9712.21,30.888892,2020,6,7
2020-06-07 21:39:00+00:00,9711.08,9714.34,9710.07,9711.24,7.585421,2020,6,7
2020-06-07 21:40:00+00:00,9711.16,9713.98,9710.71,9712.01,10.975282,2020,6,7
2020-06-07 21:41:00+00:00,9712.74,9721.08,9711.84,9720.05,23.402479,2020,6,7
2020-06-07 21:42:00+00:00,9720.54,9721.57,9719.47,9720.02,6.15665,2020,6,7
2020-06-07 21:43:00+00:00,9719.99,9721.26,9716.74,9717.17,50.90028,2020,6,7
2020-06-07 21:44:00+00:00,9717.18,9717.18,9714.0,9714.0,12.779788,2020,6,7
2020-06-07 21:45:00+00:00,9714.7,9715.21,9710.09,9713.0,16.827757,2020,6,7
2020-06-07 21:46:00+00:00,9712.85,9713.0,9710.0,9710.0,24.171094,2020,6,7
2020-06-07 21:47:00+00:00,9710.28,9711.14,9707.5,9709.4,13.355854,2020,6,7
2020-06-07 21:48:00+00:00,9709.0,9713.27,9707.68,9708.04,13.527488,2020,6,7
2020-06-07 21:49:00+00:00,9708.27,9709.14,9700.09,9703.8,37.233106,2020,6,7
2020-06-07 21:50:00+00:00,9703.81,9703.85,9695.0,9697.35,27.493383,2020,6,7
2020-06-07 21:51:00+00:00,9697.42,9705.49,9696.02,9702.0,29.848336,2020,6,7
2020-06-07 21:52:00+00:00,9702.01,9707.81,9701.02,9704.98,39.272656,2020,6,7
2020-06-07 21:53:00+00:00,9704.99,9704.99,9696.44,9697.07,9.296196,2020,6,7
2020-06-07 21:54:00+00:00,9697.06,9702.24,9695.66,9700.0,14.705238,2020,6,7
2020-06-07 21:55:00+00:00,9699.61,9704.05,9697.75,9703.06,35.882289,2020,6,7
2020-06-07 21:56:00+00:00,9703.06,9704.94,9703.05,9704.32,17.155751,2020,6,7
2020-06-07 21:57:00+00:00,9703.83,9707.78,9703.05,9706.01,10.167067,2020,6,7
2020-06-07 21:58:00+00:00,9706.0,9706.83,9706.0,9706.01,3.683577,2020,6,7
2020-06-07 21:59:00+00:00,9706.02,9706.85,9702.44,9706.84,25.161322,2020,6,7
2020-06-07 22:00:00+00:00,9706.84,9713.3,9706.84,9712.85,21.820391,2020,6,7
2020-06-07 22:01:00+00:00,9712.85,9720.0,9711.96,9717.48,35.545534,2020,6,7
2020-06-07 22:02:00+00:00,9717.48,9720.0,9715.41,9717.28,15.265001,2020,6,7
2020-06-07 22:03:00+00:00,9717.29,9724.87,9717.29,9719.01,74.366498,2020,6,7
2020-06-07 22:04:00+00:00,9719.01,9721.35,9718.97,9720.64,14.894638,2020,6,7
2020-06-07 22:05:00+00:00,9720.65,9722.98,9720.64,9721.73,8.985996,2020,6,7
2020-06-07 22:06:00+00:00,9721.73,9722.4,9710.24,9714.22,90.399471,2020,6,7
2020-06-07 22:07:00+00:00,9714.22,9717.3,9713.37,9717.12,30.71923,2020,6,7
2020-06-07 22:08:00+00:00,9717.12,9721.78,9716.23,9716.51,46.434516,2020,6,7
2020-06-07 22:09:00+00:00,9716.51,9722.0,9716.32,9720.06,22.93809,2020,6,7
2020-06-07 22:10:00+00:00,9720.06,9721.01,9715.18,9720.04,44.679248,2020,6,7
2020-06-07 22:11:00+00:00,9720.04,9721.3,9715.61,9721.3,82.382507,2020,6,7
2020-06-07 22:12:00+00:00,9721.3,9722.0,9717.79,9720.53,64.473338,2020,6,7
2020-06-07 22:13:00+00:00,9720.53,9723.93,9720.08,9720.95,22.560821,2020,6,7
2020-06-07 22:14:00+00:00,9721.03,9724.51,9720.01,9723.93,41.938549,2020,6,7
2020-06-07 22:15:00+00:00,9723.93,9728.17,9722.44,9725.48,84.459732,2020,6,7
2020-06-07 22:16:00+00:00,9725.48,9726.45,9725.24,9726.2,17.588601,2020,6,7
2020-06-07 22:17:00+00:00,9726.2,9759.9,9726.18,9751.36,153.712436,2020,6,7
2020-06-07 22:18:00+00:00,9751.36,9752.49,9733.97,9742.13,98.146543,2020,6,7
2020-06-07 22:19:00+00:00,9743.48,9743.59,9739.25,9741.63,41.811448,2020,6,7
2020-06-07 22:20:00+00:00,9741.99,9743.56,9727.66,9729.37,25.24106,2020,6,7
2020-06-07 22:21:00+00:00,9728.83,9736.15,9728.31,9729.07,19.2285,2020,6,7
2020-06-07 22:22:00+00:00,9729.07,9734.54,9725.48,9726.91,24.570752,2020,6,7
2020-06-07 22:23:00+00:00,9727.64,9737.16,9727.64,9734.8,21.419659,2020,6,7
2020-06-07 22:24:00+00:00,9733.95,9735.0,9729.0,9733.56,23.249212,2020,6,7
2020-06-07 22:25:00+00:00,9733.09,9734.39,9728.39,9728.4,17.695173,2020,6,7
2020-06-07 22:26:00+00:00,9728.4,9732.14,9728.01,9732.08,14.352226,2020,6,7
2020-06-07 22:27:00+00:00,9732.12,9739.0,9731.08,9737.49,13.505636,2020,6,7
2020-06-07 22:28:00+00:00,9737.6,9739.73,9733.38,9734.71,16.404708,2020,6,7
2020-06-07 22:29:00+00:00,9734.71,9738.82,9734.55,9736.79,10.796443,2020,6,7
2020-06-07 22:30:00+00:00,9736.8,9749.98,9736.79,9740.77,147.337379,2020,6,7
2020-06-07 22:31:00+00:00,9742.49,9747.0,9742.01,9745.99,18.288638,2020,6,7
2020-06-07 22:32:00+00:00,9746.66,9748.09,9741.45,9745.04,66.672157,2020,6,7
2020-06-07 22:33:00+00:00,9745.04,9746.06,9737.98,9745.03,213.210505,2020,6,7
2020-06-07 22:34:00+00:00,9745.03,9749.63,9740.06,9747.91,87.926238,2020,6,7
2020-06-07 22:35:00+00:00,9748.78,9750.08,9744.6,9745.9,86.803868,2020,6,7
2020-06-07 22:36:00+00:00,9745.91,9752.14,9745.75,9749.99,64.361174,2020,6,7
2020-06-07 22:37:00+00:00,9749.98,9752.44,9745.0,9750.05,49.652077,2020,6,7
2020-06-07 22:38:00+00:00,9750.05,9756.68,9750.03,9753.13,46.168219,2020,6,7
2020-06-07 22:39:00+00:00,9753.13,9760.13,9752.25,9760.0,59.57579,2020,6,7
2020-06-07 22:40:00+00:00,9760.0,9760.01,9748.76,9755.92,162.272987,2020,6,7
2020-06-07 22:41:00+00:00,9755.92,9777.0,9755.92,9764.5,210.603717,2020,6,7
2020-06-07 22:42:00+00:00,9764.5,9767.29,9760.0,9766.59,88.401122,2020,6,7
2020-06-07 22:43:00+00:00,9766.59,9774.49,9766.39,9770.01,67.186088,2020,6,7
2020-06-07 22:44:00+00:00,9770.0,9770.01,9760.89,9762.05,88.357594,2020,6,7
2020-06-07 22:45:00+00:00,9762.05,9773.0,9760.28,9769.63,85.03269,2020,6,7
2020-06-07 22:46:00+00:00,9769.64,9771.97,9765.07,9767.96,61.598104,2020,6,7
2020-06-07 22:47:00+00:00,9767.95,9770.78,9765.99,9769.31,60.717814,2020,6,7
2020-06-07 22:48:00+00:00,9769.79,9776.27,9769.31,9773.35,52.544886,2020,6,7
2020-06-07 22:49:00+00:00,9773.35,9777.36,9767.41,9769.03,55.152113,2020,6,7
2020-06-07 22:50:00+00:00,9769.03,9769.03,9744.82,9747.08,215.145831,2020,6,7
2020-06-07 22:51:00+00:00,9748.06,9760.59,9746.07,9755.57,57.651048,2020,6,7
2020-06-07 22:52:00+00:00,9755.26,9756.28,9747.18,9748.46,29.292231,2020,6,7
2020-06-07 22:53:00+00:00,9749.67,9750.01,9740.14,9741.49,52.672268,2020,6,7
2020-06-07 22:54:00+00:00,9741.91,9745.35,9740.0,9741.87,41.501069,2020,6,7
2020-06-07 22:55:00+00:00,9741.42,9747.59,9740.51,9742.72,38.069312,2020,6,7
2020-06-07 22:56:00+00:00,9742.75,9749.19,9742.05,9745.82,35.512266,2020,6,7
2020-06-07 22:57:00+00:00,9745.83,9749.95,9745.82,9747.85,19.789419,2020,6,7
2020-06-07 22:58:00+00:00,9747.85,9751.58,9747.85,9751.3,32.738452,2020,6,7
2020-06-07 22:59:00+00:00,9751.3,9755.85,9751.3,9755.56,19.732997,2020,6,7
2020-06-07 23:00:00+00:00,9755.56,9785.19,9755.56,9773.52,152.740504,2020,6,7
2020-06-07 23:01:00+00:00,9774.02,9775.12,9765.79,9768.08,67.229537,2020,6,7
2020-06-07 23:02:00+00:00,9767.96,9771.0,9762.77,9766.0,24.083084,2020,6,7
2020-06-07 23:03:00+00:00,9766.0,9767.99,9762.65,9765.26,14.289774,2020,6,7
2020-06-07 23:04:00+00:00,9765.26,9767.27,9760.0,9760.0,19.23793,2020,6,7
2020-06-07 23:05:00+00:00,9760.01,9775.0,9760.01,9772.99,50.163772,2020,6,7
2020-06-07 23:06:00+00:00,9772.11,9773.86,9762.86,9767.21,50.194892,2020,6,7
2020-06-07 23:07:00+00:00,9767.21,9767.21,9762.34,9764.14,22.892557,2020,6,7
2020-06-07 23:08:00+00:00,9764.14,9765.97,9756.08,9757.11,22.589787,2020,6,7
2020-06-07 23:09:00+00:00,9757.11,9761.89,9756.31,9758.68,57.609134,2020,6,7
2020-06-07 23:10:00+00:00,9758.67,9760.45,9755.56,9760.44,69.870033,2020,6,7
2020-06-07 23:11:00+00:00,9760.44,9760.49,9752.54,9754.11,27.332684,2020,6,7
2020-06-07 23:12:00+00:00,9754.12,9755.49,9743.03,9745.0,80.526824,2020,6,7
2020-06-07 23:13:00+00:00,9745.0,9755.94,9744.5,9747.15,56.9465,2020,6,7
2020-06-07 23:14:00+00:00,9747.0,9749.44,9737.44,9741.96,52.782547,2020,6,7
2020-06-07 23:15:00+00:00,9741.99,9750.01,9739.51,9741.31,26.751873,2020,6,7
2020-06-07 23:16:00+00:00,9740.44,9742.08,9732.03,9736.81,39.193977,2020,6,7
2020-06-07 23:17:00+00:00,9736.87,9745.27,9735.83,9742.08,38.998782,2020,6,7
2020-06-07 23:18:00+00:00,9742.3,9746.66,9733.72,9734.48,44.221591,2020,6,7
2020-06-07 23:19:00+00:00,9734.21,9738.45,9733.0,9734.98,30.820698,2020,6,7
2020-06-07 23:20:00+00:00,9734.98,9759.48,9731.63,9755.98,119.79616,2020,6,7
2020-06-07 23:21:00+00:00,9753.97,9757.55,9739.6,9744.48,85.513315,2020,6,7
2020-06-07 23:22:00+00:00,9744.48,9744.49,9738.77,9742.25,25.249801,2020,6,7
2020-06-07 23:23:00+00:00,9742.25,9747.77,9740.37,9743.72,34.143454,2020,6,7
2020-06-07 23:24:00+00:00,9743.72,9745.49,9735.89,9739.25,26.220083,2020,6,7
2020-06-07 23:25:00+00:00,9739.39,9743.87,9731.53,9734.6,63.938825,2020,6,7
2020-06-07 23:26:00+00:00,9734.34,9738.38,9733.39,9735.48,58.817935,2020,6,7
2020-06-07 23:27:00+00:00,9736.0,9739.6,9733.38,9738.0,46.885513,2020,6,7
2020-06-07 23:28:00+00:00,9738.0,9742.8,9737.34,9740.57,23.790046,2020,6,7
2020-06-07 23:29:00+00:00,9740.57,9748.12,9738.54,9738.68,31.48028,2020,6,7
2020-06-07 23:30:00+00:00,9738.68,9748.43,9738.68,9742.21,30.642174,2020,6,7
2020-06-07 23:31:00+00:00,9742.22,9746.56,9740.51,9740.96,10.548348,2020,6,7
2020-06-07 23:32:00+00:00,9740.95,9742.01,9734.04,9738.66,26.466396,2020,6,7
2020-06-07 23:33:00+00:00,9738.38,9744.09,9738.38,9738.86,22.649724,2020,6,7
2020-06-07 23:34:00+00:00,9738.86,9740.58,9732.43,9735.8,27.183532,2020,6,7
2020-06-07 23:35:00+00:00,9736.11,9737.0,9733.91,9734.13,15.791671,2020,6,7
2020-06-07 23:36:00+00:00,9734.14,9736.91,9731.25,9732.46,21.301184,2020,6,7
2020-06-07 23:37:00+00:00,9732.53,9737.0,9732.2,9732.87,9.94659,2020,6,7
2020-06-07 23:38:00+00:00,9733.07,9736.42,9725.0,9733.61,38.884782,2020,6,7
2020-06-07 23:39:00+00:00,9733.76,9738.37,9730.0,9732.82,48.021848,2020,6,7
2020-06-07 23:40:00+00:00,9732.49,9735.0,9732.37,9733.93,12.159204,2020,6,7
2020-06-07 23:41:00+00:00,9733.99,9734.0,9730.52,9733.66,12.969095,2020,6,7
2020-06-07 23:42:00+00:00,9733.66,9742.99,9733.01,9737.2,26.698106,2020,6,7
2020-06-07 23:43:00+00:00,9738.5,9740.97,9734.09,9734.52,26.335738,2020,6,7
2020-06-07 23:44:00+00:00,9734.51,9743.76,9734.07,9742.48,17.588223,2020,6,7
2020-06-07 23:45:00+00:00,9742.48,9743.75,9741.0,9741.2,11.965798,2020,6,7
2020-06-07 23:46:00+00:00,9741.18,9744.95,9740.25,9742.52,14.920871,2020,6,7
2020-06-07 23:47:00+00:00,9743.24,9752.28,9742.56,9750.34,38.139368,2020,6,7
2020-06-07 23:48:00+00:00,9750.34,9751.28,9746.24,9749.27,14.169425,2020,6,7
2020-06-07 23:49:00+00:00,9749.72,9749.8,9746.32,9748.55,7.999215,2020,6,7
2020-06-07 23:50:00+00:00,9748.54,9750.43,9739.01,9742.03,27.897787,2020,6,7
2020-06-07 23:51:00+00:00,9742.02,9744.16,9740.55,9742.01,10.472679,2020,6,7
2020-06-07 23:52:00+00:00,9742.01,9744.03,9736.62,9738.33,28.024735,2020,6,7
2020-06-07 23:53:00+00:00,9739.24,9742.67,9736.25,9738.37,16.185614,2020,6,7
2020-06-07 23:54:00+00:00,9737.78,9741.74,9736.96,9740.25,9.321445,2020,6,7
2020-06-07 23:55:00+00:00,9739.97,9743.09,9737.36,9738.03,19.919404,2020,6,7
2020-06-07 23:56:00+00:00,9738.44,9750.0,9738.21,9746.59,35.293723,2020,6,7
2020-06-07 23:57:00+00:00,9747.95,9750.85,9745.0,9746.5,74.77813,2020,6,7
2020-06-07 23:58:00+00:00,9745.38,9749.09,9745.33,9748.17,14.493485,2020,6,7
2020-06-07 23:59:00+00:00,9748.15,9748.92,9744.99,9746.99,24.59086,2020,6,7
2020-06-08 00:00:00+00:00,9746.99,9760.08,9745.0,9758.17,119.234641,2020,6,8
2020-06-08 00:01:00+00:00,9758.19,9763.43,9758.0,9762.01,35.569586,2020,6,8
2020-06-08 00:02:00+00:00,9762.01,9774.11,9761.37,9771.01,57.981567,2020,6,8
2020-06-08 00:03:00+00:00,9771.01,9779.99,9766.84,9775.56,121.841851,2020,6,8
2020-06-08 00:04:00+00:00,9775.3,9776.27,9764.55,9765.3,53.431358,2020,6,8
2020-06-08 00:05:00+00:00,9765.78,9769.96,9762.85,9763.6,44.471146,2020,6,8
2020-06-08 00:06:00+00:00,9763.67,9766.75,9760.0,9760.47,16.514289,2020,6,8
2020-06-08 00:07:00+00:00,9760.47,9761.13,9749.68,9759.0,43.448607,2020,6,8
2020-06-08 00:08:00+00:00,9759.0,9759.01,9750.0,9750.79,31.975077,2020,6,8
2020-06-08 00:09:00+00:00,9751.31,9751.94,9742.85,9747.61,35.754263,2020,6,8
2020-06-08 00:10:00+00:00,9748.81,9754.6,9747.22,9750.0,26.990378,2020,6,8
2020-06-08 00:11:00+00:00,9749.98,9750.0,9747.39,9748.96,30.531709,2020,6,8
2020-06-08 00:12:00+00:00,9748.95,9749.86,9738.28,9738.57,28.105276,2020,6,8
2020-06-08 00:13:00+00:00,9738.57,9739.04,9732.37,9735.44,33.548293,2020,6,8
2020-06-08 00:14:00+00:00,9735.44,9738.0,9734.93,9738.0,16.100127,2020,6,8
2020-06-08 00:15:00+00:00,9737.99,9739.98,9736.0,9739.24,14.21754,2020,6,8
2020-06-08 00:16:00+00:00,9739.08,9739.17,9735.0,9736.92,12.797913,2020,6,8
2020-06-08 00:17:00+00:00,9735.71,9738.0,9734.52,9737.99,15.023302,2020,6,8
2020-06-08 00:18:00+00:00,9737.99,9744.29,9737.93,9740.28,65.133828,2020,6,8
2020-06-08 00:19:00+00:00,9740.29,9740.69,9735.68,9736.41,26.835606,2020,6,8
2020-06-08 00:20:00+00:00,9736.25,9741.92,9733.63,9740.71,29.876892,2020,6,8
2020-06-08 00:21:00+00:00,9740.84,9744.19,9740.16,9742.59,7.28891,2020,6,8
2020-06-08 00:22:00+00:00,9742.86,9760.0,9734.77,9758.65,103.982749,2020,6,8
2020-06-08 00:23:00+00:00,9758.66,9761.55,9752.01,9756.01,34.177887,2020,6,8
2020-06-08 00:24:00+00:00,9756.01,9756.99,9753.5,9755.18,12.996419,2020,6,8
2020-06-08 00:25:00+00:00,9755.19,9765.0,9755.18,9764.53,23.793588,2020,6,8
2020-06-08 00:26:00+00:00,9764.53,9766.51,9762.13,9762.98,44.215132,2020,6,8
2020-06-08 00:27:00+00:00,9762.94,9765.52,9756.09,9756.94,57.704879,2020,6,8
2020-06-08 00:28:00+00:00,9756.95,9763.74,9756.92,9763.1,35.792502,2020,6,8
2020-06-08 00:29:00+00:00,9763.73,9767.74,9760.85,9761.94,54.235811,2020,6,8
2020-06-08 00:30:00+00:00,9763.26,9768.46,9762.92,9766.21,22.665979,2020,6,8
2020-06-08 00:31:00+00:00,9766.21,9767.88,9763.5,9764.69,23.649709,2020,6,8
2020-06-08 00:32:00+00:00,9764.82,9767.03,9763.19,9765.99,12.977755,2020,6,8
2020-06-08 00:33:00+00:00,9765.99,9768.17,9747.23,9748.4,30.072838,2020,6,8
2020-06-08 00:34:00+00:00,9749.14,9760.53,9747.74,9754.18,36.446066,2020,6,8
2020-06-08 00:35:00+00:00,9753.95,9754.8,9750.45,9751.21,8.135456,2020,6,8
2020-06-08 00:36:00+00:00,9751.35,9751.96,9741.46,9743.68,17.215666,2020,6,8
2020-06-08 00:37:00+00:00,9743.59,9749.0,9742.99,9748.55,20.687227,2020,6,8
2020-06-08 00:38:00+00:00,9747.52,9751.97,9746.16,9749.98,11.155309,2020,6,8
2020-06-08 00:39:00+00:00,9749.99,9752.47,9748.73,9750.05,12.361078,2020,6,8
2020-06-08 00:40:00+00:00,9750.75,9761.58,9750.75,9760.51,105.085551,2020,6,8
2020-06-08 00:41:00+00:00,9760.01,9762.02,9755.0,9755.0,39.067573,2020,6,8
2020-06-08 00:42:00+00:00,9755.01,9755.01,9750.0,9750.0,14.476262,2020,6,8
2020-06-08 00:43:00+00:00,9750.01,9750.13,9744.7,9746.81,11.919022,2020,6,8
2020-06-08 00:44:00+00:00,9746.82,9756.16,9745.8,9750.27,20.311981,2020,6,8
2020-06-08 00:45:00+00:00,9749.93,9753.51,9746.85,9752.74,6.004718,2020,6,8
2020-06-08 00:46:00+00:00,9752.74,9758.93,9752.74,9754.03,27.762106,2020,6,8
2020-06-08 00:47:00+00:00,9754.05,9754.29,9748.77,9749.99,24.049504,2020,6,8
2020-06-08 00:48:00+00:00,9749.99,9752.76,9749.98,9750.64,17.626429,2020,6,8
2020-06-08 00:49:00+00:00,9751.0,9751.0,9746.11,9747.3,12.612932,2020,6,8
2020-06-08 00:50:00+00:00,9747.3,9750.99,9742.96,9744.35,12.845906,2020,6,8
2020-06-08 00:51:00+00:00,9745.0,9747.48,9744.98,9746.74,21.799288,2020,6,8
2020-06-08 00:52:00+00:00,9746.84,9747.73,9744.97,9744.97,23.360699,2020,6,8
2020-06-08 00:53:00+00:00,9744.97,9749.99,9744.88,9749.0,39.259697,2020,6,8
2020-06-08 00:54:00+00:00,9749.0,9750.77,9745.71,9746.8,57.75542,2020,6,8
2020-06-08 00:55:00+00:00,9747.11,9747.11,9740.0,9741.2,12.399847,2020,6,8
2020-06-08 00:56:00+00:00,9741.2,9749.05,9740.5,9746.26,27.02463,2020,6,8
2020-06-08 00:57:00+00:00,9746.26,9752.6,9743.62,9749.24,45.968487,2020,6,8
2020-06-08 00:58:00+00:00,9749.24,9766.86,9748.46,9761.65,71.406085,2020,6,8
2020-06-08 00:59:00+00:00,9761.65,9763.53,9758.18,9761.17,19.429356,2020,6,8
2020-06-08 01:00:00+00:00,9761.17,9769.9,9761.17,9769.26,40.40157,2020,6,8
2020-06-08 01:01:00+00:00,9768.18,9778.0,9765.28,9765.29,84.058829,2020,6,8
2020-06-08 01:02:00+00:00,9765.29,9767.81,9761.99,9764.99,70.57585,2020,6,8
2020-06-08 01:03:00+00:00,9764.99,9769.85,9764.99,9767.91,54.684144,2020,6,8
2020-06-08 01:04:00+00:00,9767.91,9769.0,9766.58,9768.19,38.75894,2020,6,8
2020-06-08 01:05:00+00:00,9768.2,9771.85,9755.22,9761.22,52.192279,2020,6,8
2020-06-08 01:06:00+00:00,9760.24,9766.17,9758.42,9758.42,17.837983,2020,6,8
2020-06-08 01:07:00+00:00,9758.41,9761.71,9755.13,9755.81,17.146442,2020,6,8
2020-06-08 01:08:00+00:00,9755.51,9755.52,9748.06,9749.9,43.707679,2020,6,8
2020-06-08 01:09:00+00:00,9749.85,9751.77,9747.68,9751.36,11.689466,2020,6,8
2020-06-08 01:10:00+00:00,9751.32,9754.49,9740.59,9740.88,48.860116,2020,6,8
2020-06-08 01:11:00+00:00,9740.87,9751.71,9740.66,9747.44,28.143281,2020,6,8
2020-06-08 01:12:00+00:00,9747.45,9750.0,9746.58,9748.33,16.907208,2020,6,8
2020-06-08 01:13:00+00:00,9747.6,9750.81,9747.59,9749.9,11.635674,2020,6,8
2020-06-08 01:14:00+00:00,9749.89,9750.45,9741.0,9741.0,29.940528,2020,6,8
2020-06-08 01:15:00+00:00,9740.61,9747.97,9740.37,9746.8,17.626951,2020,6,8
2020-06-08 01:16:00+00:00,9746.65,9747.38,9743.04,9746.61,6.767641,2020,6,8
2020-06-08 01:17:00+00:00,9745.39,9745.39,9734.29,9740.0,50.070159,2020,6,8
2020-06-08 01:18:00+00:00,9740.0,9743.98,9737.43,9742.04,19.519243,2020,6,8
2020-06-08 01:19:00+00:00,9741.82,9742.04,9737.55,9740.01,20.658576,2020,6,8
2020-06-08 01:20:00+00:00,9740.01,9749.18,9740.0,9748.58,23.514439,2020,6,8
2020-06-08 01:21:00+00:00,9748.28,9748.61,9744.6,9745.62,5.688088,2020,6,8
2020-06-08 01:22:00+00:00,9745.63,9748.0,9745.0,9747.26,3.716547,2020,6,8
2020-06-08 01:23:00+00:00,9747.62,9748.49,9740.0,9741.02,6.633617,2020,6,8
2020-06-08 01:24:00+00:00,9740.62,9767.63,9740.02,9757.18,117.963653,2020,6,8
2020-06-08 01:25:00+00:00,9757.18,9757.84,9750.56,9750.71,20.306627,2020,6,8
2020-06-08 01:26:00+00:00,9751.13,9754.96,9742.4,9743.98,49.300385,2020,6,8
2020-06-08 01:27:00+00:00,9746.49,9753.47,9744.52,9745.09,13.020463,2020,6,8
2020-06-08 01:28:00+00:00,9745.51,9753.59,9742.41,9742.41,21.504301,2020,6,8
2020-06-08 01:29:00+00:00,9742.41,9753.17,9741.84,9748.9,33.698214,2020,6,8
2020-06-08 01:30:00+00:00,9748.9,9752.62,9748.13,9749.6,11.482074,2020,6,8
2020-06-08 01:31:00+00:00,9749.94,9750.0,9745.76,9747.53,16.876318,2020,6,8
2020-06-08 01:32:00+00:00,9747.04,9749.98,9747.04,9749.77,7.12287,2020,6,8
2020-06-08 01:33:00+00:00,9749.78,9749.78,9744.09,9745.11,33.758244,2020,6,8
2020-06-08 01:34:00+00:00,9745.1,9746.5,9739.45,9743.66,59.145204,2020,6,8
2020-06-08 01:35:00+00:00,9743.67,9743.8,9739.99,9741.85,24.395627,2020,6,8
2020-06-08 01:36:00+00:00,9741.85,9746.38,9741.62,9746.0,13.669916,2020,6,8
2020-06-08 01:37:00+00:00,9746.0,9746.78,9742.53,9743.43,26.184528,2020,6,8
2020-06-08 01:38:00+00:00,9743.43,9760.99,9739.9,9757.6,59.910278,2020,6,8
2020-06-08 01:39:00+00:00,9757.0,9760.12,9751.82,9755.63,16.214842,2020,6,8
2020-06-08 01:40:00+00:00,9755.54,9757.96,9752.47,9756.01,12.90569,2020,6,8
2020-06-08 01:41:00+00:00,9756.13,9763.26,9755.56,9762.49,45.258405,2020,6,8
2020-06-08 01:42:00+00:00,9762.49,9763.99,9756.56,9760.99,21.467338,2020,6,8
2020-06-08 01:43:00+00:00,9760.52,9763.91,9759.15,9760.79,28.173507,2020,6,8
2020-06-08 01:44:00+00:00,9761.0,9761.0,9755.75,9758.18,45.767447,2020,6,8
2020-06-08 01:45:00+00:00,9758.17,9759.0,9756.28,9757.95,17.725341,2020,6,8
2020-06-08 01:46:00+00:00,9757.95,9757.95,9753.0,9753.99,33.041755,2020,6,8
2020-06-08 01:47:00+00:00,9754.0,9754.0,9752.23,9753.0,22.697502,2020,6,8
2020-06-08 01:48:00+00:00,9753.0,9753.0,9752.16,9753.0,6.978372,2020,6,8
2020-06-08 01:49:00+00:00,9752.99,9760.0,9752.11,9757.52,32.703702,2020,6,8
2020-06-08 01:50:00+00:00,9757.51,9758.0,9751.5,9751.82,21.874705,2020,6,8
2020-06-08 01:51:00+00:00,9751.82,9757.05,9751.67,9753.43,35.809954,2020,6,8
2020-06-08 01:52:00+00:00,9753.35,9754.2,9745.35,9750.14,18.406998,2020,6,8
2020-06-08 01:53:00+00:00,9750.01,9751.85,9743.93,9743.93,8.657388,2020,6,8
2020-06-08 01:54:00+00:00,9743.92,9744.97,9738.15,9742.69,27.877143,2020,6,8
2020-06-08 01:55:00+00:00,9742.69,9744.99,9740.0,9744.33,54.313769,2020,6,8
2020-06-08 01:56:00+00:00,9744.33,9746.83,9744.15,9746.19,14.537439,2020,6,8
2020-06-08 01:57:00+00:00,9746.38,9755.0,9746.19,9753.83,21.842667,2020,6,8
2020-06-08 01:58:00+00:00,9753.8,9753.82,9746.34,9747.48,15.163872,2020,6,8
2020-06-08 01:59:00+00:00,9747.46,9749.38,9742.35,9743.32,16.546968,2020,6,8
2020-06-08 02:00:00+00:00,9742.6,9749.97,9737.93,9747.62,44.25301,2020,6,8
2020-06-08 02:01:00+00:00,9747.62,9753.45,9747.62,9750.02,27.075227,2020,6,8
2020-06-08 02:02:00+00:00,9750.02,9750.02,9744.35,9747.23,18.269953,2020,6,8
2020-06-08 02:03:00+00:00,9747.22,9747.63,9742.79,9742.82,13.825021,2020,6,8
2020-06-08 02:04:00+00:00,9742.82,9744.73,9741.24,9742.71,10.097499,2020,6,8
2020-06-08 02:05:00+00:00,9743.17,9747.38,9743.14,9746.0,5.01355,2020,6,8
2020-06-08 02:06:00+00:00,9746.0,9747.7,9741.04,9742.4,8.994311,2020,6,8
2020-06-08 02:07:00+00:00,9742.4,9744.91,9741.43,9741.43,6.425072,2020,6,8
2020-06-08 02:08:00+00:00,9741.44,9745.64,9740.94,9743.68,13.057717,2020,6,8
2020-06-08 02:09:00+00:00,9743.69,9746.58,9740.0,9740.72,16.751675,2020,6,8
2020-06-08 02:10:00+00:00,9740.93,9746.63,9740.93,9745.95,33.393849,2020,6,8
2020-06-08 02:11:00+00:00,9745.97,9753.9,9745.96,9750.83,22.738667,2020,6,8
2020-06-08 02:12:00+00:00,9750.45,9753.74,9749.66,9751.39,16.421515,2020,6,8
2020-06-08 02:13:00+00:00,9751.38,9751.38,9751.32,9751.32,8.004219,2020,6,8
2020-06-08 02:14:00+00:00,9751.32,9751.35,9744.52,9751.34,15.230086,2020,6,8
2020-06-08 02:15:00+00:00,9751.34,9751.34,9750.1,9751.13,9.758952,2020,6,8
2020-06-08 02:16:00+00:00,9751.13,9751.13,9745.82,9747.26,31.105819,2020,6,8
2020-06-08 02:17:00+00:00,9747.25,9752.75,9745.59,9749.64,44.556041,2020,6,8
2020-06-08 02:18:00+00:00,9749.64,9751.71,9748.38,9748.39,15.729621,2020,6,8
2020-06-08 02:19:00+00:00,9748.39,9748.39,9743.85,9745.03,14.248864,2020,6,8
2020-06-08 02:20:00+00:00,9745.03,9750.79,9743.85,9747.07,22.301187,2020,6,8
2020-06-08 02:21:00+00:00,9747.07,9747.07,9744.26,9745.42,5.334824,2020,6,8
2020-06-08 02:22:00+00:00,9745.43,9745.74,9739.69,9741.77,13.632976,2020,6,8
2020-06-08 02:23:00+00:00,9741.76,9743.24,9740.3,9741.02,11.650834,2020,6,8
2020-06-08 02:24:00+00:00,9741.61,9741.65,9734.0,9735.27,30.688751,2020,6,8
2020-06-08 02:25:00+00:00,9735.27,9739.99,9732.0,9735.94,40.969541,2020,6,8
2020-06-08 02:26:00+00:00,9734.71,9737.55,9734.71,9736.5,9.369511,2020,6,8
2020-06-08 02:27:00+00:00,9736.5,9741.42,9734.4,9741.42,19.495823,2020,6,8
2020-06-08 02:28:00+00:00,9741.42,9742.4,9738.02,9741.61,10.483227,2020,6,8
2020-06-08 02:29:00+00:00,9740.33,9744.86,9739.81,9742.98,13.302076,2020,6,8
2020-06-08 02:30:00+00:00,9742.99,9744.9,9738.97,9742.58,18.311913,2020,6,8
2020-06-08 02:31:00+00:00,9742.58,9750.0,9742.57,9746.92,29.357616,2020,6,8
2020-06-08 02:32:00+00:00,9746.92,9746.93,9740.37,9745.97,25.669193,2020,6,8
2020-06-08 02:33:00+00:00,9746.45,9746.45,9742.33,9743.59,16.990577,2020,6,8
2020-06-08 02:34:00+00:00,9743.6,9744.61,9741.75,9742.78,18.954598,2020,6,8
2020-06-08 02:35:00+00:00,9742.91,9742.91,9736.05,9740.49,18.904884,2020,6,8
2020-06-08 02:36:00+00:00,9740.05,9740.92,9714.28,9720.75,118.114847,2020,6,8
2020-06-08 02:37:00+00:00,9720.75,9729.88,9719.04,9722.46,61.071293,2020,6,8
2020-06-08 02:38:00+00:00,9722.17,9725.76,9717.0,9720.63,31.659392,2020,6,8
2020-06-08 02:39:00+00:00,9720.63,9728.96,9715.0,9717.76,52.742361,2020,6,8
2020-06-08 02:40:00+00:00,9717.8,9721.25,9714.41,9719.09,39.784148,2020,6,8
2020-06-08 02:41:00+00:00,9719.09,9728.99,9715.1,9727.62,55.335492,2020,6,8
2020-06-08 02:42:00+00:00,9727.62,9728.54,9720.78,9720.79,20.485881,2020,6,8
2020-06-08 02:43:00+00:00,9720.78,9725.85,9715.76,9721.08,52.48972,2020,6,8
2020-06-08 02:44:00+00:00,9720.88,9724.05,9720.46,9723.27,19.117044,2020,6,8
2020-06-08 02:45:00+00:00,9723.21,9723.83,9717.5,9718.74,19.397188,2020,6,8
2020-06-08 02:46:00+00:00,9718.73,9719.98,9712.28,9714.98,18.73789,2020,6,8
2020-06-08 02:47:00+00:00,9714.97,9719.73,9711.29,9718.97,25.24677,2020,6,8
2020-06-08 02:48:00+00:00,9718.94,9727.86,9718.8,9723.94,50.761265,2020,6,8
2020-06-08 02:49:00+00:00,9724.11,9726.05,9717.83,9724.27,29.132837,2020,6,8
2020-06-08 02:50:00+00:00,9724.29,9729.0,9723.35,9726.33,20.107985,2020,6,8
2020-06-08 02:51:00+00:00,9726.37,9726.83,9721.09,9721.5,61.31731,2020,6,8
2020-06-08 02:52:00+00:00,9722.29,9722.99,9720.44,9721.9,5.086805,2020,6,8
2020-06-08 02:53:00+00:00,9721.93,9721.93,9717.51,9719.26,8.540218,2020,6,8
2020-06-08 02:54:00+00:00,9719.26,9720.0,9715.0,9720.0,16.38554,2020,6,8
2020-06-08 02:55:00+00:00,9720.0,9720.0,9714.48,9715.62,28.418135,2020,6,8
2020-06-08 02:56:00+00:00,9715.61,9716.64,9712.24,9714.02,17.140815,2020,6,8
2020-06-08 02:57:00+00:00,9714.03,9720.0,9698.06,9706.08,114.175892,2020,6,8
2020-06-08 02:58:00+00:00,9706.57,9719.97,9705.2,9717.23,56.43747,2020,6,8
2020-06-08 02:59:00+00:00,9716.47,9720.0,9713.51,9718.7,22.564822,2020,6,8
2020-06-08 03:00:00+00:00,9719.0,9720.59,9716.07,9716.99,9.266004,2020,6,8
2020-06-08 03:01:00+00:00,9717.49,9719.2,9716.3,9717.98,6.146034,2020,6,8
2020-06-08 03:02:00+00:00,9717.97,9720.47,9711.59,9719.42,36.604048,2020,6,8
2020-06-08 03:03:00+00:00,9718.89,9720.59,9717.93,9720.57,8.265628,2020,6,8
2020-06-08 03:04:00+00:00,9720.58,9721.23,9717.32,9718.85,9.976127,2020,6,8
2020-06-08 03:05:00+00:00,9718.84,9722.57,9717.51,9722.18,14.432242,2020,6,8
2020-06-08 03:06:00+00:00,9722.27,9727.07,9721.99,9725.7,27.795283,2020,6,8
2020-06-08 03:07:00+00:00,9725.7,9728.05,9722.59,9726.21,29.261582,2020,6,8
2020-06-08 03:08:00+00:00,9725.91,9727.51,9723.05,9726.02,7.566835,2020,6,8
2020-06-08 03:09:00+00:00,9726.05,9727.0,9725.59,9726.4,3.0238,2020,6,8
2020-06-08 03:10:00+00:00,9726.36,9726.64,9722.19,9724.99,12.432291,2020,6,8
2020-06-08 03:11:00+00:00,9724.99,9726.03,9724.99,9726.02,6.029626,2020,6,8
2020-06-08 03:12:00+00:00,9726.02,9728.85,9726.0,9728.83,13.01008,2020,6,8
2020-06-08 03:13:00+00:00,9728.83,9728.84,9727.9,9728.0,12.470537,2020,6,8
2020-06-08 03:14:00+00:00,9728.0,9728.0,9721.11,9723.0,24.555949,2020,6,8
2020-06-08 03:15:00+00:00,9723.01,9725.09,9723.0,9724.97,16.933618,2020,6,8
2020-06-08 03:16:00+00:00,9724.97,9725.0,9724.94,9724.94,7.511066,2020,6,8
2020-06-08 03:17:00+00:00,9724.95,9730.0,9724.91,9729.99,67.13669,2020,6,8
2020-06-08 03:18:00+00:00,9730.0,9730.0,9726.96,9726.97,23.833192,2020,6,8
2020-06-08 03:19:00+00:00,9726.97,9726.98,9726.25,9726.32,3.541143,2020,6,8
2020-06-08 03:20:00+00:00,9726.31,9726.98,9726.3,9726.85,6.36025,2020,6,8
2020-06-08 03:21:00+00:00,9726.85,9728.0,9725.78,9727.0,15.874979,2020,6,8
2020-06-08 03:22:00+00:00,9727.02,9729.3,9727.0,9729.12,16.563387,2020,6,8
2020-06-08 03:23:00+00:00,9729.16,9730.48,9729.1,9730.24,7.309237,2020,6,8
2020-06-08 03:24:00+00:00,9730.24,9730.48,9730.0,9730.44,19.672348,2020,6,8
2020-06-08 03:25:00+00:00,9730.44,9730.47,9727.02,9730.2,17.223156,2020,6,8
2020-06-08 03:26:00+00:00,9728.51,9728.92,9728.33,9728.52,8.705263,2020,6,8
2020-06-08 03:27:00+00:00,9728.52,9728.53,9718.5,9723.65,77.066873,2020,6,8
2020-06-08 03:28:00+00:00,9723.66,9725.62,9722.08,9722.38,16.53595,2020,6,8
2020-06-08 03:29:00+00:00,9722.38,9723.67,9719.29,9719.77,17.034766,2020,6,8
2020-06-08 03:30:00+00:00,9720.0,9723.93,9720.0,9723.47,5.632497,2020,6,8
2020-06-08 03:31:00+00:00,9723.64,9725.92,9721.0,9721.96,10.133107,2020,6,8
2020-06-08 03:32:00+00:00,9721.63,9722.48,9720.0,9721.26,12.84721,2020,6,8
2020-06-08 03:33:00+00:00,9721.87,9724.63,9720.01,9724.6,12.326268,2020,6,8
2020-06-08 03:34:00+00:00,9724.6,9728.75,9724.35,9727.39,9.130957,2020,6,8
2020-06-08 03:35:00+00:00,9727.57,9729.0,9720.59,9722.34,37.828325,2020,6,8
2020-06-08 03:36:00+00:00,9722.09,9722.39,9721.13,9721.63,9.130756,2020,6,8
2020-06-08 03:37:00+00:00,9721.63,9724.74,9699.28,9711.19,259.340506,2020,6,8
2020-06-08 03:38:00+00:00,9711.04,9717.62,9700.0,9715.35,139.928827,2020,6,8
2020-06-08 03:39:00+00:00,9714.64,9715.38,9711.01,9712.28,7.351667,2020,6,8
2020-06-08 03:40:00+00:00,9712.28,9717.23,9711.96,9713.93,12.250585,2020,6,8
2020-06-08 03:41:00+00:00,9713.45,9715.5,9712.64,9714.01,7.85346,2020,6,8
2020-06-08 03:42:00+00:00,9714.48,9715.0,9712.49,9714.84,4.709951,2020,6,8
2020-06-08 03:43:00+00:00,9714.36,9715.0,9714.35,9714.48,2.686058,2020,6,8
2020-06-08 03:44:00+00:00,9714.48,9714.88,9708.67,9710.66,11.689499,2020,6,8
2020-06-08 03:45:00+00:00,9711.39,9712.02,9705.5,9708.94,14.090072,2020,6,8
2020-06-08 03:46:00+00:00,9708.61,9711.14,9706.9,9711.14,5.567858,2020,6,8
2020-06-08 03:47:00+00:00,9711.14,9711.51,9708.21,9710.46,10.352908,2020,6,8
2020-06-08 03:48:00+00:00,9710.45,9711.97,9706.94,9711.36,19.34012,2020,6,8
2020-06-08 03:49:00+00:00,9711.35,9711.98,9708.01,9709.75,6.780126,2020,6,8
2020-06-08 03:50:00+00:00,9710.3,9716.02,9710.08,9711.54,13.647712,2020,6,8
2020-06-08 03:51:00+00:00,9710.92,9718.0,9708.3,9717.22,21.997452,2020,6,8
2020-06-08 03:52:00+00:00,9717.13,9721.0,9716.03,9720.99,30.853344,2020,6,8
2020-06-08 03:53:00+00:00,9720.99,9722.04,9720.33,9722.0,4.916482,2020,6,8
2020-06-08 03:54:00+00:00,9722.01,9722.06,9714.6,9720.49,24.704785,2020,6,8
2020-06-08 03:55:00+00:00,9720.5,9727.26,9720.45,9727.0,31.963053,2020,6,8
2020-06-08 03:56:00+00:00,9726.99,9728.17,9722.02,9727.2,30.074536,2020,6,8
2020-06-08 03:57:00+00:00,9726.96,9727.45,9723.01,9727.0,26.165061,2020,6,8
2020-06-08 03:58:00+00:00,9727.01,9727.49,9723.49,9724.89,12.974332,2020,6,8
2020-06-08 03:59:00+00:00,9725.14,9726.91,9725.14,9725.83,8.980911,2020,6,8
2020-06-08 04:00:00+00:00,9725.48,9726.47,9723.7,9725.44,20.992938,2020,6,8
2020-06-08 04:01:00+00:00,9725.13,9734.91,9724.95,9732.65,33.549735,2020,6,8
2020-06-08 04:02:00+00:00,9732.81,9734.89,9730.04,9732.49,12.706037,2020,6,8
2020-06-08 04:03:00+00:00,9732.48,9737.83,9730.73,9734.94,27.078779,2020,6,8
2020-06-08 04:04:00+00:00,9734.94,9753.57,9732.31,9750.61,108.357597,2020,6,8
2020-06-08 04:05:00+00:00,9750.6,9752.19,9748.09,9749.31,15.84978,2020,6,8
2020-06-08 04:06:00+00:00,9749.97,9751.85,9745.15,9750.2,40.426043,2020,6,8
2020-06-08 04:07:00+00:00,9750.2,9750.2,9742.82,9745.65,19.332524,2020,6,8
2020-06-08 04:08:00+00:00,9745.68,9749.92,9744.05,9748.89,13.027989,2020,6,8
2020-06-08 04:09:00+00:00,9749.12,9749.26,9736.54,9738.63,18.809233,2020,6,8
2020-06-08 04:10:00+00:00,9738.63,9742.46,9738.63,9741.6,8.877156,2020,6,8
2020-06-08 04:11:00+00:00,9741.61,9743.0,9738.63,9742.6,10.63445,2020,6,8
2020-06-08 04:12:00+00:00,9742.15,9749.81,9741.11,9749.81,21.068425,2020,6,8
2020-06-08 04:13:00+00:00,9747.67,9748.95,9744.21,9744.88,11.229061,2020,6,8
2020-06-08 04:14:00+00:00,9744.71,9745.5,9741.42,9742.24,5.905123,2020,6,8
2020-06-08 04:15:00+00:00,9741.97,9748.98,9740.28,9745.31,22.451693,2020,6,8
2020-06-08 04:16:00+00:00,9745.01,9749.65,9741.59,9746.96,30.826229,2020,6,8
2020-06-08 04:17:00+00:00,9746.57,9747.8,9744.19,9746.66,15.796201,2020,6,8
2020-06-08 04:18:00+00:00,9746.21,9748.86,9740.02,9742.59,14.73881,2020,6,8
2020-06-08 04:19:00+00:00,9742.59,9745.64,9740.07,9743.39,28.776892,2020,6,8
2020-06-08 04:20:00+00:00,9743.1,9749.41,9742.61,9748.48,34.537424,2020,6,8
2020-06-08 04:21:00+00:00,9748.47,9752.58,9747.03,9750.48,83.771494,2020,6,8
2020-06-08 04:22:00+00:00,9750.48,9750.87,9746.13,9746.63,17.785322,2020,6,8
2020-06-08 04:23:00+00:00,9746.64,9749.13,9745.55,9746.57,14.216711,2020,6,8
2020-06-08 04:24:00+00:00,9746.47,9746.97,9744.35,9745.24,7.733794,2020,6,8
2020-06-08 04:25:00+00:00,9745.23,9748.0,9744.06,9748.0,22.736046,2020,6,8
2020-06-08 04:26:00+00:00,9747.58,9748.0,9743.04,9745.02,20.904443,2020,6,8
2020-06-08 04:27:00+00:00,9745.2,9746.45,9744.5,9744.59,7.871244,2020,6,8
2020-06-08 04:28:00+00:00,9745.67,9745.94,9742.76,9744.37,10.786829,2020,6,8
2020-06-08 04:29:00+00:00,9744.36,9745.78,9740.08,9745.46,27.53994,2020,6,8
2020-06-08 04:30:00+00:00,9744.26,9750.0,9744.2,9747.58,36.683554,2020,6,8
2020-06-08 04:31:00+00:00,9747.58,9748.26,9746.38,9748.03,9.758332,2020,6,8
2020-06-08 04:32:00+00:00,9748.06,9748.07,9744.32,9745.96,7.403275,2020,6,8
2020-06-08 04:33:00+00:00,9746.05,9752.5,9746.05,9749.99,26.769095,2020,6,8
2020-06-08 04:34:00+00:00,9750.16,9753.0,9747.6,9748.0,17.396134,2020,6,8
2020-06-08 04:35:00+00:00,9748.0,9752.99,9746.22,9750.9,12.23685,2020,6,8
2020-06-08 04:36:00+00:00,9750.89,9751.74,9749.16,9750.9,7.178734,2020,6,8
2020-06-08 04:37:00+00:00,9750.9,9751.01,9743.28,9745.17,12.93723,2020,6,8
2020-06-08 04:38:00+00:00,9745.14,9747.35,9742.19,9743.69,8.963096,2020,6,8
2020-06-08 04:39:00+00:00,9743.93,9745.0,9741.14,9743.06,5.383512,2020,6,8
2020-06-08 04:40:00+00:00,9743.98,9745.0,9741.42,9742.04,4.384359,2020,6,8
2020-06-08 04:41:00+00:00,9742.04,9745.0,9740.0,9740.6,7.278246,2020,6,8
2020-06-08 04:42:00+00:00,9740.59,9741.16,9736.65,9736.84,13.638342,2020,6,8
2020-06-08 04:43:00+00:00,9736.85,9739.64,9735.52,9735.74,6.453433,2020,6,8
2020-06-08 04:44:00+00:00,9735.65,9740.01,9733.42,9738.27,10.912682,2020,6,8
2020-06-08 04:45:00+00:00,9738.34,9743.29,9738.04,9740.62,8.054314,2020,6,8
2020-06-08 04:46:00+00:00,9740.62,9741.86,9736.33,9739.18,17.97783,2020,6,8
2020-06-08 04:47:00+00:00,9739.19,9741.99,9739.19,9740.16,4.62059,2020,6,8
2020-06-08 04:48:00+00:00,9740.16,9741.67,9739.28,9740.12,4.099957,2020,6,8
2020-06-08 04:49:00+00:00,9740.12,9740.13,9737.63,9738.46,5.131203,2020,6,8
2020-06-08 04:50:00+00:00,9738.99,9739.5,9735.52,9735.52,11.854929,2020,6,8
2020-06-08 04:51:00+00:00,9735.69,9736.0,9734.6,9735.0,6.108418,2020,6,8
2020-06-08 04:52:00+00:00,9735.0,9735.0,9734.44,9734.93,6.966943,2020,6,8
2020-06-08 04:53:00+00:00,9734.91,9738.14,9729.46,9736.05,47.70116,2020,6,8
2020-06-08 04:54:00+00:00,9736.05,9737.35,9731.12,9734.67,23.129733,2020,6,8
2020-06-08 04:55:00+00:00,9734.41,9734.41,9727.71,9731.26,17.894082,2020,6,8
2020-06-08 04:56:00+00:00,9730.71,9734.89,9727.52,9734.79,22.73884,2020,6,8
2020-06-08 04:57:00+00:00,9734.61,9734.92,9729.25,9730.88,29.7621,2020,6,8
2020-06-08 04:58:00+00:00,9730.39,9732.0,9728.68,9730.1,24.848084,2020,6,8
2020-06-08 04:59:00+00:00,9729.52,9732.91,9729.2,9732.24,5.44759,2020,6,8
2020-06-08 05:00:00+00:00,9732.15,9734.3,9729.87,9731.7,7.497757,2020,6,8
2020-06-08 05:01:00+00:00,9731.7,9734.13,9729.41,9729.99,11.162279,2020,6,8
2020-06-08 05:02:00+00:00,9730.0,9730.72,9725.33,9725.99,4.564812,2020,6,8
2020-06-08 05:03:00+00:00,9725.67,9728.9,9724.22,9726.96,9.763349,2020,6,8
2020-06-08 05:04:00+00:00,9726.9,9727.64,9723.11,9726.46,12.031276,2020,6,8
2020-06-08 05:05:00+00:00,9726.46,9727.98,9723.36,9727.01,11.083642,2020,6,8
2020-06-08 05:06:00+00:00,9727.0,9727.49,9724.48,9727.37,40.814499,2020,6,8
2020-06-08 05:07:00+00:00,9726.32,9726.74,9726.25,9726.26,2.281019,2020,6,8
2020-06-08 05:08:00+00:00,9726.26,9726.26,9722.62,9726.25,7.408556,2020,6,8
2020-06-08 05:09:00+00:00,9726.25,9726.25,9720.0,9721.09,11.055528,2020,6,8
2020-06-08 05:10:00+00:00,9721.33,9734.22,9721.33,9730.03,33.867633,2020,6,8
2020-06-08 05:11:00+00:00,9730.04,9730.47,9725.98,9727.0,14.003697,2020,6,8
2020-06-08 05:12:00+00:00,9727.44,9729.72,9725.25,9728.0,6.574984,2020,6,8
2020-06-08 05:13:00+00:00,9728.0,9728.0,9725.1,9725.11,3.827725,2020,6,8
2020-06-08 05:14:00+00:00,9725.11,9726.41,9723.63,9724.73,6.629013,2020,6,8
2020-06-08 05:15:00+00:00,9724.68,9728.61,9724.28,9727.19,7.843229,2020,6,8
2020-06-08 05:16:00+00:00,9726.71,9728.33,9725.82,9727.46,8.427314,2020,6,8
2020-06-08 05:17:00+00:00,9727.47,9728.08,9725.0,9725.93,4.66839,2020,6,8
2020-06-08 05:18:00+00:00,9725.94,9726.33,9720.92,9723.0,13.025298,2020,6,8
2020-06-08 05:19:00+00:00,9723.82,9725.31,9720.1,9724.29,16.146639,2020,6,8
2020-06-08 05:20:00+00:00,9724.29,9725.62,9721.47,9722.54,4.719298,2020,6,8
2020-06-08 05:21:00+00:00,9722.53,9730.0,9722.53,9727.99,24.327634,2020,6,8
2020-06-08 05:22:00+00:00,9728.0,9728.0,9723.62,9726.62,17.64659,2020,6,8
2020-06-08 05:23:00+00:00,9726.68,9727.47,9726.42,9727.0,5.212065,2020,6,8
2020-06-08 05:24:00+00:00,9727.0,9728.7,9726.98,9728.01,20.380002,2020,6,8
2020-06-08 05:25:00+00:00,9728.01,9730.0,9728.01,9729.98,20.803668,2020,6,8
2020-06-08 05:26:00+00:00,9729.98,9730.94,9729.98,9730.62,7.034636,2020,6,8
2020-06-08 05:27:00+00:00,9730.54,9732.64,9730.46,9732.0,14.297106,2020,6,8
2020-06-08 05:28:00+00:00,9731.71,9738.99,9731.7,9737.21,21.594541,2020,6,8
2020-06-08 05:29:00+00:00,9736.22,9738.44,9735.0,9737.5,9.940307,2020,6,8
2020-06-08 05:30:00+00:00,9737.41,9744.99,9737.41,9743.54,18.935601,2020,6,8
2020-06-08 05:31:00+00:00,9743.57,9747.59,9742.94,9747.0,26.66536,2020,6,8
2020-06-08 05:32:00+00:00,9747.0,9748.37,9737.26,9742.17,39.634413,2020,6,8
2020-06-08 05:33:00+00:00,9742.17,9748.48,9742.17,9746.57,6.984978,2020,6,8
2020-06-08 05:34:00+00:00,9746.57,9748.21,9743.04,9744.0,18.814216,2020,6,8
2020-06-08 05:35:00+00:00,9744.0,9746.67,9742.0,9744.97,25.167363,2020,6,8
2020-06-08 05:36:00+00:00,9744.5,9744.5,9739.44,9739.9,17.185399,2020,6,8
2020-06-08 05:37:00+00:00,9739.91,9746.84,9739.46,9746.74,33.823217,2020,6,8
2020-06-08 05:38:00+00:00,9745.61,9747.3,9741.38,9741.59,16.516346,2020,6,8
2020-06-08 05:39:00+00:00,9741.59,9743.19,9734.96,9737.47,25.550055,2020,6,8
2020-06-08 05:40:00+00:00,9737.48,9742.14,9736.52,9739.59,15.669959,2020,6,8
2020-06-08 05:41:00+00:00,9739.02,9739.02,9735.75,9736.83,6.600722,2020,6,8
2020-06-08 05:42:00+00:00,9736.83,9738.56,9734.81,9738.56,7.406612,2020,6,8
2020-06-08 05:43:00+00:00,9738.56,9742.23,9737.31,9738.07,25.628211,2020,6,8
2020-06-08 05:44:00+00:00,9738.07,9740.63,9737.69,9738.51,4.455141,2020,6,8
2020-06-08 05:45:00+00:00,9738.91,9744.99,9738.5,9742.58,22.16658,2020,6,8
2020-06-08 05:46:00+00:00,9742.58,9744.98,9739.02,9743.87,20.307528,2020,6,8
2020-06-08 05:47:00+00:00,9743.87,9744.99,9739.02,9741.09,31.637888,2020,6,8
2020-06-08 05:48:00+00:00,9741.09,9744.49,9741.07,9742.07,9.995411,2020,6,8
2020-06-08 05:49:00+00:00,9742.07,9742.74,9742.05,9742.74,6.946372,2020,6,8
2020-06-08 05:50:00+00:00,9742.74,9746.91,9742.74,9745.1,29.94829,2020,6,8
2020-06-08 05:51:00+00:00,9745.27,9746.0,9742.0,9744.82,30.201507,2020,6,8
2020-06-08 05:52:00+00:00,9744.75,9746.9,9744.12,9744.81,9.323046,2020,6,8
2020-06-08 05:53:00+00:00,9744.27,9760.0,9744.12,9752.17,92.096824,2020,6,8
2020-06-08 05:54:00+00:00,9752.55,9754.91,9744.12,9744.12,54.649449,2020,6,8
2020-06-08 05:55:00+00:00,9744.13,9748.34,9740.0,9744.9,48.275453,2020,6,8
2020-06-08 05:56:00+00:00,9744.9,9747.95,9743.26,9744.55,5.29242,2020,6,8
2020-06-08 05:57:00+00:00,9744.74,9747.25,9744.52,9746.07,18.353218,2020,6,8
2020-06-08 05:58:00+00:00,9746.08,9747.0,9746.07,9747.0,9.612027,2020,6,8
2020-06-08 05:59:00+00:00,9747.0,9751.65,9747.0,9751.48,15.879399,2020,6,8
2020-06-08 06:00:00+00:00,9751.48,9756.0,9751.48,9751.49,44.41736,2020,6,8
2020-06-08 06:01:00+00:00,9751.49,9755.49,9746.0,9746.01,30.821373,2020,6,8
2020-06-08 06:02:00+00:00,9746.02,9746.55,9741.51,9741.71,23.998855,2020,6,8
2020-06-08 06:03:00+00:00,9741.71,9744.0,9740.0,9742.75,8.394513,2020,6,8
2020-06-08 06:04:00+00:00,9742.15,9745.48,9741.07,9744.18,12.944681,2020,6,8
2020-06-08 06:05:00+00:00,9744.19,9748.02,9743.5,9743.96,31.859921,2020,6,8
2020-06-08 06:06:00+00:00,9743.63,9744.89,9740.6,9742.25,6.931392,2020,6,8
2020-06-08 06:07:00+00:00,9741.54,9741.79,9735.0,9737.33,28.654897,2020,6,8
2020-06-08 06:08:00+00:00,9735.77,9736.95,9734.81,9736.27,8.472182,2020,6,8
2020-06-08 06:09:00+00:00,9736.27,9740.5,9735.89,9737.4,13.031484,2020,6,8
2020-06-08 06:10:00+00:00,9737.46,9737.47,9735.0,9737.03,13.298503,2020,6,8
2020-06-08 06:11:00+00:00,9737.04,9739.46,9734.01,9734.15,14.246156,2020,6,8
2020-06-08 06:12:00+00:00,9734.87,9734.87,9725.68,9730.09,46.329405,2020,6,8
2020-06-08 06:13:00+00:00,9730.2,9732.98,9726.7,9728.09,13.658165,2020,6,8
2020-06-08 06:14:00+00:00,9728.94,9733.32,9728.46,9729.91,11.450303,2020,6,8
2020-06-08 06:15:00+00:00,9729.91,9730.43,9728.35,9729.99,17.16955,2020,6,8
2020-06-08 06:16:00+00:00,9729.99,9733.9,9729.99,9731.52,28.163972,2020,6,8
2020-06-08 06:17:00+00:00,9731.51,9732.73,9728.52,9728.53,10.635293,2020,6,8
2020-06-08 06:18:00+00:00,9728.53,9729.26,9723.74,9728.45,36.03007,2020,6,8
2020-06-08 06:19:00+00:00,9728.45,9729.82,9726.21,9728.0,39.506583,2020,6,8
2020-06-08 06:20:00+00:00,9728.7,9730.93,9727.18,9730.88,22.515443,2020,6,8
2020-06-08 06:21:00+00:00,9729.85,9730.89,9727.99,9728.22,11.921967,2020,6,8
2020-06-08 06:22:00+00:00,9728.22,9734.84,9726.08,9733.47,20.325938,2020,6,8
2020-06-08 06:23:00+00:00,9733.95,9740.0,9731.92,9739.92,20.303211,2020,6,8
2020-06-08 06:24:00+00:00,9740.0,9742.37,9738.52,9741.08,18.886503,2020,6,8
2020-06-08 06:25:00+00:00,9740.57,9741.81,9734.69,9736.18,15.942641,2020,6,8
2020-06-08 06:26:00+00:00,9736.19,9736.23,9733.51,9734.99,11.629207,2020,6,8
2020-06-08 06:27:00+00:00,9735.0,9738.47,9733.84,9737.7,11.751504,2020,6,8
2020-06-08 06:28:00+00:00,9737.7,9739.87,9737.0,9738.27,8.018062,2020,6,8
2020-06-08 06:29:00+00:00,9738.75,9746.29,9737.0,9743.95,23.491163,2020,6,8
2020-06-08 06:30:00+00:00,9743.9,9745.1,9740.0,9740.39,14.813832,2020,6,8
2020-06-08 06:31:00+00:00,9740.5,9742.48,9736.22,9740.0,29.677102,2020,6,8
2020-06-08 06:32:00+00:00,9740.0,9743.22,9738.87,9739.67,12.094935,2020,6,8
2020-06-08 06:33:00+00:00,9739.83,9740.98,9735.05,9735.89,21.334048,2020,6,8
2020-06-08 06:34:00+00:00,9736.29,9737.99,9735.59,9735.6,6.436247,2020,6,8
2020-06-08 06:35:00+00:00,9735.59,9737.73,9734.72,9735.44,11.423328,2020,6,8
2020-06-08 06:36:00+00:00,9735.43,9735.98,9733.59,9733.59,9.469928,2020,6,8
2020-06-08 06:37:00+00:00,9733.59,9734.75,9731.53,9733.89,5.132887,2020,6,8
2020-06-08 06:38:00+00:00,9733.88,9734.37,9731.58,9732.25,8.620862,2020,6,8
2020-06-08 06:39:00+00:00,9731.85,9733.26,9731.77,9733.25,6.316906,2020,6,8
2020-06-08 06:40:00+00:00,9733.25,9733.73,9729.67,9730.99,11.604786,2020,6,8
2020-06-08 06:41:00+00:00,9730.99,9735.19,9729.03,9731.11,25.256306,2020,6,8
2020-06-08 06:42:00+00:00,9731.12,9732.95,9729.48,9732.95,3.631084,2020,6,8
2020-06-08 06:43:00+00:00,9731.63,9731.79,9725.1,9728.66,27.471597,2020,6,8
2020-06-08 06:44:00+00:00,9728.72,9729.91,9717.0,9724.31,36.913495,2020,6,8
2020-06-08 06:45:00+00:00,9724.32,9728.71,9714.78,9720.52,124.08008,2020,6,8
2020-06-08 06:46:00+00:00,9720.51,9725.63,9718.01,9724.53,13.379277,2020,6,8
2020-06-08 06:47:00+00:00,9724.53,9725.57,9720.0,9722.27,10.78061,2020,6,8
2020-06-08 06:48:00+00:00,9721.75,9722.27,9720.28,9721.43,8.275061,2020,6,8
2020-06-08 06:49:00+00:00,9720.42,9724.0,9720.35,9723.99,13.061115,2020,6,8
2020-06-08 06:50:00+00:00,9724.0,9726.34,9723.14,9725.42,17.775888,2020,6,8
2020-06-08 06:51:00+00:00,9725.42,9725.99,9722.84,9724.43,15.381232,2020,6,8
2020-06-08 06:52:00+00:00,9724.43,9726.49,9723.46,9726.2,12.922555,2020,6,8
2020-06-08 06:53:00+00:00,9726.15,9734.1,9724.32,9727.99,30.350221,2020,6,8
2020-06-08 06:54:00+00:00,9727.99,9730.73,9727.83,9730.45,15.058461,2020,6,8
2020-06-08 06:55:00+00:00,9730.63,9732.05,9729.81,9731.59,4.940487,2020,6,8
2020-06-08 06:56:00+00:00,9731.4,9733.24,9730.0,9730.0,7.810963,2020,6,8
2020-06-08 06:57:00+00:00,9730.0,9730.0,9725.81,9727.24,16.321408,2020,6,8
2020-06-08 06:58:00+00:00,9727.23,9731.88,9727.23,9731.88,16.504035,2020,6,8
2020-06-08 06:59:00+00:00,9731.31,9732.62,9729.72,9732.22,5.24249,2020,6,8
2020-06-08 07:00:00+00:00,9731.89,9731.97,9727.52,9728.28,7.033535,2020,6,8
2020-06-08 07:01:00+00:00,9728.29,9728.33,9725.03,9726.87,9.654642,2020,6,8
2020-06-08 07:02:00+00:00,9726.89,9730.0,9725.77,9728.62,8.219445,2020,6,8
2020-06-08 07:03:00+00:00,9729.28,9732.42,9727.08,9729.85,19.656354,2020,6,8
2020-06-08 07:04:00+00:00,9729.48,9733.88,9729.27,9731.18,16.520207,2020,6,8
2020-06-08 07:05:00+00:00,9731.17,9734.0,9731.17,9732.5,11.583495,2020,6,8
2020-06-08 07:06:00+00:00,9732.81,9735.0,9731.19,9734.99,17.283997,2020,6,8
2020-06-08 07:07:00+00:00,9735.0,9736.0,9728.86,9735.42,39.255011,2020,6,8
2020-06-08 07:08:00+00:00,9735.4,9737.99,9735.0,9737.99,9.284782,2020,6,8
2020-06-08 07:09:00+00:00,9737.99,9738.2,9735.03,9735.54,14.060752,2020,6,8
2020-06-08 07:10:00+00:00,9735.54,9735.54,9733.52,9735.01,18.027074,2020,6,8
2020-06-08 07:11:00+00:00,9735.01,9735.06,9729.23,9729.78,4.873737,2020,6,8
2020-06-08 07:12:00+00:00,9729.3,9732.97,9728.0,9731.17,16.249333,2020,6,8
2020-06-08 07:13:00+00:00,9731.2,9733.95,9729.76,9730.1,8.595722,2020,6,8
2020-06-08 07:14:00+00:00,9730.46,9732.98,9730.33,9732.12,2.582087,2020,6,8
2020-06-08 07:15:00+00:00,9732.66,9732.71,9730.01,9731.99,3.484525,2020,6,8
2020-06-08 07:16:00+00:00,9732.0,9734.36,9730.03,9731.99,11.442782,2020,6,8
2020-06-08 07:17:00+00:00,9730.9,9734.55,9729.52,9729.6,23.572481,2020,6,8
2020-06-08 07:18:00+00:00,9730.63,9732.06,9729.57,9731.69,11.321059,2020,6,8
2020-06-08 07:19:00+00:00,9731.68,9738.0,9731.67,9736.21,68.574246,2020,6,8
2020-06-08 07:20:00+00:00,9736.21,9738.0,9733.13,9737.71,20.469867,2020,6,8
2020-06-08 07:21:00+00:00,9737.71,9739.0,9737.32,9738.25,14.209086,2020,6,8
2020-06-08 07:22:00+00:00,9738.25,9739.0,9735.55,9737.04,9.654617,2020,6,8
2020-06-08 07:23:00+00:00,9737.03,9739.39,9735.71,9737.55,15.539716,2020,6,8
2020-06-08 07:24:00+00:00,9737.4,9743.49,9736.02,9736.51,41.582736,2020,6,8
2020-06-08 07:25:00+00:00,9736.51,9736.51,9728.5,9733.5,57.552767,2020,6,8
2020-06-08 07:26:00+00:00,9733.5,9734.79,9730.74,9732.52,13.939793,2020,6,8
2020-06-08 07:27:00+00:00,9732.51,9732.51,9730.07,9730.68,5.596017,2020,6,8
2020-06-08 07:28:00+00:00,9730.68,9732.27,9730.17,9730.17,7.715336,2020,6,8
2020-06-08 07:29:00+00:00,9730.25,9732.1,9730.0,9730.69,10.443013,2020,6,8
2020-06-08 07:30:00+00:00,9730.68,9732.39,9730.68,9732.39,12.301795,2020,6,8
2020-06-08 07:31:00+00:00,9732.39,9734.86,9730.76,9731.64,15.933635,2020,6,8
2020-06-08 07:32:00+00:00,9731.65,9731.65,9728.22,9728.81,15.479768,2020,6,8
2020-06-08 07:33:00+00:00,9729.34,9729.35,9728.0,9728.01,5.012132,2020,6,8
2020-06-08 07:34:00+00:00,9728.0,9728.01,9722.52,9725.31,24.452826,2020,6,8
2020-06-08 07:35:00+00:00,9726.11,9728.01,9725.31,9726.15,8.914588,2020,6,8
2020-06-08 07:36:00+00:00,9726.23,9730.0,9725.54,9726.88,15.615388,2020,6,8
2020-06-08 07:37:00+00:00,9726.9,9730.0,9725.54,9727.26,34.69282,2020,6,8
2020-06-08 07:38:00+00:00,9726.74,9727.91,9725.54,9726.0,10.942498,2020,6,8
2020-06-08 07:39:00+00:00,9725.99,9726.07,9722.39,9722.39,16.82379,2020,6,8
2020-06-08 07:40:00+00:00,9722.38,9724.32,9722.0,9722.1,17.32536,2020,6,8
2020-06-08 07:41:00+00:00,9722.01,9722.96,9720.0,9721.13,15.695574,2020,6,8
2020-06-08 07:42:00+00:00,9720.66,9724.4,9720.01,9723.66,9.863115,2020,6,8
2020-06-08 07:43:00+00:00,9723.66,9723.67,9721.49,9722.25,13.402461,2020,6,8
2020-06-08 07:44:00+00:00,9722.25,9722.65,9721.6,9721.6,10.730034,2020,6,8
2020-06-08 07:45:00+00:00,9721.6,9722.76,9720.14,9721.04,10.401219,2020,6,8
2020-06-08 07:46:00+00:00,9720.44,9721.91,9717.39,9718.48,13.506427,2020,6,8
2020-06-08 07:47:00+00:00,9718.01,9722.52,9715.48,9722.52,19.482996,2020,6,8
2020-06-08 07:48:00+00:00,9722.51,9725.53,9721.71,9724.03,21.630908,2020,6,8
2020-06-08 07:49:00+00:00,9724.12,9724.12,9719.72,9721.26,5.743642,2020,6,8
2020-06-08 07:50:00+00:00,9720.68,9721.45,9720.01,9720.86,5.116589,2020,6,8
2020-06-08 07:51:00+00:00,9720.85,9720.9,9715.0,9718.85,48.562322,2020,6,8
2020-06-08 07:52:00+00:00,9718.85,9722.0,9715.01,9721.16,42.192879,2020,6,8
2020-06-08 07:53:00+00:00,9721.17,9723.82,9720.0,9722.76,26.613948,2020,6,8
2020-06-08 07:54:00+00:00,9722.75,9723.29,9719.53,9720.26,16.344652,2020,6,8
2020-06-08 07:55:00+00:00,9720.27,9721.87,9720.24,9720.61,11.8576,2020,6,8
2020-06-08 07:56:00+00:00,9720.6,9723.17,9718.08,9722.6,25.586928,2020,6,8
2020-06-08 07:57:00+00:00,9722.68,9729.93,9722.56,9729.21,49.948261,2020,6,8
2020-06-08 07:58:00+00:00,9729.21,9730.66,9726.82,9727.48,24.523547,2020,6,8
2020-06-08 07:59:00+00:00,9727.75,9727.78,9724.16,9727.51,13.192975,2020,6,8
2020-06-08 08:00:00+00:00,9727.51,9732.38,9726.04,9732.37,23.154152,2020,6,8
2020-06-08 08:01:00+00:00,9732.38,9733.14,9729.21,9730.99,46.015468,2020,6,8
2020-06-08 08:02:00+00:00,9730.99,9731.0,9730.97,9730.99,11.862729,2020,6,8
2020-06-08 08:03:00+00:00,9730.98,9738.57,9730.97,9736.78,20.995248,2020,6,8
2020-06-08 08:04:00+00:00,9736.79,9737.11,9733.35,9736.49,8.81881,2020,6,8
2020-06-08 08:05:00+00:00,9736.5,9737.09,9731.05,9733.33,32.348385,2020,6,8
2020-06-08 08:06:00+00:00,9733.36,9734.97,9732.94,9734.22,8.55555,2020,6,8
2020-06-08 08:07:00+00:00,9734.22,9735.01,9732.66,9733.69,9.613947,2020,6,8
2020-06-08 08:08:00+00:00,9733.69,9736.3,9732.99,9733.0,13.372476,2020,6,8
2020-06-08 08:09:00+00:00,9734.64,9734.91,9732.24,9734.79,20.756511,2020,6,8
2020-06-08 08:10:00+00:00,9734.79,9734.92,9730.55,9732.2,21.780714,2020,6,8
2020-06-08 08:11:00+00:00,9732.19,9732.4,9730.0,9730.91,16.042292,2020,6,8
2020-06-08 08:12:00+00:00,9730.9,9731.69,9726.8,9731.16,27.006226,2020,6,8
2020-06-08 08:13:00+00:00,9731.07,9732.43,9726.79,9728.57,30.393895,2020,6,8
2020-06-08 08:14:00+00:00,9728.55,9731.34,9721.71,9722.75,23.634385,2020,6,8
2020-06-08 08:15:00+00:00,9722.58,9726.09,9720.7,9722.91,17.330289,2020,6,8
2020-06-08 08:16:00+00:00,9722.91,9723.92,9707.6,9710.01,51.739645,2020,6,8
2020-06-08 08:17:00+00:00,9710.0,9710.01,9633.0,9664.85,1010.380385,2020,6,8
2020-06-08 08:18:00+00:00,9666.16,9683.31,9658.56,9664.36,134.164685,2020,6,8
2020-06-08 08:19:00+00:00,9664.36,9679.99,9664.04,9671.93,60.238265,2020,6,8
2020-06-08 08:20:00+00:00,9671.93,9679.83,9670.5,9679.83,31.780974,2020,6,8
2020-06-08 08:21:00+00:00,9678.3,9680.45,9670.03,9672.37,54.256794,2020,6,8
2020-06-08 08:22:00+00:00,9672.37,9685.02,9666.0,9676.28,103.888947,2020,6,8
2020-06-08 08:23:00+00:00,9676.28,9682.44,9672.56,9679.37,26.901846,2020,6,8
2020-06-08 08:24:00+00:00,9679.38,9685.03,9677.55,9680.39,31.300401,2020,6,8
2020-06-08 08:25:00+00:00,9680.38,9685.01,9676.15,9678.45,77.01532,2020,6,8
2020-06-08 08:26:00+00:00,9677.96,9678.45,9671.02,9672.0,17.777975,2020,6,8
2020-06-08 08:27:00+00:00,9671.54,9680.0,9671.02,9672.0,29.523322,2020,6,8
2020-06-08 08:28:00+00:00,9672.0,9680.26,9670.88,9677.33,24.539045,2020,6,8
2020-06-08 08:29:00+00:00,9677.33,9680.35,9666.01,9676.72,37.573404,2020,6,8
2020-06-08 08:30:00+00:00,9676.72,9678.19,9673.05,9675.07,29.466827,2020,6,8
2020-06-08 08:31:00+00:00,9674.99,9677.09,9673.06,9675.01,17.017289,2020,6,8
2020-06-08 08:32:00+00:00,9675.48,9676.19,9672.0,9674.04,16.374801,2020,6,8
2020-06-08 08:33:00+00:00,9673.05,9675.62,9669.34,9672.82,39.807941,2020,6,8
2020-06-08 08:34:00+00:00,9672.91,9672.92,9666.08,9670.17,35.34771,2020,6,8
2020-06-08 08:35:00+00:00,9670.65,9675.0,9669.21,9675.0,38.533059,2020,6,8
2020-06-08 08:36:00+00:00,9674.94,9685.0,9673.67,9684.06,47.465006,2020,6,8
2020-06-08 08:37:00+00:00,9684.06,9686.47,9681.96,9685.0,33.145553,2020,6,8
2020-06-08 08:38:00+00:00,9685.0,9686.52,9681.11,9682.88,22.714761,2020,6,8
2020-06-08 08:39:00+00:00,9682.33,9689.72,9681.2,9686.03,62.866438,2020,6,8
2020-06-08 08:40:00+00:00,9686.02,9687.88,9686.01,9687.0,12.768526,2020,6,8
2020-06-08 08:41:00+00:00,9687.0,9690.26,9686.0,9690.0,26.975091,2020,6,8
2020-06-08 08:42:00+00:00,9690.0,9691.92,9690.0,9690.14,28.894823,2020,6,8
2020-06-08 08:43:00+00:00,9690.03,9695.0,9690.0,9694.12,21.821868,2020,6,8
2020-06-08 08:44:00+00:00,9693.29,9694.93,9692.0,9693.07,16.564984,2020,6,8
2020-06-08 08:45:00+00:00,9692.9,9694.0,9690.0,9690.55,52.399569,2020,6,8
2020-06-08 08:46:00+00:00,9691.54,9692.02,9690.0,9690.0,30.97041,2020,6,8
2020-06-08 08:47:00+00:00,9690.1,9692.8,9690.0,9690.05,32.231835,2020,6,8
2020-06-08 08:48:00+00:00,9691.25,9694.0,9690.0,9690.21,19.391842,2020,6,8
2020-06-08 08:49:00+00:00,9690.2,9691.99,9690.0,9690.31,12.617863,2020,6,8
2020-06-08 08:50:00+00:00,9690.31,9690.94,9690.0,9690.17,17.146548,2020,6,8
2020-06-08 08:51:00+00:00,9690.17,9691.07,9684.29,9686.51,34.258755,2020,6,8
2020-06-08 08:52:00+00:00,9686.52,9687.98,9683.91,9686.24,25.081886,2020,6,8
2020-06-08 08:53:00+00:00,9685.55,9688.93,9684.72,9685.37,14.70865,2020,6,8
2020-06-08 08:54:00+00:00,9685.55,9689.8,9684.12,9688.34,16.086827,2020,6,8
2020-06-08 08:55:00+00:00,9688.42,9689.55,9684.5,9685.04,13.895819,2020,6,8
2020-06-08 08:56:00+00:00,9685.04,9689.9,9685.04,9689.31,17.622386,2020,6,8
2020-06-08 08:57:00+00:00,9689.3,9689.87,9688.78,9689.66,8.769148,2020,6,8
2020-06-08 08:58:00+00:00,9689.66,9690.0,9689.64,9689.94,11.25297,2020,6,8
2020-06-08 08:59:00+00:00,9690.0,9690.0,9689.94,9689.99,9.275465,2020,6,8
2020-06-08 09:00:00+00:00,9689.99,9692.65,9689.39,9690.36,25.456127,2020,6,8
2020-06-08 09:01:00+00:00,9690.99,9694.69,9690.18,9691.93,27.200329,2020,6,8
2020-06-08 09:02:00+00:00,9691.74,9692.2,9685.03,9690.46,33.143836,2020,6,8
2020-06-08 09:03:00+00:00,9690.88,9692.1,9689.03,9690.27,6.765635,2020,6,8
2020-06-08 09:04:00+00:00,9689.6,9694.42,9688.51,9692.4,18.143837,2020,6,8
2020-06-08 09:05:00+00:00,9692.51,9693.81,9686.57,9689.54,37.494899,2020,6,8
2020-06-08 09:06:00+00:00,9689.55,9690.66,9688.0,9689.85,8.889778,2020,6,8
2020-06-08 09:07:00+00:00,9689.86,9690.0,9686.0,9688.77,18.33095,2020,6,8
2020-06-08 09:08:00+00:00,9689.51,9691.0,9686.53,9691.0,23.748736,2020,6,8
2020-06-08 09:09:00+00:00,9691.0,9699.0,9690.98,9698.22,52.06913,2020,6,8
2020-06-08 09:10:00+00:00,9698.21,9700.0,9695.5,9699.99,55.938884,2020,6,8
2020-06-08 09:11:00+00:00,9700.0,9712.39,9699.99,9703.98,134.600234,2020,6,8
2020-06-08 09:12:00+00:00,9704.12,9707.67,9700.76,9705.9,20.531969,2020,6,8
2020-06-08 09:13:00+00:00,9705.94,9706.51,9700.4,9702.41,14.132365,2020,6,8
2020-06-08 09:14:00+00:00,9703.79,9704.05,9700.46,9701.55,12.419806,2020,6,8
2020-06-08 09:15:00+00:00,9701.92,9702.0,9699.94,9701.68,15.579843,2020,6,8
2020-06-08 09:16:00+00:00,9701.2,9701.99,9700.0,9700.82,6.584479,2020,6,8
2020-06-08 09:17:00+00:00,9700.78,9701.68,9693.24,9698.95,26.705768,2020,6,8
2020-06-08 09:18:00+00:00,9698.99,9709.72,9696.16,9701.73,66.373678,2020,6,8
2020-06-08 09:19:00+00:00,9701.72,9705.58,9700.78,9704.2,10.487567,2020,6,8
2020-06-08 09:20:00+00:00,9703.7,9734.0,9702.52,9734.0,102.050051,2020,6,8
2020-06-08 09:21:00+00:00,9734.0,9774.0,9729.99,9745.63,522.140297,2020,6,8
2020-06-08 09:22:00+00:00,9745.63,9800.0,9745.63,9776.92,1089.948931,2020,6,8
2020-06-08 09:23:00+00:00,9776.92,9800.0,9750.0,9777.06,593.348738,2020,6,8
2020-06-08 09:24:00+00:00,9777.06,9777.98,9707.97,9707.97,270.286398,2020,6,8
2020-06-08 09:25:00+00:00,9708.04,9735.21,9693.5,9716.37,349.386822,2020,6,8
2020-06-08 09:26:00+00:00,9715.99,9742.21,9713.03,9737.56,138.369553,2020,6,8
2020-06-08 09:27:00+00:00,9737.55,9749.55,9724.98,9727.4,75.10703,2020,6,8
2020-06-08 09:28:00+00:00,9727.46,9728.19,9709.0,9719.81,87.613343,2020,6,8
2020-06-08 09:29:00+00:00,9720.23,9728.56,9719.94,9722.87,23.502719,2020,6,8
2020-06-08 09:30:00+00:00,9722.87,9747.0,9722.87,9742.91,37.939465,2020,6,8
2020-06-08 09:31:00+00:00,9742.73,9749.99,9739.58,9746.75,50.556081,2020,6,8
2020-06-08 09:32:00+00:00,9746.21,9747.56,9739.96,9740.91,34.026642,2020,6,8
2020-06-08 09:33:00+00:00,9740.9,9741.75,9731.89,9740.43,51.29182,2020,6,8
2020-06-08 09:34:00+00:00,9740.57,9750.52,9740.57,9750.52,51.272418,2020,6,8
2020-06-08 09:35:00+00:00,9750.51,9753.51,9747.27,9749.14,44.756669,2020,6,8
2020-06-08 09:36:00+00:00,9749.15,9752.8,9744.53,9748.0,47.902829,2020,6,8
2020-06-08 09:37:00+00:00,9748.01,9749.63,9738.27,9740.6,409.055982,2020,6,8
2020-06-08 09:38:00+00:00,9740.91,9749.18,9738.03,9746.79,41.951932,2020,6,8
2020-06-08 09:39:00+00:00,9746.8,9747.3,9743.36,9744.07,46.629253,2020,6,8
2020-06-08 09:40:00+00:00,9744.02,9746.27,9741.04,9741.04,20.180747,2020,6,8
2020-06-08 09:41:00+00:00,9742.03,9758.75,9740.5,9752.12,69.930945,2020,6,8
2020-06-08 09:42:00+00:00,9752.12,9764.17,9752.12,9762.03,23.329283,2020,6,8
2020-06-08 09:43:00+00:00,9762.03,9762.04,9751.11,9755.6,52.100757,2020,6,8
2020-06-08 09:44:00+00:00,9755.59,9758.38,9750.04,9752.01,33.336148,2020,6,8
2020-06-08 09:45:00+00:00,9752.01,9755.4,9750.98,9753.22,32.247817,2020,6,8
2020-06-08 09:46:00+00:00,9753.06,9754.47,9752.62,9753.08,12.821626,2020,6,8
2020-06-08 09:47:00+00:00,9753.08,9753.09,9735.0,9735.0,29.649015,2020,6,8
2020-06-08 09:48:00+00:00,9735.0,9744.92,9735.0,9740.0,27.175271,2020,6,8
2020-06-08 09:49:00+00:00,9739.99,9740.0,9737.0,9739.99,20.968365,2020,6,8
2020-06-08 09:50:00+00:00,9740.0,9748.27,9740.0,9745.71,29.475771,2020,6,8
2020-06-08 09:51:00+00:00,9745.78,9749.15,9740.88,9742.13,13.967546,2020,6,8
2020-06-08 09:52:00+00:00,9742.35,9747.74,9742.35,9747.56,9.080686,2020,6,8
2020-06-08 09:53:00+00:00,9747.11,9750.0,9746.08,9747.84,19.123265,2020,6,8
2020-06-08 09:54:00+00:00,9747.85,9747.85,9743.28,9744.54,11.427487,2020,6,8
2020-06-08 09:55:00+00:00,9744.54,9744.55,9734.6,9740.22,28.912885,2020,6,8
2020-06-08 09:56:00+00:00,9740.23,9744.76,9739.13,9742.54,11.3529,2020,6,8
2020-06-08 09:57:00+00:00,9742.06,9743.86,9740.1,9743.36,14.414439,2020,6,8
2020-06-08 09:58:00+00:00,9743.36,9746.83,9740.1,9746.22,17.411693,2020,6,8
2020-06-08 09:59:00+00:00,9745.02,9747.0,9744.98,9745.85,8.695206,2020,6,8
2020-06-08 10:00:00+00:00,9745.86,9751.99,9745.85,9751.2,67.528825,2020,6,8
2020-06-08 10:01:00+00:00,9751.97,9754.53,9751.05,9752.79,20.761007,2020,6,8
2020-06-08 10:02:00+00:00,9752.86,9752.96,9744.52,9749.15,36.286667,2020,6,8
2020-06-08 10:03:00+00:00,9749.16,9753.1,9748.99,9751.28,19.160194,2020,6,8
2020-06-08 10:04:00+00:00,9751.28,9752.3,9746.09,9747.22,21.024688,2020,6,8
2020-06-08 10:05:00+00:00,9746.85,9748.22,9743.23,9743.37,19.677835,2020,6,8
2020-06-08 10:06:00+00:00,9743.36,9748.0,9736.52,9736.58,39.534313,2020,6,8
2020-06-08 10:07:00+00:00,9736.69,9738.84,9736.69,9737.11,15.321144,2020,6,8
2020-06-08 10:08:00+00:00,9737.85,9743.55,9736.03,9738.11,19.793447,2020,6,8
2020-06-08 10:09:00+00:00,9738.11,9740.53,9735.49,9735.49,12.735414,2020,6,8
2020-06-08 10:10:00+00:00,9735.48,9736.12,9732.87,9733.0,17.793604,2020,6,8
2020-06-08 10:11:00+00:00,9733.0,9736.44,9732.99,9735.77,7.340119,2020,6,8
2020-06-08 10:12:00+00:00,9735.83,9737.97,9735.01,9737.51,7.607483,2020,6,8
2020-06-08 10:13:00+00:00,9737.52,9739.08,9731.53,9733.37,9.114759,2020,6,8
2020-06-08 10:14:00+00:00,9733.38,9738.55,9733.38,9737.74,31.912928,2020,6,8
2020-06-08 10:15:00+00:00,9737.74,9740.97,9737.72,9740.01,26.042825,2020,6,8
2020-06-08 10:16:00+00:00,9740.0,9746.48,9740.0,9740.0,30.238409,2020,6,8
2020-06-08 10:17:00+00:00,9740.01,9740.82,9735.28,9740.82,50.55052,2020,6,8
2020-06-08 10:18:00+00:00,9740.82,9741.86,9738.01,9740.0,43.078186,2020,6,8
2020-06-08 10:19:00+00:00,9739.99,9742.72,9735.01,9735.25,65.968658,2020,6,8
2020-06-08 10:20:00+00:00,9735.82,9740.7,9735.79,9738.74,17.737276,2020,6,8
2020-06-08 10:21:00+00:00,9738.73,9739.4,9738.73,9739.36,14.015792,2020,6,8
2020-06-08 10:22:00+00:00,9739.37,9739.38,9739.31,9739.31,14.82357,2020,6,8
2020-06-08 10:23:00+00:00,9739.31,9739.38,9736.43,9737.08,11.352207,2020,6,8
2020-06-08 10:24:00+00:00,9737.53,9738.5,9735.79,9736.31,8.33464,2020,6,8
2020-06-08 10:25:00+00:00,9736.3,9738.82,9734.78,9736.39,12.820224,2020,6,8
2020-06-08 10:26:00+00:00,9736.4,9737.85,9735.12,9737.85,13.570062,2020,6,8
2020-06-08 10:27:00+00:00,9737.78,9738.72,9736.01,9737.92,7.854384,2020,6,8
2020-06-08 10:28:00+00:00,9737.99,9739.36,9737.18,9737.42,17.859227,2020,6,8
2020-06-08 10:29:00+00:00,9737.42,9737.49,9737.36,9737.36,13.829884,2020,6,8
2020-06-08 10:30:00+00:00,9737.36,9737.36,9732.63,9733.75,29.060224,2020,6,8
2020-06-08 10:31:00+00:00,9734.2,9736.53,9729.13,9729.75,60.435159,2020,6,8
2020-06-08 10:32:00+00:00,9729.75,9735.0,9728.1,9732.06,26.517679,2020,6,8
2020-06-08 10:33:00+00:00,9732.49,9733.95,9728.04,9729.79,8.322318,2020,6,8
2020-06-08 10:34:00+00:00,9729.8,9731.91,9728.04,9731.37,10.126649,2020,6,8
2020-06-08 10:35:00+00:00,9730.6,9733.01,9729.05,9732.11,21.812984,2020,6,8
2020-06-08 10:36:00+00:00,9732.91,9735.37,9730.77,9731.58,16.211059,2020,6,8
2020-06-08 10:37:00+00:00,9731.57,9737.42,9731.0,9732.61,22.480847,2020,6,8
2020-06-08 10:38:00+00:00,9732.61,9743.04,9732.61,9742.26,25.012473,2020,6,8
2020-06-08 10:39:00+00:00,9742.27,9746.08,9739.94,9746.06,17.743207,2020,6,8
2020-06-08 10:40:00+00:00,9746.07,9748.0,9746.0,9746.79,26.91498,2020,6,8
2020-06-08 10:41:00+00:00,9746.78,9748.0,9744.45,9746.73,31.981936,2020,6,8
2020-06-08 10:42:00+00:00,9747.16,9754.58,9745.51,9749.27,44.357258,2020,6,8
2020-06-08 10:43:00+00:00,9749.07,9751.72,9746.0,9750.0,46.034479,2020,6,8
2020-06-08 10:44:00+00:00,9749.99,9752.77,9749.98,9751.48,23.097261,2020,6,8
2020-06-08 10:45:00+00:00,9751.48,9753.42,9748.93,9749.08,18.703202,2020,6,8
2020-06-08 10:46:00+00:00,9749.89,9749.89,9744.99,9746.0,16.909565,2020,6,8
2020-06-08 10:47:00+00:00,9746.0,9746.01,9743.62,9744.11,13.981266,2020,6,8
2020-06-08 10:48:00+00:00,9744.11,9746.2,9742.51,9744.17,12.459993,2020,6,8
2020-06-08 10:49:00+00:00,9744.2,9745.22,9743.31,9743.94,5.60609,2020,6,8
2020-06-08 10:50:00+00:00,9743.94,9744.47,9740.0,9741.53,11.451599,2020,6,8
2020-06-08 10:51:00+00:00,9741.53,9743.49,9740.37,9743.49,7.830028,2020,6,8
2020-06-08 10:52:00+00:00,9743.48,9743.48,9733.9,9734.87,25.828945,2020,6,8
2020-06-08 10:53:00+00:00,9734.19,9738.24,9733.33,9737.4,7.454604,2020,6,8
2020-06-08 10:54:00+00:00,9737.41,9738.11,9732.01,9732.7,10.152974,2020,6,8
2020-06-08 10:55:00+00:00,9732.52,9733.07,9730.01,9732.44,15.409745,2020,6,8
2020-06-08 10:56:00+00:00,9731.67,9732.42,9727.04,9732.0,19.863164,2020,6,8
2020-06-08 10:57:00+00:00,9732.0,9733.98,9731.58,9733.63,30.222026,2020,6,8
2020-06-08 10:58:00+00:00,9733.62,9735.01,9733.02,9735.0,20.087478,2020,6,8
2020-06-08 10:59:00+00:00,9735.0,9738.01,9735.0,9737.22,24.278661,2020,6,8
2020-06-08 11:00:00+00:00,9737.22,9744.63,9735.01,9735.71,53.316107,2020,6,8
2020-06-08 11:01:00+00:00,9735.88,9737.18,9732.59,9734.49,10.297282,2020,6,8
2020-06-08 11:02:00+00:00,9734.6,9735.46,9734.08,9734.99,13.622495,2020,6,8
2020-06-08 11:03:00+00:00,9734.99,9736.94,9733.89,9736.38,22.994402,2020,6,8
2020-06-08 11:04:00+00:00,9735.56,9738.47,9735.3,9736.78,8.939662,2020,6,8
2020-06-08 11:05:00+00:00,9736.5,9737.32,9728.0,9734.69,66.001827,2020,6,8
2020-06-08 11:06:00+00:00,9734.69,9740.0,9734.02,9736.23,41.316029,2020,6,8
2020-06-08 11:07:00+00:00,9735.24,9740.0,9734.37,9738.07,16.880938,2020,6,8
2020-06-08 11:08:00+00:00,9737.59,9739.89,9735.07,9739.78,10.528648,2020,6,8
2020-06-08 11:09:00+00:00,9739.7,9740.0,9738.97,9739.94,13.939808,2020,6,8
2020-06-08 11:10:00+00:00,9739.99,9740.0,9739.94,9739.99,9.18558,2020,6,8
2020-06-08 11:11:00+00:00,9739.99,9740.0,9733.12,9734.57,30.249709,2020,6,8
2020-06-08 11:12:00+00:00,9734.58,9739.98,9734.57,9739.75,14.740059,2020,6,8
2020-06-08 11:13:00+00:00,9739.74,9739.99,9736.89,9738.95,6.763623,2020,6,8
2020-06-08 11:14:00+00:00,9738.35,9739.61,9738.25,9739.58,6.041934,2020,6,8
2020-06-08 11:15:00+00:00,9739.58,9739.59,9738.24,9738.25,13.679035,2020,6,8
2020-06-08 11:16:00+00:00,9738.24,9739.57,9738.24,9739.57,6.031192,2020,6,8
2020-06-08 11:17:00+00:00,9739.56,9740.0,9739.56,9739.99,12.607718,2020,6,8
2020-06-08 11:18:00+00:00,9739.99,9740.0,9734.3,9736.56,17.217699,2020,6,8
2020-06-08 11:19:00+00:00,9736.61,9739.18,9735.04,9736.08,15.344382,2020,6,8
2020-06-08 11:20:00+00:00,9735.68,9742.8,9735.46,9738.61,57.813832,2020,6,8
2020-06-08 11:21:00+00:00,9738.61,9741.72,9738.51,9740.01,6.124827,2020,6,8
2020-06-08 11:22:00+00:00,9740.0,9740.38,9738.43,9740.0,3.611338,2020,6,8
2020-06-08 11:23:00+00:00,9740.0,9743.74,9739.78,9742.41,11.379786,2020,6,8
2020-06-08 11:24:00+00:00,9741.85,9743.88,9741.85,9743.0,4.514795,2020,6,8
2020-06-08 11:25:00+00:00,9743.01,9743.01,9740.0,9740.0,16.415666,2020,6,8
2020-06-08 11:26:00+00:00,9740.01,9740.01,9740.0,9740.0,5.810761,2020,6,8
2020-06-08 11:27:00+00:00,9740.0,9740.01,9740.0,9740.0,10.22792,2020,6,8
2020-06-08 11:28:00+00:00,9740.0,9740.01,9737.56,9737.77,9.7725,2020,6,8
2020-06-08 11:29:00+00:00,9737.95,9740.0,9733.99,9738.5,36.265899,2020,6,8
2020-06-08 11:30:00+00:00,9738.5,9739.21,9735.83,9738.2,8.49415,2020,6,8
2020-06-08 11:31:00+00:00,9738.2,9741.24,9736.79,9739.05,16.75873,2020,6,8
2020-06-08 11:32:00+00:00,9739.05,9739.05,9723.82,9729.46,30.008451,2020,6,8
2020-06-08 11:33:00+00:00,9728.95,9736.49,9726.51,9734.55,22.753496,2020,6,8
2020-06-08 11:34:00+00:00,9734.55,9735.53,9733.22,9734.82,9.494113,2020,6,8
2020-06-08 11:35:00+00:00,9734.83,9735.6,9734.82,9735.15,13.188481,2020,6,8
2020-06-08 11:36:00+00:00,9735.15,9735.61,9735.12,9735.45,10.682205,2020,6,8
2020-06-08 11:37:00+00:00,9735.45,9735.45,9726.5,9729.14,37.224277,2020,6,8
2020-06-08 11:38:00+00:00,9729.13,9732.0,9719.78,9732.0,83.833135,2020,6,8
2020-06-08 11:39:00+00:00,9732.0,9732.0,9725.05,9728.38,39.006484,2020,6,8
2020-06-08 11:40:00+00:00,9728.36,9729.44,9723.76,9726.55,53.432419,2020,6,8
2020-06-08 11:41:00+00:00,9726.54,9731.01,9723.3,9725.16,66.454381,2020,6,8
2020-06-08 11:42:00+00:00,9726.45,9729.34,9725.39,9726.2,19.814759,2020,6,8
2020-06-08 11:43:00+00:00,9726.21,9732.0,9726.0,9732.0,29.208673,2020,6,8
2020-06-08 11:44:00+00:00,9731.99,9732.0,9726.46,9728.14,12.185458,2020,6,8
2020-06-08 11:45:00+00:00,9728.47,9729.97,9727.9,9729.7,9.472456,2020,6,8
2020-06-08 11:46:00+00:00,9729.7,9731.84,9727.42,9729.68,12.408892,2020,6,8
2020-06-08 11:47:00+00:00,9729.68,9732.0,9726.32,9726.32,15.18981,2020,6,8
2020-06-08 11:48:00+00:00,9727.34,9729.41,9724.01,9728.33,13.086564,2020,6,8
2020-06-08 11:49:00+00:00,9728.21,9728.95,9727.75,9727.98,24.375537,2020,6,8
2020-06-08 11:50:00+00:00,9727.99,9728.53,9726.29,9726.81,6.367897,2020,6,8
2020-06-08 11:51:00+00:00,9726.82,9732.0,9723.48,9730.36,65.693546,2020,6,8
2020-06-08 11:52:00+00:00,9730.53,9731.78,9730.22,9731.78,6.979544,2020,6,8
2020-06-08 11:53:00+00:00,9731.41,9732.0,9730.03,9731.39,12.202592,2020,6,8
2020-06-08 11:54:00+00:00,9731.53,9740.0,9731.02,9737.2,21.774803,2020,6,8
2020-06-08 11:55:00+00:00,9738.59,9740.0,9731.35,9731.4,37.900326,2020,6,8
2020-06-08 11:56:00+00:00,9732.8,9736.0,9731.25,9732.01,10.897982,2020,6,8
2020-06-08 11:57:00+00:00,9732.01,9732.98,9730.11,9731.49,9.46947,2020,6,8
2020-06-08 11:58:00+00:00,9731.49,9735.03,9731.46,9733.65,57.770354,2020,6,8
2020-06-08 11:59:00+00:00,9733.65,9743.9,9733.63,9742.69,145.768419,2020,6,8
2020-06-08 12:00:00+00:00,9742.68,9743.0,9737.03,9739.63,37.94259,2020,6,8
2020-06-08 12:01:00+00:00,9739.63,9739.63,9734.92,9736.7,42.392216,2020,6,8
2020-06-08 12:02:00+00:00,9736.7,9742.56,9736.69,9740.78,35.847705,2020,6,8
2020-06-08 12:03:00+00:00,9740.79,9740.93,9736.25,9739.56,14.007651,2020,6,8
2020-06-08 12:04:00+00:00,9739.7,9741.0,9736.35,9740.83,27.362554,2020,6,8
2020-06-08 12:05:00+00:00,9740.83,9746.0,9740.52,9742.62,79.433436,2020,6,8
2020-06-08 12:06:00+00:00,9742.64,9744.86,9738.24,9740.01,39.427728,2020,6,8
2020-06-08 12:07:00+00:00,9740.62,9743.99,9739.1,9743.54,36.107397,2020,6,8
2020-06-08 12:08:00+00:00,9743.54,9745.0,9743.54,9744.14,29.677492,2020,6,8
2020-06-08 12:09:00+00:00,9744.16,9744.16,9740.95,9742.2,21.405545,2020,6,8
2020-06-08 12:10:00+00:00,9742.19,9742.91,9742.16,9742.91,13.497842,2020,6,8
2020-06-08 12:11:00+00:00,9742.91,9748.78,9742.91,9747.0,140.369666,2020,6,8
2020-06-08 12:12:00+00:00,9747.0,9750.57,9743.59,9745.3,84.834416,2020,6,8
2020-06-08 12:13:00+00:00,9745.09,9750.0,9742.25,9745.52,69.593168,2020,6,8
2020-06-08 12:14:00+00:00,9745.55,9751.78,9745.51,9751.11,31.105547,2020,6,8
2020-06-08 12:15:00+00:00,9751.11,9751.12,9745.65,9750.08,67.074831,2020,6,8
2020-06-08 12:16:00+00:00,9750.08,9750.22,9746.82,9750.0,35.83166,2020,6,8
2020-06-08 12:17:00+00:00,9750.0,9750.41,9746.69,9746.69,17.869727,2020,6,8
2020-06-08 12:18:00+00:00,9746.69,9750.0,9743.49,9746.79,40.780161,2020,6,8
2020-06-08 12:19:00+00:00,9746.08,9746.59,9730.0,9736.16,81.007889,2020,6,8
2020-06-08 12:20:00+00:00,9736.16,9738.99,9729.01,9729.02,53.158497,2020,6,8
2020-06-08 12:21:00+00:00,9729.02,9740.45,9729.01,9738.47,26.840509,2020,6,8
2020-06-08 12:22:00+00:00,9738.46,9740.84,9735.5,9735.5,12.484355,2020,6,8
2020-06-08 12:23:00+00:00,9735.51,9740.01,9735.09,9735.19,14.358972,2020,6,8
2020-06-08 12:24:00+00:00,9735.11,9738.62,9735.0,9735.0,27.483371,2020,6,8
2020-06-08 12:25:00+00:00,9735.01,9735.48,9732.7,9732.98,14.664293,2020,6,8
2020-06-08 12:26:00+00:00,9732.96,9734.89,9730.06,9732.19,30.501238,2020,6,8
2020-06-08 12:27:00+00:00,9732.2,9734.63,9732.0,9732.48,25.518334,2020,6,8
2020-06-08 12:28:00+00:00,9733.18,9743.75,9732.14,9742.4,21.209175,2020,6,8
2020-06-08 12:29:00+00:00,9742.51,9747.0,9741.83,9745.97,31.886673,2020,6,8
2020-06-08 12:30:00+00:00,9745.97,9747.53,9740.62,9744.83,42.94364,2020,6,8
2020-06-08 12:31:00+00:00,9744.44,9744.44,9738.33,9738.94,21.230541,2020,6,8
2020-06-08 12:32:00+00:00,9738.94,9740.48,9735.72,9738.53,58.584218,2020,6,8
2020-06-08 12:33:00+00:00,9738.53,9739.25,9731.61,9734.98,45.054221,2020,6,8
2020-06-08 12:34:00+00:00,9734.55,9736.25,9734.55,9736.0,11.967236,2020,6,8
2020-06-08 12:35:00+00:00,9736.15,9742.62,9736.0,9738.63,19.957115,2020,6,8
2020-06-08 12:36:00+00:00,9738.24,9740.46,9738.24,9740.0,8.474813,2020,6,8
2020-06-08 12:37:00+00:00,9739.99,9740.9,9736.98,9737.46,19.826075,2020,6,8
2020-06-08 12:38:00+00:00,9737.46,9739.14,9736.0,9736.02,7.761744,2020,6,8
2020-06-08 12:39:00+00:00,9736.46,9737.73,9735.21,9736.45,9.707203,2020,6,8
2020-06-08 12:40:00+00:00,9736.18,9740.0,9736.17,9739.54,6.002814,2020,6,8
2020-06-08 12:41:00+00:00,9739.99,9739.99,9738.2,9738.2,5.222424,2020,6,8
2020-06-08 12:42:00+00:00,9738.28,9738.53,9736.99,9736.99,9.927354,2020,6,8
2020-06-08 12:43:00+00:00,9736.99,9738.17,9732.38,9737.52,35.716923,2020,6,8
2020-06-08 12:44:00+00:00,9737.52,9737.52,9733.16,9735.38,11.896824,2020,6,8
2020-06-08 12:45:00+00:00,9735.49,9736.13,9733.02,9734.21,11.315481,2020,6,8
2020-06-08 12:46:00+00:00,9733.84,9735.0,9732.02,9734.73,11.035588,2020,6,8
2020-06-08 12:47:00+00:00,9734.95,9735.41,9733.0,9734.02,6.402019,2020,6,8
2020-06-08 12:48:00+00:00,9734.01,9734.01,9728.0,9728.02,9.113385,2020,6,8
2020-06-08 12:49:00+00:00,9728.2,9731.71,9725.64,9730.38,14.928167,2020,6,8
2020-06-08 12:50:00+00:00,9730.23,9730.67,9728.31,9729.32,4.696427,2020,6,8
2020-06-08 12:51:00+00:00,9729.31,9733.7,9728.02,9729.19,38.234793,2020,6,8
2020-06-08 12:52:00+00:00,9729.19,9729.19,9725.19,9728.02,8.626877,2020,6,8
2020-06-08 12:53:00+00:00,9727.77,9729.19,9722.0,9728.28,66.102412,2020,6,8
2020-06-08 12:54:00+00:00,9728.92,9729.42,9728.61,9728.74,20.896514,2020,6,8
2020-06-08 12:55:00+00:00,9728.74,9733.37,9728.73,9731.54,14.513433,2020,6,8
2020-06-08 12:56:00+00:00,9731.54,9732.0,9728.73,9729.19,7.70485,2020,6,8
2020-06-08 12:57:00+00:00,9729.18,9730.11,9720.0,9725.0,19.3434,2020,6,8
2020-06-08 12:58:00+00:00,9724.5,9725.71,9712.85,9716.45,30.177113,2020,6,8
2020-06-08 12:59:00+00:00,9716.45,9721.36,9715.88,9719.5,56.137651,2020,6,8
2020-06-08 13:00:00+00:00,9719.83,9720.37,9707.0,9710.4,46.336653,2020,6,8
2020-06-08 13:01:00+00:00,9712.13,9720.61,9704.0,9706.69,44.893838,2020,6,8
2020-06-08 13:02:00+00:00,9707.1,9714.51,9701.04,9711.97,69.456464,2020,6,8
2020-06-08 13:03:00+00:00,9712.11,9715.0,9705.0,9708.18,60.444293,2020,6,8
2020-06-08 13:04:00+00:00,9708.18,9710.0,9706.76,9707.47,20.63658,2020,6,8
2020-06-08 13:05:00+00:00,9707.58,9711.0,9707.34,9709.39,19.141606,2020,6,8
2020-06-08 13:06:00+00:00,9709.39,9710.0,9708.24,9709.99,10.75629,2020,6,8
2020-06-08 13:07:00+00:00,9709.99,9718.76,9708.25,9717.0,77.941774,2020,6,8
2020-06-08 13:08:00+00:00,9717.0,9718.14,9709.69,9711.42,45.912184,2020,6,8
2020-06-08 13:09:00+00:00,9711.42,9724.56,9711.42,9724.56,66.609334,2020,6,8
2020-06-08 13:10:00+00:00,9724.75,9725.0,9714.68,9718.44,29.30744,2020,6,8
2020-06-08 13:11:00+00:00,9717.77,9717.78,9712.99,9716.0,54.699649,2020,6,8
2020-06-08 13:12:00+00:00,9716.0,9719.84,9715.0,9716.96,16.480743,2020,6,8
2020-06-08 13:13:00+00:00,9715.82,9720.0,9712.03,9714.49,52.870619,2020,6,8
2020-06-08 13:14:00+00:00,9714.49,9718.1,9714.31,9717.96,12.967544,2020,6,8
2020-06-08 13:15:00+00:00,9717.48,9717.48,9710.48,9711.66,17.370016,2020,6,8
2020-06-08 13:16:00+00:00,9711.44,9711.98,9685.71,9704.55,245.349616,2020,6,8
2020-06-08 13:17:00+00:00,9704.55,9711.77,9701.0,9707.52,33.886898,2020,6,8
2020-06-08 13:18:00+00:00,9707.52,9716.05,9707.26,9715.82,31.451666,2020,6,8
2020-06-08 13:19:00+00:00,9715.81,9717.96,9711.5,9714.99,42.999916,2020,6,8
2020-06-08 13:20:00+00:00,9715.0,9727.46,9714.99,9725.97,35.463703,2020,6,8
2020-06-08 13:21:00+00:00,9726.13,9726.13,9718.5,9722.33,28.721968,2020,6,8
2020-06-08 13:22:00+00:00,9722.18,9722.18,9715.09,9715.74,12.558479,2020,6,8
2020-06-08 13:23:00+00:00,9715.28,9725.0,9715.28,9724.97,30.620466,2020,6,8
2020-06-08 13:24:00+00:00,9724.98,9729.99,9724.98,9728.11,39.533103,2020,6,8
2020-06-08 13:25:00+00:00,9728.23,9733.26,9727.58,9729.98,43.172753,2020,6,8
2020-06-08 13:26:00+00:00,9729.52,9730.0,9726.01,9728.64,35.986566,2020,6,8
2020-06-08 13:27:00+00:00,9728.63,9728.64,9722.8,9725.27,40.680231,2020,6,8
2020-06-08 13:28:00+00:00,9725.27,9726.0,9717.63,9721.15,26.409427,2020,6,8
2020-06-08 13:29:00+00:00,9722.31,9725.16,9718.01,9722.99,18.820144,2020,6,8
2020-06-08 13:30:00+00:00,9723.0,9723.69,9717.67,9719.53,22.258536,2020,6,8
2020-06-08 13:31:00+00:00,9719.83,9720.81,9712.91,9714.63,35.942884,2020,6,8
2020-06-08 13:32:00+00:00,9715.13,9715.79,9710.63,9711.25,12.118963,2020,6,8
2020-06-08 13:33:00+00:00,9711.32,9720.28,9711.32,9716.72,12.351177,2020,6,8
2020-06-08 13:34:00+00:00,9715.62,9718.99,9714.0,9714.93,11.586649,2020,6,8
2020-06-08 13:35:00+00:00,9714.84,9718.99,9714.0,9717.51,7.473189,2020,6,8
2020-06-08 13:36:00+00:00,9717.46,9719.76,9715.41,9719.12,10.580236,2020,6,8
2020-06-08 13:37:00+00:00,9719.13,9720.0,9709.93,9709.94,27.863123,2020,6,8
2020-06-08 13:38:00+00:00,9709.93,9712.79,9708.17,9710.0,18.109522,2020,6,8
2020-06-08 13:39:00+00:00,9710.0,9712.44,9707.73,9708.09,21.938069,2020,6,8
2020-06-08 13:40:00+00:00,9708.09,9712.35,9708.09,9712.34,12.3052,2020,6,8
2020-06-08 13:41:00+00:00,9712.34,9720.0,9709.52,9719.83,35.55694,2020,6,8
2020-06-08 13:42:00+00:00,9719.82,9719.9,9717.07,9719.86,13.861131,2020,6,8
2020-06-08 13:43:00+00:00,9719.86,9722.74,9719.86,9720.51,20.981607,2020,6,8
2020-06-08 13:44:00+00:00,9720.52,9722.62,9709.04,9709.29,64.463004,2020,6,8
2020-06-08 13:45:00+00:00,9709.4,9713.23,9709.4,9711.86,16.818192,2020,6,8
2020-06-08 13:46:00+00:00,9711.87,9713.77,9711.86,9712.37,4.545665,2020,6,8
2020-06-08 13:47:00+00:00,9712.37,9713.82,9712.36,9712.37,13.561658,2020,6,8
2020-06-08 13:48:00+00:00,9712.36,9717.53,9712.36,9716.97,14.119884,2020,6,8
2020-06-08 13:49:00+00:00,9716.97,9716.98,9710.1,9710.98,28.869343,2020,6,8
2020-06-08 13:50:00+00:00,9710.97,9712.57,9710.01,9710.2,14.098257,2020,6,8
2020-06-08 13:51:00+00:00,9710.2,9710.65,9701.13,9702.62,16.213652,2020,6,8
2020-06-08 13:52:00+00:00,9702.51,9702.84,9696.99,9699.87,17.188006,2020,6,8
2020-06-08 13:53:00+00:00,9699.88,9699.89,9669.0,9680.78,346.652519,2020,6,8
2020-06-08 13:54:00+00:00,9680.82,9692.81,9680.33,9690.38,30.719389,2020,6,8
2020-06-08 13:55:00+00:00,9690.38,9691.73,9679.0,9683.56,36.657963,2020,6,8
2020-06-08 13:56:00+00:00,9683.56,9690.63,9683.37,9690.62,42.344772,2020,6,8
2020-06-08 13:57:00+00:00,9689.62,9698.26,9688.78,9697.27,44.990507,2020,6,8
2020-06-08 13:58:00+00:00,9697.26,9698.84,9686.97,9689.41,45.16195,2020,6,8
2020-06-08 13:59:00+00:00,9690.46,9693.4,9690.33,9692.02,14.069711,2020,6,8
2020-06-08 14:00:00+00:00,9692.01,9692.01,9676.67,9683.08,67.35554,2020,6,8
2020-06-08 14:01:00+00:00,9683.17,9683.18,9661.0,9670.3,131.196162,2020,6,8
2020-06-08 14:02:00+00:00,9670.3,9679.13,9657.15,9674.75,57.798049,2020,6,8
2020-06-08 14:03:00+00:00,9672.38,9674.99,9666.46,9671.43,30.180569,2020,6,8
2020-06-08 14:04:00+00:00,9671.78,9679.01,9665.0,9677.11,40.852587,2020,6,8
2020-06-08 14:05:00+00:00,9675.8,9677.81,9651.0,9670.01,97.500691,2020,6,8
2020-06-08 14:06:00+00:00,9670.01,9678.29,9664.14,9665.01,54.419698,2020,6,8
2020-06-08 14:07:00+00:00,9665.01,9680.0,9661.15,9679.99,57.677566,2020,6,8
2020-06-08 14:08:00+00:00,9678.73,9680.0,9669.42,9674.65,27.011452,2020,6,8
2020-06-08 14:09:00+00:00,9673.98,9678.77,9671.71,9678.02,21.357659,2020,6,8
2020-06-08 14:10:00+00:00,9677.21,9677.47,9668.22,9675.54,21.525505,2020,6,8
2020-06-08 14:11:00+00:00,9675.74,9676.0,9674.64,9675.49,10.1477,2020,6,8
2020-06-08 14:12:00+00:00,9675.49,9675.52,9674.12,9675.52,22.44141,2020,6,8
2020-06-08 14:13:00+00:00,9675.51,9685.55,9675.0,9684.11,30.706452,2020,6,8
2020-06-08 14:14:00+00:00,9684.1,9689.94,9680.01,9687.61,58.692254,2020,6,8
2020-06-08 14:15:00+00:00,9687.7,9694.37,9686.97,9693.32,20.91265,2020,6,8
2020-06-08 14:16:00+00:00,9693.32,9697.18,9690.43,9697.14,12.301934,2020,6,8
2020-06-08 14:17:00+00:00,9697.14,9698.88,9693.22,9697.16,31.694685,2020,6,8
2020-06-08 14:18:00+00:00,9697.17,9697.5,9692.04,9693.66,28.434825,2020,6,8
2020-06-08 14:19:00+00:00,9694.14,9695.17,9688.69,9689.89,20.161627,2020,6,8
2020-06-08 14:20:00+00:00,9689.9,9689.9,9679.74,9684.92,24.156085,2020,6,8
2020-06-08 14:21:00+00:00,9683.76,9685.0,9680.89,9682.82,10.161175,2020,6,8
2020-06-08 14:22:00+00:00,9683.54,9684.29,9677.17,9678.77,20.383597,2020,6,8
2020-06-08 14:23:00+00:00,9678.16,9681.0,9674.92,9680.0,18.999604,2020,6,8
2020-06-08 14:24:00+00:00,9680.0,9686.81,9680.0,9682.58,20.117866,2020,6,8
2020-06-08 14:25:00+00:00,9682.58,9688.37,9682.3,9687.11,21.252743,2020,6,8
2020-06-08 14:26:00+00:00,9687.11,9700.0,9687.11,9697.94,24.800886,2020,6,8
2020-06-08 14:27:00+00:00,9697.91,9706.96,9697.83,9701.47,46.119993,2020,6,8
2020-06-08 14:28:00+00:00,9701.48,9703.92,9695.72,9698.77,36.573824,2020,6,8
2020-06-08 14:29:00+00:00,9698.59,9704.0,9697.69,9703.01,24.242177,2020,6,8
2020-06-08 14:30:00+00:00,9703.01,9704.84,9695.0,9698.32,14.8963,2020,6,8
2020-06-08 14:31:00+00:00,9698.33,9699.98,9690.55,9696.41,21.730321,2020,6,8
2020-06-08 14:32:00+00:00,9696.42,9698.85,9692.52,9692.61,15.455592,2020,6,8
2020-06-08 14:33:00+00:00,9692.5,9694.0,9689.0,9693.02,11.534719,2020,6,8
2020-06-08 14:34:00+00:00,9693.02,9694.0,9685.0,9689.33,32.072348,2020,6,8
2020-06-08 14:35:00+00:00,9689.32,9690.0,9687.87,9689.75,7.864664,2020,6,8
2020-06-08 14:36:00+00:00,9689.75,9699.2,9689.75,9699.11,16.402014,2020,6,8
2020-06-08 14:37:00+00:00,9698.83,9700.0,9695.65,9697.09,25.060816,2020,6,8
2020-06-08 14:38:00+00:00,9698.06,9698.81,9692.36,9695.94,17.553797,2020,6,8
2020-06-08 14:39:00+00:00,9695.71,9697.0,9690.51,9692.45,10.39101,2020,6,8
2020-06-08 14:40:00+00:00,9692.04,9696.42,9689.09,9691.56,9.512779,2020,6,8
2020-06-08 14:41:00+00:00,9691.66,9700.96,9690.81,9695.47,18.394882,2020,6,8
2020-06-08 14:42:00+00:00,9694.59,9697.86,9691.03,9691.67,12.172634,2020,6,8
2020-06-08 14:43:00+00:00,9691.0,9692.51,9688.29,9688.86,17.979714,2020,6,8
2020-06-08 14:44:00+00:00,9688.86,9688.96,9682.03,9682.33,29.490254,2020,6,8
2020-06-08 14:45:00+00:00,9682.82,9683.03,9680.0,9680.5,15.82277,2020,6,8
2020-06-08 14:46:00+00:00,9680.99,9684.87,9680.35,9682.19,7.274683,2020,6,8
2020-06-08 14:47:00+00:00,9682.22,9683.31,9680.19,9680.19,5.870546,2020,6,8
2020-06-08 14:48:00+00:00,9680.2,9681.67,9675.5,9681.17,98.866014,2020,6,8
2020-06-08 14:49:00+00:00,9681.84,9686.85,9680.74,9686.82,10.59641,2020,6,8
2020-06-08 14:50:00+00:00,9686.85,9686.95,9677.19,9677.19,34.213636,2020,6,8
2020-06-08 14:51:00+00:00,9678.17,9680.0,9676.0,9677.07,10.032509,2020,6,8
2020-06-08 14:52:00+00:00,9677.07,9679.46,9677.05,9678.89,7.363677,2020,6,8
2020-06-08 14:53:00+00:00,9678.74,9678.74,9673.46,9677.6,16.635761,2020,6,8
2020-06-08 14:54:00+00:00,9677.6,9677.61,9673.13,9673.71,8.954025,2020,6,8
2020-06-08 14:55:00+00:00,9673.7,9674.04,9670.06,9671.82,17.029469,2020,6,8
2020-06-08 14:56:00+00:00,9671.81,9678.08,9670.04,9678.08,17.840657,2020,6,8
2020-06-08 14:57:00+00:00,9678.07,9685.21,9676.02,9678.31,52.567305,2020,6,8
2020-06-08 14:58:00+00:00,9678.31,9683.18,9676.96,9681.95,11.600351,2020,6,8
2020-06-08 14:59:00+00:00,9681.53,9682.8,9671.0,9671.0,33.982004,2020,6,8
2020-06-08 15:00:00+00:00,9671.0,9673.52,9662.92,9670.08,116.061122,2020,6,8
2020-06-08 15:01:00+00:00,9670.08,9682.46,9669.98,9677.55,53.242712,2020,6,8
2020-06-08 15:02:00+00:00,9677.56,9686.0,9675.61,9685.01,23.899879,2020,6,8
2020-06-08 15:03:00+00:00,9685.0,9685.21,9678.32,9684.4,40.952319,2020,6,8
2020-06-08 15:04:00+00:00,9683.99,9684.01,9680.69,9682.83,8.600779,2020,6,8
2020-06-08 15:05:00+00:00,9682.84,9684.92,9680.0,9680.76,18.908462,2020,6,8
2020-06-08 15:06:00+00:00,9680.79,9687.89,9679.1,9687.89,15.971773,2020,6,8
2020-06-08 15:07:00+00:00,9687.88,9693.87,9686.29,9691.2,17.096511,2020,6,8
2020-06-08 15:08:00+00:00,9691.2,9692.0,9690.0,9690.79,8.166316,2020,6,8
2020-06-08 15:09:00+00:00,9690.79,9695.73,9690.0,9691.46,10.026613,2020,6,8
2020-06-08 15:10:00+00:00,9691.11,9696.86,9690.53,9695.54,12.122075,2020,6,8
2020-06-08 15:11:00+00:00,9695.17,9697.33,9695.17,9697.01,21.970968,2020,6,8
2020-06-08 15:12:00+00:00,9697.01,9697.31,9690.37,9697.31,17.741482,2020,6,8
2020-06-08 15:13:00+00:00,9697.3,9697.93,9695.0,9697.92,14.922638,2020,6,8
2020-06-08 15:14:00+00:00,9697.64,9697.93,9693.69,9697.51,28.858411,2020,6,8
2020-06-08 15:15:00+00:00,9696.57,9697.22,9687.0,9690.76,42.330065,2020,6,8
2020-06-08 15:16:00+00:00,9690.76,9692.46,9673.44,9681.37,78.255102,2020,6,8
2020-06-08 15:17:00+00:00,9681.37,9690.16,9679.55,9681.54,25.007491,2020,6,8
2020-06-08 15:18:00+00:00,9681.27,9686.98,9679.45,9684.17,35.647119,2020,6,8
2020-06-08 15:19:00+00:00,9684.22,9685.89,9678.0,9678.01,19.668325,2020,6,8
2020-06-08 15:20:00+00:00,9678.01,9678.98,9672.68,9672.68,28.851565,2020,6,8
2020-06-08 15:21:00+00:00,9675.49,9679.81,9671.84,9678.51,19.035931,2020,6,8
2020-06-08 15:22:00+00:00,9678.52,9682.43,9677.19,9680.01,19.925204,2020,6,8
2020-06-08 15:23:00+00:00,9680.01,9680.35,9675.76,9679.24,12.757176,2020,6,8
2020-06-08 15:24:00+00:00,9678.59,9680.49,9676.02,9676.37,15.576381,2020,6,8
2020-06-08 15:25:00+00:00,9676.02,9679.69,9673.62,9674.72,9.866022,2020,6,8
2020-06-08 15:26:00+00:00,9674.68,9679.5,9674.33,9678.19,22.770843,2020,6,8
2020-06-08 15:27:00+00:00,9678.12,9679.79,9674.89,9678.01,18.597747,2020,6,8
2020-06-08 15:28:00+00:00,9678.01,9680.38,9675.59,9676.52,13.944085,2020,6,8
2020-06-08 15:29:00+00:00,9676.69,9683.3,9676.69,9683.07,8.477877,2020,6,8
2020-06-08 15:30:00+00:00,9683.06,9683.21,9674.6,9676.13,20.958947,2020,6,8
2020-06-08 15:31:00+00:00,9676.49,9676.49,9673.88,9675.0,17.293018,2020,6,8
2020-06-08 15:32:00+00:00,9675.0,9679.41,9673.72,9675.27,11.899253,2020,6,8
2020-06-08 15:33:00+00:00,9675.31,9678.27,9671.95,9674.52,14.67543,2020,6,8
2020-06-08 15:34:00+00:00,9674.52,9678.75,9674.05,9678.74,14.36591,2020,6,8
2020-06-08 15:35:00+00:00,9678.74,9678.8,9678.0,9678.0,17.154669,2020,6,8
2020-06-08 15:36:00+00:00,9678.01,9678.01,9672.06,9674.0,9.354083,2020,6,8
2020-06-08 15:37:00+00:00,9673.55,9678.8,9671.83,9677.68,16.768254,2020,6,8
2020-06-08 15:38:00+00:00,9677.68,9679.75,9677.67,9679.39,10.199973,2020,6,8
2020-06-08 15:39:00+00:00,9679.4,9683.62,9679.39,9681.0,10.675571,2020,6,8
2020-06-08 15:40:00+00:00,9681.0,9688.5,9679.39,9683.11,21.524284,2020,6,8
2020-06-08 15:41:00+00:00,9683.69,9688.89,9683.69,9687.47,11.65668,2020,6,8
2020-06-08 15:42:00+00:00,9687.47,9694.68,9687.45,9693.9,23.089216,2020,6,8
2020-06-08 15:43:00+00:00,9694.35,9696.0,9691.45,9694.08,23.67239,2020,6,8
2020-06-08 15:44:00+00:00,9694.08,9696.0,9691.68,9692.42,23.813894,2020,6,8
2020-06-08 15:45:00+00:00,9692.16,9693.25,9686.06,9689.47,24.623804,2020,6,8
2020-06-08 15:46:00+00:00,9689.52,9692.07,9689.38,9691.14,5.508557,2020,6,8
2020-06-08 15:47:00+00:00,9691.03,9692.3,9688.77,9691.0,8.835451,2020,6,8
2020-06-08 15:48:00+00:00,9690.95,9691.5,9689.02,9690.81,4.738024,2020,6,8
2020-06-08 15:49:00+00:00,9690.39,9691.39,9686.26,9691.39,16.269188,2020,6,8
2020-06-08 15:50:00+00:00,9690.91,9700.0,9690.34,9697.87,36.852729,2020,6,8
2020-06-08 15:51:00+00:00,9697.88,9703.0,9696.17,9699.99,32.605036,2020,6,8
2020-06-08 15:52:00+00:00,9699.99,9700.0,9698.4,9700.0,18.80445,2020,6,8
2020-06-08 15:53:00+00:00,9700.0,9700.0,9695.0,9696.11,13.83453,2020,6,8
2020-06-08 15:54:00+00:00,9696.1,9700.0,9695.0,9699.64,22.828461,2020,6,8
2020-06-08 15:55:00+00:00,9699.64,9700.0,9695.0,9695.01,20.464233,2020,6,8
2020-06-08 15:56:00+00:00,9695.0,9698.6,9691.08,9696.23,24.89373,2020,6,8
2020-06-08 15:57:00+00:00,9696.23,9697.94,9694.03,9697.25,27.424813,2020,6,8
2020-06-08 15:58:00+00:00,9697.26,9698.94,9695.69,9698.94,71.52249,2020,6,8
2020-06-08 15:59:00+00:00,9698.94,9707.03,9696.83,9705.51,83.032126,2020,6,8
2020-06-08 16:00:00+00:00,9706.3,9706.31,9684.47,9689.86,49.452885,2020,6,8
2020-06-08 16:01:00+00:00,9689.65,9690.83,9680.59,9685.04,27.105629,2020,6,8
2020-06-08 16:02:00+00:00,9685.04,9691.79,9685.0,9687.58,18.043433,2020,6,8
2020-06-08 16:03:00+00:00,9687.58,9690.0,9686.16,9689.99,13.863978,2020,6,8
2020-06-08 16:04:00+00:00,9689.99,9692.55,9684.73,9686.27,30.465876,2020,6,8
2020-06-08 16:05:00+00:00,9686.14,9686.75,9681.23,9682.5,33.153859,2020,6,8
2020-06-08 16:06:00+00:00,9682.52,9688.67,9682.52,9685.84,40.172273,2020,6,8
2020-06-08 16:07:00+00:00,9686.83,9688.32,9681.61,9683.12,34.84838,2020,6,8
2020-06-08 16:08:00+00:00,9683.47,9690.0,9683.02,9686.06,27.830649,2020,6,8
2020-06-08 16:09:00+00:00,9686.88,9689.95,9685.83,9689.36,12.520587,2020,6,8
2020-06-08 16:10:00+00:00,9689.68,9689.93,9682.99,9684.85,29.083307,2020,6,8
2020-06-08 16:11:00+00:00,9684.97,9685.38,9682.01,9684.95,11.193934,2020,6,8
2020-06-08 16:12:00+00:00,9684.96,9691.08,9684.48,9687.75,30.101537,2020,6,8
2020-06-08 16:13:00+00:00,9687.62,9690.95,9686.13,9690.06,12.707687,2020,6,8
2020-06-08 16:14:00+00:00,9690.53,9690.53,9683.42,9683.9,9.68695,2020,6,8
2020-06-08 16:15:00+00:00,9685.44,9685.45,9674.04,9679.45,48.25826,2020,6,8
2020-06-08 16:16:00+00:00,9679.45,9680.2,9676.91,9679.15,10.471222,2020,6,8
2020-06-08 16:17:00+00:00,9679.16,9679.81,9675.0,9677.47,12.789393,2020,6,8
2020-06-08 16:18:00+00:00,9677.93,9678.0,9674.78,9677.65,17.800507,2020,6,8
2020-06-08 16:19:00+00:00,9677.86,9688.05,9677.25,9687.0,43.856151,2020,6,8
2020-06-08 16:20:00+00:00,9687.0,9690.06,9680.63,9681.08,15.188247,2020,6,8
2020-06-08 16:21:00+00:00,9680.69,9683.54,9679.03,9683.0,20.239683,2020,6,8
2020-06-08 16:22:00+00:00,9683.0,9683.0,9682.38,9682.65,28.408482,2020,6,8
2020-06-08 16:23:00+00:00,9682.65,9682.65,9673.79,9676.31,72.731285,2020,6,8
2020-06-08 16:24:00+00:00,9676.52,9679.86,9676.0,9678.93,19.067117,2020,6,8
2020-06-08 16:25:00+00:00,9679.0,9679.87,9676.0,9678.34,10.409094,2020,6,8
2020-06-08 16:26:00+00:00,9678.29,9680.0,9675.91,9679.97,14.179837,2020,6,8
2020-06-08 16:27:00+00:00,9679.49,9679.88,9675.68,9678.73,16.556188,2020,6,8
2020-06-08 16:28:00+00:00,9678.72,9679.17,9676.03,9678.0,18.966827,2020,6,8
2020-06-08 16:29:00+00:00,9678.0,9679.18,9677.99,9678.52,29.876719,2020,6,8
2020-06-08 16:30:00+00:00,9678.52,9678.52,9670.0,9673.19,26.02759,2020,6,8
2020-06-08 16:31:00+00:00,9673.92,9674.7,9670.04,9673.24,33.420265,2020,6,8
2020-06-08 16:32:00+00:00,9672.84,9672.85,9670.0,9671.91,28.166358,2020,6,8
2020-06-08 16:33:00+00:00,9671.91,9682.78,9670.06,9677.75,30.612316,2020,6,8
2020-06-08 16:34:00+00:00,9677.7,9681.67,9671.71,9674.79,23.301036,2020,6,8
2020-06-08 16:35:00+00:00,9674.79,9678.87,9672.54,9678.07,14.681181,2020,6,8
2020-06-08 16:36:00+00:00,9678.01,9679.99,9676.14,9677.39,9.048901,2020,6,8
2020-06-08 16:37:00+00:00,9677.29,9678.22,9676.13,9676.64,9.07275,2020,6,8
2020-06-08 16:38:00+00:00,9676.64,9678.71,9676.26,9676.91,7.861256,2020,6,8
2020-06-08 16:39:00+00:00,9677.04,9678.8,9675.26,9676.77,25.704012,2020,6,8
2020-06-08 16:40:00+00:00,9676.64,9678.35,9665.82,9668.4,61.500863,2020,6,8
2020-06-08 16:41:00+00:00,9669.13,9676.98,9666.03,9675.65,18.406426,2020,6,8
2020-06-08 16:42:00+00:00,9675.43,9677.34,9672.21,9674.42,13.584699,2020,6,8
2020-06-08 16:43:00+00:00,9673.92,9674.11,9667.0,9672.22,33.920372,2020,6,8
2020-06-08 16:44:00+00:00,9672.22,9674.42,9666.78,9673.9,11.177425,2020,6,8
2020-06-08 16:45:00+00:00,9673.9,9674.42,9665.79,9670.01,18.982203,2020,6,8
2020-06-08 16:46:00+00:00,9670.01,9671.92,9667.7,9670.01,18.732653,2020,6,8
2020-06-08 16:47:00+00:00,9670.01,9670.89,9665.6,9666.42,11.41369,2020,6,8
2020-06-08 16:48:00+00:00,9666.92,9666.96,9662.0,9664.19,41.103732,2020,6,8
2020-06-08 16:49:00+00:00,9664.21,9665.41,9661.32,9664.45,12.513013,2020,6,8
2020-06-08 16:50:00+00:00,9664.45,9666.67,9661.0,9664.74,25.287832,2020,6,8
2020-06-08 16:51:00+00:00,9665.39,9696.2,9665.38,9693.4,160.291769,2020,6,8
2020-06-08 16:52:00+00:00,9693.39,9703.39,9686.92,9700.56,65.282011,2020,6,8
2020-06-08 16:53:00+00:00,9701.63,9728.13,9701.62,9712.43,137.480843,2020,6,8
2020-06-08 16:54:00+00:00,9712.43,9717.77,9705.87,9717.73,37.54621,2020,6,8
2020-06-08 16:55:00+00:00,9717.72,9717.73,9708.01,9708.02,54.031597,2020,6,8
2020-06-08 16:56:00+00:00,9708.02,9714.49,9708.02,9713.76,36.978526,2020,6,8
2020-06-08 16:57:00+00:00,9713.71,9717.47,9707.0,9715.57,31.37764,2020,6,8
2020-06-08 16:58:00+00:00,9716.19,9716.89,9711.63,9712.41,23.201112,2020,6,8
2020-06-08 16:59:00+00:00,9711.74,9715.0,9707.0,9714.99,44.410169,2020,6,8
2020-06-08 17:00:00+00:00,9715.0,9715.0,9708.12,9710.99,25.849942,2020,6,8
2020-06-08 17:01:00+00:00,9711.0,9713.97,9710.37,9712.94,20.948692,2020,6,8
2020-06-08 17:02:00+00:00,9712.99,9713.0,9708.05,9708.42,28.624568,2020,6,8
2020-06-08 17:03:00+00:00,9708.46,9709.49,9705.28,9707.99,16.560119,2020,6,8
2020-06-08 17:04:00+00:00,9707.99,9714.98,9704.8,9712.77,42.369372,2020,6,8
2020-06-08 17:05:00+00:00,9713.4,9715.0,9712.4,9714.13,17.923683,2020,6,8
2020-06-08 17:06:00+00:00,9714.13,9723.99,9710.58,9723.97,35.818674,2020,6,8
2020-06-08 17:07:00+00:00,9723.49,9724.69,9719.22,9722.59,27.85807,2020,6,8
2020-06-08 17:08:00+00:00,9722.6,9725.0,9720.01,9722.36,17.130365,2020,6,8
2020-06-08 17:09:00+00:00,9723.12,9727.0,9720.61,9722.43,37.226533,2020,6,8
2020-06-08 17:10:00+00:00,9722.43,9746.0,9721.6,9733.5,187.281305,2020,6,8
2020-06-08 17:11:00+00:00,9733.5,9737.99,9723.21,9733.86,30.103072,2020,6,8
2020-06-08 17:12:00+00:00,9734.36,9734.36,9729.08,9733.65,10.183774,2020,6,8
2020-06-08 17:13:00+00:00,9733.95,9733.95,9719.66,9725.64,71.414179,2020,6,8
2020-06-08 17:14:00+00:00,9725.01,9725.01,9720.0,9721.92,8.791105,2020,6,8
2020-06-08 17:15:00+00:00,9721.72,9733.0,9721.72,9731.36,30.150059,2020,6,8
2020-06-08 17:16:00+00:00,9731.34,9732.92,9725.0,9725.64,14.071706,2020,6,8
2020-06-08 17:17:00+00:00,9725.63,9732.81,9725.63,9729.99,35.848284,2020,6,8
2020-06-08 17:18:00+00:00,9729.99,9730.52,9727.15,9730.01,15.861992,2020,6,8
2020-06-08 17:19:00+00:00,9730.01,9730.39,9730.0,9730.0,7.227126,2020,6,8
2020-06-08 17:20:00+00:00,9730.0,9730.03,9725.78,9729.36,19.010215,2020,6,8
2020-06-08 17:21:00+00:00,9729.44,9734.24,9723.59,9732.42,37.996017,2020,6,8
2020-06-08 17:22:00+00:00,9732.42,9733.08,9727.87,9729.95,17.065501,2020,6,8
2020-06-08 17:23:00+00:00,9729.96,9736.16,9729.01,9734.78,42.579573,2020,6,8
2020-06-08 17:24:00+00:00,9733.52,9735.99,9732.42,9735.47,14.307037,2020,6,8
2020-06-08 17:25:00+00:00,9735.47,9735.8,9729.17,9734.4,16.118252,2020,6,8
2020-06-08 17:26:00+00:00,9734.41,9734.78,9731.18,9732.16,8.095242,2020,6,8
2020-06-08 17:27:00+00:00,9731.43,9733.93,9730.56,9731.6,8.748817,2020,6,8
2020-06-08 17:28:00+00:00,9731.44,9734.41,9730.0,9730.49,14.609432,2020,6,8
2020-06-08 17:29:00+00:00,9730.5,9731.09,9726.38,9727.34,32.056457,2020,6,8
2020-06-08 17:30:00+00:00,9727.34,9727.36,9720.81,9722.05,30.55094,2020,6,8
2020-06-08 17:31:00+00:00,9722.03,9722.03,9713.49,9719.29,43.62964,2020,6,8
2020-06-08 17:32:00+00:00,9719.3,9719.86,9707.32,9709.85,33.682285,2020,6,8
2020-06-08 17:33:00+00:00,9709.85,9715.8,9708.09,9713.56,26.146759,2020,6,8
2020-06-08 17:34:00+00:00,9714.58,9715.03,9707.64,9711.93,61.253166,2020,6,8
2020-06-08 17:35:00+00:00,9711.94,9713.74,9705.05,9713.35,38.52185,2020,6,8
2020-06-08 17:36:00+00:00,9713.39,9713.73,9711.03,9711.43,5.061058,2020,6,8
2020-06-08 17:37:00+00:00,9711.43,9712.18,9710.03,9710.76,13.969497,2020,6,8
2020-06-08 17:38:00+00:00,9710.72,9710.79,9709.82,9710.79,17.308325,2020,6,8
2020-06-08 17:39:00+00:00,9710.72,9715.0,9703.09,9714.99,70.015484,2020,6,8
2020-06-08 17:40:00+00:00,9714.99,9725.0,9714.29,9722.29,47.579381,2020,6,8
2020-06-08 17:41:00+00:00,9722.21,9722.95,9720.2,9722.32,14.894576,2020,6,8
2020-06-08 17:42:00+00:00,9722.38,9722.38,9717.03,9719.97,28.230777,2020,6,8
2020-06-08 17:43:00+00:00,9719.97,9725.0,9719.55,9722.99,31.966431,2020,6,8
2020-06-08 17:44:00+00:00,9722.99,9724.99,9720.29,9724.02,24.561365,2020,6,8
2020-06-08 17:45:00+00:00,9723.69,9723.75,9711.12,9712.4,36.195149,2020,6,8
2020-06-08 17:46:00+00:00,9712.41,9713.25,9711.21,9713.0,3.654577,2020,6,8
2020-06-08 17:47:00+00:00,9712.99,9715.75,9712.99,9713.93,7.938371,2020,6,8
2020-06-08 17:48:00+00:00,9714.26,9716.82,9713.01,9714.98,10.27369,2020,6,8
2020-06-08 17:49:00+00:00,9714.98,9714.98,9710.0,9710.22,7.840896,2020,6,8
2020-06-08 17:50:00+00:00,9710.02,9712.52,9702.76,9703.05,19.629104,2020,6,8
2020-06-08 17:51:00+00:00,9702.98,9713.24,9700.67,9712.52,39.819223,2020,6,8
2020-06-08 17:52:00+00:00,9713.38,9714.01,9708.99,9711.25,6.840208,2020,6,8
2020-06-08 17:53:00+00:00,9711.93,9713.4,9710.0,9712.36,6.761439,2020,6,8
2020-06-08 17:54:00+00:00,9711.38,9712.07,9708.23,9708.97,7.979693,2020,6,8
2020-06-08 17:55:00+00:00,9709.25,9712.15,9708.15,9709.99,13.330571,2020,6,8
2020-06-08 17:56:00+00:00,9710.0,9713.4,9709.58,9709.98,22.277083,2020,6,8
2020-06-08 17:57:00+00:00,9709.98,9718.33,9704.0,9717.03,46.066359,2020,6,8
2020-06-08 17:58:00+00:00,9717.15,9722.0,9717.14,9721.71,14.319,2020,6,8
2020-06-08 17:59:00+00:00,9721.42,9722.54,9719.69,9720.81,11.45354,2020,6,8
2020-06-08 18:00:00+00:00,9721.56,9721.92,9710.07,9712.35,39.735018,2020,6,8
2020-06-08 18:01:00+00:00,9712.35,9716.52,9711.56,9715.93,32.844735,2020,6,8
2020-06-08 18:02:00+00:00,9715.92,9715.93,9712.0,9712.88,26.119899,2020,6,8
2020-06-08 18:03:00+00:00,9712.95,9713.0,9712.45,9712.95,8.716595,2020,6,8
2020-06-08 18:04:00+00:00,9712.95,9713.0,9710.63,9713.0,14.159184,2020,6,8
2020-06-08 18:05:00+00:00,9713.0,9713.0,9711.67,9711.88,7.722079,2020,6,8
2020-06-08 18:06:00+00:00,9711.7,9712.33,9711.67,9711.68,4.039852,2020,6,8
2020-06-08 18:07:00+00:00,9711.84,9712.33,9710.22,9710.28,8.15816,2020,6,8
2020-06-08 18:08:00+00:00,9710.28,9719.44,9710.28,9717.42,49.985504,2020,6,8
2020-06-08 18:09:00+00:00,9717.41,9719.47,9717.41,9719.0,7.034543,2020,6,8
2020-06-08 18:10:00+00:00,9719.0,9719.0,9715.51,9716.21,6.508632,2020,6,8
2020-06-08 18:11:00+00:00,9716.21,9722.9,9716.21,9721.16,31.756481,2020,6,8
2020-06-08 18:12:00+00:00,9721.15,9722.38,9719.49,9720.78,5.759233,2020,6,8
2020-06-08 18:13:00+00:00,9720.78,9723.32,9714.91,9722.9,33.235387,2020,6,8
2020-06-08 18:14:00+00:00,9722.75,9727.0,9721.64,9726.15,20.584455,2020,6,8
2020-06-08 18:15:00+00:00,9725.96,9726.04,9721.45,9722.68,6.454276,2020,6,8
2020-06-08 18:16:00+00:00,9722.65,9728.0,9721.46,9727.99,18.671066,2020,6,8
2020-06-08 18:17:00+00:00,9727.99,9733.73,9727.09,9728.57,46.662308,2020,6,8
2020-06-08 18:18:00+00:00,9728.58,9731.82,9727.1,9727.85,8.360845,2020,6,8
2020-06-08 18:19:00+00:00,9727.21,9728.9,9722.5,9728.15,33.814034,2020,6,8
2020-06-08 18:20:00+00:00,9727.47,9730.68,9727.2,9729.82,12.303824,2020,6,8
2020-06-08 18:21:00+00:00,9729.94,9730.24,9726.64,9729.45,10.793538,2020,6,8
2020-06-08 18:22:00+00:00,9729.34,9729.99,9728.36,9729.01,6.716959,2020,6,8
2020-06-08 18:23:00+00:00,9729.0,9729.65,9726.64,9728.45,19.420068,2020,6,8
2020-06-08 18:24:00+00:00,9728.46,9728.63,9722.12,9725.45,28.098968,2020,6,8
2020-06-08 18:25:00+00:00,9725.39,9726.72,9720.0,9720.49,38.395702,2020,6,8
2020-06-08 18:26:00+00:00,9720.53,9721.68,9717.71,9721.37,27.268918,2020,6,8
2020-06-08 18:27:00+00:00,9721.37,9723.24,9717.18,9723.24,29.952215,2020,6,8
2020-06-08 18:28:00+00:00,9723.59,9729.0,9722.27,9729.0,22.034707,2020,6,8
2020-06-08 18:29:00+00:00,9729.0,9730.0,9721.82,9724.99,22.742791,2020,6,8
2020-06-08 18:30:00+00:00,9724.5,9724.5,9717.35,9719.24,27.619974,2020,6,8
2020-06-08 18:31:00+00:00,9719.24,9726.48,9719.24,9723.22,28.079831,2020,6,8
2020-06-08 18:32:00+00:00,9723.69,9725.49,9720.58,9721.48,6.907232,2020,6,8
2020-06-08 18:33:00+00:00,9721.19,9726.15,9720.03,9725.08,18.07685,2020,6,8
2020-06-08 18:34:00+00:00,9725.13,9725.82,9716.71,9719.32,20.893216,2020,6,8
2020-06-08 18:35:00+00:00,9720.62,9721.02,9716.02,9718.11,10.824211,2020,6,8
2020-06-08 18:36:00+00:00,9718.23,9719.69,9717.0,9718.04,7.784697,2020,6,8
2020-06-08 18:37:00+00:00,9717.48,9717.48,9712.29,9713.14,10.740316,2020,6,8
2020-06-08 18:38:00+00:00,9713.14,9718.92,9713.14,9718.59,8.341957,2020,6,8
2020-06-08 18:39:00+00:00,9718.6,9718.93,9712.26,9716.71,25.29957,2020,6,8
2020-06-08 18:40:00+00:00,9717.39,9717.39,9712.59,9713.78,18.551868,2020,6,8
2020-06-08 18:41:00+00:00,9713.78,9715.49,9713.13,9713.99,11.11474,2020,6,8
2020-06-08 18:42:00+00:00,9713.98,9714.93,9712.17,9713.46,5.776848,2020,6,8
2020-06-08 18:43:00+00:00,9713.69,9713.8,9711.26,9712.38,10.393633,2020,6,8
2020-06-08 18:44:00+00:00,9712.28,9714.0,9710.84,9712.0,11.773571,2020,6,8
2020-06-08 18:45:00+00:00,9711.96,9712.49,9705.0,9712.09,19.219791,2020,6,8
2020-06-08 18:46:00+00:00,9712.09,9713.69,9712.0,9713.19,5.261602,2020,6,8
2020-06-08 18:47:00+00:00,9713.18,9718.0,9710.0,9716.08,21.319948,2020,6,8
2020-06-08 18:48:00+00:00,9716.55,9717.04,9714.03,9714.58,12.536771,2020,6,8
2020-06-08 18:49:00+00:00,9714.57,9715.61,9693.73,9704.14,87.435942,2020,6,8
2020-06-08 18:50:00+00:00,9704.18,9708.75,9694.6,9697.96,32.075171,2020,6,8
2020-06-08 18:51:00+00:00,9697.96,9705.49,9697.96,9701.05,25.91432,2020,6,8
2020-06-08 18:52:00+00:00,9702.0,9703.77,9700.0,9700.0,3.864238,2020,6,8
2020-06-08 18:53:00+00:00,9700.01,9700.41,9700.0,9700.01,3.809375,2020,6,8
2020-06-08 18:54:00+00:00,9700.0,9702.04,9695.51,9702.03,23.551676,2020,6,8
2020-06-08 18:55:00+00:00,9702.03,9702.16,9699.26,9701.2,16.796783,2020,6,8
2020-06-08 18:56:00+00:00,9701.2,9706.51,9697.94,9701.3,29.124535,2020,6,8
2020-06-08 18:57:00+00:00,9700.87,9701.79,9698.64,9700.22,9.456321,2020,6,8
2020-06-08 18:58:00+00:00,9699.62,9700.22,9698.54,9698.54,6.227216,2020,6,8
2020-06-08 18:59:00+00:00,9698.55,9703.22,9698.55,9702.67,10.126522,2020,6,8
2020-06-08 19:00:00+00:00,9702.66,9702.66,9698.96,9699.97,13.127488,2020,6,8
2020-06-08 19:01:00+00:00,9699.97,9703.88,9699.79,9699.79,35.226564,2020,6,8
2020-06-08 19:02:00+00:00,9699.79,9699.99,9691.19,9696.63,64.567194,2020,6,8
2020-06-08 19:03:00+00:00,9696.67,9699.39,9695.63,9697.52,13.093632,2020,6,8
2020-06-08 19:04:00+00:00,9697.7,9698.8,9695.05,9695.9,11.945493,2020,6,8
2020-06-08 19:05:00+00:00,9695.93,9702.03,9695.92,9700.28,20.914562,2020,6,8
2020-06-08 19:06:00+00:00,9700.28,9702.86,9696.51,9702.02,13.848356,2020,6,8
2020-06-08 19:07:00+00:00,9702.03,9703.28,9702.02,9703.07,7.089459,2020,6,8
2020-06-08 19:08:00+00:00,9703.37,9709.0,9703.0,9707.62,24.091225,2020,6,8
2020-06-08 19:09:00+00:00,9707.62,9710.0,9705.45,9709.5,19.39918,2020,6,8
2020-06-08 19:10:00+00:00,9709.5,9713.38,9707.26,9708.53,18.908746,2020,6,8
2020-06-08 19:11:00+00:00,9708.53,9709.58,9706.19,9709.43,15.812591,2020,6,8
2020-06-08 19:12:00+00:00,9708.47,9708.99,9705.12,9707.0,4.612531,2020,6,8
2020-06-08 19:13:00+00:00,9706.99,9707.0,9705.21,9707.0,5.072765,2020,6,8
2020-06-08 19:14:00+00:00,9706.99,9711.08,9706.99,9707.82,7.069482,2020,6,8
2020-06-08 19:15:00+00:00,9708.38,9708.41,9703.79,9708.38,18.407213,2020,6,8
2020-06-08 19:16:00+00:00,9708.69,9710.96,9705.09,9706.49,12.454058,2020,6,8
2020-06-08 19:17:00+00:00,9706.05,9708.13,9706.03,9707.0,5.359797,2020,6,8
2020-06-08 19:18:00+00:00,9707.01,9710.01,9707.0,9709.29,3.675225,2020,6,8
2020-06-08 19:19:00+00:00,9709.07,9709.29,9705.0,9706.17,23.64677,2020,6,8
2020-06-08 19:20:00+00:00,9706.16,9706.18,9705.01,9706.0,6.649449,2020,6,8
2020-06-08 19:21:00+00:00,9705.99,9706.18,9705.93,9706.17,4.117582,2020,6,8
2020-06-08 19:22:00+00:00,9706.17,9709.0,9706.17,9708.44,7.865046,2020,6,8
2020-06-08 19:23:00+00:00,9708.48,9710.0,9708.48,9709.82,6.720783,2020,6,8
2020-06-08 19:24:00+00:00,9709.81,9713.05,9709.7,9712.18,12.484623,2020,6,8
2020-06-08 19:25:00+00:00,9712.18,9712.18,9705.98,9706.16,13.20166,2020,6,8
2020-06-08 19:26:00+00:00,9706.43,9713.01,9706.32,9710.02,11.670885,2020,6,8
2020-06-08 19:27:00+00:00,9710.02,9710.4,9707.58,9709.16,4.039258,2020,6,8
2020-06-08 19:28:00+00:00,9709.41,9709.88,9706.51,9708.67,6.594942,2020,6,8
2020-06-08 19:29:00+00:00,9708.68,9710.0,9706.51,9709.99,10.596018,2020,6,8
2020-06-08 19:30:00+00:00,9709.99,9709.99,9705.17,9706.92,15.858383,2020,6,8
2020-06-08 19:31:00+00:00,9706.79,9710.11,9706.04,9709.42,22.167748,2020,6,8
2020-06-08 19:32:00+00:00,9709.42,9715.48,9707.0,9707.0,22.105863,2020,6,8
2020-06-08 19:33:00+00:00,9707.0,9707.96,9701.0,9701.13,10.170732,2020,6,8
2020-06-08 19:34:00+00:00,9701.13,9703.52,9700.0,9701.99,6.176472,2020,6,8
2020-06-08 19:35:00+00:00,9701.89,9703.52,9692.34,9700.56,52.941255,2020,6,8
2020-06-08 19:36:00+00:00,9700.55,9703.06,9699.41,9701.99,6.378938,2020,6,8
2020-06-08 19:37:00+00:00,9702.1,9702.88,9700.48,9702.38,7.764501,2020,6,8
2020-06-08 19:38:00+00:00,9702.87,9703.56,9700.0,9702.37,11.899256,2020,6,8
2020-06-08 19:39:00+00:00,9702.49,9704.17,9702.0,9703.48,4.295861,2020,6,8
2020-06-08 19:40:00+00:00,9702.97,9703.84,9701.92,9701.95,5.458508,2020,6,8
2020-06-08 19:41:00+00:00,9701.94,9704.73,9701.25,9704.66,5.128502,2020,6,8
2020-06-08 19:42:00+00:00,9704.05,9704.71,9687.0,9691.05,56.672146,2020,6,8
2020-06-08 19:43:00+00:00,9691.05,9693.0,9685.42,9689.11,32.502869,2020,6,8
2020-06-08 19:44:00+00:00,9689.11,9692.61,9686.0,9690.96,12.560418,2020,6,8
2020-06-08 19:45:00+00:00,9690.19,9690.96,9680.79,9682.4,34.641601,2020,6,8
2020-06-08 19:46:00+00:00,9682.39,9693.45,9682.39,9688.95,34.609286,2020,6,8
2020-06-08 19:47:00+00:00,9688.96,9691.76,9682.59,9684.72,21.448366,2020,6,8
2020-06-08 19:48:00+00:00,9684.88,9688.49,9684.88,9686.0,19.277322,2020,6,8
2020-06-08 19:49:00+00:00,9685.79,9696.88,9685.71,9693.71,19.675941,2020,6,8
2020-06-08 19:50:00+00:00,9693.82,9706.0,9693.8,9700.01,27.017772,2020,6,8
2020-06-08 19:51:00+00:00,9700.57,9705.51,9693.17,9694.4,35.418106,2020,6,8
2020-06-08 19:52:00+00:00,9695.65,9698.35,9694.6,9697.02,13.272487,2020,6,8
2020-06-08 19:53:00+00:00,9697.04,9700.0,9697.04,9698.91,18.033921,2020,6,8
2020-06-08 19:54:00+00:00,9698.91,9700.0,9698.0,9699.03,15.786938,2020,6,8
2020-06-08 19:55:00+00:00,9699.04,9700.0,9691.12,9691.2,19.634852,2020,6,8
2020-06-08 19:56:00+00:00,9691.21,9697.33,9691.21,9696.3,11.211341,2020,6,8
2020-06-08 19:57:00+00:00,9696.31,9697.39,9696.17,9696.17,3.606656,2020,6,8
2020-06-08 19:58:00+00:00,9696.18,9699.0,9694.69,9694.69,16.82582,2020,6,8
2020-06-08 19:59:00+00:00,9694.69,9696.18,9694.64,9694.65,14.329014,2020,6,8
2020-06-08 20:00:00+00:00,9694.64,9700.0,9690.0,9693.99,40.19405,2020,6,8
2020-06-08 20:01:00+00:00,9694.0,9700.0,9693.54,9699.66,32.682408,2020,6,8
2020-06-08 20:02:00+00:00,9698.2,9699.91,9692.18,9694.31,12.443413,2020,6,8
2020-06-08 20:03:00+00:00,9694.33,9697.35,9694.05,9696.89,5.772868,2020,6,8
2020-06-08 20:04:00+00:00,9696.89,9698.35,9691.68,9697.38,15.941616,2020,6,8
2020-06-08 20:05:00+00:00,9697.37,9697.53,9694.44,9695.5,6.494643,2020,6,8
2020-06-08 20:06:00+00:00,9696.29,9704.0,9696.29,9700.19,30.533924,2020,6,8
2020-06-08 20:07:00+00:00,9700.71,9700.71,9699.98,9699.98,9.460278,2020,6,8
2020-06-08 20:08:00+00:00,9699.98,9702.1,9697.0,9701.24,14.912505,2020,6,8
2020-06-08 20:09:00+00:00,9702.08,9703.0,9702.06,9702.11,10.663502,2020,6,8
2020-06-08 20:10:00+00:00,9702.11,9702.12,9700.34,9700.34,6.004283,2020,6,8
2020-06-08 20:11:00+00:00,9700.35,9704.0,9700.0,9700.49,37.683303,2020,6,8
2020-06-08 20:12:00+00:00,9701.22,9709.93,9700.34,9707.19,30.658153,2020,6,8
2020-06-08 20:13:00+00:00,9707.92,9711.86,9705.55,9707.55,17.855417,2020,6,8
2020-06-08 20:14:00+00:00,9707.48,9712.57,9706.86,9710.45,20.680822,2020,6,8
2020-06-08 20:15:00+00:00,9710.53,9710.88,9706.5,9710.51,28.587214,2020,6,8
2020-06-08 20:16:00+00:00,9710.73,9715.21,9709.98,9715.18,18.315887,2020,6,8
2020-06-08 20:17:00+00:00,9715.16,9716.06,9709.66,9710.36,23.607698,2020,6,8
2020-06-08 20:18:00+00:00,9710.37,9716.02,9710.36,9713.15,11.962886,2020,6,8
2020-06-08 20:19:00+00:00,9713.15,9714.3,9711.42,9711.42,8.631589,2020,6,8
2020-06-08 20:20:00+00:00,9711.43,9713.32,9711.42,9712.97,10.671745,2020,6,8
2020-06-08 20:21:00+00:00,9712.99,9712.99,9705.05,9708.22,37.687581,2020,6,8
2020-06-08 20:22:00+00:00,9709.22,9712.44,9707.93,9712.44,16.324073,2020,6,8
2020-06-08 20:23:00+00:00,9712.44,9712.47,9712.43,9712.45,6.404157,2020,6,8
2020-06-08 20:24:00+00:00,9712.44,9712.45,9710.46,9710.99,12.478332,2020,6,8
2020-06-08 20:25:00+00:00,9711.24,9712.09,9709.98,9711.85,14.34873,2020,6,8
2020-06-08 20:26:00+00:00,9711.84,9712.05,9711.28,9711.79,22.229029,2020,6,8
2020-06-08 20:27:00+00:00,9711.79,9712.47,9711.79,9712.01,11.296459,2020,6,8
2020-06-08 20:28:00+00:00,9712.0,9714.0,9711.98,9713.99,16.135191,2020,6,8
2020-06-08 20:29:00+00:00,9713.99,9717.57,9713.99,9717.56,13.562645,2020,6,8
2020-06-08 20:30:00+00:00,9717.57,9717.57,9712.17,9715.0,22.218261,2020,6,8
2020-06-08 20:31:00+00:00,9715.01,9715.84,9715.0,9715.84,10.066466,2020,6,8
2020-06-08 20:32:00+00:00,9715.36,9715.96,9714.96,9714.99,6.615986,2020,6,8
2020-06-08 20:33:00+00:00,9714.99,9716.93,9714.96,9715.64,12.59913,2020,6,8
2020-06-08 20:34:00+00:00,9715.64,9720.0,9715.63,9720.0,17.077806,2020,6,8
2020-06-08 20:35:00+00:00,9719.99,9720.0,9719.02,9720.0,10.13546,2020,6,8
2020-06-08 20:36:00+00:00,9720.0,9722.19,9703.59,9707.49,62.020257,2020,6,8
2020-06-08 20:37:00+00:00,9708.65,9709.19,9700.35,9702.35,15.908164,2020,6,8
2020-06-08 20:38:00+00:00,9702.35,9706.01,9701.7,9701.7,11.225865,2020,6,8
2020-06-08 20:39:00+00:00,9701.71,9706.0,9701.05,9704.93,11.622038,2020,6,8
2020-06-08 20:40:00+00:00,9704.92,9704.93,9700.68,9704.38,13.078036,2020,6,8
2020-06-08 20:41:00+00:00,9702.92,9703.89,9700.97,9703.65,4.627567,2020,6,8
2020-06-08 20:42:00+00:00,9703.66,9706.63,9701.02,9702.48,16.07393,2020,6,8
2020-06-08 20:43:00+00:00,9703.19,9705.38,9702.0,9703.81,11.585204,2020,6,8
2020-06-08 20:44:00+00:00,9703.81,9705.02,9703.02,9704.37,6.540168,2020,6,8
2020-06-08 20:45:00+00:00,9704.33,9704.33,9702.0,9702.01,12.168402,2020,6,8
2020-06-08 20:46:00+00:00,9702.01,9703.03,9700.34,9700.34,8.820224,2020,6,8
2020-06-08 20:47:00+00:00,9700.4,9702.6,9700.33,9702.29,9.541442,2020,6,8
2020-06-08 20:48:00+00:00,9702.27,9704.01,9702.25,9704.01,6.69799,2020,6,8
2020-06-08 20:49:00+00:00,9704.01,9704.17,9697.22,9698.87,25.697008,2020,6,8
2020-06-08 20:50:00+00:00,9699.41,9701.81,9696.52,9700.32,12.189564,2020,6,8
2020-06-08 20:51:00+00:00,9700.0,9700.0,9691.81,9694.03,17.410907,2020,6,8
2020-06-08 20:52:00+00:00,9694.51,9697.93,9691.0,9694.93,24.369044,2020,6,8
2020-06-08 20:53:00+00:00,9694.92,9695.94,9692.61,9694.05,6.879942,2020,6,8
2020-06-08 20:54:00+00:00,9694.74,9696.21,9693.03,9695.53,6.297481,2020,6,8
2020-06-08 20:55:00+00:00,9695.53,9696.92,9694.32,9696.74,6.836285,2020,6,8
2020-06-08 20:56:00+00:00,9696.8,9700.0,9696.74,9699.78,9.957411,2020,6,8
2020-06-08 20:57:00+00:00,9699.78,9700.65,9698.0,9698.67,8.714749,2020,6,8
2020-06-08 20:58:00+00:00,9698.65,9700.65,9698.59,9699.51,8.240526,2020,6,8
2020-06-08 20:59:00+00:00,9699.51,9701.95,9696.49,9701.69,22.680908,2020,6,8
2020-06-08 21:00:00+00:00,9701.69,9701.97,9694.52,9696.14,23.89866,2020,6,8
2020-06-08 21:01:00+00:00,9696.0,9697.32,9694.49,9696.07,4.661898,2020,6,8
2020-06-08 21:02:00+00:00,9695.97,9696.07,9694.21,9695.99,5.821615,2020,6,8
2020-06-08 21:03:00+00:00,9696.0,9696.0,9692.0,9693.3,15.00079,2020,6,8
2020-06-08 21:04:00+00:00,9693.31,9694.49,9690.98,9690.98,7.517266,2020,6,8
2020-06-08 21:05:00+00:00,9690.98,9696.23,9690.98,9692.65,20.135937,2020,6,8
2020-06-08 21:06:00+00:00,9693.89,9697.09,9692.65,9694.98,13.982496,2020,6,8
2020-06-08 21:07:00+00:00,9694.59,9696.12,9694.0,9694.0,9.469142,2020,6,8
2020-06-08 21:08:00+00:00,9694.0,9694.98,9692.47,9692.94,10.479354,2020,6,8
2020-06-08 21:09:00+00:00,9692.94,9694.53,9690.5,9690.68,13.993478,2020,6,8
2020-06-08 21:10:00+00:00,9690.76,9692.0,9690.28,9691.29,5.452119,2020,6,8
2020-06-08 21:11:00+00:00,9691.31,9691.52,9690.23,9690.37,2.557648,2020,6,8
2020-06-08 21:12:00+00:00,9690.37,9690.37,9690.0,9690.04,9.186521,2020,6,8
2020-06-08 21:13:00+00:00,9690.0,9690.02,9686.82,9688.4,7.468991,2020,6,8
2020-06-08 21:14:00+00:00,9688.4,9688.46,9685.8,9685.8,7.061115,2020,6,8
2020-06-08 21:15:00+00:00,9685.98,9687.54,9685.11,9685.99,9.831623,2020,6,8
2020-06-08 21:16:00+00:00,9686.0,9689.97,9685.0,9687.37,39.813135,2020,6,8
2020-06-08 21:17:00+00:00,9688.73,9690.99,9687.64,9689.33,24.069552,2020,6,8
2020-06-08 21:18:00+00:00,9689.33,9689.33,9688.0,9688.0,7.614079,2020,6,8
2020-06-08 21:19:00+00:00,9688.0,9688.92,9685.12,9685.27,6.732757,2020,6,8
2020-06-08 21:20:00+00:00,9685.2,9686.41,9677.0,9677.35,38.26979,2020,6,8
2020-06-08 21:21:00+00:00,9677.18,9680.52,9676.58,9679.12,16.26666,2020,6,8
2020-06-08 21:22:00+00:00,9679.89,9683.16,9679.89,9681.62,10.701166,2020,6,8
2020-06-08 21:23:00+00:00,9681.43,9682.37,9678.6,9681.73,17.473846,2020,6,8
2020-06-08 21:24:00+00:00,9681.72,9686.57,9681.24,9685.43,13.137138,2020,6,8
2020-06-08 21:25:00+00:00,9685.27,9689.25,9685.27,9688.0,20.292779,2020,6,8
2020-06-08 21:26:00+00:00,9687.87,9694.66,9687.87,9693.32,23.67825,2020,6,8
2020-06-08 21:27:00+00:00,9693.34,9695.0,9692.0,9695.0,20.689696,2020,6,8
2020-06-08 21:28:00+00:00,9694.87,9695.0,9694.12,9694.81,7.311675,2020,6,8
2020-06-08 21:29:00+00:00,9694.81,9699.47,9694.81,9699.0,19.277601,2020,6,8
2020-06-08 21:30:00+00:00,9699.0,9699.53,9697.12,9698.19,11.458615,2020,6,8
2020-06-08 21:31:00+00:00,9698.54,9699.54,9695.89,9697.52,6.225191,2020,6,8
2020-06-08 21:32:00+00:00,9697.51,9700.86,9697.08,9698.96,34.819664,2020,6,8
2020-06-08 21:33:00+00:00,9699.1,9700.69,9697.43,9698.23,13.028823,2020,6,8
2020-06-08 21:34:00+00:00,9698.9,9699.0,9696.86,9699.0,7.548393,2020,6,8
2020-06-08 21:35:00+00:00,9698.56,9706.08,9696.23,9705.96,21.963068,2020,6,8
2020-06-08 21:36:00+00:00,9705.0,9715.0,9703.95,9713.48,38.480699,2020,6,8
2020-06-08 21:37:00+00:00,9714.5,9717.0,9711.95,9714.5,11.992277,2020,6,8
2020-06-08 21:38:00+00:00,9714.5,9714.78,9707.58,9708.44,16.480282,2020,6,8
2020-06-08 21:39:00+00:00,9708.43,9709.62,9702.77,9706.47,16.66498,2020,6,8
2020-06-08 21:40:00+00:00,9706.33,9707.06,9704.09,9705.08,8.080429,2020,6,8
2020-06-08 21:41:00+00:00,9705.64,9706.88,9704.07,9706.59,6.608687,2020,6,8
2020-06-08 21:42:00+00:00,9706.6,9710.0,9705.07,9709.83,8.71326,2020,6,8
2020-06-08 21:43:00+00:00,9710.0,9711.78,9707.88,9711.43,8.257033,2020,6,8
2020-06-08 21:44:00+00:00,9710.47,9711.27,9707.85,9709.31,8.87434,2020,6,8
2020-06-08 21:45:00+00:00,9708.99,9710.51,9707.14,9708.76,8.855244,2020,6,8
2020-06-08 21:46:00+00:00,9708.72,9708.98,9706.94,9707.92,18.571931,2020,6,8
2020-06-08 21:47:00+00:00,9707.92,9709.43,9706.59,9707.75,13.898943,2020,6,8
2020-06-08 21:48:00+00:00,9707.93,9709.98,9707.87,9708.74,6.051692,2020,6,8
2020-06-08 21:49:00+00:00,9708.74,9709.03,9705.81,9707.18,5.236376,2020,6,8
2020-06-08 21:50:00+00:00,9707.19,9710.0,9705.0,9708.27,32.97372,2020,6,8
2020-06-08 21:51:00+00:00,9708.0,9709.96,9707.2,9709.24,11.964014,2020,6,8
2020-06-08 21:52:00+00:00,9709.0,9710.0,9706.64,9709.69,10.742847,2020,6,8
2020-06-08 21:53:00+00:00,9709.66,9711.17,9709.55,9710.0,4.870341,2020,6,8
2020-06-08 21:54:00+00:00,9709.99,9712.0,9709.99,9711.57,6.329762,2020,6,8
2020-06-08 21:55:00+00:00,9711.57,9715.5,9710.32,9715.49,15.638639,2020,6,8
2020-06-08 21:56:00+00:00,9715.49,9716.0,9706.97,9707.06,23.367121,2020,6,8
2020-06-08 21:57:00+00:00,9708.19,9710.87,9707.05,9710.48,4.633179,2020,6,8
2020-06-08 21:58:00+00:00,9710.48,9711.85,9709.55,9710.26,2.771759,2020,6,8
2020-06-08 21:59:00+00:00,9710.26,9711.87,9709.55,9709.78,6.415792,2020,6,8
2020-06-08 22:00:00+00:00,9710.99,9728.67,9710.5,9716.97,92.797862,2020,6,8
2020-06-08 22:01:00+00:00,9717.0,9720.99,9716.14,9720.33,23.011512,2020,6,8
2020-06-08 22:02:00+00:00,9720.45,9722.0,9718.0,9718.0,17.168978,2020,6,8
2020-06-08 22:03:00+00:00,9718.0,9718.01,9711.32,9711.98,16.922761,2020,6,8
2020-06-08 22:04:00+00:00,9711.72,9715.41,9710.8,9714.75,17.192766,2020,6,8
2020-06-08 22:05:00+00:00,9714.38,9719.49,9714.1,9715.55,11.735808,2020,6,8
2020-06-08 22:06:00+00:00,9715.24,9716.96,9714.17,9715.23,4.724475,2020,6,8
2020-06-08 22:07:00+00:00,9715.22,9716.84,9715.0,9715.01,5.733451,2020,6,8
2020-06-08 22:08:00+00:00,9715.0,9715.01,9711.31,9712.3,7.960935,2020,6,8
2020-06-08 22:09:00+00:00,9712.44,9720.0,9707.71,9715.41,107.014081,2020,6,8
2020-06-08 22:10:00+00:00,9715.34,9717.45,9712.04,9712.96,14.537516,2020,6,8
2020-06-08 22:11:00+00:00,9713.36,9714.63,9710.5,9712.04,3.476996,2020,6,8
2020-06-08 22:12:00+00:00,9711.58,9712.14,9710.62,9711.57,4.172889,2020,6,8
2020-06-08 22:13:00+00:00,9711.57,9714.99,9710.7,9710.71,8.596454,2020,6,8
2020-06-08 22:14:00+00:00,9710.71,9711.82,9708.85,9710.26,5.513233,2020,6,8
2020-06-08 22:15:00+00:00,9710.27,9713.39,9708.31,9711.72,16.206627,2020,6,8
2020-06-08 22:16:00+00:00,9711.82,9717.0,9710.52,9715.57,14.758387,2020,6,8
2020-06-08 22:17:00+00:00,9714.66,9716.93,9712.18,9715.0,17.609882,2020,6,8
2020-06-08 22:18:00+00:00,9715.0,9715.0,9714.98,9715.0,4.964078,2020,6,8
2020-06-08 22:19:00+00:00,9715.0,9715.0,9713.84,9714.73,4.598031,2020,6,8
2020-06-08 22:20:00+00:00,9714.73,9715.06,9714.73,9715.0,5.641497,2020,6,8
2020-06-08 22:21:00+00:00,9714.99,9720.0,9714.99,9718.98,7.251262,2020,6,8
2020-06-08 22:22:00+00:00,9718.98,9720.0,9717.49,9718.61,12.855572,2020,6,8
2020-06-08 22:23:00+00:00,9718.23,9724.95,9716.4,9722.96,30.601732,2020,6,8
2020-06-08 22:24:00+00:00,9723.02,9723.64,9718.6,9719.88,9.28799,2020,6,8
2020-06-08 22:25:00+00:00,9719.88,9723.64,9719.87,9723.63,7.090919,2020,6,8
2020-06-08 22:26:00+00:00,9723.61,9723.64,9721.1,9721.81,24.598959,2020,6,8
2020-06-08 22:27:00+00:00,9721.85,9723.01,9721.35,9722.5,9.150575,2020,6,8
2020-06-08 22:28:00+00:00,9722.03,9722.04,9714.43,9715.0,39.210504,2020,6,8
2020-06-08 22:29:00+00:00,9714.5,9715.0,9711.5,9715.0,13.681162,2020,6,8
2020-06-08 22:30:00+00:00,9715.07,9717.3,9711.34,9717.27,13.167439,2020,6,8
2020-06-08 22:31:00+00:00,9715.76,9717.24,9715.0,9716.98,9.5378,2020,6,8
2020-06-08 22:32:00+00:00,9716.99,9717.0,9716.5,9716.51,4.832554,2020,6,8
2020-06-08 22:33:00+00:00,9716.5,9716.5,9716.42,9716.42,5.583063,2020,6,8
2020-06-08 22:34:00+00:00,9716.42,9719.87,9715.0,9716.51,30.235759,2020,6,8
2020-06-08 22:35:00+00:00,9716.5,9717.63,9715.0,9716.46,6.715929,2020,6,8
2020-06-08 22:36:00+00:00,9716.45,9716.46,9713.28,9714.53,11.160492,2020,6,8
2020-06-08 22:37:00+00:00,9714.87,9718.44,9713.9,9716.47,9.029101,2020,6,8
2020-06-08 22:38:00+00:00,9716.47,9717.34,9713.68,9715.42,5.182995,2020,6,8
2020-06-08 22:39:00+00:00,9715.46,9716.47,9714.26,9714.33,10.461134,2020,6,8
2020-06-08 22:40:00+00:00,9714.32,9715.17,9701.15,9702.87,17.567769,2020,6,8
2020-06-08 22:41:00+00:00,9702.44,9703.91,9702.43,9702.83,9.284949,2020,6,8
2020-06-08 22:42:00+00:00,9702.83,9706.44,9702.44,9704.68,6.066349,2020,6,8
2020-06-08 22:43:00+00:00,9704.66,9707.0,9704.17,9706.14,10.453373,2020,6,8
2020-06-08 22:44:00+00:00,9706.14,9706.14,9703.11,9703.11,8.297778,2020,6,8
2020-06-08 22:45:00+00:00,9703.11,9709.48,9703.11,9709.41,34.115281,2020,6,8
2020-06-08 22:46:00+00:00,9708.54,9709.58,9707.15,9708.83,5.31197,2020,6,8
2020-06-08 22:47:00+00:00,9708.31,9709.83,9704.43,9705.0,7.713855,2020,6,8
2020-06-08 22:48:00+00:00,9705.02,9706.25,9702.0,9702.02,6.88084,2020,6,8
2020-06-08 22:49:00+00:00,9702.0,9702.65,9689.18,9689.18,58.232804,2020,6,8
2020-06-08 22:50:00+00:00,9689.99,9693.1,9687.23,9692.01,13.510789,2020,6,8
2020-06-08 22:51:00+00:00,9692.01,9692.01,9686.0,9690.79,9.103792,2020,6,8
2020-06-08 22:52:00+00:00,9690.2,9693.86,9688.84,9693.85,8.252741,2020,6,8
2020-06-08 22:53:00+00:00,9692.94,9697.99,9691.54,9694.37,16.276992,2020,6,8
2020-06-08 22:54:00+00:00,9694.37,9700.0,9693.77,9697.16,13.91312,2020,6,8
2020-06-08 22:55:00+00:00,9697.15,9697.66,9696.84,9697.16,6.669509,2020,6,8
2020-06-08 22:56:00+00:00,9697.16,9702.0,9691.61,9702.0,11.72178,2020,6,8
2020-06-08 22:57:00+00:00,9702.0,9702.01,9695.21,9697.44,9.818666,2020,6,8
2020-06-08 22:58:00+00:00,9697.75,9700.08,9695.21,9696.8,25.52992,2020,6,8
2020-06-08 22:59:00+00:00,9696.8,9696.83,9694.17,9695.0,7.317734,2020,6,8
2020-06-08 23:00:00+00:00,9694.89,9698.96,9691.96,9698.34,12.36434,2020,6,8
2020-06-08 23:01:00+00:00,9698.34,9699.99,9696.33,9698.41,12.214225,2020,6,8
2020-06-08 23:02:00+00:00,9698.41,9699.99,9695.93,9698.54,7.58516,2020,6,8
2020-06-08 23:03:00+00:00,9698.54,9701.02,9697.76,9700.0,8.19694,2020,6,8
2020-06-08 23:04:00+00:00,9699.99,9708.0,9698.31,9707.99,8.838246,2020,6,8
2020-06-08 23:05:00+00:00,9707.99,9708.0,9705.02,9705.93,9.430778,2020,6,8
2020-06-08 23:06:00+00:00,9706.42,9708.0,9703.71,9707.99,8.758119,2020,6,8
2020-06-08 23:07:00+00:00,9708.0,9712.03,9707.55,9711.44,6.553832,2020,6,8
2020-06-08 23:08:00+00:00,9711.44,9712.62,9706.72,9709.87,11.511558,2020,6,8
2020-06-08 23:09:00+00:00,9709.75,9713.11,9709.57,9712.3,13.429767,2020,6,8
2020-06-08 23:10:00+00:00,9712.3,9713.1,9710.98,9713.09,4.925662,2020,6,8
2020-06-08 23:11:00+00:00,9713.09,9727.57,9712.44,9719.43,67.870934,2020,6,8
2020-06-08 23:12:00+00:00,9719.45,9723.4,9718.56,9720.23,28.091774,2020,6,8
2020-06-08 23:13:00+00:00,9720.99,9722.06,9712.44,9714.75,33.908503,2020,6,8
2020-06-08 23:14:00+00:00,9714.75,9717.63,9712.24,9716.99,11.839136,2020,6,8
2020-06-08 23:15:00+00:00,9717.0,9719.0,9717.0,9717.65,11.775884,2020,6,8
2020-06-08 23:16:00+00:00,9717.65,9723.51,9715.86,9722.42,26.714892,2020,6,8
2020-06-08 23:17:00+00:00,9722.42,9722.76,9718.15,9721.74,29.010459,2020,6,8
2020-06-08 23:18:00+00:00,9722.0,9723.52,9717.13,9723.41,27.499874,2020,6,8
2020-06-08 23:19:00+00:00,9723.45,9723.45,9718.14,9719.96,20.446706,2020,6,8
2020-06-08 23:20:00+00:00,9719.96,9721.19,9715.46,9717.31,21.288889,2020,6,8
2020-06-08 23:21:00+00:00,9717.31,9722.0,9717.26,9721.25,33.167568,2020,6,8
2020-06-08 23:22:00+00:00,9721.07,9723.39,9718.3,9719.72,22.930991,2020,6,8
2020-06-08 23:23:00+00:00,9719.73,9726.69,9718.27,9722.5,20.975429,2020,6,8
2020-06-08 23:24:00+00:00,9722.51,9723.75,9720.23,9722.85,10.340928,2020,6,8
2020-06-08 23:25:00+00:00,9722.86,9725.0,9721.54,9724.99,17.452639,2020,6,8
2020-06-08 23:26:00+00:00,9724.99,9740.0,9724.13,9738.39,95.332617,2020,6,8
2020-06-08 23:27:00+00:00,9738.4,9739.59,9731.23,9734.6,38.005427,2020,6,8
2020-06-08 23:28:00+00:00,9734.6,9735.34,9730.83,9732.64,14.073472,2020,6,8
2020-06-08 23:29:00+00:00,9732.64,9733.95,9727.08,9728.12,13.875581,2020,6,8
2020-06-08 23:30:00+00:00,9728.46,9734.99,9725.13,9726.15,56.231087,2020,6,8
2020-06-08 23:31:00+00:00,9726.65,9728.49,9725.6,9727.21,19.623073,2020,6,8
2020-06-08 23:32:00+00:00,9727.2,9727.2,9719.99,9724.21,56.953899,2020,6,8
2020-06-08 23:33:00+00:00,9725.75,9727.74,9725.13,9725.55,8.115004,2020,6,8
2020-06-08 23:34:00+00:00,9725.56,9727.95,9723.64,9725.79,11.209431,2020,6,8
2020-06-08 23:35:00+00:00,9725.8,9733.95,9724.59,9728.84,48.551674,2020,6,8
2020-06-08 23:36:00+00:00,9729.14,9765.0,9729.12,9763.03,280.046834,2020,6,8
2020-06-08 23:37:00+00:00,9761.29,9777.1,9758.88,9769.07,223.941783,2020,6,8
2020-06-08 23:38:00+00:00,9767.3,9788.0,9764.51,9785.13,243.007187,2020,6,8
2020-06-08 23:39:00+00:00,9785.14,9793.51,9766.34,9770.86,228.391665,2020,6,8
2020-06-08 23:40:00+00:00,9769.68,9789.0,9769.68,9773.5,125.257176,2020,6,8
2020-06-08 23:41:00+00:00,9773.5,9785.6,9771.93,9775.49,95.579257,2020,6,8
2020-06-08 23:42:00+00:00,9774.53,9798.35,9771.51,9786.9,124.742241,2020,6,8
2020-06-08 23:43:00+00:00,9788.4,9798.71,9785.66,9786.14,84.487258,2020,6,8
2020-06-08 23:44:00+00:00,9786.14,9791.14,9777.89,9788.0,41.331298,2020,6,8
2020-06-08 23:45:00+00:00,9788.85,9800.0,9787.27,9790.56,183.630172,2020,6,8
2020-06-08 23:46:00+00:00,9790.57,9790.57,9778.2,9778.2,83.772479,2020,6,8
2020-06-08 23:47:00+00:00,9778.2,9778.2,9770.0,9775.14,54.510414,2020,6,8
2020-06-08 23:48:00+00:00,9775.79,9785.23,9775.0,9775.0,45.002622,2020,6,8
2020-06-08 23:49:00+00:00,9775.0,9787.74,9775.0,9777.14,34.680621,2020,6,8
2020-06-08 23:50:00+00:00,9777.82,9780.12,9777.82,9778.53,15.434343,2020,6,8
2020-06-08 23:51:00+00:00,9779.21,9788.36,9776.1,9788.36,70.7977,2020,6,8
2020-06-08 23:52:00+00:00,9783.37,9785.36,9778.32,9781.42,50.201573,2020,6,8
2020-06-08 23:53:00+00:00,9782.23,9784.84,9775.0,9775.01,24.225613,2020,6,8
2020-06-08 23:54:00+00:00,9775.01,9778.85,9772.7,9778.37,64.697171,2020,6,8
2020-06-08 23:55:00+00:00,9778.09,9779.0,9771.0,9772.74,17.825597,2020,6,8
2020-06-08 23:56:00+00:00,9773.25,9775.0,9771.06,9774.98,13.671113,2020,6,8
2020-06-08 23:57:00+00:00,9774.98,9774.99,9771.0,9772.88,20.248125,2020,6,8
2020-06-08 23:58:00+00:00,9772.89,9778.96,9772.89,9775.61,37.443239,2020,6,8
2020-06-08 23:59:00+00:00,9775.6,9782.01,9775.15,9782.01,41.940838,2020,6,8
2020-06-09 00:00:00+00:00,9782.0,9825.0,9782.0,9822.26,496.298481,2020,6,9
2020-06-09 00:01:00+00:00,9822.26,9848.6,9817.5,9835.0,753.469362,2020,6,9
2020-06-09 00:02:00+00:00,9835.0,9846.0,9824.2,9833.44,162.379882,2020,6,9
2020-06-09 00:03:00+00:00,9833.45,9844.39,9828.91,9831.98,124.717471,2020,6,9
2020-06-09 00:04:00+00:00,9831.98,9836.15,9811.0,9817.02,136.715959,2020,6,9
2020-06-09 00:05:00+00:00,9817.01,9827.0,9811.96,9823.9,68.906675,2020,6,9
2020-06-09 00:06:00+00:00,9823.5,9835.0,9818.09,9829.49,59.125691,2020,6,9
2020-06-09 00:07:00+00:00,9829.49,9829.5,9821.06,9822.14,34.29773,2020,6,9
2020-06-09 00:08:00+00:00,9822.15,9837.88,9821.12,9837.23,58.908927,2020,6,9
2020-06-09 00:09:00+00:00,9837.04,9837.04,9812.97,9826.31,95.05184,2020,6,9
2020-06-09 00:10:00+00:00,9826.32,9836.75,9824.91,9829.42,35.497932,2020,6,9
2020-06-09 00:11:00+00:00,9829.42,9836.1,9827.67,9836.1,81.863925,2020,6,9
2020-06-09 00:12:00+00:00,9836.1,9836.57,9833.31,9834.99,21.5387,2020,6,9
2020-06-09 00:13:00+00:00,9834.94,9845.01,9831.62,9841.9,86.806447,2020,6,9
2020-06-09 00:14:00+00:00,9841.89,9877.0,9841.21,9855.73,716.213709,2020,6,9
2020-06-09 00:15:00+00:00,9855.72,9875.49,9848.0,9859.61,282.360222,2020,6,9
2020-06-09 00:16:00+00:00,9859.64,9861.08,9850.0,9858.47,67.190911,2020,6,9
2020-06-09 00:17:00+00:00,9858.47,9859.49,9838.48,9846.78,80.675572,2020,6,9
2020-06-09 00:18:00+00:00,9846.7,9846.99,9828.0,9838.44,122.669239,2020,6,9
2020-06-09 00:19:00+00:00,9838.44,9861.72,9832.8,9850.0,106.443542,2020,6,9
2020-06-09 00:20:00+00:00,9849.99,9850.0,9836.59,9841.9,79.648398,2020,6,9
2020-06-09 00:21:00+00:00,9841.9,9844.59,9835.0,9837.31,47.545834,2020,6,9
2020-06-09 00:22:00+00:00,9838.28,9846.85,9660.0,9708.58,836.79363,2020,6,9
2020-06-09 00:23:00+00:00,9680.97,9710.56,9585.0,9596.18,1281.455578,2020,6,9
2020-06-09 00:24:00+00:00,9585.0,9653.0,9570.0,9640.7,632.659023,2020,6,9
2020-06-09 00:25:00+00:00,9640.95,9670.37,9624.0,9662.59,291.964891,2020,6,9
2020-06-09 00:26:00+00:00,9662.59,9664.29,9636.0,9661.83,191.110782,2020,6,9
2020-06-09 00:27:00+00:00,9663.77,9667.87,9647.0,9650.03,102.461833,2020,6,9
2020-06-09 00:28:00+00:00,9650.0,9660.98,9645.0,9656.64,189.728207,2020,6,9
2020-06-09 00:29:00+00:00,9657.9,9673.03,9648.65,9659.63,141.50253,2020,6,9
2020-06-09 00:30:00+00:00,9659.59,9663.01,9645.43,9659.66,82.883192,2020,6,9
2020-06-09 00:31:00+00:00,9660.41,9692.12,9658.86,9686.02,135.704282,2020,6,9
2020-06-09 00:32:00+00:00,9686.02,9695.44,9675.0,9678.81,108.29523,2020,6,9
2020-06-09 00:33:00+00:00,9680.77,9698.62,9678.38,9686.84,97.381421,2020,6,9
2020-06-09 00:34:00+00:00,9687.27,9694.95,9680.71,9687.99,70.106023,2020,6,9
2020-06-09 00:35:00+00:00,9687.15,9698.19,9677.9,9685.53,133.666184,2020,6,9
2020-06-09 00:36:00+00:00,9685.53,9699.0,9684.8,9693.1,57.961856,2020,6,9
2020-06-09 00:37:00+00:00,9692.3,9692.84,9680.0,9685.43,38.882194,2020,6,9
2020-06-09 00:38:00+00:00,9684.5,9697.61,9680.0,9691.7,47.234027,2020,6,9
2020-06-09 00:39:00+00:00,9692.1,9694.93,9684.59,9689.18,34.136339,2020,6,9
2020-06-09 00:40:00+00:00,9689.9,9692.0,9685.01,9687.22,22.218242,2020,6,9
2020-06-09 00:41:00+00:00,9687.22,9691.26,9685.9,9688.0,12.325885,2020,6,9
2020-06-09 00:42:00+00:00,9688.01,9690.0,9687.39,9689.57,32.153554,2020,6,9
2020-06-09 00:43:00+00:00,9689.58,9689.98,9673.91,9684.86,65.69443,2020,6,9
2020-06-09 00:44:00+00:00,9684.46,9691.82,9684.45,9688.78,16.499626,2020,6,9
2020-06-09 00:45:00+00:00,9688.77,9688.77,9682.57,9682.58,15.405332,2020,6,9
2020-06-09 00:46:00+00:00,9682.59,9687.43,9673.65,9682.28,29.594041,2020,6,9
2020-06-09 00:47:00+00:00,9682.28,9685.99,9672.91,9676.25,28.190355,2020,6,9
2020-06-09 00:48:00+00:00,9676.46,9688.73,9674.65,9683.51,72.287716,2020,6,9
2020-06-09 00:49:00+00:00,9683.49,9688.0,9683.33,9686.99,35.512359,2020,6,9
2020-06-09 00:50:00+00:00,9686.99,9694.03,9685.48,9688.94,23.518482,2020,6,9
2020-06-09 00:51:00+00:00,9689.8,9693.61,9688.58,9690.54,15.843896,2020,6,9
2020-06-09 00:52:00+00:00,9690.54,9691.24,9675.01,9679.48,40.644047,2020,6,9
2020-06-09 00:53:00+00:00,9679.48,9689.1,9679.48,9687.68,37.462999,2020,6,9
2020-06-09 00:54:00+00:00,9687.52,9689.73,9684.92,9686.47,11.847145,2020,6,9
2020-06-09 00:55:00+00:00,9685.75,9697.98,9684.79,9697.98,23.505048,2020,6,9
2020-06-09 00:56:00+00:00,9697.97,9725.48,9696.0,9713.56,118.204449,2020,6,9
2020-06-09 00:57:00+00:00,9713.55,9719.38,9706.35,9712.6,26.422158,2020,6,9
2020-06-09 00:58:00+00:00,9712.6,9713.92,9703.77,9709.09,60.990502,2020,6,9
2020-06-09 00:59:00+00:00,9709.09,9709.1,9702.05,9703.05,15.187023,2020,6,9
2020-06-09 01:00:00+00:00,9703.23,9713.21,9702.15,9710.51,28.489135,2020,6,9
2020-06-09 01:01:00+00:00,9710.51,9710.51,9704.26,9706.66,9.154464,2020,6,9
2020-06-09 01:02:00+00:00,9706.66,9714.31,9706.2,9707.07,28.987656,2020,6,9
2020-06-09 01:03:00+00:00,9707.06,9708.7,9705.64,9707.02,20.974318,2020,6,9
2020-06-09 01:04:00+00:00,9707.22,9715.0,9707.01,9710.15,26.672172,2020,6,9
2020-06-09 01:05:00+00:00,9710.15,9715.0,9709.99,9714.99,14.264127,2020,6,9
2020-06-09 01:06:00+00:00,9714.99,9715.46,9708.0,9713.87,17.588355,2020,6,9
2020-06-09 01:07:00+00:00,9713.86,9717.91,9712.0,9715.0,9.688238,2020,6,9
2020-06-09 01:08:00+00:00,9715.0,9716.99,9709.66,9714.49,18.182971,2020,6,9
2020-06-09 01:09:00+00:00,9714.97,9715.6,9710.94,9710.95,7.776003,2020,6,9
2020-06-09 01:10:00+00:00,9710.94,9711.55,9691.02,9698.5,68.382162,2020,6,9
2020-06-09 01:11:00+00:00,9698.5,9702.33,9698.16,9700.88,19.478871,2020,6,9
2020-06-09 01:12:00+00:00,9700.88,9700.88,9691.23,9692.3,32.267014,2020,6,9
2020-06-09 01:13:00+00:00,9692.98,9699.21,9684.0,9685.75,41.356209,2020,6,9
2020-06-09 01:14:00+00:00,9684.91,9692.76,9684.0,9689.36,19.928852,2020,6,9
2020-06-09 01:15:00+00:00,9689.35,9693.88,9685.75,9693.46,19.182436,2020,6,9
2020-06-09 01:16:00+00:00,9693.46,9700.96,9692.37,9698.2,6.565293,2020,6,9
2020-06-09 01:17:00+00:00,9698.2,9701.43,9697.32,9698.7,5.693247,2020,6,9
2020-06-09 01:18:00+00:00,9697.85,9698.29,9694.0,9698.06,7.323971,2020,6,9
2020-06-09 01:19:00+00:00,9698.35,9699.36,9694.62,9697.47,15.779714,2020,6,9
2020-06-09 01:20:00+00:00,9697.27,9697.86,9692.22,9694.6,7.447022,2020,6,9
2020-06-09 01:21:00+00:00,9694.53,9694.54,9690.05,9692.27,9.916277,2020,6,9
2020-06-09 01:22:00+00:00,9692.24,9696.55,9691.72,9696.3,35.312626,2020,6,9
2020-06-09 01:23:00+00:00,9696.03,9697.21,9692.94,9692.94,11.559461,2020,6,9
2020-06-09 01:24:00+00:00,9693.0,9694.68,9692.94,9694.49,6.362141,2020,6,9
2020-06-09 01:25:00+00:00,9694.88,9709.0,9693.02,9707.99,48.858327,2020,6,9
2020-06-09 01:26:00+00:00,9707.88,9707.98,9703.08,9704.0,16.483396,2020,6,9
2020-06-09 01:27:00+00:00,9704.0,9707.51,9703.24,9705.0,14.426482,2020,6,9
2020-06-09 01:28:00+00:00,9704.88,9707.54,9704.88,9707.13,18.647913,2020,6,9
2020-06-09 01:29:00+00:00,9707.12,9707.47,9701.59,9701.59,15.195354,2020,6,9
2020-06-09 01:30:00+00:00,9701.53,9706.43,9697.64,9700.46,16.93888,2020,6,9
2020-06-09 01:31:00+00:00,9700.48,9705.37,9698.5,9700.68,25.021629,2020,6,9
2020-06-09 01:32:00+00:00,9700.45,9703.23,9699.99,9701.93,10.690581,2020,6,9
2020-06-09 01:33:00+00:00,9701.27,9703.03,9693.0,9696.1,17.414712,2020,6,9
2020-06-09 01:34:00+00:00,9696.09,9699.4,9693.12,9697.1,20.636737,2020,6,9
2020-06-09 01:35:00+00:00,9696.92,9710.86,9696.58,9710.0,34.649202,2020,6,9
2020-06-09 01:36:00+00:00,9710.0,9710.84,9705.49,9708.74,14.596044,2020,6,9
2020-06-09 01:37:00+00:00,9708.53,9710.6,9706.05,9707.04,12.826254,2020,6,9
2020-06-09 01:38:00+00:00,9706.03,9709.03,9702.11,9707.94,15.076411,2020,6,9
2020-06-09 01:39:00+00:00,9707.92,9707.92,9702.11,9706.46,9.613938,2020,6,9
2020-06-09 01:40:00+00:00,9706.97,9707.7,9704.91,9706.43,4.704536,2020,6,9
2020-06-09 01:41:00+00:00,9706.39,9711.0,9705.33,9710.37,7.590675,2020,6,9
2020-06-09 01:42:00+00:00,9710.6,9711.0,9708.5,9709.93,15.047607,2020,6,9
2020-06-09 01:43:00+00:00,9709.93,9709.93,9706.47,9707.15,6.39593,2020,6,9
2020-06-09 01:44:00+00:00,9707.35,9707.36,9695.1,9696.78,33.479165,2020,6,9
2020-06-09 01:45:00+00:00,9697.09,9698.1,9695.01,9696.58,13.02523,2020,6,9
2020-06-09 01:46:00+00:00,9696.58,9697.08,9693.12,9695.45,14.528652,2020,6,9
2020-06-09 01:47:00+00:00,9694.42,9694.51,9691.51,9693.0,6.960194,2020,6,9
2020-06-09 01:48:00+00:00,9693.0,9694.51,9687.72,9692.6,35.770688,2020,6,9
2020-06-09 01:49:00+00:00,9692.59,9700.35,9691.59,9698.73,11.006073,2020,6,9
2020-06-09 01:50:00+00:00,9698.74,9701.08,9692.89,9700.86,12.165815,2020,6,9
2020-06-09 01:51:00+00:00,9700.9,9702.02,9700.13,9700.74,6.188189,2020,6,9
2020-06-09 01:52:00+00:00,9700.74,9706.92,9700.74,9706.7,11.104442,2020,6,9
2020-06-09 01:53:00+00:00,9706.71,9706.71,9701.02,9702.62,16.955077,2020,6,9
2020-06-09 01:54:00+00:00,9703.57,9703.85,9702.52,9703.49,3.721126,2020,6,9
2020-06-09 01:55:00+00:00,9702.86,9704.62,9696.67,9702.0,22.369081,2020,6,9
2020-06-09 01:56:00+00:00,9702.0,9703.88,9700.42,9701.13,8.972364,2020,6,9
2020-06-09 01:57:00+00:00,9702.15,9702.56,9701.13,9701.96,1.966409,2020,6,9
2020-06-09 01:58:00+00:00,9701.97,9702.0,9696.48,9701.98,9.040711,2020,6,9
2020-06-09 01:59:00+00:00,9701.98,9703.97,9697.06,9698.48,7.923162,2020,6,9
2020-06-09 02:00:00+00:00,9697.26,9703.18,9697.26,9700.0,17.276811,2020,6,9
2020-06-09 02:01:00+00:00,9699.99,9699.99,9690.01,9691.37,11.739452,2020,6,9
2020-06-09 02:02:00+00:00,9691.27,9693.43,9685.01,9687.8,37.136903,2020,6,9
2020-06-09 02:03:00+00:00,9687.04,9693.0,9686.12,9688.8,13.582226,2020,6,9
2020-06-09 02:04:00+00:00,9689.05,9690.0,9687.23,9688.5,5.27109,2020,6,9
2020-06-09 02:05:00+00:00,9688.63,9702.51,9688.63,9691.76,22.707853,2020,6,9
2020-06-09 02:06:00+00:00,9692.42,9697.31,9691.27,9693.31,5.606883,2020,6,9
2020-06-09 02:07:00+00:00,9692.29,9694.39,9692.18,9693.29,3.189773,2020,6,9
2020-06-09 02:08:00+00:00,9692.58,9698.49,9692.51,9696.0,6.791389,2020,6,9
2020-06-09 02:09:00+00:00,9696.08,9703.6,9692.56,9696.1,34.444037,2020,6,9
2020-06-09 02:10:00+00:00,9696.98,9697.08,9694.69,9695.41,10.056582,2020,6,9
2020-06-09 02:11:00+00:00,9695.41,9695.41,9687.16,9690.67,33.795165,2020,6,9
2020-06-09 02:12:00+00:00,9690.67,9695.41,9690.66,9694.49,25.571615,2020,6,9
2020-06-09 02:13:00+00:00,9694.49,9702.17,9691.53,9691.67,43.504172,2020,6,9
2020-06-09 02:14:00+00:00,9692.03,9692.7,9691.58,9691.61,7.728432,2020,6,9
2020-06-09 02:15:00+00:00,9691.6,9693.48,9685.14,9693.48,35.905564,2020,6,9
2020-06-09 02:16:00+00:00,9694.1,9697.12,9693.78,9695.64,7.965902,2020,6,9
2020-06-09 02:17:00+00:00,9696.12,9697.2,9695.63,9695.93,6.947549,2020,6,9
2020-06-09 02:18:00+00:00,9695.93,9697.18,9691.71,9695.7,9.859495,2020,6,9
2020-06-09 02:19:00+00:00,9695.7,9695.7,9691.68,9692.47,6.722053,2020,6,9
2020-06-09 02:20:00+00:00,9692.91,9692.91,9688.99,9690.75,16.949109,2020,6,9
2020-06-09 02:21:00+00:00,9690.96,9692.4,9689.52,9689.97,20.53598,2020,6,9
2020-06-09 02:22:00+00:00,9689.98,9701.0,9689.68,9699.88,43.202868,2020,6,9
2020-06-09 02:23:00+00:00,9699.87,9709.88,9699.45,9708.07,51.935688,2020,6,9
2020-06-09 02:24:00+00:00,9708.03,9709.52,9700.0,9700.08,17.310218,2020,6,9
2020-06-09 02:25:00+00:00,9700.11,9707.85,9700.11,9706.21,26.223452,2020,6,9
2020-06-09 02:26:00+00:00,9706.4,9707.99,9702.0,9704.5,47.854299,2020,6,9
2020-06-09 02:27:00+00:00,9704.24,9706.41,9703.62,9705.0,36.584971,2020,6,9
2020-06-09 02:28:00+00:00,9705.48,9707.66,9702.9,9703.82,53.958054,2020,6,9
2020-06-09 02:29:00+00:00,9703.6,9704.89,9701.11,9703.17,18.421264,2020,6,9
2020-06-09 02:30:00+00:00,9703.48,9705.0,9703.16,9704.0,6.689759,2020,6,9
2020-06-09 02:31:00+00:00,9704.18,9705.0,9703.59,9704.92,7.595883,2020,6,9
2020-06-09 02:32:00+00:00,9704.92,9710.38,9701.7,9704.44,41.965847,2020,6,9
2020-06-09 02:33:00+00:00,9704.44,9706.86,9703.33,9705.19,10.568599,2020,6,9
2020-06-09 02:34:00+00:00,9704.73,9706.2,9702.68,9704.61,6.161871,2020,6,9
2020-06-09 02:35:00+00:00,9704.61,9706.29,9703.25,9705.13,15.319587,2020,6,9
2020-06-09 02:36:00+00:00,9705.12,9705.12,9698.34,9702.22,40.110048,2020,6,9
2020-06-09 02:37:00+00:00,9702.21,9703.9,9701.25,9703.02,6.337036,2020,6,9
2020-06-09 02:38:00+00:00,9702.17,9702.95,9699.62,9702.94,7.253936,2020,6,9
2020-06-09 02:39:00+00:00,9702.95,9703.19,9700.99,9702.97,3.658608,2020,6,9
2020-06-09 02:40:00+00:00,9703.02,9711.68,9701.01,9710.76,31.784102,2020,6,9
2020-06-09 02:41:00+00:00,9710.6,9712.85,9702.32,9704.46,27.252092,2020,6,9
2020-06-09 02:42:00+00:00,9704.47,9704.47,9699.4,9701.46,8.784832,2020,6,9
2020-06-09 02:43:00+00:00,9701.07,9701.45,9700.0,9700.01,8.415663,2020,6,9
2020-06-09 02:44:00+00:00,9700.0,9700.82,9700.0,9700.0,15.045354,2020,6,9
2020-06-09 02:45:00+00:00,9700.01,9701.23,9700.0,9700.01,8.392281,2020,6,9
2020-06-09 02:46:00+00:00,9700.01,9700.02,9696.45,9697.44,14.868745,2020,6,9
2020-06-09 02:47:00+00:00,9696.97,9704.79,9695.93,9696.98,32.196064,2020,6,9
2020-06-09 02:48:00+00:00,9696.93,9697.82,9695.12,9697.33,10.406161,2020,6,9
2020-06-09 02:49:00+00:00,9696.84,9701.32,9695.1,9696.3,21.385388,2020,6,9
2020-06-09 02:50:00+00:00,9696.31,9696.54,9695.06,9695.06,49.202637,2020,6,9
2020-06-09 02:51:00+00:00,9695.04,9699.99,9693.42,9698.68,34.03353,2020,6,9
2020-06-09 02:52:00+00:00,9698.68,9699.95,9695.05,9695.25,33.856316,2020,6,9
2020-06-09 02:53:00+00:00,9695.57,9695.65,9687.8,9693.69,56.259265,2020,6,9
2020-06-09 02:54:00+00:00,9692.21,9692.57,9687.99,9692.49,20.282768,2020,6,9
2020-06-09 02:55:00+00:00,9690.13,9697.61,9690.13,9692.65,20.803906,2020,6,9
2020-06-09 02:56:00+00:00,9692.64,9696.11,9691.23,9694.01,38.744073,2020,6,9
2020-06-09 02:57:00+00:00,9694.02,9694.02,9689.27,9691.4,37.788196,2020,6,9
2020-06-09 02:58:00+00:00,9691.01,9697.61,9691.0,9695.48,31.209592,2020,6,9
2020-06-09 02:59:00+00:00,9695.48,9696.54,9693.63,9696.53,10.70937,2020,6,9
2020-06-09 03:00:00+00:00,9696.53,9697.8,9692.68,9693.6,9.669563,2020,6,9
2020-06-09 03:01:00+00:00,9693.68,9695.66,9691.91,9693.08,18.475499,2020,6,9
2020-06-09 03:02:00+00:00,9691.83,9698.48,9681.21,9688.88,168.651271,2020,6,9
2020-06-09 03:03:00+00:00,9687.23,9692.45,9685.73,9687.51,9.605486,2020,6,9
2020-06-09 03:04:00+00:00,9687.6,9689.94,9687.0,9687.63,24.078683,2020,6,9
2020-06-09 03:05:00+00:00,9687.64,9687.76,9675.0,9683.85,87.571269,2020,6,9
2020-06-09 03:06:00+00:00,9684.0,9686.43,9682.19,9684.02,31.831565,2020,6,9
2020-06-09 03:07:00+00:00,9685.14,9685.3,9677.87,9679.62,30.689916,2020,6,9
2020-06-09 03:08:00+00:00,9679.61,9680.96,9665.86,9674.09,116.944298,2020,6,9
2020-06-09 03:09:00+00:00,9674.88,9679.14,9672.59,9676.9,45.079076,2020,6,9
2020-06-09 03:10:00+00:00,9676.37,9682.27,9674.01,9677.91,35.227342,2020,6,9
2020-06-09 03:11:00+00:00,9677.99,9680.31,9675.83,9677.27,19.141536,2020,6,9
2020-06-09 03:12:00+00:00,9678.7,9682.35,9676.99,9678.61,32.656251,2020,6,9
2020-06-09 03:13:00+00:00,9678.61,9678.61,9678.08,9678.12,43.055795,2020,6,9
2020-06-09 03:14:00+00:00,9678.12,9678.12,9672.27,9673.51,26.299652,2020,6,9
2020-06-09 03:15:00+00:00,9673.5,9680.0,9661.23,9671.11,108.618186,2020,6,9
2020-06-09 03:16:00+00:00,9671.12,9674.67,9666.01,9668.06,29.00142,2020,6,9
2020-06-09 03:17:00+00:00,9668.63,9678.49,9659.78,9674.06,73.665479,2020,6,9
2020-06-09 03:18:00+00:00,9674.06,9679.06,9672.33,9675.76,53.1681,2020,6,9
2020-06-09 03:19:00+00:00,9676.96,9678.39,9675.29,9676.01,12.966822,2020,6,9
2020-06-09 03:20:00+00:00,9676.01,9677.08,9668.5,9675.28,16.845416,2020,6,9
2020-06-09 03:21:00+00:00,9676.71,9682.99,9675.57,9681.51,32.873686,2020,6,9
2020-06-09 03:22:00+00:00,9681.5,9681.51,9677.78,9678.46,8.387209,2020,6,9
2020-06-09 03:23:00+00:00,9678.46,9683.3,9678.46,9680.99,16.438679,2020,6,9
2020-06-09 03:24:00+00:00,9680.9,9680.9,9679.91,9680.27,14.7652,2020,6,9
2020-06-09 03:25:00+00:00,9680.27,9685.0,9679.64,9684.21,150.204048,2020,6,9
2020-06-09 03:26:00+00:00,9682.82,9685.0,9680.02,9684.85,17.576413,2020,6,9
2020-06-09 03:27:00+00:00,9685.0,9690.0,9681.99,9683.53,61.440614,2020,6,9
2020-06-09 03:28:00+00:00,9683.31,9686.06,9682.04,9683.0,13.162959,2020,6,9
2020-06-09 03:29:00+00:00,9683.0,9686.0,9682.35,9682.57,9.85613,2020,6,9
2020-06-09 03:30:00+00:00,9682.77,9684.05,9673.0,9673.73,9.419022,2020,6,9
2020-06-09 03:31:00+00:00,9673.31,9674.07,9664.49,9669.98,53.631064,2020,6,9
2020-06-09 03:32:00+00:00,9670.36,9672.34,9669.01,9670.0,8.267909,2020,6,9
2020-06-09 03:33:00+00:00,9670.01,9678.33,9670.0,9675.64,28.471704,2020,6,9
2020-06-09 03:34:00+00:00,9674.2,9677.3,9673.03,9676.38,6.267171,2020,6,9
2020-06-09 03:35:00+00:00,9676.39,9678.14,9674.27,9674.28,7.28042,2020,6,9
2020-06-09 03:36:00+00:00,9674.94,9677.29,9674.27,9677.0,7.279253,2020,6,9
2020-06-09 03:37:00+00:00,9677.0,9677.01,9672.11,9675.0,26.579042,2020,6,9
2020-06-09 03:38:00+00:00,9675.0,9675.76,9672.0,9672.0,15.50579,2020,6,9
2020-06-09 03:39:00+00:00,9672.0,9675.0,9666.97,9670.27,27.322595,2020,6,9
2020-06-09 03:40:00+00:00,9670.27,9673.25,9666.09,9673.25,15.969492,2020,6,9
2020-06-09 03:41:00+00:00,9671.83,9673.44,9668.78,9672.45,4.454304,2020,6,9
2020-06-09 03:42:00+00:00,9672.46,9674.86,9672.45,9672.47,6.695419,2020,6,9
2020-06-09 03:43:00+00:00,9672.46,9675.98,9670.5,9675.98,6.201205,2020,6,9
2020-06-09 03:44:00+00:00,9676.45,9676.46,9673.82,9676.0,3.100085,2020,6,9
2020-06-09 03:45:00+00:00,9676.0,9676.0,9671.46,9671.46,4.943433,2020,6,9
2020-06-09 03:46:00+00:00,9671.28,9676.47,9671.2,9673.19,8.093432,2020,6,9
2020-06-09 03:47:00+00:00,9673.66,9677.67,9673.19,9677.33,5.775328,2020,6,9
2020-06-09 03:48:00+00:00,9677.28,9681.16,9677.28,9680.0,9.892957,2020,6,9
2020-06-09 03:49:00+00:00,9680.0,9682.79,9679.59,9681.48,9.892429,2020,6,9
2020-06-09 03:50:00+00:00,9681.59,9682.56,9679.6,9680.2,6.440004,2020,6,9
2020-06-09 03:51:00+00:00,9679.83,9686.7,9679.67,9684.91,9.509249,2020,6,9
2020-06-09 03:52:00+00:00,9684.92,9685.79,9680.22,9681.41,8.089035,2020,6,9
2020-06-09 03:53:00+00:00,9681.87,9682.13,9676.04,9680.99,17.043158,2020,6,9
2020-06-09 03:54:00+00:00,9680.06,9682.12,9676.81,9679.18,10.423907,2020,6,9
2020-06-09 03:55:00+00:00,9680.02,9680.02,9677.34,9678.0,10.625688,2020,6,9
2020-06-09 03:56:00+00:00,9678.01,9680.19,9677.0,9679.2,6.445349,2020,6,9
2020-06-09 03:57:00+00:00,9679.21,9682.05,9672.84,9678.07,37.722698,2020,6,9
2020-06-09 03:58:00+00:00,9678.07,9685.12,9674.8,9684.36,24.150352,2020,6,9
2020-06-09 03:59:00+00:00,9684.47,9685.06,9672.0,9679.22,57.67691,2020,6,9
2020-06-09 04:00:00+00:00,9678.95,9679.62,9672.5,9677.47,26.613289,2020,6,9
2020-06-09 04:01:00+00:00,9677.47,9678.46,9672.48,9675.0,7.477356,2020,6,9
2020-06-09 04:02:00+00:00,9675.0,9675.01,9663.05,9665.02,46.037332,2020,6,9
2020-06-09 04:03:00+00:00,9665.05,9672.99,9662.26,9667.83,17.369233,2020,6,9
2020-06-09 04:04:00+00:00,9667.7,9674.15,9666.75,9673.08,8.45567,2020,6,9
2020-06-09 04:05:00+00:00,9673.07,9675.0,9669.98,9671.71,16.675707,2020,6,9
2020-06-09 04:06:00+00:00,9670.82,9674.99,9666.46,9670.26,40.799877,2020,6,9
2020-06-09 04:07:00+00:00,9671.14,9673.1,9668.5,9669.39,11.956875,2020,6,9
2020-06-09 04:08:00+00:00,9669.0,9673.89,9668.52,9672.98,9.867422,2020,6,9
2020-06-09 04:09:00+00:00,9673.65,9677.16,9670.64,9671.18,21.840553,2020,6,9
2020-06-09 04:10:00+00:00,9671.22,9675.29,9671.18,9672.25,23.127375,2020,6,9
2020-06-09 04:11:00+00:00,9672.51,9673.06,9670.71,9671.54,19.10959,2020,6,9
2020-06-09 04:12:00+00:00,9671.6,9675.09,9668.69,9671.17,24.903731,2020,6,9
2020-06-09 04:13:00+00:00,9670.75,9671.51,9668.16,9669.17,13.17167,2020,6,9
2020-06-09 04:14:00+00:00,9669.1,9669.42,9653.75,9664.53,96.459561,2020,6,9
2020-06-09 04:15:00+00:00,9664.95,9672.66,9662.6,9667.14,27.954942,2020,6,9
2020-06-09 04:16:00+00:00,9667.13,9668.18,9661.51,9665.6,17.116581,2020,6,9
2020-06-09 04:17:00+00:00,9666.45,9667.73,9662.89,9662.91,13.647444,2020,6,9
2020-06-09 04:18:00+00:00,9662.81,9666.89,9659.62,9665.69,20.678187,2020,6,9
2020-06-09 04:19:00+00:00,9665.66,9672.43,9665.09,9666.74,19.185566,2020,6,9
2020-06-09 04:20:00+00:00,9667.61,9668.83,9665.22,9665.23,16.497549,2020,6,9
2020-06-09 04:21:00+00:00,9665.23,9666.29,9661.83,9663.22,12.483263,2020,6,9
2020-06-09 04:22:00+00:00,9663.49,9665.8,9661.36,9663.57,11.790818,2020,6,9
2020-06-09 04:23:00+00:00,9663.93,9669.35,9663.2,9665.06,20.003282,2020,6,9
2020-06-09 04:24:00+00:00,9665.56,9666.65,9662.74,9665.26,19.589576,2020,6,9
2020-06-09 04:25:00+00:00,9664.68,9665.44,9664.66,9665.12,34.171494,2020,6,9
2020-06-09 04:26:00+00:00,9665.35,9665.44,9663.63,9664.33,15.895862,2020,6,9
2020-06-09 04:27:00+00:00,9664.57,9665.44,9663.76,9664.27,8.539345,2020,6,9
2020-06-09 04:28:00+00:00,9664.2,9665.44,9663.7,9664.44,8.342849,2020,6,9
2020-06-09 04:29:00+00:00,9664.44,9666.0,9659.78,9661.01,24.472796,2020,6,9
2020-06-09 04:30:00+00:00,9661.48,9675.46,9661.48,9673.02,29.2103,2020,6,9
2020-06-09 04:31:00+00:00,9673.02,9673.77,9668.35,9670.04,16.983911,2020,6,9
2020-06-09 04:32:00+00:00,9669.94,9670.24,9664.44,9669.91,44.819177,2020,6,9
2020-06-09 04:33:00+00:00,9669.91,9671.11,9667.58,9670.0,15.921805,2020,6,9
2020-06-09 04:34:00+00:00,9670.0,9670.0,9665.81,9665.82,16.481219,2020,6,9
2020-06-09 04:35:00+00:00,9665.82,9670.0,9661.1,9669.99,41.543289,2020,6,9
2020-06-09 04:36:00+00:00,9669.99,9676.04,9669.97,9675.08,35.277576,2020,6,9
2020-06-09 04:37:00+00:00,9675.1,9680.0,9672.5,9678.3,46.388914,2020,6,9
2020-06-09 04:38:00+00:00,9678.29,9680.14,9677.4,9680.14,24.803214,2020,6,9
2020-06-09 04:39:00+00:00,9680.14,9681.17,9673.0,9678.16,47.346574,2020,6,9
2020-06-09 04:40:00+00:00,9678.16,9680.8,9673.96,9676.0,32.837584,2020,6,9
2020-06-09 04:41:00+00:00,9676.6,9677.0,9674.52,9675.58,13.61264,2020,6,9
2020-06-09 04:42:00+00:00,9676.21,9680.0,9674.66,9679.47,15.053083,2020,6,9
2020-06-09 04:43:00+00:00,9679.0,9680.53,9661.83,9677.16,58.415032,2020,6,9
2020-06-09 04:44:00+00:00,9678.71,9680.0,9675.82,9676.74,12.940424,2020,6,9
2020-06-09 04:45:00+00:00,9677.77,9679.97,9675.75,9678.0,21.775758,2020,6,9
2020-06-09 04:46:00+00:00,9678.0,9680.16,9676.99,9680.16,14.592747,2020,6,9
2020-06-09 04:47:00+00:00,9679.66,9681.62,9678.68,9680.43,10.472232,2020,6,9
2020-06-09 04:48:00+00:00,9681.18,9683.75,9678.85,9680.44,16.512055,2020,6,9
2020-06-09 04:49:00+00:00,9680.44,9684.0,9679.44,9682.5,16.777195,2020,6,9
2020-06-09 04:50:00+00:00,9682.5,9688.0,9681.19,9682.82,21.139102,2020,6,9
2020-06-09 04:51:00+00:00,9682.82,9685.13,9680.81,9683.74,8.388265,2020,6,9
2020-06-09 04:52:00+00:00,9682.28,9683.79,9676.69,9678.12,17.144981,2020,6,9
2020-06-09 04:53:00+00:00,9680.35,9685.03,9679.65,9680.62,40.113958,2020,6,9
2020-06-09 04:54:00+00:00,9680.67,9681.97,9679.22,9680.31,14.550314,2020,6,9
2020-06-09 04:55:00+00:00,9680.31,9681.44,9678.04,9678.04,12.774853,2020,6,9
2020-06-09 04:56:00+00:00,9678.03,9680.0,9677.65,9678.64,12.972285,2020,6,9
2020-06-09 04:57:00+00:00,9678.52,9678.52,9672.67,9675.0,13.797408,2020,6,9
2020-06-09 04:58:00+00:00,9674.42,9676.06,9668.99,9671.25,73.220418,2020,6,9
2020-06-09 04:59:00+00:00,9670.8,9676.16,9670.75,9672.93,15.835285,2020,6,9
2020-06-09 05:00:00+00:00,9673.82,9674.99,9672.56,9673.31,9.063855,2020,6,9
2020-06-09 05:01:00+00:00,9673.43,9678.16,9672.63,9673.0,36.210221,2020,6,9
2020-06-09 05:02:00+00:00,9673.58,9676.01,9672.02,9673.93,6.139905,2020,6,9
2020-06-09 05:03:00+00:00,9673.57,9674.68,9663.0,9669.0,34.585801,2020,6,9
2020-06-09 05:04:00+00:00,9667.78,9670.3,9665.42,9669.19,17.323406,2020,6,9
2020-06-09 05:05:00+00:00,9669.2,9672.99,9664.83,9671.61,48.6123,2020,6,9
2020-06-09 05:06:00+00:00,9671.61,9672.91,9669.1,9672.89,8.712289,2020,6,9
2020-06-09 05:07:00+00:00,9672.9,9672.9,9667.55,9669.06,22.923195,2020,6,9
2020-06-09 05:08:00+00:00,9669.07,9671.05,9668.01,9668.35,10.780557,2020,6,9
2020-06-09 05:09:00+00:00,9668.59,9671.7,9667.87,9671.7,7.60478,2020,6,9
2020-06-09 05:10:00+00:00,9671.69,9672.92,9669.72,9670.12,10.852452,2020,6,9
2020-06-09 05:11:00+00:00,9670.12,9676.16,9669.26,9673.95,36.933978,2020,6,9
2020-06-09 05:12:00+00:00,9673.48,9679.96,9673.02,9677.31,13.434329,2020,6,9
2020-06-09 05:13:00+00:00,9677.31,9679.14,9674.06,9676.17,20.667956,2020,6,9
2020-06-09 05:14:00+00:00,9677.01,9678.19,9672.36,9678.19,25.83574,2020,6,9
2020-06-09 05:15:00+00:00,9678.2,9679.64,9675.89,9679.64,11.668779,2020,6,9
2020-06-09 05:16:00+00:00,9678.44,9679.7,9677.81,9678.7,17.692795,2020,6,9
2020-06-09 05:17:00+00:00,9678.81,9684.78,9678.64,9680.0,38.302336,2020,6,9
2020-06-09 05:18:00+00:00,9680.66,9682.0,9680.03,9680.53,9.934859,2020,6,9
2020-06-09 05:19:00+00:00,9680.54,9682.0,9676.07,9677.35,35.589496,2020,6,9
2020-06-09 05:20:00+00:00,9677.3,9679.4,9671.61,9673.75,89.276388,2020,6,9
2020-06-09 05:21:00+00:00,9674.03,9676.64,9671.54,9673.43,27.354631,2020,6,9
2020-06-09 05:22:00+00:00,9675.16,9679.54,9672.87,9677.9,14.656114,2020,6,9
2020-06-09 05:23:00+00:00,9677.3,9679.75,9670.0,9676.81,45.335345,2020,6,9
2020-06-09 05:24:00+00:00,9676.81,9679.84,9676.06,9678.79,8.193806,2020,6,9
2020-06-09 05:25:00+00:00,9678.76,9680.01,9678.35,9679.44,5.227189,2020,6,9
2020-06-09 05:26:00+00:00,9679.22,9679.69,9675.45,9675.69,9.554676,2020,6,9
2020-06-09 05:27:00+00:00,9675.66,9676.78,9673.35,9675.53,6.652934,2020,6,9
2020-06-09 05:28:00+00:00,9675.14,9676.92,9674.64,9676.69,5.916281,2020,6,9
2020-06-09 05:29:00+00:00,9676.04,9679.23,9676.04,9676.74,4.764917,2020,6,9
2020-06-09 05:30:00+00:00,9676.75,9683.95,9676.75,9682.37,18.265749,2020,6,9
2020-06-09 05:31:00+00:00,9682.37,9683.13,9678.69,9679.77,11.287464,2020,6,9
2020-06-09 05:32:00+00:00,9680.08,9682.26,9679.78,9681.1,6.618787,2020,6,9
2020-06-09 05:33:00+00:00,9681.27,9686.91,9681.21,9684.0,32.41975,2020,6,9
2020-06-09 05:34:00+00:00,9684.0,9690.26,9682.55,9688.01,16.751241,2020,6,9
2020-06-09 05:35:00+00:00,9688.0,9695.0,9684.03,9690.97,41.025533,2020,6,9
2020-06-09 05:36:00+00:00,9691.02,9692.31,9685.5,9691.3,19.933158,2020,6,9
2020-06-09 05:37:00+00:00,9691.31,9691.95,9686.4,9688.02,16.86395,2020,6,9
2020-06-09 05:38:00+00:00,9688.62,9689.0,9687.88,9688.99,11.996913,2020,6,9
2020-06-09 05:39:00+00:00,9688.99,9698.08,9688.98,9697.9,18.83213,2020,6,9
2020-06-09 05:40:00+00:00,9697.94,9699.0,9693.45,9695.9,31.600103,2020,6,9
2020-06-09 05:41:00+00:00,9695.9,9695.9,9691.33,9693.51,40.900357,2020,6,9
2020-06-09 05:42:00+00:00,9693.51,9696.0,9693.51,9694.79,15.852183,2020,6,9
2020-06-09 05:43:00+00:00,9694.78,9696.3,9694.76,9695.86,14.434794,2020,6,9
2020-06-09 05:44:00+00:00,9695.86,9696.19,9693.42,9694.2,27.996289,2020,6,9
2020-06-09 05:45:00+00:00,9694.2,9697.98,9692.19,9692.66,16.168647,2020,6,9
2020-06-09 05:46:00+00:00,9693.55,9695.68,9693.55,9695.55,8.07579,2020,6,9
2020-06-09 05:47:00+00:00,9695.46,9697.0,9692.4,9695.0,18.563385,2020,6,9
2020-06-09 05:48:00+00:00,9695.0,9696.99,9691.01,9691.33,15.243497,2020,6,9
2020-06-09 05:49:00+00:00,9691.34,9695.7,9691.34,9693.69,18.161709,2020,6,9
2020-06-09 05:50:00+00:00,9693.69,9696.98,9690.92,9692.91,17.781366,2020,6,9
2020-06-09 05:51:00+00:00,9692.91,9696.34,9692.15,9693.73,19.692582,2020,6,9
2020-06-09 05:52:00+00:00,9693.53,9695.45,9691.02,9693.51,11.488824,2020,6,9
2020-06-09 05:53:00+00:00,9693.52,9695.01,9687.68,9690.01,17.473075,2020,6,9
2020-06-09 05:54:00+00:00,9690.01,9691.97,9689.49,9691.71,6.141389,2020,6,9
2020-06-09 05:55:00+00:00,9690.88,9694.46,9690.83,9693.61,6.728956,2020,6,9
2020-06-09 05:56:00+00:00,9694.51,9697.65,9691.07,9696.43,23.8177,2020,6,9
2020-06-09 05:57:00+00:00,9696.42,9697.28,9692.34,9692.93,14.639671,2020,6,9
2020-06-09 05:58:00+00:00,9693.01,9695.12,9692.94,9694.69,9.914546,2020,6,9
2020-06-09 05:59:00+00:00,9694.68,9697.17,9692.95,9696.82,17.705886,2020,6,9
2020-06-09 06:00:00+00:00,9696.82,9697.18,9696.5,9696.86,6.991971,2020,6,9
2020-06-09 06:01:00+00:00,9696.86,9696.86,9690.71,9692.62,19.651601,2020,6,9
2020-06-09 06:02:00+00:00,9692.6,9694.76,9692.58,9693.21,8.103354,2020,6,9
2020-06-09 06:03:00+00:00,9693.21,9693.22,9688.51,9689.72,27.025794,2020,6,9
2020-06-09 06:04:00+00:00,9689.77,9693.17,9689.47,9692.14,22.029949,2020,6,9
2020-06-09 06:05:00+00:00,9692.13,9692.13,9688.01,9688.64,17.59734,2020,6,9
2020-06-09 06:06:00+00:00,9688.68,9689.28,9688.0,9688.89,8.240021,2020,6,9
2020-06-09 06:07:00+00:00,9688.84,9690.02,9688.0,9689.84,5.351067,2020,6,9
2020-06-09 06:08:00+00:00,9689.84,9690.02,9685.75,9685.76,28.518689,2020,6,9
2020-06-09 06:09:00+00:00,9685.75,9685.76,9685.0,9685.17,12.112624,2020,6,9
2020-06-09 06:10:00+00:00,9685.18,9691.58,9685.16,9691.14,20.612522,2020,6,9
2020-06-09 06:11:00+00:00,9691.13,9694.99,9687.62,9691.6,25.551796,2020,6,9
2020-06-09 06:12:00+00:00,9691.6,9693.44,9691.59,9692.58,8.809863,2020,6,9
2020-06-09 06:13:00+00:00,9692.59,9693.99,9692.58,9693.98,10.633566,2020,6,9
2020-06-09 06:14:00+00:00,9693.99,9693.99,9693.98,9693.98,4.269631,2020,6,9
2020-06-09 06:15:00+00:00,9693.98,9694.0,9693.98,9693.99,9.440173,2020,6,9
2020-06-09 06:16:00+00:00,9694.0,9694.49,9693.71,9693.9,11.726892,2020,6,9
2020-06-09 06:17:00+00:00,9693.9,9693.9,9689.98,9692.98,27.280286,2020,6,9
2020-06-09 06:18:00+00:00,9692.97,9695.0,9692.97,9694.47,10.193395,2020,6,9
2020-06-09 06:19:00+00:00,9694.47,9695.47,9691.0,9691.0,7.85886,2020,6,9
2020-06-09 06:20:00+00:00,9691.0,9693.17,9688.5,9689.92,22.147587,2020,6,9
2020-06-09 06:21:00+00:00,9689.92,9692.21,9689.45,9691.34,5.549359,2020,6,9
2020-06-09 06:22:00+00:00,9691.34,9691.35,9688.22,9689.75,7.374215,2020,6,9
2020-06-09 06:23:00+00:00,9689.75,9691.06,9686.15,9686.84,18.560227,2020,6,9
2020-06-09 06:24:00+00:00,9686.55,9689.56,9686.0,9688.75,8.468158,2020,6,9
2020-06-09 06:25:00+00:00,9688.79,9691.9,9688.46,9688.46,13.226075,2020,6,9
2020-06-09 06:26:00+00:00,9688.46,9689.13,9686.61,9688.22,5.464218,2020,6,9
2020-06-09 06:27:00+00:00,9688.16,9689.96,9687.71,9688.09,8.411616,2020,6,9
2020-06-09 06:28:00+00:00,9688.04,9692.0,9688.04,9689.34,8.676327,2020,6,9
2020-06-09 06:29:00+00:00,9689.0,9690.87,9688.99,9689.78,5.915026,2020,6,9
2020-06-09 06:30:00+00:00,9689.79,9691.88,9688.1,9689.04,20.961954,2020,6,9
2020-06-09 06:31:00+00:00,9688.3,9691.72,9686.0,9686.73,26.171597,2020,6,9
2020-06-09 06:32:00+00:00,9686.79,9687.99,9685.25,9685.33,20.718483,2020,6,9
2020-06-09 06:33:00+00:00,9686.29,9690.47,9685.29,9687.86,14.468558,2020,6,9
2020-06-09 06:34:00+00:00,9688.16,9689.21,9686.53,9688.02,5.215405,2020,6,9
2020-06-09 06:35:00+00:00,9688.02,9688.99,9687.24,9688.09,4.948423,2020,6,9
2020-06-09 06:36:00+00:00,9687.82,9687.82,9685.87,9686.25,3.888073,2020,6,9
2020-06-09 06:37:00+00:00,9685.78,9686.98,9684.25,9684.57,11.054187,2020,6,9
2020-06-09 06:38:00+00:00,9684.56,9689.17,9684.47,9688.0,24.413096,2020,6,9
2020-06-09 06:39:00+00:00,9688.01,9689.81,9688.01,9689.81,14.156484,2020,6,9
2020-06-09 06:40:00+00:00,9689.81,9690.81,9689.81,9690.18,6.69698,2020,6,9
2020-06-09 06:41:00+00:00,9690.18,9690.18,9685.84,9688.1,20.1011,2020,6,9
2020-06-09 06:42:00+00:00,9688.09,9689.94,9688.08,9689.11,4.530865,2020,6,9
2020-06-09 06:43:00+00:00,9689.11,9689.82,9689.09,9689.12,6.78392,2020,6,9
2020-06-09 06:44:00+00:00,9689.21,9689.31,9687.49,9688.63,4.443743,2020,6,9
2020-06-09 06:45:00+00:00,9689.09,9690.0,9688.33,9689.64,5.995764,2020,6,9
2020-06-09 06:46:00+00:00,9689.63,9694.14,9689.13,9693.65,16.081076,2020,6,9
2020-06-09 06:47:00+00:00,9693.65,9694.6,9689.63,9690.31,19.223633,2020,6,9
2020-06-09 06:48:00+00:00,9690.59,9694.37,9690.19,9693.09,19.346553,2020,6,9
2020-06-09 06:49:00+00:00,9693.1,9693.96,9692.12,9693.44,6.05525,2020,6,9
2020-06-09 06:50:00+00:00,9693.21,9694.99,9693.2,9694.72,6.187077,2020,6,9
2020-06-09 06:51:00+00:00,9694.71,9695.55,9694.01,9694.89,13.439745,2020,6,9
2020-06-09 06:52:00+00:00,9694.88,9695.17,9688.09,9691.99,33.083754,2020,6,9
2020-06-09 06:53:00+00:00,9691.99,9692.8,9685.0,9688.17,25.259681,2020,6,9
2020-06-09 06:54:00+00:00,9688.78,9690.85,9686.7,9689.61,18.203603,2020,6,9
2020-06-09 06:55:00+00:00,9689.62,9691.49,9689.11,9690.0,9.930367,2020,6,9
2020-06-09 06:56:00+00:00,9690.0,9693.75,9690.0,9693.14,5.841966,2020,6,9
2020-06-09 06:57:00+00:00,9693.15,9695.14,9691.16,9694.33,24.007572,2020,6,9
2020-06-09 06:58:00+00:00,9694.32,9694.33,9689.11,9692.51,20.509616,2020,6,9
2020-06-09 06:59:00+00:00,9692.51,9694.06,9690.46,9693.43,6.016585,2020,6,9
2020-06-09 07:00:00+00:00,9693.04,9694.68,9690.0,9692.16,31.947568,2020,6,9
2020-06-09 07:01:00+00:00,9691.91,9697.75,9691.72,9697.62,8.878808,2020,6,9
2020-06-09 07:02:00+00:00,9697.57,9698.79,9697.57,9698.78,8.366813,2020,6,9
2020-06-09 07:03:00+00:00,9698.79,9699.84,9696.98,9699.0,37.34553,2020,6,9
2020-06-09 07:04:00+00:00,9699.0,9699.85,9698.86,9698.99,6.010672,2020,6,9
2020-06-09 07:05:00+00:00,9698.99,9699.0,9698.97,9698.99,5.623542,2020,6,9
2020-06-09 07:06:00+00:00,9698.99,9699.85,9698.73,9699.84,18.679534,2020,6,9
2020-06-09 07:07:00+00:00,9699.84,9700.0,9698.09,9699.99,13.577729,2020,6,9
2020-06-09 07:08:00+00:00,9699.77,9701.73,9697.18,9697.47,29.412382,2020,6,9
2020-06-09 07:09:00+00:00,9697.97,9703.7,9697.47,9703.7,17.430673,2020,6,9
2020-06-09 07:10:00+00:00,9703.26,9704.54,9701.3,9702.78,20.346361,2020,6,9
2020-06-09 07:11:00+00:00,9702.46,9703.2,9700.43,9702.0,11.051054,2020,6,9
2020-06-09 07:12:00+00:00,9702.01,9705.44,9702.0,9705.44,12.860591,2020,6,9
2020-06-09 07:13:00+00:00,9705.4,9706.64,9703.87,9704.0,29.293921,2020,6,9
2020-06-09 07:14:00+00:00,9704.0,9704.0,9702.05,9702.91,11.975541,2020,6,9
2020-06-09 07:15:00+00:00,9703.43,9704.0,9702.71,9703.46,14.905728,2020,6,9
2020-06-09 07:16:00+00:00,9703.45,9705.03,9703.45,9705.03,22.48511,2020,6,9
2020-06-09 07:17:00+00:00,9705.0,9706.87,9705.0,9706.49,10.525694,2020,6,9
2020-06-09 07:18:00+00:00,9706.49,9706.74,9702.82,9703.0,28.72618,2020,6,9
2020-06-09 07:19:00+00:00,9703.0,9703.18,9699.01,9700.57,27.526157,2020,6,9
2020-06-09 07:20:00+00:00,9699.96,9700.41,9696.3,9698.76,29.047945,2020,6,9
2020-06-09 07:21:00+00:00,9699.04,9700.65,9699.0,9700.09,8.995906,2020,6,9
2020-06-09 07:22:00+00:00,9700.08,9700.09,9700.03,9700.07,8.831688,2020,6,9
2020-06-09 07:23:00+00:00,9700.07,9701.0,9697.52,9701.0,22.765864,2020,6,9
2020-06-09 07:24:00+00:00,9700.99,9703.03,9698.95,9700.65,20.545857,2020,6,9
2020-06-09 07:25:00+00:00,9700.65,9701.02,9698.69,9699.56,19.730393,2020,6,9
2020-06-09 07:26:00+00:00,9699.56,9699.57,9679.22,9680.02,113.140619,2020,6,9
2020-06-09 07:27:00+00:00,9681.71,9682.77,9675.2,9678.37,37.512384,2020,6,9
2020-06-09 07:28:00+00:00,9677.51,9684.82,9676.48,9682.93,41.023114,2020,6,9
2020-06-09 07:29:00+00:00,9682.6,9685.68,9680.01,9680.98,32.541757,2020,6,9
2020-06-09 07:30:00+00:00,9680.99,9683.65,9668.08,9683.62,74.190633,2020,6,9
2020-06-09 07:31:00+00:00,9683.56,9683.57,9681.06,9683.45,8.149129,2020,6,9
2020-06-09 07:32:00+00:00,9683.45,9683.45,9680.0,9682.76,11.947334,2020,6,9
2020-06-09 07:33:00+00:00,9682.76,9684.41,9681.55,9683.01,7.34957,2020,6,9
2020-06-09 07:34:00+00:00,9683.85,9686.68,9680.5,9682.56,14.194248,2020,6,9
2020-06-09 07:35:00+00:00,9682.57,9689.95,9682.56,9684.69,13.383613,2020,6,9
2020-06-09 07:36:00+00:00,9684.69,9687.0,9684.6,9687.0,18.163468,2020,6,9
2020-06-09 07:37:00+00:00,9686.99,9687.0,9684.6,9684.79,7.928046,2020,6,9
2020-06-09 07:38:00+00:00,9684.68,9686.6,9682.88,9684.82,6.068297,2020,6,9
2020-06-09 07:39:00+00:00,9685.02,9687.39,9683.8,9687.39,8.08235,2020,6,9
2020-06-09 07:40:00+00:00,9686.91,9686.91,9676.54,9676.54,29.147699,2020,6,9
2020-06-09 07:41:00+00:00,9676.54,9683.23,9675.52,9679.41,15.525449,2020,6,9
2020-06-09 07:42:00+00:00,9679.17,9681.0,9676.76,9680.19,5.772352,2020,6,9
2020-06-09 07:43:00+00:00,9680.2,9682.46,9677.15,9682.01,8.153299,2020,6,9
2020-06-09 07:44:00+00:00,9682.01,9683.39,9677.35,9678.35,12.798021,2020,6,9
2020-06-09 07:45:00+00:00,9678.42,9682.47,9678.27,9678.99,20.537738,2020,6,9
2020-06-09 07:46:00+00:00,9678.99,9680.43,9676.27,9680.06,36.281672,2020,6,9
2020-06-09 07:47:00+00:00,9679.49,9681.2,9679.49,9680.24,10.80051,2020,6,9
2020-06-09 07:48:00+00:00,9680.24,9684.0,9679.82,9683.59,10.853318,2020,6,9
2020-06-09 07:49:00+00:00,9683.83,9684.73,9682.72,9683.7,6.451378,2020,6,9
2020-06-09 07:50:00+00:00,9683.81,9684.01,9683.81,9683.98,11.181864,2020,6,9
2020-06-09 07:51:00+00:00,9683.98,9683.99,9681.37,9682.14,8.905886,2020,6,9
2020-06-09 07:52:00+00:00,9682.14,9683.75,9676.85,9678.29,12.136754,2020,6,9
2020-06-09 07:53:00+00:00,9678.74,9684.0,9677.47,9681.69,23.427195,2020,6,9
2020-06-09 07:54:00+00:00,9681.69,9683.75,9680.53,9683.41,6.63248,2020,6,9
2020-06-09 07:55:00+00:00,9683.37,9683.37,9680.49,9682.33,7.262406,2020,6,9
2020-06-09 07:56:00+00:00,9681.88,9682.33,9681.09,9681.33,26.862571,2020,6,9
2020-06-09 07:57:00+00:00,9681.33,9681.81,9681.0,9681.3,10.928596,2020,6,9
2020-06-09 07:58:00+00:00,9681.29,9682.82,9679.74,9682.81,23.294642,2020,6,9
2020-06-09 07:59:00+00:00,9682.81,9683.33,9679.99,9681.75,11.912868,2020,6,9
2020-06-09 08:00:00+00:00,9681.81,9689.79,9681.72,9685.06,49.276349,2020,6,9
2020-06-09 08:01:00+00:00,9685.88,9690.62,9681.24,9681.67,43.687833,2020,6,9
2020-06-09 08:02:00+00:00,9681.68,9684.99,9681.34,9684.07,14.507934,2020,6,9
2020-06-09 08:03:00+00:00,9684.23,9687.99,9683.31,9685.02,28.624026,2020,6,9
2020-06-09 08:04:00+00:00,9685.99,9687.91,9685.94,9686.01,3.502777,2020,6,9
2020-06-09 08:05:00+00:00,9686.21,9687.01,9684.32,9687.01,12.021544,2020,6,9
2020-06-09 08:06:00+00:00,9687.01,9687.01,9680.31,9681.65,20.60682,2020,6,9
2020-06-09 08:07:00+00:00,9682.8,9685.47,9681.9,9683.89,8.489128,2020,6,9
2020-06-09 08:08:00+00:00,9683.85,9685.37,9683.81,9684.35,5.804359,2020,6,9
2020-06-09 08:09:00+00:00,9684.3,9684.72,9682.0,9682.01,7.627885,2020,6,9
2020-06-09 08:10:00+00:00,9682.0,9682.2,9680.71,9682.09,15.013812,2020,6,9
2020-06-09 08:11:00+00:00,9682.12,9682.2,9680.89,9682.2,9.843879,2020,6,9
2020-06-09 08:12:00+00:00,9682.19,9682.2,9680.42,9681.17,7.774509,2020,6,9
2020-06-09 08:13:00+00:00,9681.16,9689.0,9681.16,9686.59,31.54872,2020,6,9
2020-06-09 08:14:00+00:00,9687.12,9687.44,9683.86,9686.18,6.55295,2020,6,9
2020-06-09 08:15:00+00:00,9686.18,9686.62,9686.0,9686.01,9.777399,2020,6,9
2020-06-09 08:16:00+00:00,9686.0,9688.36,9685.21,9686.56,8.312391,2020,6,9
2020-06-09 08:17:00+00:00,9686.57,9686.57,9683.22,9683.65,18.043869,2020,6,9
2020-06-09 08:18:00+00:00,9683.46,9684.53,9683.24,9684.0,6.504319,2020,6,9
2020-06-09 08:19:00+00:00,9684.0,9684.51,9678.94,9683.6,44.918705,2020,6,9
2020-06-09 08:20:00+00:00,9683.59,9684.48,9675.42,9680.36,46.121834,2020,6,9
2020-06-09 08:21:00+00:00,9680.36,9682.02,9680.34,9680.91,7.084504,2020,6,9
2020-06-09 08:22:00+00:00,9680.92,9680.93,9678.31,9680.93,22.210918,2020,6,9
2020-06-09 08:23:00+00:00,9680.92,9685.19,9680.91,9682.07,41.112508,2020,6,9
2020-06-09 08:24:00+00:00,9682.07,9682.45,9678.22,9680.1,53.298907,2020,6,9
2020-06-09 08:25:00+00:00,9680.11,9681.28,9680.06,9680.08,18.739605,2020,6,9
2020-06-09 08:26:00+00:00,9680.09,9680.09,9671.81,9677.13,63.49297,2020,6,9
2020-06-09 08:27:00+00:00,9677.51,9680.0,9665.64,9670.01,153.676696,2020,6,9
2020-06-09 08:28:00+00:00,9671.29,9681.76,9669.98,9675.71,44.405229,2020,6,9
2020-06-09 08:29:00+00:00,9675.71,9680.12,9673.03,9674.99,29.497783,2020,6,9
2020-06-09 08:30:00+00:00,9674.98,9677.89,9674.92,9675.46,22.316088,2020,6,9
2020-06-09 08:31:00+00:00,9675.4,9675.73,9672.46,9674.33,18.793084,2020,6,9
2020-06-09 08:32:00+00:00,9674.34,9675.46,9671.77,9672.66,21.298141,2020,6,9
2020-06-09 08:33:00+00:00,9673.26,9673.46,9669.8,9669.8,10.572067,2020,6,9
2020-06-09 08:34:00+00:00,9669.69,9675.66,9667.67,9671.97,27.20841,2020,6,9
2020-06-09 08:35:00+00:00,9671.97,9673.92,9669.59,9669.83,16.250519,2020,6,9
2020-06-09 08:36:00+00:00,9669.83,9676.0,9668.77,9671.15,27.610864,2020,6,9
2020-06-09 08:37:00+00:00,9671.15,9672.0,9666.93,9669.35,24.010539,2020,6,9
2020-06-09 08:38:00+00:00,9669.35,9669.64,9667.07,9669.03,14.888454,2020,6,9
2020-06-09 08:39:00+00:00,9669.03,9671.33,9668.98,9670.72,20.512558,2020,6,9
2020-06-09 08:40:00+00:00,9669.71,9674.71,9669.67,9673.51,16.740197,2020,6,9
2020-06-09 08:41:00+00:00,9673.5,9678.21,9673.1,9676.7,20.947747,2020,6,9
2020-06-09 08:42:00+00:00,9676.22,9676.22,9673.0,9674.56,15.216396,2020,6,9
2020-06-09 08:43:00+00:00,9674.24,9674.49,9670.0,9671.69,13.323471,2020,6,9
2020-06-09 08:44:00+00:00,9671.69,9675.02,9671.51,9673.58,14.121059,2020,6,9
2020-06-09 08:45:00+00:00,9673.8,9675.09,9673.08,9673.71,8.359747,2020,6,9
2020-06-09 08:46:00+00:00,9674.21,9676.95,9673.71,9674.75,14.818594,2020,6,9
2020-06-09 08:47:00+00:00,9674.75,9676.88,9673.14,9675.01,15.376482,2020,6,9
2020-06-09 08:48:00+00:00,9675.0,9675.43,9671.32,9674.42,8.282553,2020,6,9
2020-06-09 08:49:00+00:00,9674.42,9680.0,9674.41,9679.85,18.467744,2020,6,9
2020-06-09 08:50:00+00:00,9679.85,9679.85,9673.0,9679.25,15.137834,2020,6,9
2020-06-09 08:51:00+00:00,9679.18,9682.0,9676.59,9677.86,26.540704,2020,6,9
2020-06-09 08:52:00+00:00,9677.86,9682.01,9676.65,9681.89,13.051858,2020,6,9
2020-06-09 08:53:00+00:00,9681.85,9681.96,9679.76,9681.28,12.645348,2020,6,9
2020-06-09 08:54:00+00:00,9681.28,9685.0,9681.28,9685.0,32.437657,2020,6,9
2020-06-09 08:55:00+00:00,9684.44,9686.97,9681.42,9685.29,23.44911,2020,6,9
2020-06-09 08:56:00+00:00,9684.58,9685.28,9681.31,9683.12,21.829796,2020,6,9
2020-06-09 08:57:00+00:00,9683.12,9684.65,9681.31,9681.31,16.438542,2020,6,9
2020-06-09 08:58:00+00:00,9681.31,9682.14,9681.31,9681.52,20.348806,2020,6,9
2020-06-09 08:59:00+00:00,9681.52,9683.91,9679.31,9683.46,17.30222,2020,6,9
2020-06-09 09:00:00+00:00,9683.47,9684.88,9681.54,9684.5,7.762374,2020,6,9
2020-06-09 09:01:00+00:00,9684.51,9685.0,9684.45,9684.68,3.031139,2020,6,9
2020-06-09 09:02:00+00:00,9684.68,9684.93,9681.42,9683.68,24.144397,2020,6,9
2020-06-09 09:03:00+00:00,9683.68,9683.69,9679.29,9681.34,34.431629,2020,6,9
2020-06-09 09:04:00+00:00,9681.32,9683.14,9677.51,9678.22,24.102965,2020,6,9
2020-06-09 09:05:00+00:00,9678.16,9682.0,9676.1,9677.78,20.568682,2020,6,9
2020-06-09 09:06:00+00:00,9677.78,9680.71,9676.37,9679.12,3.987147,2020,6,9
2020-06-09 09:07:00+00:00,9679.49,9683.96,9679.48,9682.43,4.474264,2020,6,9
2020-06-09 09:08:00+00:00,9682.91,9684.56,9680.05,9680.53,21.49821,2020,6,9
2020-06-09 09:09:00+00:00,9680.53,9682.0,9679.02,9680.69,17.039801,2020,6,9
2020-06-09 09:10:00+00:00,9680.69,9682.22,9680.03,9681.0,18.154636,2020,6,9
2020-06-09 09:11:00+00:00,9681.0,9681.02,9680.0,9680.05,17.966559,2020,6,9
2020-06-09 09:12:00+00:00,9680.05,9680.05,9676.0,9676.21,29.466988,2020,6,9
2020-06-09 09:13:00+00:00,9677.25,9678.61,9670.0,9672.92,54.948067,2020,6,9
2020-06-09 09:14:00+00:00,9672.36,9672.93,9670.0,9672.0,23.249859,2020,6,9
2020-06-09 09:15:00+00:00,9672.0,9673.82,9672.0,9672.0,29.99819,2020,6,9
2020-06-09 09:16:00+00:00,9672.0,9672.01,9670.0,9670.16,19.578959,2020,6,9
2020-06-09 09:17:00+00:00,9670.3,9672.89,9670.0,9671.06,11.843068,2020,6,9
2020-06-09 09:18:00+00:00,9671.64,9674.99,9670.06,9674.35,18.616367,2020,6,9
2020-06-09 09:19:00+00:00,9674.35,9677.04,9674.07,9675.0,14.056067,2020,6,9
2020-06-09 09:20:00+00:00,9675.0,9675.0,9674.95,9674.99,6.324266,2020,6,9
2020-06-09 09:21:00+00:00,9674.99,9674.99,9666.04,9666.05,40.642716,2020,6,9
2020-06-09 09:22:00+00:00,9666.99,9666.99,9642.1,9658.26,210.047274,2020,6,9
2020-06-09 09:23:00+00:00,9657.21,9659.86,9655.54,9657.98,23.756848,2020,6,9
2020-06-09 09:24:00+00:00,9657.99,9659.53,9652.84,9653.82,33.232774,2020,6,9
2020-06-09 09:25:00+00:00,9654.57,9659.2,9644.8,9659.2,55.239497,2020,6,9
2020-06-09 09:26:00+00:00,9659.2,9661.41,9657.83,9660.99,11.760498,2020,6,9
2020-06-09 09:27:00+00:00,9660.99,9664.35,9659.99,9663.55,26.039871,2020,6,9
2020-06-09 09:28:00+00:00,9663.55,9664.73,9661.52,9664.4,17.762063,2020,6,9
2020-06-09 09:29:00+00:00,9664.4,9665.7,9661.46,9662.74,13.149721,2020,6,9
2020-06-09 09:30:00+00:00,9662.75,9664.45,9660.27,9663.0,15.667813,2020,6,9
2020-06-09 09:31:00+00:00,9663.0,9664.45,9661.08,9664.23,9.240873,2020,6,9
2020-06-09 09:32:00+00:00,9664.22,9668.9,9663.99,9665.72,21.503864,2020,6,9
2020-06-09 09:33:00+00:00,9666.04,9668.22,9665.27,9667.06,11.939704,2020,6,9
2020-06-09 09:34:00+00:00,9667.07,9668.74,9666.61,9668.55,4.904729,2020,6,9
2020-06-09 09:35:00+00:00,9668.07,9669.98,9652.74,9662.16,79.847471,2020,6,9
2020-06-09 09:36:00+00:00,9662.16,9663.78,9660.0,9661.96,14.787542,2020,6,9
2020-06-09 09:37:00+00:00,9661.97,9663.49,9657.47,9661.13,10.582961,2020,6,9
2020-06-09 09:38:00+00:00,9660.7,9661.99,9657.06,9660.48,23.078731,2020,6,9
2020-06-09 09:39:00+00:00,9660.0,9660.02,9653.7,9654.27,26.068879,2020,6,9
2020-06-09 09:40:00+00:00,9655.48,9658.58,9652.84,9657.06,11.624364,2020,6,9
2020-06-09 09:41:00+00:00,9656.78,9662.68,9655.87,9662.17,19.541733,2020,6,9
2020-06-09 09:42:00+00:00,9662.0,9663.11,9658.32,9660.95,8.41365,2020,6,9
2020-06-09 09:43:00+00:00,9661.03,9661.64,9658.34,9658.98,6.794387,2020,6,9
2020-06-09 09:44:00+00:00,9658.77,9666.39,9658.34,9664.9,19.993833,2020,6,9
2020-06-09 09:45:00+00:00,9664.49,9666.0,9662.29,9663.81,20.644607,2020,6,9
2020-06-09 09:46:00+00:00,9663.66,9664.09,9661.58,9662.74,12.651743,2020,6,9
2020-06-09 09:47:00+00:00,9662.67,9665.98,9661.03,9665.45,15.259183,2020,6,9
2020-06-09 09:48:00+00:00,9665.49,9666.57,9663.11,9666.4,6.917755,2020,6,9
2020-06-09 09:49:00+00:00,9666.41,9667.05,9663.64,9666.46,8.340272,2020,6,9
2020-06-09 09:50:00+00:00,9666.46,9670.0,9665.9,9669.63,14.406144,2020,6,9
2020-06-09 09:51:00+00:00,9669.64,9671.06,9669.27,9670.0,14.351373,2020,6,9
2020-06-09 09:52:00+00:00,9669.86,9670.0,9666.12,9666.13,13.379888,2020,6,9
2020-06-09 09:53:00+00:00,9666.13,9676.18,9665.0,9674.5,83.07192,2020,6,9
2020-06-09 09:54:00+00:00,9674.63,9679.58,9671.88,9674.68,49.610058,2020,6,9
2020-06-09 09:55:00+00:00,9674.73,9678.69,9673.0,9673.51,23.634319,2020,6,9
2020-06-09 09:56:00+00:00,9673.51,9674.51,9671.3,9672.92,15.183346,2020,6,9
2020-06-09 09:57:00+00:00,9672.92,9673.03,9671.56,9672.18,17.465287,2020,6,9
2020-06-09 09:58:00+00:00,9672.19,9672.19,9668.0,9669.79,29.094569,2020,6,9
2020-06-09 09:59:00+00:00,9669.79,9669.81,9669.7,9669.7,19.048094,2020,6,9
2020-06-09 10:00:00+00:00,9669.7,9671.0,9666.0,9670.99,38.305035,2020,6,9
2020-06-09 10:01:00+00:00,9670.99,9671.0,9668.21,9670.02,13.748254,2020,6,9
2020-06-09 10:02:00+00:00,9670.14,9671.0,9667.63,9668.55,18.095692,2020,6,9
2020-06-09 10:03:00+00:00,9668.17,9668.55,9666.73,9667.99,9.359859,2020,6,9
2020-06-09 10:04:00+00:00,9667.29,9667.99,9665.69,9666.72,13.824754,2020,6,9
2020-06-09 10:05:00+00:00,9666.72,9667.88,9665.31,9667.88,8.570171,2020,6,9
2020-06-09 10:06:00+00:00,9667.42,9668.67,9663.64,9668.65,64.701454,2020,6,9
2020-06-09 10:07:00+00:00,9668.66,9670.0,9665.83,9668.87,12.56761,2020,6,9
2020-06-09 10:08:00+00:00,9668.88,9671.81,9668.43,9670.87,16.595223,2020,6,9
2020-06-09 10:09:00+00:00,9671.33,9672.67,9668.98,9670.71,15.635166,2020,6,9
2020-06-09 10:10:00+00:00,9670.99,9671.98,9668.98,9669.59,5.239068,2020,6,9
2020-06-09 10:11:00+00:00,9670.24,9670.26,9668.98,9668.99,12.577281,2020,6,9
2020-06-09 10:12:00+00:00,9668.99,9672.1,9668.98,9671.61,9.9487,2020,6,9
2020-06-09 10:13:00+00:00,9671.61,9672.11,9669.66,9669.67,26.460697,2020,6,9
2020-06-09 10:14:00+00:00,9669.67,9669.94,9660.0,9662.73,53.635313,2020,6,9
2020-06-09 10:15:00+00:00,9662.74,9664.44,9660.18,9662.5,8.30288,2020,6,9
2020-06-09 10:16:00+00:00,9662.01,9668.43,9660.01,9664.32,35.72801,2020,6,9
2020-06-09 10:17:00+00:00,9665.05,9667.18,9660.01,9663.68,29.021049,2020,6,9
2020-06-09 10:18:00+00:00,9663.31,9663.31,9655.0,9658.97,26.303197,2020,6,9
2020-06-09 10:19:00+00:00,9658.98,9660.0,9650.15,9652.53,51.999231,2020,6,9
2020-06-09 10:20:00+00:00,9652.99,9655.0,9652.5,9654.3,20.687594,2020,6,9
2020-06-09 10:21:00+00:00,9654.3,9670.21,9654.3,9668.92,69.67348,2020,6,9
2020-06-09 10:22:00+00:00,9668.4,9672.11,9666.88,9667.63,29.295392,2020,6,9
2020-06-09 10:23:00+00:00,9667.13,9670.0,9666.89,9668.3,12.799426,2020,6,9
2020-06-09 10:24:00+00:00,9668.73,9669.0,9667.23,9669.0,15.033405,2020,6,9
2020-06-09 10:25:00+00:00,9668.99,9670.0,9668.99,9669.95,19.986876,2020,6,9
2020-06-09 10:26:00+00:00,9669.94,9670.0,9662.93,9669.63,23.381819,2020,6,9
2020-06-09 10:27:00+00:00,9669.53,9670.0,9669.53,9670.0,42.48592,2020,6,9
2020-06-09 10:28:00+00:00,9669.99,9670.0,9665.81,9665.81,12.470668,2020,6,9
2020-06-09 10:29:00+00:00,9665.81,9666.76,9665.76,9665.76,17.339961,2020,6,9
2020-06-09 10:30:00+00:00,9665.76,9669.39,9665.75,9668.6,12.430695,2020,6,9
2020-06-09 10:31:00+00:00,9668.6,9668.7,9665.75,9668.09,15.221269,2020,6,9
2020-06-09 10:32:00+00:00,9668.09,9668.09,9657.64,9659.8,62.887127,2020,6,9
2020-06-09 10:33:00+00:00,9659.8,9664.77,9659.79,9660.53,30.837472,2020,6,9
2020-06-09 10:34:00+00:00,9661.4,9664.29,9660.34,9661.89,16.894956,2020,6,9
2020-06-09 10:35:00+00:00,9661.89,9662.9,9653.0,9660.0,37.132454,2020,6,9
2020-06-09 10:36:00+00:00,9660.0,9661.52,9658.35,9660.2,20.733462,2020,6,9
2020-06-09 10:37:00+00:00,9659.58,9659.64,9654.0,9656.2,25.602533,2020,6,9
2020-06-09 10:38:00+00:00,9656.95,9657.66,9655.0,9656.86,18.547802,2020,6,9
2020-06-09 10:39:00+00:00,9656.87,9664.08,9655.88,9661.53,15.231749,2020,6,9
2020-06-09 10:40:00+00:00,9661.53,9665.3,9660.35,9662.04,14.312848,2020,6,9
2020-06-09 10:41:00+00:00,9662.12,9662.53,9656.23,9658.4,26.17293,2020,6,9
2020-06-09 10:42:00+00:00,9658.4,9659.17,9657.0,9657.65,21.099926,2020,6,9
2020-06-09 10:43:00+00:00,9657.65,9661.77,9651.11,9661.77,58.25708,2020,6,9
2020-06-09 10:44:00+00:00,9661.11,9661.77,9660.49,9660.53,25.27044,2020,6,9
2020-06-09 10:45:00+00:00,9660.53,9660.53,9651.81,9653.23,19.97096,2020,6,9
2020-06-09 10:46:00+00:00,9653.75,9654.88,9624.53,9631.8,211.589918,2020,6,9
2020-06-09 10:47:00+00:00,9631.8,9648.73,9629.95,9645.8,65.067664,2020,6,9
2020-06-09 10:48:00+00:00,9645.8,9661.51,9645.79,9656.83,41.335224,2020,6,9
2020-06-09 10:49:00+00:00,9656.45,9675.49,9656.45,9672.31,105.300625,2020,6,9
2020-06-09 10:50:00+00:00,9672.31,9676.41,9665.77,9669.97,52.445879,2020,6,9
2020-06-09 10:51:00+00:00,9669.97,9679.0,9669.97,9677.5,50.886516,2020,6,9
2020-06-09 10:52:00+00:00,9677.49,9679.0,9670.04,9674.85,36.318965,2020,6,9
2020-06-09 10:53:00+00:00,9676.49,9676.75,9671.99,9671.99,22.649301,2020,6,9
2020-06-09 10:54:00+00:00,9671.99,9672.0,9667.99,9668.47,26.200509,2020,6,9
2020-06-09 10:55:00+00:00,9668.95,9671.75,9668.95,9671.32,28.50287,2020,6,9
2020-06-09 10:56:00+00:00,9671.32,9678.0,9671.26,9672.61,29.018774,2020,6,9
2020-06-09 10:57:00+00:00,9672.6,9674.53,9672.08,9673.28,18.262905,2020,6,9
2020-06-09 10:58:00+00:00,9673.28,9675.59,9673.22,9675.51,26.156895,2020,6,9
2020-06-09 10:59:00+00:00,9675.41,9679.0,9675.41,9676.0,23.437324,2020,6,9
2020-06-09 11:00:00+00:00,9675.99,9678.99,9675.49,9677.44,22.04192,2020,6,9
2020-06-09 11:01:00+00:00,9677.43,9680.0,9676.09,9679.99,48.61334,2020,6,9
2020-06-09 11:02:00+00:00,9680.0,9685.0,9676.79,9684.56,68.201392,2020,6,9
2020-06-09 11:03:00+00:00,9684.56,9686.01,9679.99,9682.86,27.955419,2020,6,9
2020-06-09 11:04:00+00:00,9682.86,9684.34,9672.55,9675.84,69.52894,2020,6,9
2020-06-09 11:05:00+00:00,9675.84,9681.09,9675.84,9678.93,18.625194,2020,6,9
2020-06-09 11:06:00+00:00,9678.93,9680.04,9676.26,9679.83,11.700581,2020,6,9
2020-06-09 11:07:00+00:00,9678.98,9680.99,9676.42,9679.99,9.784805,2020,6,9
2020-06-09 11:08:00+00:00,9680.06,9680.25,9677.2,9677.76,7.484924,2020,6,9
2020-06-09 11:09:00+00:00,9677.77,9681.65,9677.76,9680.64,15.365991,2020,6,9
2020-06-09 11:10:00+00:00,9680.65,9680.66,9679.93,9679.93,19.526966,2020,6,9
2020-06-09 11:11:00+00:00,9679.94,9688.0,9670.9,9684.7,83.180326,2020,6,9
2020-06-09 11:12:00+00:00,9684.73,9688.69,9681.04,9682.4,41.003264,2020,6,9
2020-06-09 11:13:00+00:00,9682.4,9685.77,9681.04,9685.53,19.66462,2020,6,9
2020-06-09 11:14:00+00:00,9685.52,9686.49,9679.93,9684.54,32.485433,2020,6,9
2020-06-09 11:15:00+00:00,9684.32,9689.36,9682.97,9684.99,80.445397,2020,6,9
2020-06-09 11:16:00+00:00,9684.35,9684.97,9681.63,9682.73,19.202278,2020,6,9
2020-06-09 11:17:00+00:00,9682.73,9683.9,9673.7,9678.77,30.682001,2020,6,9
2020-06-09 11:18:00+00:00,9679.2,9680.49,9674.44,9675.46,12.436802,2020,6,9
2020-06-09 11:19:00+00:00,9675.46,9680.0,9674.44,9678.39,10.296494,2020,6,9
2020-06-09 11:20:00+00:00,9678.38,9680.12,9675.58,9678.59,26.618017,2020,6,9
2020-06-09 11:21:00+00:00,9678.59,9680.22,9675.94,9679.16,16.251121,2020,6,9
2020-06-09 11:22:00+00:00,9678.66,9680.18,9677.33,9677.91,17.07862,2020,6,9
2020-06-09 11:23:00+00:00,9678.15,9678.44,9674.66,9677.12,12.967206,2020,6,9
2020-06-09 11:24:00+00:00,9677.39,9679.99,9675.11,9675.37,29.165013,2020,6,9
2020-06-09 11:25:00+00:00,9675.37,9677.1,9669.97,9672.46,45.396177,2020,6,9
2020-06-09 11:26:00+00:00,9672.81,9676.16,9669.53,9673.96,34.787457,2020,6,9
2020-06-09 11:27:00+00:00,9673.98,9675.2,9663.57,9666.62,64.151228,2020,6,9
2020-06-09 11:28:00+00:00,9666.51,9671.96,9664.98,9668.65,25.934338,2020,6,9
2020-06-09 11:29:00+00:00,9668.37,9671.07,9666.9,9669.43,12.943211,2020,6,9
2020-06-09 11:30:00+00:00,9669.43,9674.95,9669.43,9673.56,6.765096,2020,6,9
2020-06-09 11:31:00+00:00,9673.56,9673.56,9670.0,9671.17,15.290702,2020,6,9
2020-06-09 11:32:00+00:00,9670.97,9673.36,9670.01,9671.28,4.809453,2020,6,9
2020-06-09 11:33:00+00:00,9671.28,9673.54,9670.25,9672.31,7.075869,2020,6,9
2020-06-09 11:34:00+00:00,9672.31,9672.7,9670.0,9670.37,5.875149,2020,6,9
2020-06-09 11:35:00+00:00,9670.36,9673.9,9668.87,9673.89,25.5638,2020,6,9
2020-06-09 11:36:00+00:00,9673.89,9675.78,9672.85,9673.86,6.860181,2020,6,9
2020-06-09 11:37:00+00:00,9673.86,9674.11,9670.2,9670.2,16.679677,2020,6,9
2020-06-09 11:38:00+00:00,9670.96,9673.99,9668.85,9673.67,8.738292,2020,6,9
2020-06-09 11:39:00+00:00,9673.68,9675.41,9673.64,9674.94,12.68248,2020,6,9
2020-06-09 11:40:00+00:00,9674.95,9675.94,9674.88,9675.2,6.828275,2020,6,9
2020-06-09 11:41:00+00:00,9675.2,9675.94,9673.67,9673.67,13.648167,2020,6,9
2020-06-09 11:42:00+00:00,9673.67,9677.99,9673.22,9676.0,54.053078,2020,6,9
2020-06-09 11:43:00+00:00,9676.0,9680.28,9676.0,9677.52,16.888637,2020,6,9
2020-06-09 11:44:00+00:00,9679.76,9682.43,9679.76,9681.77,8.351121,2020,6,9
2020-06-09 11:45:00+00:00,9681.76,9683.18,9678.52,9678.52,16.7475,2020,6,9
2020-06-09 11:46:00+00:00,9678.53,9680.97,9678.52,9679.48,25.328418,2020,6,9
2020-06-09 11:47:00+00:00,9679.48,9681.04,9679.4,9680.0,6.343219,2020,6,9
2020-06-09 11:48:00+00:00,9679.99,9679.99,9679.27,9679.27,8.424961,2020,6,9
2020-06-09 11:49:00+00:00,9679.28,9681.64,9679.25,9681.64,12.387369,2020,6,9
2020-06-09 11:50:00+00:00,9681.72,9693.1,9681.61,9692.27,69.43895,2020,6,9
2020-06-09 11:51:00+00:00,9692.27,9697.0,9687.01,9695.64,47.63954,2020,6,9
2020-06-09 11:52:00+00:00,9695.74,9709.54,9695.64,9706.07,130.166613,2020,6,9
2020-06-09 11:53:00+00:00,9706.08,9714.0,9705.59,9713.51,75.730717,2020,6,9
2020-06-09 11:54:00+00:00,9713.51,9715.28,9705.37,9709.96,83.606245,2020,6,9
2020-06-09 11:55:00+00:00,9708.76,9714.58,9705.0,9711.42,41.113826,2020,6,9
2020-06-09 11:56:00+00:00,9711.44,9712.0,9705.55,9710.04,64.270826,2020,6,9
2020-06-09 11:57:00+00:00,9710.04,9712.0,9701.68,9709.08,46.656626,2020,6,9
2020-06-09 11:58:00+00:00,9709.08,9728.0,9707.87,9718.71,105.880809,2020,6,9
2020-06-09 11:59:00+00:00,9718.61,9722.98,9716.03,9721.24,65.979319,2020,6,9
2020-06-09 12:00:00+00:00,9721.23,9748.0,9720.0,9737.38,287.627449,2020,6,9
2020-06-09 12:01:00+00:00,9738.45,9739.79,9722.79,9730.13,98.06314,2020,6,9
2020-06-09 12:02:00+00:00,9730.12,9737.98,9727.03,9732.4,46.289012,2020,6,9
2020-06-09 12:03:00+00:00,9732.4,9741.36,9732.36,9738.0,46.054829,2020,6,9
2020-06-09 12:04:00+00:00,9737.85,9739.65,9735.0,9735.48,38.378485,2020,6,9
2020-06-09 12:05:00+00:00,9735.69,9736.87,9732.81,9735.82,23.931546,2020,6,9
2020-06-09 12:06:00+00:00,9735.81,9735.82,9729.61,9733.39,69.319115,2020,6,9
2020-06-09 12:07:00+00:00,9733.53,9742.06,9729.53,9729.53,78.627559,2020,6,9
2020-06-09 12:08:00+00:00,9729.53,9735.76,9728.94,9735.0,21.732691,2020,6,9
2020-06-09 12:09:00+00:00,9735.0,9739.2,9730.85,9736.48,21.7628,2020,6,9
2020-06-09 12:10:00+00:00,9736.48,9748.95,9735.76,9737.19,64.512783,2020,6,9
2020-06-09 12:11:00+00:00,9737.19,9741.32,9734.47,9735.12,28.642081,2020,6,9
2020-06-09 12:12:00+00:00,9735.13,9738.61,9735.13,9735.25,21.066395,2020,6,9
2020-06-09 12:13:00+00:00,9735.24,9735.25,9731.52,9731.91,28.03161,2020,6,9
2020-06-09 12:14:00+00:00,9731.63,9738.05,9729.66,9729.67,53.629036,2020,6,9
2020-06-09 12:15:00+00:00,9730.31,9738.05,9730.31,9736.02,12.521935,2020,6,9
2020-06-09 12:16:00+00:00,9735.88,9737.32,9735.06,9735.64,17.979223,2020,6,9
2020-06-09 12:17:00+00:00,9735.13,9736.88,9735.12,9735.94,9.530436,2020,6,9
2020-06-09 12:18:00+00:00,9735.93,9735.94,9732.81,9734.35,22.602972,2020,6,9
2020-06-09 12:19:00+00:00,9733.85,9734.61,9729.67,9732.01,28.271277,2020,6,9
2020-06-09 12:20:00+00:00,9732.01,9732.01,9725.13,9727.38,26.150783,2020,6,9
2020-06-09 12:21:00+00:00,9727.43,9732.0,9726.85,9730.99,55.927096,2020,6,9
2020-06-09 12:22:00+00:00,9730.88,9731.68,9719.93,9724.63,42.840264,2020,6,9
2020-06-09 12:23:00+00:00,9724.64,9725.0,9720.81,9722.48,14.967151,2020,6,9
2020-06-09 12:24:00+00:00,9722.45,9723.0,9715.27,9719.88,29.042062,2020,6,9
2020-06-09 12:25:00+00:00,9719.93,9722.0,9717.23,9719.39,38.9034,2020,6,9
2020-06-09 12:26:00+00:00,9718.93,9720.0,9708.98,9717.18,49.993665,2020,6,9
2020-06-09 12:27:00+00:00,9716.64,9717.83,9710.54,9712.85,25.488737,2020,6,9
2020-06-09 12:28:00+00:00,9712.86,9720.0,9712.85,9714.8,71.028546,2020,6,9
2020-06-09 12:29:00+00:00,9714.91,9719.99,9712.5,9719.34,38.917816,2020,6,9
2020-06-09 12:30:00+00:00,9719.95,9726.99,9714.8,9726.01,114.687997,2020,6,9
2020-06-09 12:31:00+00:00,9726.01,9728.65,9719.29,9719.75,34.160369,2020,6,9
2020-06-09 12:32:00+00:00,9719.75,9722.0,9719.59,9721.98,72.121361,2020,6,9
2020-06-09 12:33:00+00:00,9721.98,9722.0,9719.32,9721.89,26.35838,2020,6,9
2020-06-09 12:34:00+00:00,9721.89,9722.0,9715.54,9720.65,46.674496,2020,6,9
2020-06-09 12:35:00+00:00,9720.71,9721.81,9710.27,9712.79,44.464162,2020,6,9
2020-06-09 12:36:00+00:00,9713.58,9717.69,9712.79,9716.4,27.473597,2020,6,9
2020-06-09 12:37:00+00:00,9716.4,9719.84,9713.07,9715.36,36.917558,2020,6,9
2020-06-09 12:38:00+00:00,9716.02,9720.0,9714.87,9720.0,22.214445,2020,6,9
2020-06-09 12:39:00+00:00,9718.9,9722.96,9718.88,9721.99,21.038657,2020,6,9
2020-06-09 12:40:00+00:00,9722.0,9722.99,9715.81,9716.4,42.902786,2020,6,9
2020-06-09 12:41:00+00:00,9716.34,9723.59,9715.17,9720.19,17.494958,2020,6,9
2020-06-09 12:42:00+00:00,9720.02,9720.18,9716.64,9719.99,10.694171,2020,6,9
2020-06-09 12:43:00+00:00,9720.0,9720.0,9719.04,9719.08,23.859243,2020,6,9
2020-06-09 12:44:00+00:00,9719.0,9719.98,9715.0,9718.0,9.99229,2020,6,9
2020-06-09 12:45:00+00:00,9718.02,9719.98,9715.44,9719.98,19.751116,2020,6,9
2020-06-09 12:46:00+00:00,9719.98,9720.0,9718.0,9718.93,7.182926,2020,6,9
2020-06-09 12:47:00+00:00,9718.93,9720.3,9718.04,9718.24,7.816927,2020,6,9
2020-06-09 12:48:00+00:00,9718.24,9721.0,9718.0,9720.98,5.908339,2020,6,9
2020-06-09 12:49:00+00:00,9720.98,9724.7,9720.26,9722.52,72.076786,2020,6,9
2020-06-09 12:50:00+00:00,9722.47,9725.0,9720.0,9721.97,43.972593,2020,6,9
2020-06-09 12:51:00+00:00,9722.3,9724.13,9720.53,9720.54,12.889329,2020,6,9
2020-06-09 12:52:00+00:00,9720.54,9724.6,9720.0,9723.06,26.611982,2020,6,9
2020-06-09 12:53:00+00:00,9722.88,9724.6,9718.62,9722.96,34.878605,2020,6,9
2020-06-09 12:54:00+00:00,9722.96,9723.88,9720.26,9720.82,16.190004,2020,6,9
2020-06-09 12:55:00+00:00,9721.42,9722.82,9720.01,9720.02,7.912662,2020,6,9
2020-06-09 12:56:00+00:00,9720.0,9721.99,9720.0,9720.01,8.693447,2020,6,9
2020-06-09 12:57:00+00:00,9720.01,9724.28,9720.0,9722.31,40.556824,2020,6,9
2020-06-09 12:58:00+00:00,9721.85,9722.58,9719.9,9721.25,20.176165,2020,6,9
2020-06-09 12:59:00+00:00,9721.58,9722.31,9719.17,9720.57,25.928823,2020,6,9
2020-06-09 13:00:00+00:00,9720.57,9734.0,9720.52,9727.4,77.321611,2020,6,9
2020-06-09 13:01:00+00:00,9727.4,9731.08,9727.4,9729.54,14.566827,2020,6,9
2020-06-09 13:02:00+00:00,9729.54,9730.64,9728.61,9730.0,18.398542,2020,6,9
2020-06-09 13:03:00+00:00,9730.0,9730.64,9723.59,9725.99,23.654851,2020,6,9
2020-06-09 13:04:00+00:00,9725.25,9727.79,9722.12,9722.13,17.287059,2020,6,9
2020-06-09 13:05:00+00:00,9722.13,9722.73,9718.0,9720.17,15.578152,2020,6,9
2020-06-09 13:06:00+00:00,9719.93,9724.5,9716.13,9721.84,18.201605,2020,6,9
2020-06-09 13:07:00+00:00,9721.5,9725.0,9719.99,9722.24,19.939112,2020,6,9
2020-06-09 13:08:00+00:00,9721.58,9722.27,9717.13,9718.74,22.588625,2020,6,9
2020-06-09 13:09:00+00:00,9718.74,9720.29,9716.15,9717.39,9.97923,2020,6,9
2020-06-09 13:10:00+00:00,9717.38,9720.08,9716.13,9718.26,13.941032,2020,6,9
2020-06-09 13:11:00+00:00,9717.31,9719.08,9716.23,9717.77,7.220906,2020,6,9
2020-06-09 13:12:00+00:00,9717.78,9721.79,9717.01,9719.99,30.660391,2020,6,9
2020-06-09 13:13:00+00:00,9719.99,9721.75,9719.26,9720.54,26.025102,2020,6,9
2020-06-09 13:14:00+00:00,9720.55,9722.24,9713.59,9714.06,17.874473,2020,6,9
2020-06-09 13:15:00+00:00,9714.06,9720.0,9713.43,9719.66,10.169477,2020,6,9
2020-06-09 13:16:00+00:00,9719.33,9719.99,9716.0,9717.09,16.574844,2020,6,9
2020-06-09 13:17:00+00:00,9717.09,9718.31,9716.85,9717.83,7.715879,2020,6,9
2020-06-09 13:18:00+00:00,9717.82,9718.82,9717.02,9717.64,11.916272,2020,6,9
2020-06-09 13:19:00+00:00,9717.81,9717.82,9717.09,9717.29,3.372919,2020,6,9
2020-06-09 13:20:00+00:00,9717.3,9717.32,9717.27,9717.27,5.621067,2020,6,9
2020-06-09 13:21:00+00:00,9717.28,9717.29,9713.46,9714.3,18.412299,2020,6,9
2020-06-09 13:22:00+00:00,9714.3,9716.91,9713.2,9716.06,14.774622,2020,6,9
2020-06-09 13:23:00+00:00,9716.05,9717.01,9710.29,9715.0,30.244204,2020,6,9
2020-06-09 13:24:00+00:00,9715.0,9722.19,9714.8,9721.51,51.592272,2020,6,9
2020-06-09 13:25:00+00:00,9721.5,9727.13,9720.4,9721.9,98.933977,2020,6,9
2020-06-09 13:26:00+00:00,9721.9,9727.36,9682.58,9685.47,192.16589,2020,6,9
2020-06-09 13:27:00+00:00,9685.87,9702.13,9681.33,9699.01,76.914936,2020,6,9
2020-06-09 13:28:00+00:00,9699.67,9706.03,9699.67,9701.62,28.987213,2020,6,9
2020-06-09 13:29:00+00:00,9701.12,9708.0,9700.51,9706.94,39.116275,2020,6,9
2020-06-09 13:30:00+00:00,9706.97,9716.51,9706.97,9715.47,31.133819,2020,6,9
2020-06-09 13:31:00+00:00,9715.47,9715.5,9672.0,9685.82,189.804135,2020,6,9
2020-06-09 13:32:00+00:00,9685.82,9710.34,9685.03,9704.72,128.529792,2020,6,9
2020-06-09 13:33:00+00:00,9704.7,9704.99,9700.49,9702.71,29.661552,2020,6,9
2020-06-09 13:34:00+00:00,9701.11,9705.0,9696.03,9700.0,38.95164,2020,6,9
2020-06-09 13:35:00+00:00,9699.16,9703.47,9696.41,9698.37,18.66911,2020,6,9
2020-06-09 13:36:00+00:00,9698.33,9699.31,9688.57,9692.58,20.833765,2020,6,9
2020-06-09 13:37:00+00:00,9692.58,9693.77,9688.56,9689.01,29.603135,2020,6,9
2020-06-09 13:38:00+00:00,9689.0,9695.99,9680.0,9692.5,81.930961,2020,6,9
2020-06-09 13:39:00+00:00,9692.49,9694.37,9690.29,9693.8,22.912554,2020,6,9
2020-06-09 13:40:00+00:00,9693.36,9701.75,9692.0,9698.45,29.745453,2020,6,9
2020-06-09 13:41:00+00:00,9698.4,9700.87,9697.19,9697.43,16.810748,2020,6,9
2020-06-09 13:42:00+00:00,9697.44,9698.99,9694.38,9695.99,18.714436,2020,6,9
2020-06-09 13:43:00+00:00,9696.56,9698.81,9693.87,9696.21,16.748696,2020,6,9
2020-06-09 13:44:00+00:00,9696.08,9696.32,9692.43,9694.04,10.927445,2020,6,9
2020-06-09 13:45:00+00:00,9694.04,9700.09,9691.3,9694.77,47.186758,2020,6,9
2020-06-09 13:46:00+00:00,9694.76,9695.0,9689.34,9692.21,15.958283,2020,6,9
2020-06-09 13:47:00+00:00,9691.2,9694.57,9691.11,9693.47,16.359524,2020,6,9
2020-06-09 13:48:00+00:00,9693.47,9697.81,9691.63,9697.11,12.13104,2020,6,9
2020-06-09 13:49:00+00:00,9697.11,9697.12,9691.78,9694.96,7.943278,2020,6,9
2020-06-09 13:50:00+00:00,9695.42,9699.16,9694.38,9699.15,6.547974,2020,6,9
2020-06-09 13:51:00+00:00,9698.5,9709.5,9697.75,9705.49,25.867489,2020,6,9
2020-06-09 13:52:00+00:00,9705.16,9706.99,9702.19,9704.07,17.041245,2020,6,9
2020-06-09 13:53:00+00:00,9704.06,9706.82,9696.36,9699.03,21.02204,2020,6,9
2020-06-09 13:54:00+00:00,9699.0,9705.0,9697.75,9700.82,27.686309,2020,6,9
2020-06-09 13:55:00+00:00,9700.91,9701.0,9698.35,9700.0,10.093261,2020,6,9
2020-06-09 13:56:00+00:00,9700.0,9710.0,9698.96,9708.55,48.935544,2020,6,9
2020-06-09 13:57:00+00:00,9708.55,9717.94,9703.34,9711.52,66.059799,2020,6,9
2020-06-09 13:58:00+00:00,9711.53,9717.09,9710.99,9714.82,22.582746,2020,6,9
2020-06-09 13:59:00+00:00,9714.81,9714.82,9706.26,9706.58,23.195311,2020,6,9
2020-06-09 14:00:00+00:00,9706.28,9709.0,9704.96,9706.26,11.018454,2020,6,9
2020-06-09 14:01:00+00:00,9706.26,9707.82,9706.25,9707.1,7.987075,2020,6,9
2020-06-09 14:02:00+00:00,9707.11,9707.51,9697.97,9697.97,38.99754,2020,6,9
2020-06-09 14:03:00+00:00,9697.98,9701.48,9695.6,9701.14,29.967633,2020,6,9
2020-06-09 14:04:00+00:00,9701.14,9701.71,9696.86,9698.97,22.737761,2020,6,9
2020-06-09 14:05:00+00:00,9698.98,9698.98,9697.08,9698.85,52.309912,2020,6,9
2020-06-09 14:06:00+00:00,9698.82,9698.82,9692.95,9692.99,17.055046,2020,6,9
2020-06-09 14:07:00+00:00,9692.91,9693.8,9690.34,9691.51,20.325788,2020,6,9
2020-06-09 14:08:00+00:00,9692.71,9694.23,9682.0,9690.33,68.711436,2020,6,9
2020-06-09 14:09:00+00:00,9690.32,9708.55,9688.53,9699.83,105.662608,2020,6,9
2020-06-09 14:10:00+00:00,9699.99,9708.44,9698.62,9701.81,17.44342,2020,6,9
2020-06-09 14:11:00+00:00,9700.83,9702.5,9698.71,9700.6,14.10431,2020,6,9
2020-06-09 14:12:00+00:00,9700.61,9702.8,9697.49,9700.04,12.183219,2020,6,9
2020-06-09 14:13:00+00:00,9700.18,9702.87,9698.93,9701.12,8.719776,2020,6,9
2020-06-09 14:14:00+00:00,9701.12,9702.04,9700.19,9701.67,21.111879,2020,6,9
2020-06-09 14:15:00+00:00,9701.76,9702.38,9701.52,9701.77,10.140274,2020,6,9
2020-06-09 14:16:00+00:00,9701.76,9702.58,9694.17,9699.26,48.661065,2020,6,9
2020-06-09 14:17:00+00:00,9699.55,9699.55,9683.0,9683.85,84.714357,2020,6,9
2020-06-09 14:18:00+00:00,9683.0,9690.72,9683.0,9689.15,18.380682,2020,6,9
2020-06-09 14:19:00+00:00,9689.15,9690.49,9686.34,9688.77,27.247054,2020,6,9
2020-06-09 14:20:00+00:00,9687.54,9694.84,9686.91,9693.3,28.397716,2020,6,9
2020-06-09 14:21:00+00:00,9693.12,9694.11,9682.99,9686.62,64.080259,2020,6,9
2020-06-09 14:22:00+00:00,9686.86,9691.49,9686.63,9691.03,14.529096,2020,6,9
2020-06-09 14:23:00+00:00,9691.0,9695.8,9684.63,9686.79,32.350628,2020,6,9
2020-06-09 14:24:00+00:00,9686.66,9689.33,9684.0,9686.45,54.854873,2020,6,9
2020-06-09 14:25:00+00:00,9686.45,9688.64,9686.34,9687.06,20.900631,2020,6,9
2020-06-09 14:26:00+00:00,9687.05,9692.33,9687.01,9692.32,21.606822,2020,6,9
2020-06-09 14:27:00+00:00,9692.33,9694.08,9685.56,9687.84,20.642506,2020,6,9
2020-06-09 14:28:00+00:00,9687.84,9689.97,9686.22,9686.22,5.946708,2020,6,9
2020-06-09 14:29:00+00:00,9686.46,9693.13,9685.88,9690.98,15.164066,2020,6,9
2020-06-09 14:30:00+00:00,9690.98,9690.99,9688.32,9688.72,18.517381,2020,6,9
2020-06-09 14:31:00+00:00,9688.72,9694.27,9688.72,9693.95,24.075126,2020,6,9
2020-06-09 14:32:00+00:00,9693.96,9695.99,9692.11,9695.98,7.470993,2020,6,9
2020-06-09 14:33:00+00:00,9695.98,9707.0,9695.98,9704.46,36.060357,2020,6,9
2020-06-09 14:34:00+00:00,9704.46,9704.77,9700.73,9701.96,15.134439,2020,6,9
2020-06-09 14:35:00+00:00,9701.96,9705.0,9699.54,9704.93,16.517772,2020,6,9
2020-06-09 14:36:00+00:00,9703.66,9706.97,9702.31,9705.35,11.704881,2020,6,9
2020-06-09 14:37:00+00:00,9705.34,9707.54,9704.09,9704.79,19.014571,2020,6,9
2020-06-09 14:38:00+00:00,9704.29,9705.0,9704.09,9704.83,5.992207,2020,6,9
2020-06-09 14:39:00+00:00,9704.91,9706.91,9704.09,9705.8,6.877787,2020,6,9
2020-06-09 14:40:00+00:00,9705.79,9709.0,9704.09,9709.0,24.847305,2020,6,9
2020-06-09 14:41:00+00:00,9709.0,9711.99,9705.2,9709.0,38.221006,2020,6,9
2020-06-09 14:42:00+00:00,9708.44,9710.0,9707.33,9710.0,13.843386,2020,6,9
2020-06-09 14:43:00+00:00,9710.01,9710.47,9708.74,9709.59,16.161097,2020,6,9
2020-06-09 14:44:00+00:00,9709.41,9709.41,9704.51,9706.94,17.322299,2020,6,9
2020-06-09 14:45:00+00:00,9706.6,9707.76,9706.6,9707.03,10.18218,2020,6,9
2020-06-09 14:46:00+00:00,9707.21,9707.75,9706.73,9707.18,5.672785,2020,6,9
2020-06-09 14:47:00+00:00,9707.16,9734.0,9707.16,9729.45,194.117468,2020,6,9
2020-06-09 14:48:00+00:00,9729.99,9730.76,9716.11,9724.84,64.693776,2020,6,9
2020-06-09 14:49:00+00:00,9723.44,9727.71,9720.98,9720.98,41.215996,2020,6,9
2020-06-09 14:50:00+00:00,9721.02,9725.0,9720.98,9724.49,30.742478,2020,6,9
2020-06-09 14:51:00+00:00,9724.75,9730.49,9723.51,9729.24,17.216109,2020,6,9
2020-06-09 14:52:00+00:00,9729.43,9730.01,9723.57,9723.66,131.510449,2020,6,9
2020-06-09 14:53:00+00:00,9723.66,9723.67,9712.72,9715.5,38.712719,2020,6,9
2020-06-09 14:54:00+00:00,9715.99,9717.11,9712.71,9715.44,22.46872,2020,6,9
2020-06-09 14:55:00+00:00,9715.44,9717.24,9710.52,9716.0,34.576421,2020,6,9
2020-06-09 14:56:00+00:00,9716.0,9720.94,9716.0,9719.21,14.300863,2020,6,9
2020-06-09 14:57:00+00:00,9719.22,9719.96,9711.89,9713.21,12.105456,2020,6,9
2020-06-09 14:58:00+00:00,9713.22,9714.71,9713.2,9713.24,9.786304,2020,6,9
2020-06-09 14:59:00+00:00,9713.38,9714.03,9713.2,9713.76,25.771147,2020,6,9
2020-06-09 15:00:00+00:00,9713.75,9719.02,9708.55,9719.01,44.531199,2020,6,9
2020-06-09 15:01:00+00:00,9719.02,9719.02,9714.99,9716.86,18.57096,2020,6,9
2020-06-09 15:02:00+00:00,9717.43,9717.43,9711.46,9716.05,18.40301,2020,6,9
2020-06-09 15:03:00+00:00,9716.04,9718.86,9713.23,9716.76,27.459008,2020,6,9
2020-06-09 15:04:00+00:00,9716.75,9721.99,9715.6,9721.99,35.435327,2020,6,9
2020-06-09 15:05:00+00:00,9721.84,9725.0,9718.78,9723.39,24.411922,2020,6,9
2020-06-09 15:06:00+00:00,9723.38,9724.83,9718.78,9723.14,22.237875,2020,6,9
2020-06-09 15:07:00+00:00,9723.14,9723.98,9720.0,9720.8,15.650767,2020,6,9
2020-06-09 15:08:00+00:00,9720.8,9728.0,9715.01,9716.33,88.86014,2020,6,9
2020-06-09 15:09:00+00:00,9716.13,9720.05,9715.0,9718.36,24.107472,2020,6,9
2020-06-09 15:10:00+00:00,9718.16,9719.29,9713.5,9717.46,20.959699,2020,6,9
2020-06-09 15:11:00+00:00,9717.44,9720.12,9715.61,9720.0,14.521549,2020,6,9
2020-06-09 15:12:00+00:00,9720.0,9720.12,9715.01,9715.49,11.346681,2020,6,9
2020-06-09 15:13:00+00:00,9715.64,9716.56,9710.0,9715.43,29.377222,2020,6,9
2020-06-09 15:14:00+00:00,9715.35,9715.52,9709.5,9714.21,19.432295,2020,6,9
2020-06-09 15:15:00+00:00,9714.22,9714.22,9710.06,9710.75,24.456641,2020,6,9
2020-06-09 15:16:00+00:00,9710.67,9717.63,9704.68,9716.3,51.9397,2020,6,9
2020-06-09 15:17:00+00:00,9716.81,9718.0,9714.99,9717.67,15.171335,2020,6,9
2020-06-09 15:18:00+00:00,9717.67,9719.0,9715.75,9716.24,17.00898,2020,6,9
2020-06-09 15:19:00+00:00,9716.01,9719.31,9715.76,9717.6,13.946527,2020,6,9
2020-06-09 15:20:00+00:00,9717.6,9720.0,9717.6,9719.09,13.916796,2020,6,9
2020-06-09 15:21:00+00:00,9719.31,9721.41,9718.47,9719.91,16.389121,2020,6,9
2020-06-09 15:22:00+00:00,9719.9,9721.41,9709.56,9713.6,34.241734,2020,6,9
2020-06-09 15:23:00+00:00,9713.59,9714.71,9711.36,9711.72,11.740612,2020,6,9
2020-06-09 15:24:00+00:00,9712.1,9720.46,9710.17,9718.68,17.993795,2020,6,9
2020-06-09 15:25:00+00:00,9718.67,9719.0,9718.19,9718.79,8.49157,2020,6,9
2020-06-09 15:26:00+00:00,9718.99,9719.0,9718.0,9718.56,19.150518,2020,6,9
2020-06-09 15:27:00+00:00,9718.96,9719.0,9716.01,9718.07,14.966153,2020,6,9
2020-06-09 15:28:00+00:00,9718.07,9719.0,9717.99,9719.0,15.158837,2020,6,9
2020-06-09 15:29:00+00:00,9719.0,9721.45,9717.56,9718.33,44.77444,2020,6,9
2020-06-09 15:30:00+00:00,9718.34,9725.98,9718.33,9722.25,31.492495,2020,6,9
2020-06-09 15:31:00+00:00,9722.25,9722.38,9714.61,9714.81,30.234728,2020,6,9
2020-06-09 15:32:00+00:00,9714.72,9716.09,9708.36,9710.54,54.980623,2020,6,9
2020-06-09 15:33:00+00:00,9711.32,9714.84,9707.01,9708.82,48.785345,2020,6,9
2020-06-09 15:34:00+00:00,9708.78,9714.0,9707.0,9711.59,18.984668,2020,6,9
2020-06-09 15:35:00+00:00,9711.59,9711.82,9708.3,9710.2,12.153766,2020,6,9
2020-06-09 15:36:00+00:00,9710.16,9710.95,9701.42,9705.37,47.017572,2020,6,9
2020-06-09 15:37:00+00:00,9706.06,9709.31,9704.46,9707.65,10.288487,2020,6,9
2020-06-09 15:38:00+00:00,9707.35,9709.5,9706.96,9708.08,6.179257,2020,6,9
2020-06-09 15:39:00+00:00,9708.07,9708.79,9704.41,9707.97,23.654932,2020,6,9
2020-06-09 15:40:00+00:00,9707.98,9708.89,9705.34,9705.35,15.993725,2020,6,9
2020-06-09 15:41:00+00:00,9705.98,9712.49,9705.98,9709.31,22.271929,2020,6,9
2020-06-09 15:42:00+00:00,9709.31,9710.2,9707.7,9709.3,5.305046,2020,6,9
2020-06-09 15:43:00+00:00,9708.74,9714.28,9708.11,9714.28,11.089886,2020,6,9
2020-06-09 15:44:00+00:00,9714.07,9715.98,9709.0,9709.0,21.226928,2020,6,9
2020-06-09 15:45:00+00:00,9709.0,9710.67,9708.52,9709.82,15.141231,2020,6,9
2020-06-09 15:46:00+00:00,9709.82,9716.47,9708.36,9712.96,21.153785,2020,6,9
2020-06-09 15:47:00+00:00,9712.96,9714.61,9710.71,9713.77,55.800566,2020,6,9
2020-06-09 15:48:00+00:00,9713.77,9714.99,9708.23,9708.23,32.380349,2020,6,9
2020-06-09 15:49:00+00:00,9708.23,9709.99,9705.77,9709.84,21.305574,2020,6,9
2020-06-09 15:50:00+00:00,9709.85,9713.95,9709.72,9712.56,15.813892,2020,6,9
2020-06-09 15:51:00+00:00,9712.55,9712.55,9708.5,9710.96,18.93786,2020,6,9
2020-06-09 15:52:00+00:00,9710.96,9714.65,9710.94,9712.59,22.753973,2020,6,9
2020-06-09 15:53:00+00:00,9712.59,9713.58,9710.33,9712.92,16.406845,2020,6,9
2020-06-09 15:54:00+00:00,9712.92,9717.43,9712.89,9716.39,27.34265,2020,6,9
2020-06-09 15:55:00+00:00,9716.42,9720.0,9711.43,9712.01,31.267589,2020,6,9
2020-06-09 15:56:00+00:00,9712.01,9716.73,9710.09,9715.91,26.420829,2020,6,9
2020-06-09 15:57:00+00:00,9715.91,9716.13,9710.11,9711.18,28.37122,2020,6,9
2020-06-09 15:58:00+00:00,9711.19,9718.25,9711.19,9717.76,19.381782,2020,6,9
2020-06-09 15:59:00+00:00,9717.76,9721.62,9717.03,9719.89,49.083179,2020,6,9
2020-06-09 16:00:00+00:00,9719.89,9727.24,9719.88,9725.98,86.274932,2020,6,9
2020-06-09 16:01:00+00:00,9725.96,9727.85,9718.15,9719.01,59.979222,2020,6,9
2020-06-09 16:02:00+00:00,9719.0,9719.35,9706.08,9707.86,72.034031,2020,6,9
2020-06-09 16:03:00+00:00,9708.97,9711.89,9706.28,9708.66,16.090673,2020,6,9
2020-06-09 16:04:00+00:00,9708.66,9715.19,9705.64,9709.45,45.322298,2020,6,9
2020-06-09 16:05:00+00:00,9710.02,9711.4,9706.8,9709.59,14.864895,2020,6,9
2020-06-09 16:06:00+00:00,9709.27,9709.27,9706.34,9708.0,8.194828,2020,6,9
2020-06-09 16:07:00+00:00,9708.0,9712.66,9707.0,9708.65,12.21451,2020,6,9
2020-06-09 16:08:00+00:00,9708.55,9711.01,9706.34,9709.08,19.303142,2020,6,9
2020-06-09 16:09:00+00:00,9709.01,9709.09,9701.0,9704.93,46.555384,2020,6,9
2020-06-09 16:10:00+00:00,9704.93,9708.62,9703.59,9708.62,8.849426,2020,6,9
2020-06-09 16:11:00+00:00,9708.12,9714.41,9695.27,9698.96,173.199153,2020,6,9
2020-06-09 16:12:00+00:00,9698.95,9704.5,9698.95,9701.15,13.72959,2020,6,9
2020-06-09 16:13:00+00:00,9701.05,9701.86,9695.28,9697.08,26.090321,2020,6,9
2020-06-09 16:14:00+00:00,9697.0,9702.88,9696.0,9700.6,16.634534,2020,6,9
2020-06-09 16:15:00+00:00,9700.59,9702.58,9688.13,9693.0,54.354726,2020,6,9
2020-06-09 16:16:00+00:00,9692.98,9697.0,9691.91,9696.21,12.052196,2020,6,9
2020-06-09 16:17:00+00:00,9696.22,9698.98,9696.21,9697.69,8.472247,2020,6,9
2020-06-09 16:18:00+00:00,9697.69,9699.4,9697.61,9698.76,6.92288,2020,6,9
2020-06-09 16:19:00+00:00,9698.74,9698.77,9694.91,9698.72,12.015483,2020,6,9
2020-06-09 16:20:00+00:00,9697.9,9700.36,9697.68,9700.36,19.823843,2020,6,9
2020-06-09 16:21:00+00:00,9700.36,9700.97,9699.13,9700.2,14.282596,2020,6,9
2020-06-09 16:22:00+00:00,9700.2,9701.09,9700.03,9700.33,13.703832,2020,6,9
2020-06-09 16:23:00+00:00,9700.46,9702.0,9700.31,9700.32,22.110514,2020,6,9
2020-06-09 16:24:00+00:00,9700.32,9700.78,9696.36,9699.64,27.476909,2020,6,9
2020-06-09 16:25:00+00:00,9699.64,9700.0,9698.05,9699.36,13.375717,2020,6,9
2020-06-09 16:26:00+00:00,9699.04,9699.97,9696.24,9698.0,7.636118,2020,6,9
2020-06-09 16:27:00+00:00,9698.0,9705.2,9696.62,9704.66,23.280456,2020,6,9
2020-06-09 16:28:00+00:00,9704.66,9707.75,9704.11,9704.3,13.037493,2020,6,9
2020-06-09 16:29:00+00:00,9704.64,9711.75,9704.42,9709.76,28.833778,2020,6,9
2020-06-09 16:30:00+00:00,9708.82,9711.74,9707.31,9708.46,21.214132,2020,6,9
2020-06-09 16:31:00+00:00,9708.96,9709.0,9697.49,9698.93,19.454113,2020,6,9
2020-06-09 16:32:00+00:00,9698.67,9701.34,9696.73,9699.4,11.250396,2020,6,9
2020-06-09 16:33:00+00:00,9699.41,9717.77,9692.0,9713.15,111.954641,2020,6,9
2020-06-09 16:34:00+00:00,9713.31,9719.0,9713.31,9718.0,23.775983,2020,6,9
2020-06-09 16:35:00+00:00,9717.98,9717.98,9713.13,9715.51,30.802606,2020,6,9
2020-06-09 16:36:00+00:00,9715.51,9718.14,9711.11,9713.73,23.556034,2020,6,9
2020-06-09 16:37:00+00:00,9713.73,9718.72,9713.53,9715.69,45.205409,2020,6,9
2020-06-09 16:38:00+00:00,9715.68,9715.68,9715.13,9715.13,10.349122,2020,6,9
2020-06-09 16:39:00+00:00,9715.55,9718.0,9709.43,9710.45,57.37434,2020,6,9
2020-06-09 16:40:00+00:00,9710.45,9716.5,9709.89,9712.54,20.032011,2020,6,9
2020-06-09 16:41:00+00:00,9712.54,9715.34,9711.13,9714.57,7.686218,2020,6,9
2020-06-09 16:42:00+00:00,9714.01,9715.56,9714.0,9714.92,7.598618,2020,6,9
2020-06-09 16:43:00+00:00,9714.92,9715.46,9713.08,9714.23,13.945857,2020,6,9
2020-06-09 16:44:00+00:00,9714.18,9715.51,9708.35,9713.71,13.67185,2020,6,9
2020-06-09 16:45:00+00:00,9713.63,9715.0,9712.9,9714.66,12.432262,2020,6,9
2020-06-09 16:46:00+00:00,9714.66,9714.97,9706.65,9712.01,22.895373,2020,6,9
2020-06-09 16:47:00+00:00,9712.0,9718.0,9703.29,9707.05,44.942713,2020,6,9
2020-06-09 16:48:00+00:00,9707.05,9708.14,9704.44,9707.0,11.65849,2020,6,9
2020-06-09 16:49:00+00:00,9706.99,9709.79,9705.05,9705.8,14.274963,2020,6,9
2020-06-09 16:50:00+00:00,9705.81,9707.56,9704.97,9705.8,9.967124,2020,6,9
2020-06-09 16:51:00+00:00,9706.18,9707.91,9705.07,9706.83,11.34049,2020,6,9
2020-06-09 16:52:00+00:00,9706.83,9706.83,9700.99,9702.05,18.409752,2020,6,9
2020-06-09 16:53:00+00:00,9702.05,9708.74,9695.94,9703.04,45.12164,2020,6,9
2020-06-09 16:54:00+00:00,9703.19,9706.46,9703.01,9705.94,11.29106,2020,6,9
2020-06-09 16:55:00+00:00,9705.93,9705.94,9704.27,9704.73,9.824067,2020,6,9
2020-06-09 16:56:00+00:00,9704.72,9706.54,9704.7,9705.78,8.494572,2020,6,9
2020-06-09 16:57:00+00:00,9705.79,9710.0,9705.78,9706.24,32.391352,2020,6,9
2020-06-09 16:58:00+00:00,9706.24,9706.24,9703.38,9703.58,8.698322,2020,6,9
2020-06-09 16:59:00+00:00,9703.6,9708.07,9703.01,9704.43,10.862055,2020,6,9
2020-06-09 17:00:00+00:00,9704.43,9707.99,9703.95,9706.89,10.188992,2020,6,9
2020-06-09 17:01:00+00:00,9706.9,9709.99,9706.87,9706.87,15.780673,2020,6,9
2020-06-09 17:02:00+00:00,9706.87,9709.52,9706.87,9709.51,11.896644,2020,6,9
2020-06-09 17:03:00+00:00,9709.52,9711.0,9701.19,9702.11,64.435805,2020,6,9
2020-06-09 17:04:00+00:00,9702.11,9705.19,9692.13,9693.25,49.604247,2020,6,9
2020-06-09 17:05:00+00:00,9693.24,9702.63,9693.24,9696.82,44.622117,2020,6,9
2020-06-09 17:06:00+00:00,9697.76,9701.3,9695.82,9697.0,34.525994,2020,6,9
2020-06-09 17:07:00+00:00,9696.99,9698.9,9691.08,9698.19,34.820432,2020,6,9
2020-06-09 17:08:00+00:00,9698.29,9700.0,9694.75,9697.72,22.728957,2020,6,9
2020-06-09 17:09:00+00:00,9697.59,9700.0,9694.26,9698.47,37.419374,2020,6,9
2020-06-09 17:10:00+00:00,9698.96,9700.0,9696.87,9700.0,11.298862,2020,6,9
2020-06-09 17:11:00+00:00,9700.0,9703.69,9699.52,9701.29,10.861876,2020,6,9
2020-06-09 17:12:00+00:00,9701.49,9702.65,9700.8,9701.85,4.024261,2020,6,9
2020-06-09 17:13:00+00:00,9701.41,9701.97,9696.08,9697.59,9.537997,2020,6,9
2020-06-09 17:14:00+00:00,9697.59,9698.99,9696.23,9697.5,8.835282,2020,6,9
2020-06-09 17:15:00+00:00,9697.72,9699.96,9697.0,9699.67,17.358172,2020,6,9
2020-06-09 17:16:00+00:00,9699.14,9699.86,9697.0,9698.01,5.123259,2020,6,9
2020-06-09 17:17:00+00:00,9698.63,9700.0,9697.0,9699.89,9.464746,2020,6,9
2020-06-09 17:18:00+00:00,9699.99,9701.5,9699.88,9700.76,5.724465,2020,6,9
2020-06-09 17:19:00+00:00,9700.77,9708.76,9700.76,9706.28,41.629974,2020,6,9
2020-06-09 17:20:00+00:00,9706.27,9707.15,9705.41,9706.81,7.176902,2020,6,9
2020-06-09 17:21:00+00:00,9706.81,9706.83,9698.69,9702.39,32.586097,2020,6,9
2020-06-09 17:22:00+00:00,9702.97,9717.81,9699.09,9717.1,63.531453,2020,6,9
2020-06-09 17:23:00+00:00,9717.12,9718.0,9711.52,9714.04,15.448632,2020,6,9
2020-06-09 17:24:00+00:00,9713.36,9717.84,9713.08,9716.8,10.858221,2020,6,9
2020-06-09 17:25:00+00:00,9716.67,9716.67,9708.0,9712.72,35.989876,2020,6,9
2020-06-09 17:26:00+00:00,9713.21,9713.25,9708.0,9712.41,8.765428,2020,6,9
2020-06-09 17:27:00+00:00,9711.92,9713.01,9710.69,9713.0,12.544584,2020,6,9
2020-06-09 17:28:00+00:00,9713.0,9713.01,9707.34,9710.79,17.629516,2020,6,9
2020-06-09 17:29:00+00:00,9711.3,9712.84,9709.43,9709.62,8.462764,2020,6,9
2020-06-09 17:30:00+00:00,9709.41,9713.03,9708.78,9712.24,7.370377,2020,6,9
2020-06-09 17:31:00+00:00,9712.8,9713.2,9710.73,9710.73,7.111514,2020,6,9
2020-06-09 17:32:00+00:00,9710.74,9712.27,9710.0,9711.85,4.697167,2020,6,9
2020-06-09 17:33:00+00:00,9711.85,9717.86,9711.38,9714.23,14.474278,2020,6,9
2020-06-09 17:34:00+00:00,9714.12,9716.27,9713.77,9716.27,5.580013,2020,6,9
2020-06-09 17:35:00+00:00,9716.27,9716.28,9711.0,9711.39,11.180708,2020,6,9
2020-06-09 17:36:00+00:00,9711.04,9717.87,9710.69,9716.63,11.181619,2020,6,9
2020-06-09 17:37:00+00:00,9716.04,9716.92,9705.51,9707.0,24.030401,2020,6,9
2020-06-09 17:38:00+00:00,9707.0,9707.65,9703.22,9707.12,26.922626,2020,6,9
2020-06-09 17:39:00+00:00,9706.31,9713.56,9706.31,9707.49,33.956758,2020,6,9
2020-06-09 17:40:00+00:00,9707.49,9709.98,9706.57,9707.45,24.361479,2020,6,9
2020-06-09 17:41:00+00:00,9707.2,9708.76,9706.57,9707.58,6.11893,2020,6,9
2020-06-09 17:42:00+00:00,9707.57,9707.58,9706.72,9707.05,3.574235,2020,6,9
2020-06-09 17:43:00+00:00,9706.98,9709.12,9706.98,9707.65,28.38875,2020,6,9
2020-06-09 17:44:00+00:00,9707.47,9708.29,9706.99,9707.58,6.468042,2020,6,9
2020-06-09 17:45:00+00:00,9707.56,9710.0,9705.91,9706.89,22.706691,2020,6,9
2020-06-09 17:46:00+00:00,9706.66,9706.89,9700.78,9703.97,23.836676,2020,6,9
2020-06-09 17:47:00+00:00,9703.91,9705.0,9703.78,9704.8,6.928013,2020,6,9
2020-06-09 17:48:00+00:00,9704.55,9710.78,9703.95,9706.36,22.482873,2020,6,9
2020-06-09 17:49:00+00:00,9706.31,9707.32,9702.6,9705.69,25.469215,2020,6,9
2020-06-09 17:50:00+00:00,9706.01,9706.59,9703.42,9705.32,11.385471,2020,6,9
2020-06-09 17:51:00+00:00,9705.33,9705.51,9701.44,9703.25,9.987747,2020,6,9
2020-06-09 17:52:00+00:00,9704.85,9705.51,9704.76,9705.51,8.43448,2020,6,9
2020-06-09 17:53:00+00:00,9705.51,9706.0,9700.0,9702.82,23.968485,2020,6,9
2020-06-09 17:54:00+00:00,9702.36,9703.4,9701.3,9702.88,6.135464,2020,6,9
2020-06-09 17:55:00+00:00,9702.48,9705.0,9702.48,9705.0,8.27371,2020,6,9
2020-06-09 17:56:00+00:00,9704.88,9705.57,9704.74,9704.91,10.159931,2020,6,9
2020-06-09 17:57:00+00:00,9704.92,9708.44,9704.33,9704.33,19.097192,2020,6,9
2020-06-09 17:58:00+00:00,9704.33,9707.53,9703.4,9707.51,9.488929,2020,6,9
2020-06-09 17:59:00+00:00,9707.51,9709.42,9702.88,9703.39,32.230353,2020,6,9
2020-06-09 18:00:00+00:00,9703.39,9709.94,9703.38,9708.38,16.721739,2020,6,9
2020-06-09 18:01:00+00:00,9708.78,9708.78,9702.03,9703.47,37.828446,2020,6,9
2020-06-09 18:02:00+00:00,9703.47,9704.01,9694.38,9702.65,60.775908,2020,6,9
2020-06-09 18:03:00+00:00,9702.65,9702.66,9701.99,9701.99,19.52878,2020,6,9
2020-06-09 18:04:00+00:00,9701.99,9701.99,9700.0,9701.95,11.453188,2020,6,9
2020-06-09 18:05:00+00:00,9701.95,9703.87,9700.01,9703.0,12.370808,2020,6,9
2020-06-09 18:06:00+00:00,9703.01,9704.94,9703.0,9704.67,6.103987,2020,6,9
2020-06-09 18:07:00+00:00,9704.21,9705.4,9703.0,9703.01,4.467205,2020,6,9
2020-06-09 18:08:00+00:00,9703.01,9709.5,9703.0,9707.9,14.420034,2020,6,9
2020-06-09 18:09:00+00:00,9707.69,9709.42,9704.29,9705.84,9.485182,2020,6,9
2020-06-09 18:10:00+00:00,9706.38,9712.01,9703.0,9712.0,26.524699,2020,6,9
2020-06-09 18:11:00+00:00,9712.01,9712.01,9703.0,9706.73,37.484923,2020,6,9
2020-06-09 18:12:00+00:00,9706.64,9709.44,9706.52,9709.14,8.689514,2020,6,9
2020-06-09 18:13:00+00:00,9709.46,9711.65,9705.95,9710.88,33.251892,2020,6,9
2020-06-09 18:14:00+00:00,9710.75,9710.82,9709.0,9710.74,11.779849,2020,6,9
2020-06-09 18:15:00+00:00,9710.33,9711.0,9709.0,9709.5,8.030021,2020,6,9
2020-06-09 18:16:00+00:00,9709.02,9709.95,9699.17,9701.54,32.910003,2020,6,9
2020-06-09 18:17:00+00:00,9701.61,9710.79,9700.01,9709.25,58.671344,2020,6,9
2020-06-09 18:18:00+00:00,9709.25,9712.0,9705.8,9708.39,13.232207,2020,6,9
2020-06-09 18:19:00+00:00,9707.56,9713.08,9705.01,9705.84,32.975109,2020,6,9
2020-06-09 18:20:00+00:00,9705.72,9707.0,9704.29,9706.98,9.750057,2020,6,9
2020-06-09 18:21:00+00:00,9707.0,9707.0,9705.86,9707.0,5.96783,2020,6,9
2020-06-09 18:22:00+00:00,9706.98,9707.49,9706.73,9706.89,6.260944,2020,6,9
2020-06-09 18:23:00+00:00,9706.81,9706.96,9700.5,9701.04,31.202659,2020,6,9
2020-06-09 18:24:00+00:00,9701.72,9704.13,9700.29,9703.04,9.617676,2020,6,9
2020-06-09 18:25:00+00:00,9703.13,9703.13,9700.0,9700.0,6.211171,2020,6,9
2020-06-09 18:26:00+00:00,9700.0,9707.37,9698.06,9700.47,18.05358,2020,6,9
2020-06-09 18:27:00+00:00,9699.75,9705.14,9699.5,9702.37,11.069306,2020,6,9
2020-06-09 18:28:00+00:00,9701.55,9704.0,9700.42,9701.66,13.1202,2020,6,9
2020-06-09 18:29:00+00:00,9701.62,9703.37,9696.1,9699.48,38.313642,2020,6,9
2020-06-09 18:30:00+00:00,9699.48,9701.91,9695.26,9696.22,21.002687,2020,6,9
2020-06-09 18:31:00+00:00,9696.22,9699.24,9689.91,9697.64,52.393007,2020,6,9
2020-06-09 18:32:00+00:00,9697.64,9701.0,9697.64,9700.03,10.777203,2020,6,9
2020-06-09 18:33:00+00:00,9700.03,9706.28,9697.65,9698.52,56.597855,2020,6,9
2020-06-09 18:34:00+00:00,9698.61,9702.95,9697.65,9700.74,9.561364,2020,6,9
2020-06-09 18:35:00+00:00,9700.74,9701.09,9700.0,9700.01,19.1846,2020,6,9
2020-06-09 18:36:00+00:00,9700.0,9710.93,9700.0,9707.46,46.520718,2020,6,9
2020-06-09 18:37:00+00:00,9706.72,9708.91,9701.0,9708.87,33.276342,2020,6,9
2020-06-09 18:38:00+00:00,9708.85,9708.87,9705.7,9708.4,4.810063,2020,6,9
2020-06-09 18:39:00+00:00,9708.86,9712.0,9702.5,9711.1,28.064743,2020,6,9
2020-06-09 18:40:00+00:00,9711.0,9711.0,9703.24,9708.96,16.731212,2020,6,9
2020-06-09 18:41:00+00:00,9708.96,9709.17,9706.35,9707.24,5.775091,2020,6,9
2020-06-09 18:42:00+00:00,9707.24,9707.78,9705.54,9707.77,4.713615,2020,6,9
2020-06-09 18:43:00+00:00,9707.77,9707.78,9702.41,9704.23,19.101385,2020,6,9
2020-06-09 18:44:00+00:00,9704.7,9707.78,9704.18,9707.46,8.468059,2020,6,9
2020-06-09 18:45:00+00:00,9707.46,9707.46,9700.39,9704.8,19.98971,2020,6,9
2020-06-09 18:46:00+00:00,9705.3,9706.14,9704.81,9706.13,5.873406,2020,6,9
2020-06-09 18:47:00+00:00,9706.13,9706.35,9705.66,9706.35,9.650241,2020,6,9
2020-06-09 18:48:00+00:00,9706.35,9707.78,9706.35,9706.95,12.278626,2020,6,9
2020-06-09 18:49:00+00:00,9706.96,9707.74,9700.0,9702.3,19.631259,2020,6,9
2020-06-09 18:50:00+00:00,9702.18,9706.65,9700.09,9705.22,13.892123,2020,6,9
2020-06-09 18:51:00+00:00,9705.32,9705.98,9702.5,9703.62,10.789688,2020,6,9
2020-06-09 18:52:00+00:00,9703.6,9704.43,9703.29,9704.29,12.459261,2020,6,9
2020-06-09 18:53:00+00:00,9704.36,9706.96,9704.36,9706.69,7.120759,2020,6,9
2020-06-09 18:54:00+00:00,9706.69,9707.78,9706.66,9706.99,11.983458,2020,6,9
2020-06-09 18:55:00+00:00,9706.99,9706.99,9706.66,9706.92,5.776533,2020,6,9
2020-06-09 18:56:00+00:00,9706.91,9707.78,9701.27,9706.35,28.665647,2020,6,9
2020-06-09 18:57:00+00:00,9706.3,9706.3,9705.07,9705.6,7.192554,2020,6,9
2020-06-09 18:58:00+00:00,9705.08,9707.78,9700.0,9705.04,53.760257,2020,6,9
2020-06-09 18:59:00+00:00,9705.11,9705.11,9700.0,9703.09,27.435541,2020,6,9
2020-06-09 19:00:00+00:00,9703.77,9704.56,9700.0,9701.32,27.632426,2020,6,9
2020-06-09 19:01:00+00:00,9701.31,9704.56,9700.0,9702.4,29.670763,2020,6,9
2020-06-09 19:02:00+00:00,9702.92,9704.33,9700.59,9702.76,12.232075,2020,6,9
2020-06-09 19:03:00+00:00,9702.78,9707.42,9700.0,9702.97,40.722088,2020,6,9
2020-06-09 19:04:00+00:00,9703.09,9703.92,9701.54,9702.2,8.291156,2020,6,9
2020-06-09 19:05:00+00:00,9702.13,9706.74,9702.07,9703.03,26.097407,2020,6,9
2020-06-09 19:06:00+00:00,9703.03,9705.09,9700.18,9703.93,16.927212,2020,6,9
2020-06-09 19:07:00+00:00,9703.91,9704.93,9702.26,9704.57,11.076754,2020,6,9
2020-06-09 19:08:00+00:00,9704.4,9705.03,9704.02,9705.0,10.581613,2020,6,9
2020-06-09 19:09:00+00:00,9705.0,9705.32,9699.0,9705.02,38.802906,2020,6,9
2020-06-09 19:10:00+00:00,9705.0,9705.03,9699.52,9700.52,41.963012,2020,6,9
2020-06-09 19:11:00+00:00,9700.52,9702.32,9699.66,9700.44,7.872817,2020,6,9
2020-06-09 19:12:00+00:00,9701.7,9702.28,9700.0,9700.48,8.421041,2020,6,9
2020-06-09 19:13:00+00:00,9700.48,9700.52,9699.66,9699.85,8.064005,2020,6,9
2020-06-09 19:14:00+00:00,9699.84,9700.12,9698.78,9700.0,13.890831,2020,6,9
2020-06-09 19:15:00+00:00,9700.0,9704.74,9699.31,9703.79,20.341061,2020,6,9
2020-06-09 19:16:00+00:00,9703.78,9704.86,9701.49,9704.01,6.678209,2020,6,9
2020-06-09 19:17:00+00:00,9704.01,9704.47,9703.94,9703.94,6.820637,2020,6,9
2020-06-09 19:18:00+00:00,9703.94,9705.77,9703.86,9705.75,13.578042,2020,6,9
2020-06-09 19:19:00+00:00,9705.79,9706.45,9705.52,9705.93,16.45927,2020,6,9
2020-06-09 19:20:00+00:00,9705.94,9705.94,9704.32,9704.32,11.570961,2020,6,9
2020-06-09 19:21:00+00:00,9704.22,9705.91,9703.18,9703.27,13.935546,2020,6,9
2020-06-09 19:22:00+00:00,9704.69,9705.01,9703.17,9704.62,10.523334,2020,6,9
2020-06-09 19:23:00+00:00,9704.62,9705.0,9699.78,9701.6,30.447475,2020,6,9
2020-06-09 19:24:00+00:00,9701.6,9702.14,9691.36,9696.48,58.423668,2020,6,9
2020-06-09 19:25:00+00:00,9696.21,9701.07,9692.47,9698.03,28.769585,2020,6,9
2020-06-09 19:26:00+00:00,9698.02,9700.04,9695.87,9697.56,22.565812,2020,6,9
2020-06-09 19:27:00+00:00,9697.51,9700.04,9695.17,9695.83,18.704999,2020,6,9
2020-06-09 19:28:00+00:00,9697.01,9699.99,9691.38,9691.39,25.396315,2020,6,9
2020-06-09 19:29:00+00:00,9691.9,9703.17,9681.94,9702.33,100.880698,2020,6,9
2020-06-09 19:30:00+00:00,9702.34,9702.74,9699.16,9699.96,14.719287,2020,6,9
2020-06-09 19:31:00+00:00,9699.97,9699.97,9695.43,9695.99,20.843701,2020,6,9
2020-06-09 19:32:00+00:00,9695.99,9700.63,9695.97,9698.86,22.80855,2020,6,9
2020-06-09 19:33:00+00:00,9698.86,9704.66,9698.83,9703.82,30.643553,2020,6,9
2020-06-09 19:34:00+00:00,9703.81,9707.29,9703.8,9706.24,25.445689,2020,6,9
2020-06-09 19:35:00+00:00,9706.25,9713.5,9706.24,9709.15,35.318752,2020,6,9
2020-06-09 19:36:00+00:00,9709.16,9709.56,9709.15,9709.16,5.888417,2020,6,9
2020-06-09 19:37:00+00:00,9709.16,9710.0,9706.24,9708.11,20.168128,2020,6,9
2020-06-09 19:38:00+00:00,9708.12,9709.69,9706.24,9706.25,10.928051,2020,6,9
2020-06-09 19:39:00+00:00,9707.32,9707.88,9706.24,9706.95,8.108581,2020,6,9
2020-06-09 19:40:00+00:00,9707.5,9711.95,9707.01,9710.0,41.030344,2020,6,9
2020-06-09 19:41:00+00:00,9710.0,9712.37,9706.36,9707.25,14.634798,2020,6,9
2020-06-09 19:42:00+00:00,9707.57,9709.55,9706.51,9707.31,4.810785,2020,6,9
2020-06-09 19:43:00+00:00,9707.31,9709.44,9705.63,9707.9,10.267317,2020,6,9
2020-06-09 19:44:00+00:00,9707.91,9710.35,9707.8,9709.91,21.445745,2020,6,9
2020-06-09 19:45:00+00:00,9709.92,9711.51,9708.66,9710.69,21.547999,2020,6,9
2020-06-09 19:46:00+00:00,9711.44,9711.82,9707.94,9710.63,28.53107,2020,6,9
2020-06-09 19:47:00+00:00,9710.63,9712.0,9707.17,9707.98,16.597208,2020,6,9
2020-06-09 19:48:00+00:00,9707.5,9710.42,9702.82,9705.17,22.209096,2020,6,9
2020-06-09 19:49:00+00:00,9705.8,9708.23,9704.18,9704.99,25.558896,2020,6,9
2020-06-09 19:50:00+00:00,9704.85,9705.0,9698.98,9704.86,50.625935,2020,6,9
2020-06-09 19:51:00+00:00,9704.73,9706.71,9704.2,9705.66,6.842349,2020,6,9
2020-06-09 19:52:00+00:00,9705.66,9707.83,9705.61,9707.1,11.633421,2020,6,9
2020-06-09 19:53:00+00:00,9707.11,9711.99,9707.08,9711.66,14.69738,2020,6,9
2020-06-09 19:54:00+00:00,9711.67,9711.67,9708.09,9709.11,24.11307,2020,6,9
2020-06-09 19:55:00+00:00,9709.11,9730.13,9709.11,9726.85,179.10988,2020,6,9
2020-06-09 19:56:00+00:00,9726.9,9744.51,9721.17,9740.96,65.212391,2020,6,9
2020-06-09 19:57:00+00:00,9740.96,9741.64,9727.18,9730.42,112.330624,2020,6,9
2020-06-09 19:58:00+00:00,9730.93,9730.94,9726.75,9730.15,28.742241,2020,6,9
2020-06-09 19:59:00+00:00,9730.15,9733.44,9727.31,9731.15,51.245693,2020,6,9
2020-06-09 20:00:00+00:00,9731.15,9737.94,9731.15,9733.0,41.831008,2020,6,9
2020-06-09 20:01:00+00:00,9733.01,9733.01,9724.01,9724.86,26.719119,2020,6,9
2020-06-09 20:02:00+00:00,9725.16,9727.28,9720.1,9723.61,23.353559,2020,6,9
2020-06-09 20:03:00+00:00,9723.57,9727.28,9722.2,9725.42,33.34202,2020,6,9
2020-06-09 20:04:00+00:00,9725.18,9731.25,9724.14,9730.01,26.366114,2020,6,9
2020-06-09 20:05:00+00:00,9730.01,9730.49,9725.13,9726.04,6.668455,2020,6,9
2020-06-09 20:06:00+00:00,9726.16,9729.84,9726.0,9727.96,13.754856,2020,6,9
2020-06-09 20:07:00+00:00,9727.96,9728.0,9727.87,9727.87,7.131025,2020,6,9
2020-06-09 20:08:00+00:00,9727.87,9727.88,9720.0,9725.0,22.177452,2020,6,9
2020-06-09 20:09:00+00:00,9725.0,9725.01,9716.47,9716.48,24.45867,2020,6,9
2020-06-09 20:10:00+00:00,9716.47,9723.32,9716.47,9718.74,37.30002,2020,6,9
2020-06-09 20:11:00+00:00,9718.92,9719.71,9715.0,9717.0,14.954023,2020,6,9
2020-06-09 20:12:00+00:00,9717.0,9718.12,9715.0,9716.51,11.697779,2020,6,9
2020-06-09 20:13:00+00:00,9716.51,9718.59,9716.46,9718.59,7.315836,2020,6,9
2020-06-09 20:14:00+00:00,9718.6,9735.0,9718.6,9731.98,45.92234,2020,6,9
2020-06-09 20:15:00+00:00,9731.97,9735.0,9730.15,9732.3,63.069581,2020,6,9
2020-06-09 20:16:00+00:00,9732.28,9735.66,9730.0,9733.46,8.919901,2020,6,9
2020-06-09 20:17:00+00:00,9734.31,9735.49,9730.0,9732.33,13.455081,2020,6,9
2020-06-09 20:18:00+00:00,9731.77,9732.29,9730.0,9730.01,10.265622,2020,6,9
2020-06-09 20:19:00+00:00,9730.01,9732.37,9725.0,9729.0,38.465276,2020,6,9
2020-06-09 20:20:00+00:00,9729.31,9730.47,9726.55,9728.55,12.233886,2020,6,9
2020-06-09 20:21:00+00:00,9729.23,9729.64,9719.98,9722.73,61.629402,2020,6,9
2020-06-09 20:22:00+00:00,9723.18,9723.73,9713.8,9720.0,25.602551,2020,6,9
2020-06-09 20:23:00+00:00,9719.99,9722.67,9717.22,9721.06,37.637084,2020,6,9
2020-06-09 20:24:00+00:00,9721.94,9723.54,9718.65,9720.65,15.453902,2020,6,9
2020-06-09 20:25:00+00:00,9720.65,9722.72,9718.0,9719.31,12.312056,2020,6,9
2020-06-09 20:26:00+00:00,9719.32,9721.55,9719.32,9720.0,6.759137,2020,6,9
2020-06-09 20:27:00+00:00,9720.31,9725.09,9720.31,9725.0,15.467652,2020,6,9
2020-06-09 20:28:00+00:00,9725.0,9726.0,9725.0,9725.8,6.004428,2020,6,9
2020-06-09 20:29:00+00:00,9725.79,9725.79,9720.0,9721.0,26.89821,2020,6,9
2020-06-09 20:30:00+00:00,9721.01,9726.0,9721.01,9725.0,7.090602,2020,6,9
2020-06-09 20:31:00+00:00,9725.0,9725.99,9725.0,9725.38,5.024782,2020,6,9
2020-06-09 20:32:00+00:00,9725.37,9729.35,9725.36,9728.38,7.564427,2020,6,9
2020-06-09 20:33:00+00:00,9728.37,9728.92,9728.34,9728.35,4.606557,2020,6,9
2020-06-09 20:34:00+00:00,9728.34,9728.89,9728.34,9728.81,5.66052,2020,6,9
2020-06-09 20:35:00+00:00,9728.82,9729.56,9724.34,9729.53,16.656061,2020,6,9
2020-06-09 20:36:00+00:00,9729.53,9729.53,9729.0,9729.51,8.972118,2020,6,9
2020-06-09 20:37:00+00:00,9729.51,9736.99,9729.34,9733.06,23.817471,2020,6,9
2020-06-09 20:38:00+00:00,9733.06,9733.07,9728.17,9730.0,11.36414,2020,6,9
2020-06-09 20:39:00+00:00,9730.41,9731.79,9726.64,9730.8,14.302455,2020,6,9
2020-06-09 20:40:00+00:00,9730.8,9730.81,9727.18,9729.0,13.309615,2020,6,9
2020-06-09 20:41:00+00:00,9729.0,9731.35,9728.03,9730.9,25.473316,2020,6,9
2020-06-09 20:42:00+00:00,9730.9,9733.25,9729.08,9730.02,23.073644,2020,6,9
2020-06-09 20:43:00+00:00,9730.02,9732.78,9728.72,9732.0,15.14342,2020,6,9
2020-06-09 20:44:00+00:00,9732.0,9734.17,9730.14,9732.88,14.154348,2020,6,9
2020-06-09 20:45:00+00:00,9732.88,9765.0,9732.88,9752.02,308.829314,2020,6,9
2020-06-09 20:46:00+00:00,9754.13,9762.45,9750.15,9759.8,67.893585,2020,6,9
2020-06-09 20:47:00+00:00,9759.81,9760.53,9752.02,9752.85,26.475695,2020,6,9
2020-06-09 20:48:00+00:00,9752.71,9757.53,9751.3,9757.0,14.721915,2020,6,9
2020-06-09 20:49:00+00:00,9757.0,9757.0,9739.64,9750.65,99.003698,2020,6,9
2020-06-09 20:50:00+00:00,9750.1,9751.81,9742.32,9743.73,40.367855,2020,6,9
2020-06-09 20:51:00+00:00,9743.74,9752.0,9742.38,9749.97,30.419521,2020,6,9
2020-06-09 20:52:00+00:00,9749.22,9751.84,9744.71,9745.03,8.466549,2020,6,9
2020-06-09 20:53:00+00:00,9745.04,9750.58,9744.3,9747.24,20.020771,2020,6,9
2020-06-09 20:54:00+00:00,9747.19,9747.19,9740.0,9744.87,34.433037,2020,6,9
2020-06-09 20:55:00+00:00,9744.52,9745.16,9740.74,9743.54,18.051537,2020,6,9
2020-06-09 20:56:00+00:00,9743.54,9744.48,9741.85,9743.21,20.283875,2020,6,9
2020-06-09 20:57:00+00:00,9743.21,9744.0,9740.79,9743.79,11.234229,2020,6,9
2020-06-09 20:58:00+00:00,9743.79,9743.83,9742.54,9743.36,7.400517,2020,6,9
2020-06-09 20:59:00+00:00,9743.36,9743.85,9742.3,9742.31,14.275486,2020,6,9
2020-06-09 21:00:00+00:00,9742.3,9744.0,9740.79,9743.22,31.551159,2020,6,9
2020-06-09 21:01:00+00:00,9743.23,9745.0,9743.21,9744.42,28.179439,2020,6,9
2020-06-09 21:02:00+00:00,9744.48,9745.15,9742.33,9745.0,13.760223,2020,6,9
2020-06-09 21:03:00+00:00,9745.0,9745.57,9742.84,9745.03,23.92938,2020,6,9
2020-06-09 21:04:00+00:00,9745.02,9745.35,9742.56,9744.18,10.255255,2020,6,9
2020-06-09 21:05:00+00:00,9744.21,9749.98,9744.21,9748.0,24.376903,2020,6,9
2020-06-09 21:06:00+00:00,9748.0,9754.01,9747.93,9754.0,17.258814,2020,6,9
2020-06-09 21:07:00+00:00,9754.12,9755.0,9752.56,9753.66,9.269551,2020,6,9
2020-06-09 21:08:00+00:00,9753.66,9754.86,9753.15,9754.6,8.611598,2020,6,9
2020-06-09 21:09:00+00:00,9754.62,9759.0,9753.35,9757.81,15.574876,2020,6,9
2020-06-09 21:10:00+00:00,9757.81,9778.0,9757.81,9775.21,128.735552,2020,6,9
2020-06-09 21:11:00+00:00,9775.16,9787.5,9774.96,9777.12,158.064637,2020,6,9
2020-06-09 21:12:00+00:00,9777.12,9780.89,9777.0,9780.76,74.416053,2020,6,9
2020-06-09 21:13:00+00:00,9780.55,9793.36,9779.36,9792.64,95.073706,2020,6,9
2020-06-09 21:14:00+00:00,9792.54,9798.99,9792.15,9796.83,96.746157,2020,6,9
2020-06-09 21:15:00+00:00,9796.84,9810.0,9780.1,9783.65,368.65887,2020,6,9
2020-06-09 21:16:00+00:00,9783.53,9799.12,9780.94,9798.73,70.386986,2020,6,9
2020-06-09 21:17:00+00:00,9797.5,9800.0,9793.56,9793.56,57.155342,2020,6,9
2020-06-09 21:18:00+00:00,9793.56,9794.23,9787.25,9787.67,36.280286,2020,6,9
2020-06-09 21:19:00+00:00,9787.71,9787.71,9777.42,9778.09,39.851335,2020,6,9
2020-06-09 21:20:00+00:00,9778.44,9785.5,9777.51,9780.0,83.174727,2020,6,9
2020-06-09 21:21:00+00:00,9780.0,9782.11,9779.0,9779.0,18.166225,2020,6,9
2020-06-09 21:22:00+00:00,9779.0,9779.03,9774.0,9775.69,34.314881,2020,6,9
2020-06-09 21:23:00+00:00,9775.69,9775.72,9760.03,9763.09,63.682936,2020,6,9
2020-06-09 21:24:00+00:00,9763.26,9763.27,9757.86,9758.47,58.899821,2020,6,9
2020-06-09 21:25:00+00:00,9758.47,9764.28,9750.52,9764.28,43.269237,2020,6,9
2020-06-09 21:26:00+00:00,9764.99,9776.32,9762.98,9771.4,41.088194,2020,6,9
2020-06-09 21:27:00+00:00,9771.39,9771.39,9764.7,9764.78,16.644026,2020,6,9
2020-06-09 21:28:00+00:00,9764.78,9766.47,9762.8,9764.34,29.892719,2020,6,9
2020-06-09 21:29:00+00:00,9764.34,9764.35,9757.46,9758.0,26.250849,2020,6,9
2020-06-09 21:30:00+00:00,9758.0,9763.64,9758.0,9761.9,12.990037,2020,6,9
2020-06-09 21:31:00+00:00,9762.33,9768.76,9761.7,9768.17,21.690644,2020,6,9
2020-06-09 21:32:00+00:00,9767.67,9772.47,9766.28,9770.83,49.275372,2020,6,9
2020-06-09 21:33:00+00:00,9770.83,9773.0,9770.83,9771.29,18.639066,2020,6,9
2020-06-09 21:34:00+00:00,9771.29,9773.0,9771.24,9772.68,12.516202,2020,6,9
2020-06-09 21:35:00+00:00,9772.7,9775.0,9772.41,9774.99,13.776293,2020,6,9
2020-06-09 21:36:00+00:00,9775.0,9777.5,9774.44,9777.38,16.244376,2020,6,9
2020-06-09 21:37:00+00:00,9776.71,9780.0,9776.36,9780.0,14.530823,2020,6,9
2020-06-09 21:38:00+00:00,9779.99,9783.79,9779.57,9783.42,26.769555,2020,6,9
2020-06-09 21:39:00+00:00,9783.09,9783.48,9781.14,9781.16,11.556496,2020,6,9
2020-06-09 21:40:00+00:00,9781.5,9782.26,9772.17,9772.31,40.81543,2020,6,9
2020-06-09 21:41:00+00:00,9772.21,9772.31,9770.23,9771.54,21.980579,2020,6,9
2020-06-09 21:42:00+00:00,9771.54,9772.31,9770.0,9772.03,15.260316,2020,6,9
2020-06-09 21:43:00+00:00,9772.1,9774.96,9771.19,9774.96,20.192751,2020,6,9
2020-06-09 21:44:00+00:00,9774.96,9779.5,9774.9,9777.0,23.363094,2020,6,9
2020-06-09 21:45:00+00:00,9777.0,9778.79,9777.0,9778.03,8.651136,2020,6,9
2020-06-09 21:46:00+00:00,9778.02,9778.54,9775.68,9775.9,10.132148,2020,6,9
2020-06-09 21:47:00+00:00,9775.9,9776.81,9767.65,9768.49,29.934012,2020,6,9
2020-06-09 21:48:00+00:00,9768.67,9769.7,9765.6,9767.54,38.750601,2020,6,9
2020-06-09 21:49:00+00:00,9766.78,9776.95,9766.43,9776.6,15.169788,2020,6,9
2020-06-09 21:50:00+00:00,9776.96,9784.96,9776.6,9784.19,33.715176,2020,6,9
2020-06-09 21:51:00+00:00,9783.64,9786.37,9782.67,9784.0,19.653775,2020,6,9
2020-06-09 21:52:00+00:00,9784.0,9785.04,9784.0,9785.0,15.641377,2020,6,9
2020-06-09 21:53:00+00:00,9785.01,9794.0,9781.97,9792.07,52.719639,2020,6,9
2020-06-09 21:54:00+00:00,9791.33,9797.88,9789.17,9794.33,48.566647,2020,6,9
2020-06-09 21:55:00+00:00,9793.98,9799.54,9793.64,9797.43,18.566987,2020,6,9
2020-06-09 21:56:00+00:00,9797.97,9798.0,9795.92,9797.24,31.398264,2020,6,9
2020-06-09 21:57:00+00:00,9797.23,9821.0,9797.23,9820.99,161.886209,2020,6,9
2020-06-09 21:58:00+00:00,9821.0,9825.0,9788.02,9815.17,221.594327,2020,6,9
2020-06-09 21:59:00+00:00,9816.77,9819.8,9808.27,9809.99,53.783036,2020,6,9
2020-06-09 22:00:00+00:00,9810.0,9829.0,9800.79,9801.49,161.834539,2020,6,9
2020-06-09 22:01:00+00:00,9801.49,9806.97,9720.27,9733.18,246.547977,2020,6,9
2020-06-09 22:02:00+00:00,9734.23,9777.85,9694.0,9754.12,518.809733,2020,6,9
2020-06-09 22:03:00+00:00,9753.53,9771.68,9742.08,9771.5,104.184563,2020,6,9
2020-06-09 22:04:00+00:00,9771.6,9773.11,9755.08,9758.14,35.286543,2020,6,9
2020-06-09 22:05:00+00:00,9758.13,9760.0,9748.81,9753.77,52.011328,2020,6,9
2020-06-09 22:06:00+00:00,9753.32,9762.91,9752.99,9758.84,19.512547,2020,6,9
2020-06-09 22:07:00+00:00,9758.85,9759.72,9731.26,9745.43,78.678947,2020,6,9
2020-06-09 22:08:00+00:00,9742.37,9754.2,9739.02,9747.04,58.559084,2020,6,9
2020-06-09 22:09:00+00:00,9747.17,9750.98,9742.14,9749.79,30.133684,2020,6,9
2020-06-09 22:10:00+00:00,9749.79,9759.74,9747.99,9755.72,27.170631,2020,6,9
2020-06-09 22:11:00+00:00,9755.65,9759.99,9753.1,9755.6,19.905729,2020,6,9
2020-06-09 22:12:00+00:00,9755.6,9760.0,9754.95,9759.97,15.395517,2020,6,9
2020-06-09 22:13:00+00:00,9759.98,9760.0,9758.98,9760.0,11.808037,2020,6,9
2020-06-09 22:14:00+00:00,9760.0,9765.24,9758.64,9763.96,27.521371,2020,6,9
2020-06-09 22:15:00+00:00,9763.97,9763.97,9757.85,9762.95,16.655912,2020,6,9
2020-06-09 22:16:00+00:00,9762.82,9788.0,9761.89,9781.95,86.029222,2020,6,9
2020-06-09 22:17:00+00:00,9781.93,9784.0,9769.27,9771.42,48.119516,2020,6,9
2020-06-09 22:18:00+00:00,9771.41,9776.74,9770.0,9773.98,19.354231,2020,6,9
2020-06-09 22:19:00+00:00,9773.97,9780.26,9772.36,9777.36,13.490921,2020,6,9
2020-06-09 22:20:00+00:00,9777.36,9782.49,9774.0,9777.29,23.864335,2020,6,9
2020-06-09 22:21:00+00:00,9777.28,9780.48,9772.17,9777.09,37.619747,2020,6,9
2020-06-09 22:22:00+00:00,9777.09,9789.46,9777.09,9780.19,23.59871,2020,6,9
2020-06-09 22:23:00+00:00,9781.81,9789.0,9781.25,9787.87,21.148485,2020,6,9
2020-06-09 22:24:00+00:00,9787.87,9789.56,9780.0,9780.47,26.982604,2020,6,9
2020-06-09 22:25:00+00:00,9780.97,9783.0,9777.14,9778.31,38.776357,2020,6,9
2020-06-09 22:26:00+00:00,9778.32,9785.33,9777.95,9779.97,24.927246,2020,6,9
2020-06-09 22:27:00+00:00,9779.98,9782.84,9776.19,9777.22,13.126155,2020,6,9
2020-06-09 22:28:00+00:00,9778.2,9778.2,9766.14,9775.9,24.656748,2020,6,9
2020-06-09 22:29:00+00:00,9775.78,9789.0,9773.86,9782.93,67.013013,2020,6,9
2020-06-09 22:30:00+00:00,9782.38,9786.63,9779.67,9784.36,15.146178,2020,6,9
2020-06-09 22:31:00+00:00,9784.36,9784.36,9777.04,9782.19,21.867656,2020,6,9
2020-06-09 22:32:00+00:00,9782.2,9783.0,9775.07,9777.56,37.187498,2020,6,9
2020-06-09 22:33:00+00:00,9777.62,9777.63,9770.13,9773.92,34.412536,2020,6,9
2020-06-09 22:34:00+00:00,9773.92,9776.5,9766.92,9767.76,35.043443,2020,6,9
2020-06-09 22:35:00+00:00,9767.76,9780.0,9767.75,9777.5,30.929259,2020,6,9
2020-06-09 22:36:00+00:00,9778.38,9792.45,9777.6,9791.99,47.69092,2020,6,9
2020-06-09 22:37:00+00:00,9791.99,9793.0,9780.54,9783.5,76.860698,2020,6,9
2020-06-09 22:38:00+00:00,9783.02,9789.47,9781.04,9783.19,9.446958,2020,6,9
2020-06-09 22:39:00+00:00,9783.19,9785.0,9780.31,9782.63,11.401762,2020,6,9
2020-06-09 22:40:00+00:00,9781.65,9785.96,9775.95,9776.99,15.09242,2020,6,9
2020-06-09 22:41:00+00:00,9777.12,9777.92,9770.0,9770.84,32.178361,2020,6,9
2020-06-09 22:42:00+00:00,9770.83,9776.0,9769.99,9773.41,18.866933,2020,6,9
2020-06-09 22:43:00+00:00,9773.41,9775.85,9771.11,9771.11,7.806359,2020,6,9
2020-06-09 22:44:00+00:00,9771.36,9773.48,9770.66,9771.23,6.87809,2020,6,9
2020-06-09 22:45:00+00:00,9771.3,9776.99,9771.3,9775.4,3.134831,2020,6,9
2020-06-09 22:46:00+00:00,9775.4,9775.41,9751.0,9762.17,80.634984,2020,6,9
2020-06-09 22:47:00+00:00,9762.17,9765.39,9757.0,9763.96,10.725339,2020,6,9
2020-06-09 22:48:00+00:00,9763.95,9765.8,9761.09,9762.52,16.871983,2020,6,9
2020-06-09 22:49:00+00:00,9762.52,9779.23,9762.11,9776.65,37.73644,2020,6,9
2020-06-09 22:50:00+00:00,9777.75,9777.75,9772.52,9775.95,16.120498,2020,6,9
2020-06-09 22:51:00+00:00,9775.96,9778.05,9772.65,9774.99,14.220041,2020,6,9
2020-06-09 22:52:00+00:00,9774.98,9776.25,9770.87,9772.32,17.231847,2020,6,9
2020-06-09 22:53:00+00:00,9772.32,9772.32,9765.01,9766.14,17.590782,2020,6,9
2020-06-09 22:54:00+00:00,9765.99,9781.37,9765.99,9775.92,32.848728,2020,6,9
2020-06-09 22:55:00+00:00,9775.58,9788.98,9774.0,9778.12,43.973379,2020,6,9
2020-06-09 22:56:00+00:00,9776.35,9777.53,9770.23,9772.7,10.78474,2020,6,9
2020-06-09 22:57:00+00:00,9772.64,9774.18,9766.87,9771.09,11.688448,2020,6,9
2020-06-09 22:58:00+00:00,9771.93,9776.87,9770.46,9774.6,11.459252,2020,6,9
2020-06-09 22:59:00+00:00,9774.6,9774.6,9771.46,9771.82,8.011759,2020,6,9
2020-06-09 23:00:00+00:00,9771.98,9772.52,9770.99,9771.81,24.374989,2020,6,9
2020-06-09 23:01:00+00:00,9771.81,9771.89,9766.98,9768.21,20.606936,2020,6,9
2020-06-09 23:02:00+00:00,9767.39,9768.21,9760.69,9762.9,19.048846,2020,6,9
2020-06-09 23:03:00+00:00,9762.9,9768.7,9762.9,9766.12,12.687771,2020,6,9
2020-06-09 23:04:00+00:00,9766.12,9767.48,9760.0,9763.53,11.751242,2020,6,9
2020-06-09 23:05:00+00:00,9763.46,9766.82,9760.3,9763.23,18.231839,2020,6,9
2020-06-09 23:06:00+00:00,9763.23,9764.5,9760.0,9760.52,7.390435,2020,6,9
2020-06-09 23:07:00+00:00,9760.4,9765.86,9760.0,9761.79,27.854772,2020,6,9
2020-06-09 23:08:00+00:00,9761.89,9764.27,9761.44,9764.27,10.175787,2020,6,9
2020-06-09 23:09:00+00:00,9764.63,9765.79,9763.94,9765.0,8.80627,2020,6,9
2020-06-09 23:10:00+00:00,9765.0,9768.91,9760.99,9760.99,35.920708,2020,6,9
2020-06-09 23:11:00+00:00,9760.99,9764.25,9754.28,9758.7,130.751423,2020,6,9
2020-06-09 23:12:00+00:00,9758.62,9759.99,9754.56,9758.57,30.211753,2020,6,9
2020-06-09 23:13:00+00:00,9759.41,9761.76,9753.92,9760.06,41.921962,2020,6,9
2020-06-09 23:14:00+00:00,9760.06,9760.46,9757.04,9759.92,4.057118,2020,6,9
2020-06-09 23:15:00+00:00,9760.29,9772.11,9760.0,9770.5,21.438391,2020,6,9
2020-06-09 23:16:00+00:00,9770.48,9772.82,9766.21,9769.6,7.404865,2020,6,9
2020-06-09 23:17:00+00:00,9769.96,9771.6,9764.31,9767.99,12.498837,2020,6,9
2020-06-09 23:18:00+00:00,9767.99,9770.79,9767.8,9769.73,9.702037,2020,6,9
2020-06-09 23:19:00+00:00,9769.24,9770.22,9769.06,9769.24,3.034043,2020,6,9
2020-06-09 23:20:00+00:00,9769.25,9769.46,9764.29,9764.82,10.430339,2020,6,9
2020-06-09 23:21:00+00:00,9765.69,9778.56,9765.69,9777.85,25.908888,2020,6,9
2020-06-09 23:22:00+00:00,9777.85,9778.71,9774.47,9775.79,17.948684,2020,6,9
2020-06-09 23:23:00+00:00,9775.79,9780.0,9771.57,9776.57,26.57191,2020,6,9
2020-06-09 23:24:00+00:00,9776.57,9776.6,9770.42,9770.45,19.62052,2020,6,9
2020-06-09 23:25:00+00:00,9771.78,9775.75,9771.78,9773.51,25.776204,2020,6,9
2020-06-09 23:26:00+00:00,9774.04,9775.47,9772.0,9773.93,10.885327,2020,6,9
2020-06-09 23:27:00+00:00,9774.41,9774.97,9764.6,9770.9,38.473822,2020,6,9
2020-06-09 23:28:00+00:00,9770.83,9773.76,9766.0,9768.25,25.30664,2020,6,9
2020-06-09 23:29:00+00:00,9768.03,9771.03,9765.99,9771.0,12.985699,2020,6,9
2020-06-09 23:30:00+00:00,9771.0,9771.0,9768.0,9769.07,6.389317,2020,6,9
2020-06-09 23:31:00+00:00,9769.1,9771.72,9769.07,9769.07,6.154472,2020,6,9
2020-06-09 23:32:00+00:00,9769.08,9769.9,9769.07,9769.07,17.596658,2020,6,9
2020-06-09 23:33:00+00:00,9769.09,9777.57,9769.09,9774.73,38.638715,2020,6,9
2020-06-09 23:34:00+00:00,9774.72,9787.62,9773.76,9781.88,75.95527,2020,6,9
2020-06-09 23:35:00+00:00,9781.36,9782.05,9776.39,9777.09,11.673434,2020,6,9
2020-06-09 23:36:00+00:00,9776.72,9778.3,9775.91,9776.4,6.308278,2020,6,9
2020-06-09 23:37:00+00:00,9776.4,9778.85,9776.38,9777.51,6.196513,2020,6,9
2020-06-09 23:38:00+00:00,9777.53,9800.0,9777.53,9789.97,132.330954,2020,6,9
2020-06-09 23:39:00+00:00,9789.99,9792.3,9784.29,9784.74,31.448217,2020,6,9
2020-06-09 23:40:00+00:00,9784.73,9786.55,9777.47,9778.54,24.600819,2020,6,9
2020-06-09 23:41:00+00:00,9779.62,9783.45,9779.61,9780.65,4.441443,2020,6,9
2020-06-09 23:42:00+00:00,9780.99,9784.0,9770.52,9774.38,17.33486,2020,6,9
2020-06-09 23:43:00+00:00,9774.29,9779.24,9774.25,9775.84,13.437248,2020,6,9
2020-06-09 23:44:00+00:00,9775.35,9777.92,9774.22,9777.51,13.330865,2020,6,9
2020-06-09 23:45:00+00:00,9776.83,9777.78,9765.43,9770.65,58.461729,2020,6,9
2020-06-09 23:46:00+00:00,9770.65,9772.51,9762.8,9770.0,48.006608,2020,6,9
2020-06-09 23:47:00+00:00,9770.0,9772.25,9768.08,9771.89,11.540708,2020,6,9
2020-06-09 23:48:00+00:00,9771.96,9772.4,9765.51,9766.04,9.184915,2020,6,9
2020-06-09 23:49:00+00:00,9767.63,9769.41,9761.14,9768.65,25.40444,2020,6,9
2020-06-09 23:50:00+00:00,9768.64,9769.71,9765.16,9765.5,16.95809,2020,6,9
2020-06-09 23:51:00+00:00,9765.47,9765.47,9759.0,9764.98,28.231107,2020,6,9
2020-06-09 23:52:00+00:00,9764.97,9770.93,9764.97,9765.61,20.863704,2020,6,9
2020-06-09 23:53:00+00:00,9765.86,9770.0,9765.63,9767.75,12.079813,2020,6,9
2020-06-09 23:54:00+00:00,9768.1,9769.71,9736.22,9756.41,106.033571,2020,6,9
2020-06-09 23:55:00+00:00,9756.4,9765.19,9756.4,9764.84,19.610588,2020,6,9
2020-06-09 23:56:00+00:00,9764.85,9770.94,9764.85,9768.87,22.703197,2020,6,9
2020-06-09 23:57:00+00:00,9769.0,9771.29,9768.83,9771.12,10.305506,2020,6,9
2020-06-09 23:58:00+00:00,9771.1,9772.15,9766.8,9768.0,15.171126,2020,6,9
2020-06-09 23:59:00+00:00,9768.0,9775.53,9768.0,9772.43,28.750517,2020,6,9
2020-06-10 00:00:00+00:00,9772.44,9780.06,9767.41,9769.59,85.106296,2020,6,10
2020-06-10 00:01:00+00:00,9769.76,9773.32,9765.0,9765.04,28.524783,2020,6,10
2020-06-10 00:02:00+00:00,9765.04,9766.31,9756.94,9757.22,56.591594,2020,6,10
2020-06-10 00:03:00+00:00,9757.22,9764.61,9755.77,9756.97,113.826447,2020,6,10
2020-06-10 00:04:00+00:00,9756.97,9761.22,9756.55,9759.56,6.441261,2020,6,10
2020-06-10 00:05:00+00:00,9759.55,9759.56,9758.0,9758.52,8.091293,2020,6,10
2020-06-10 00:06:00+00:00,9758.5,9766.01,9754.02,9762.24,43.992786,2020,6,10
2020-06-10 00:07:00+00:00,9762.65,9763.57,9760.22,9761.35,6.89117,2020,6,10
2020-06-10 00:08:00+00:00,9761.35,9761.96,9760.0,9761.3,11.847618,2020,6,10
2020-06-10 00:09:00+00:00,9761.29,9762.77,9759.51,9761.11,22.801248,2020,6,10
2020-06-10 00:10:00+00:00,9761.11,9763.57,9758.22,9763.57,17.363529,2020,6,10
2020-06-10 00:11:00+00:00,9763.56,9764.89,9760.82,9762.04,9.67219,2020,6,10
2020-06-10 00:12:00+00:00,9761.77,9765.47,9760.83,9764.19,5.095756,2020,6,10
2020-06-10 00:13:00+00:00,9764.51,9765.47,9763.48,9764.19,6.020288,2020,6,10
2020-06-10 00:14:00+00:00,9764.16,9766.31,9759.64,9763.03,37.427638,2020,6,10
2020-06-10 00:15:00+00:00,9763.04,9763.04,9760.7,9761.81,4.997764,2020,6,10
2020-06-10 00:16:00+00:00,9761.81,9762.27,9753.21,9761.34,33.604832,2020,6,10
2020-06-10 00:17:00+00:00,9761.35,9768.79,9756.56,9767.01,33.904537,2020,6,10
2020-06-10 00:18:00+00:00,9767.01,9770.41,9764.15,9768.33,35.918741,2020,6,10
2020-06-10 00:19:00+00:00,9768.85,9773.0,9766.77,9772.0,13.839939,2020,6,10
2020-06-10 00:20:00+00:00,9772.0,9773.0,9766.35,9767.82,11.165332,2020,6,10
2020-06-10 00:21:00+00:00,9766.83,9773.5,9766.2,9773.5,13.224674,2020,6,10
2020-06-10 00:22:00+00:00,9773.06,9774.57,9769.78,9770.49,15.260182,2020,6,10
2020-06-10 00:23:00+00:00,9770.49,9771.92,9766.34,9767.66,17.038368,2020,6,10
2020-06-10 00:24:00+00:00,9767.66,9770.04,9767.65,9769.14,5.541877,2020,6,10
2020-06-10 00:25:00+00:00,9769.13,9776.17,9769.13,9773.44,18.115202,2020,6,10
2020-06-10 00:26:00+00:00,9773.23,9773.48,9768.09,9771.95,18.845697,2020,6,10
2020-06-10 00:27:00+00:00,9771.95,9774.13,9771.43,9773.19,11.692397,2020,6,10
2020-06-10 00:28:00+00:00,9773.2,9790.0,9773.15,9784.8,85.455312,2020,6,10
2020-06-10 00:29:00+00:00,9784.0,9785.47,9778.16,9778.77,22.180383,2020,6,10
2020-06-10 00:30:00+00:00,9778.72,9781.47,9778.72,9779.8,9.744431,2020,6,10
2020-06-10 00:31:00+00:00,9779.79,9789.96,9779.79,9785.09,39.209446,2020,6,10
2020-06-10 00:32:00+00:00,9785.15,9790.01,9778.73,9790.0,58.234755,2020,6,10
2020-06-10 00:33:00+00:00,9790.0,9790.67,9784.0,9785.12,64.413488,2020,6,10
2020-06-10 00:34:00+00:00,9785.1,9785.11,9784.94,9784.94,13.057741,2020,6,10
2020-06-10 00:35:00+00:00,9784.94,9799.03,9783.99,9784.05,97.550102,2020,6,10
2020-06-10 00:36:00+00:00,9784.07,9785.0,9777.99,9779.41,68.023483,2020,6,10
2020-06-10 00:37:00+00:00,9779.4,9782.28,9779.26,9780.01,17.340833,2020,6,10
2020-06-10 00:38:00+00:00,9780.01,9780.01,9778.71,9779.41,18.854492,2020,6,10
2020-06-10 00:39:00+00:00,9779.41,9779.73,9774.15,9775.29,23.763056,2020,6,10
2020-06-10 00:40:00+00:00,9775.3,9779.5,9774.03,9777.98,8.013506,2020,6,10
2020-06-10 00:41:00+00:00,9777.75,9778.19,9774.0,9774.85,13.168551,2020,6,10
2020-06-10 00:42:00+00:00,9774.49,9779.07,9774.49,9777.65,10.251342,2020,6,10
2020-06-10 00:43:00+00:00,9777.64,9778.07,9775.27,9775.27,8.633532,2020,6,10
2020-06-10 00:44:00+00:00,9775.27,9775.54,9774.17,9774.78,8.9519,2020,6,10
2020-06-10 00:45:00+00:00,9774.77,9779.0,9765.0,9766.99,64.742118,2020,6,10
2020-06-10 00:46:00+00:00,9766.98,9770.66,9765.0,9769.09,20.021198,2020,6,10
2020-06-10 00:47:00+00:00,9768.49,9768.49,9765.31,9767.84,8.320514,2020,6,10
2020-06-10 00:48:00+00:00,9767.84,9768.18,9767.63,9767.63,6.332219,2020,6,10
2020-06-10 00:49:00+00:00,9767.63,9774.13,9767.62,9771.61,17.057603,2020,6,10
2020-06-10 00:50:00+00:00,9771.6,9772.97,9767.7,9769.63,20.144203,2020,6,10
2020-06-10 00:51:00+00:00,9769.64,9771.52,9769.63,9771.25,10.32752,2020,6,10
2020-06-10 00:52:00+00:00,9771.25,9780.0,9767.43,9768.45,21.906868,2020,6,10
2020-06-10 00:53:00+00:00,9768.69,9773.55,9768.0,9769.99,30.925836,2020,6,10
2020-06-10 00:54:00+00:00,9769.98,9774.22,9769.3,9773.01,46.808293,2020,6,10
2020-06-10 00:55:00+00:00,9773.01,9777.2,9773.01,9776.75,10.741691,2020,6,10
2020-06-10 00:56:00+00:00,9776.75,9776.76,9770.61,9771.96,42.271146,2020,6,10
2020-06-10 00:57:00+00:00,9771.97,9784.0,9771.97,9779.0,35.2007,2020,6,10
2020-06-10 00:58:00+00:00,9779.01,9782.26,9778.45,9778.64,11.667077,2020,6,10
2020-06-10 00:59:00+00:00,9778.63,9778.63,9773.95,9774.97,37.661672,2020,6,10
2020-06-10 01:00:00+00:00,9774.97,9779.0,9774.97,9777.99,35.534186,2020,6,10
2020-06-10 01:01:00+00:00,9777.98,9780.01,9777.97,9779.99,15.563727,2020,6,10
2020-06-10 01:02:00+00:00,9779.99,9782.63,9779.99,9781.4,5.762682,2020,6,10
2020-06-10 01:03:00+00:00,9781.4,9782.55,9780.0,9781.19,10.239342,2020,6,10
2020-06-10 01:04:00+00:00,9781.19,9788.48,9781.19,9787.0,53.99932,2020,6,10
2020-06-10 01:05:00+00:00,9787.0,9787.0,9781.28,9782.76,15.225964,2020,6,10
2020-06-10 01:06:00+00:00,9782.53,9782.76,9781.62,9782.76,20.204244,2020,6,10
2020-06-10 01:07:00+00:00,9782.71,9784.55,9782.61,9783.6,12.880221,2020,6,10
2020-06-10 01:08:00+00:00,9783.68,9785.63,9781.18,9781.18,20.748114,2020,6,10
2020-06-10 01:09:00+00:00,9781.19,9784.22,9781.18,9783.59,9.429474,2020,6,10
2020-06-10 01:10:00+00:00,9784.09,9784.22,9782.33,9783.47,15.15676,2020,6,10
2020-06-10 01:11:00+00:00,9783.48,9789.34,9783.47,9789.08,20.267099,2020,6,10
2020-06-10 01:12:00+00:00,9788.25,9790.01,9787.74,9787.98,25.762988,2020,6,10
2020-06-10 01:13:00+00:00,9787.98,9788.1,9785.83,9785.84,12.661027,2020,6,10
2020-06-10 01:14:00+00:00,9785.84,9787.96,9784.57,9785.17,13.134569,2020,6,10
2020-06-10 01:15:00+00:00,9785.17,9786.47,9783.22,9783.57,11.922675,2020,6,10
2020-06-10 01:16:00+00:00,9784.57,9789.66,9782.96,9788.16,32.536495,2020,6,10
2020-06-10 01:17:00+00:00,9788.88,9795.0,9787.28,9790.32,35.396902,2020,6,10
2020-06-10 01:18:00+00:00,9790.72,9798.12,9790.01,9795.59,40.6468,2020,6,10
2020-06-10 01:19:00+00:00,9795.57,9800.0,9795.55,9798.38,48.976078,2020,6,10
2020-06-10 01:20:00+00:00,9798.26,9798.79,9794.85,9797.11,41.211477,2020,6,10
2020-06-10 01:21:00+00:00,9797.11,9800.0,9797.11,9798.74,25.050212,2020,6,10
2020-06-10 01:22:00+00:00,9798.74,9798.74,9795.0,9795.3,30.492718,2020,6,10
2020-06-10 01:23:00+00:00,9795.31,9796.03,9786.09,9790.71,28.367985,2020,6,10
2020-06-10 01:24:00+00:00,9791.8,9794.58,9790.06,9794.57,9.338523,2020,6,10
2020-06-10 01:25:00+00:00,9794.57,9794.97,9792.24,9794.05,4.144982,2020,6,10
2020-06-10 01:26:00+00:00,9793.01,9795.0,9792.55,9793.9,8.531207,2020,6,10
2020-06-10 01:27:00+00:00,9793.9,9794.93,9790.49,9791.0,15.188553,2020,6,10
2020-06-10 01:28:00+00:00,9791.0,9797.36,9790.0,9793.29,25.452745,2020,6,10
2020-06-10 01:29:00+00:00,9793.28,9793.29,9787.06,9788.0,38.391733,2020,6,10
2020-06-10 01:30:00+00:00,9787.99,9793.75,9786.57,9788.94,30.525057,2020,6,10
2020-06-10 01:31:00+00:00,9788.93,9790.0,9788.93,9789.99,7.904043,2020,6,10
2020-06-10 01:32:00+00:00,9789.99,9790.0,9789.04,9789.47,9.219564,2020,6,10
2020-06-10 01:33:00+00:00,9789.47,9789.58,9788.99,9789.55,11.185666,2020,6,10
2020-06-10 01:34:00+00:00,9789.56,9789.56,9780.0,9782.15,34.881402,2020,6,10
2020-06-10 01:35:00+00:00,9782.0,9787.73,9782.0,9787.52,16.882368,2020,6,10
2020-06-10 01:36:00+00:00,9787.51,9797.6,9785.31,9797.6,28.595337,2020,6,10
2020-06-10 01:37:00+00:00,9797.6,9810.0,9797.6,9808.79,68.407307,2020,6,10
2020-06-10 01:38:00+00:00,9808.79,9809.99,9803.58,9803.58,32.498395,2020,6,10
2020-06-10 01:39:00+00:00,9803.58,9805.35,9797.06,9797.07,57.609384,2020,6,10
2020-06-10 01:40:00+00:00,9797.26,9800.86,9795.83,9800.28,24.515206,2020,6,10
2020-06-10 01:41:00+00:00,9800.27,9804.2,9798.78,9799.04,33.468345,2020,6,10
2020-06-10 01:42:00+00:00,9799.09,9800.15,9796.02,9796.87,14.867481,2020,6,10
2020-06-10 01:43:00+00:00,9797.2,9799.16,9795.98,9795.99,14.294239,2020,6,10
2020-06-10 01:44:00+00:00,9796.08,9799.88,9796.05,9797.32,18.451721,2020,6,10
2020-06-10 01:45:00+00:00,9797.33,9799.63,9797.22,9797.44,10.223639,2020,6,10
2020-06-10 01:46:00+00:00,9797.44,9797.57,9791.36,9791.36,26.314326,2020,6,10
2020-06-10 01:47:00+00:00,9791.36,9795.83,9786.94,9791.0,35.09305,2020,6,10
2020-06-10 01:48:00+00:00,9791.49,9793.56,9788.01,9788.28,13.545063,2020,6,10
2020-06-10 01:49:00+00:00,9788.28,9793.01,9788.28,9791.3,23.266328,2020,6,10
2020-06-10 01:50:00+00:00,9790.59,9793.67,9787.17,9789.73,20.052176,2020,6,10
2020-06-10 01:51:00+00:00,9789.73,9791.84,9788.92,9791.48,5.209468,2020,6,10
2020-06-10 01:52:00+00:00,9791.49,9792.36,9790.11,9791.55,13.583588,2020,6,10
2020-06-10 01:53:00+00:00,9791.55,9791.57,9791.5,9791.53,14.065618,2020,6,10
2020-06-10 01:54:00+00:00,9791.52,9795.75,9788.92,9792.91,43.741349,2020,6,10
2020-06-10 01:55:00+00:00,9793.92,9794.0,9788.92,9791.68,13.082,2020,6,10
2020-06-10 01:56:00+00:00,9791.0,9791.77,9782.38,9788.63,38.468886,2020,6,10
2020-06-10 01:57:00+00:00,9789.1,9791.54,9786.83,9788.76,26.870424,2020,6,10
2020-06-10 01:58:00+00:00,9787.74,9790.76,9787.23,9788.54,10.29246,2020,6,10
2020-06-10 01:59:00+00:00,9788.54,9788.55,9788.51,9788.51,6.701027,2020,6,10
2020-06-10 02:00:00+00:00,9788.51,9790.82,9785.2,9787.25,47.584667,2020,6,10
2020-06-10 02:01:00+00:00,9787.25,9787.74,9783.99,9784.99,18.499419,2020,6,10
2020-06-10 02:02:00+00:00,9785.0,9787.25,9784.32,9785.46,8.938815,2020,6,10
2020-06-10 02:03:00+00:00,9785.47,9787.13,9785.47,9786.59,7.652385,2020,6,10
2020-06-10 02:04:00+00:00,9786.58,9786.6,9786.54,9786.54,12.656163,2020,6,10
2020-06-10 02:05:00+00:00,9786.54,9786.55,9786.48,9786.48,14.783493,2020,6,10
2020-06-10 02:06:00+00:00,9786.48,9789.88,9786.43,9788.5,18.99153,2020,6,10
2020-06-10 02:07:00+00:00,9788.5,9788.5,9775.0,9775.33,58.119615,2020,6,10
2020-06-10 02:08:00+00:00,9776.34,9779.99,9776.34,9778.1,11.896953,2020,6,10
2020-06-10 02:09:00+00:00,9778.01,9779.58,9777.35,9777.35,5.937519,2020,6,10
2020-06-10 02:10:00+00:00,9777.5,9777.89,9761.0,9765.69,55.576794,2020,6,10
2020-06-10 02:11:00+00:00,9765.69,9771.82,9764.69,9769.69,15.106093,2020,6,10
2020-06-10 02:12:00+00:00,9769.69,9777.17,9769.69,9776.18,13.588239,2020,6,10
2020-06-10 02:13:00+00:00,9776.23,9778.68,9773.91,9776.18,16.993678,2020,6,10
2020-06-10 02:14:00+00:00,9776.19,9778.46,9775.6,9776.93,8.885466,2020,6,10
2020-06-10 02:15:00+00:00,9776.94,9778.92,9776.45,9778.41,8.695936,2020,6,10
2020-06-10 02:16:00+00:00,9778.41,9780.0,9774.77,9775.78,5.040327,2020,6,10
2020-06-10 02:17:00+00:00,9776.21,9777.34,9775.79,9777.31,18.511779,2020,6,10
2020-06-10 02:18:00+00:00,9777.31,9777.37,9772.0,9775.94,12.094267,2020,6,10
2020-06-10 02:19:00+00:00,9775.5,9777.35,9774.06,9776.09,13.016917,2020,6,10
2020-06-10 02:20:00+00:00,9776.09,9776.2,9776.08,9776.16,8.401985,2020,6,10
2020-06-10 02:21:00+00:00,9776.16,9777.0,9776.12,9776.49,11.350037,2020,6,10
2020-06-10 02:22:00+00:00,9776.49,9776.77,9770.84,9774.72,17.28715,2020,6,10
2020-06-10 02:23:00+00:00,9774.72,9774.73,9772.85,9773.43,15.358498,2020,6,10
2020-06-10 02:24:00+00:00,9773.42,9773.59,9773.4,9773.44,13.441802,2020,6,10
2020-06-10 02:25:00+00:00,9773.44,9774.0,9773.44,9773.92,7.454267,2020,6,10
2020-06-10 02:26:00+00:00,9773.92,9774.0,9768.0,9772.69,22.079077,2020,6,10
2020-06-10 02:27:00+00:00,9772.71,9772.71,9762.66,9766.82,21.236373,2020,6,10
2020-06-10 02:28:00+00:00,9765.56,9770.32,9764.64,9767.28,14.496633,2020,6,10
2020-06-10 02:29:00+00:00,9767.31,9770.56,9764.4,9766.82,22.379331,2020,6,10
2020-06-10 02:30:00+00:00,9766.89,9769.44,9765.42,9766.0,13.580982,2020,6,10
2020-06-10 02:31:00+00:00,9766.04,9766.98,9763.97,9765.0,17.071839,2020,6,10
2020-06-10 02:32:00+00:00,9765.3,9765.79,9762.81,9763.0,7.991345,2020,6,10
2020-06-10 02:33:00+00:00,9763.0,9770.13,9762.99,9768.69,24.156832,2020,6,10
2020-06-10 02:34:00+00:00,9768.69,9769.11,9762.84,9766.28,20.170351,2020,6,10
2020-06-10 02:35:00+00:00,9766.29,9767.18,9766.26,9767.08,13.35996,2020,6,10
2020-06-10 02:36:00+00:00,9767.09,9770.0,9767.09,9767.37,34.705415,2020,6,10
2020-06-10 02:37:00+00:00,9767.37,9770.0,9765.66,9769.48,12.898656,2020,6,10
2020-06-10 02:38:00+00:00,9769.49,9770.0,9768.27,9769.28,8.555667,2020,6,10
2020-06-10 02:39:00+00:00,9769.28,9770.0,9768.37,9769.88,8.222702,2020,6,10
2020-06-10 02:40:00+00:00,9769.93,9769.93,9765.17,9766.72,10.00205,2020,6,10
2020-06-10 02:41:00+00:00,9766.88,9766.99,9765.21,9765.99,21.291609,2020,6,10
2020-06-10 02:42:00+00:00,9765.99,9769.08,9765.48,9767.81,15.843636,2020,6,10
2020-06-10 02:43:00+00:00,9768.18,9769.17,9765.31,9767.35,12.098293,2020,6,10
2020-06-10 02:44:00+00:00,9766.71,9768.44,9766.69,9767.99,9.716156,2020,6,10
2020-06-10 02:45:00+00:00,9767.99,9768.09,9765.14,9766.17,25.336852,2020,6,10
2020-06-10 02:46:00+00:00,9766.18,9779.96,9766.18,9778.89,107.203308,2020,6,10
2020-06-10 02:47:00+00:00,9778.89,9778.9,9773.36,9774.23,13.776582,2020,6,10
2020-06-10 02:48:00+00:00,9774.24,9777.31,9773.34,9776.23,14.33163,2020,6,10
2020-06-10 02:49:00+00:00,9776.39,9776.39,9772.04,9774.65,12.260723,2020,6,10
2020-06-10 02:50:00+00:00,9775.13,9776.17,9774.64,9776.07,3.418621,2020,6,10
2020-06-10 02:51:00+00:00,9776.07,9776.94,9774.99,9775.0,11.71798,2020,6,10
2020-06-10 02:52:00+00:00,9774.99,9776.14,9774.99,9775.99,17.785666,2020,6,10
2020-06-10 02:53:00+00:00,9775.99,9776.0,9773.97,9774.99,7.67846,2020,6,10
2020-06-10 02:54:00+00:00,9774.97,9775.63,9771.03,9771.74,13.237999,2020,6,10
2020-06-10 02:55:00+00:00,9771.73,9775.47,9771.66,9774.7,12.049004,2020,6,10
2020-06-10 02:56:00+00:00,9774.7,9777.0,9773.01,9776.99,22.946442,2020,6,10
2020-06-10 02:57:00+00:00,9777.0,9777.16,9773.09,9774.39,16.629112,2020,6,10
2020-06-10 02:58:00+00:00,9774.39,9775.57,9774.22,9774.81,8.638457,2020,6,10
2020-06-10 02:59:00+00:00,9774.82,9774.83,9774.81,9774.82,2.171091,2020,6,10
2020-06-10 03:00:00+00:00,9774.82,9774.83,9764.69,9765.76,30.58446,2020,6,10
2020-06-10 03:01:00+00:00,9766.31,9767.76,9764.5,9764.51,9.600588,2020,6,10
2020-06-10 03:02:00+00:00,9764.54,9769.78,9764.54,9768.19,13.655898,2020,6,10
2020-06-10 03:03:00+00:00,9768.18,9770.0,9767.33,9767.34,7.716991,2020,6,10
2020-06-10 03:04:00+00:00,9767.34,9770.0,9765.91,9769.93,9.636853,2020,6,10
2020-06-10 03:05:00+00:00,9769.92,9769.92,9762.66,9762.67,20.971561,2020,6,10
2020-06-10 03:06:00+00:00,9762.68,9767.01,9762.66,9766.0,22.421511,2020,6,10
2020-06-10 03:07:00+00:00,9765.81,9767.31,9765.32,9766.32,6.547018,2020,6,10
2020-06-10 03:08:00+00:00,9766.32,9766.32,9762.51,9762.74,8.198674,2020,6,10
2020-06-10 03:09:00+00:00,9762.93,9763.16,9737.61,9756.97,192.150765,2020,6,10
2020-06-10 03:10:00+00:00,9757.81,9760.82,9751.5,9759.5,35.218549,2020,6,10
2020-06-10 03:11:00+00:00,9759.45,9760.79,9757.92,9760.17,8.960866,2020,6,10
2020-06-10 03:12:00+00:00,9760.16,9761.99,9755.84,9761.42,22.421305,2020,6,10
2020-06-10 03:13:00+00:00,9761.22,9761.53,9758.99,9761.53,22.171932,2020,6,10
2020-06-10 03:14:00+00:00,9761.18,9761.45,9761.16,9761.44,8.833431,2020,6,10
2020-06-10 03:15:00+00:00,9761.44,9761.44,9759.45,9760.5,15.31378,2020,6,10
2020-06-10 03:16:00+00:00,9760.49,9766.88,9758.07,9759.13,40.056399,2020,6,10
2020-06-10 03:17:00+00:00,9759.13,9765.91,9759.13,9764.56,50.915153,2020,6,10
2020-06-10 03:18:00+00:00,9764.65,9764.71,9761.5,9763.75,15.168142,2020,6,10
2020-06-10 03:19:00+00:00,9763.67,9765.0,9763.67,9764.78,6.460726,2020,6,10
2020-06-10 03:20:00+00:00,9764.99,9769.41,9763.0,9768.53,18.683964,2020,6,10
2020-06-10 03:21:00+00:00,9768.57,9771.34,9768.38,9771.34,13.630481,2020,6,10
2020-06-10 03:22:00+00:00,9770.01,9771.37,9768.26,9769.0,7.812104,2020,6,10
2020-06-10 03:23:00+00:00,9769.0,9770.23,9765.0,9769.08,9.06886,2020,6,10
2020-06-10 03:24:00+00:00,9769.09,9770.48,9764.21,9768.55,23.742833,2020,6,10
2020-06-10 03:25:00+00:00,9768.74,9772.28,9768.74,9772.28,11.650953,2020,6,10
2020-06-10 03:26:00+00:00,9771.59,9773.23,9766.69,9767.54,23.609393,2020,6,10
2020-06-10 03:27:00+00:00,9767.55,9767.55,9767.5,9767.51,9.441847,2020,6,10
2020-06-10 03:28:00+00:00,9767.5,9768.99,9763.27,9768.93,22.425025,2020,6,10
2020-06-10 03:29:00+00:00,9768.93,9769.0,9768.84,9768.95,10.785489,2020,6,10
2020-06-10 03:30:00+00:00,9768.95,9768.95,9764.56,9765.27,10.541973,2020,6,10
2020-06-10 03:31:00+00:00,9765.44,9767.17,9764.15,9766.56,6.752204,2020,6,10
2020-06-10 03:32:00+00:00,9766.57,9767.1,9756.96,9762.39,46.48175,2020,6,10
2020-06-10 03:33:00+00:00,9762.39,9762.99,9735.59,9755.73,171.994092,2020,6,10
2020-06-10 03:34:00+00:00,9755.73,9762.27,9750.24,9760.49,68.140881,2020,6,10
2020-06-10 03:35:00+00:00,9759.31,9760.58,9752.05,9756.86,40.047933,2020,6,10
2020-06-10 03:36:00+00:00,9757.24,9758.23,9754.14,9755.98,7.486142,2020,6,10
2020-06-10 03:37:00+00:00,9755.97,9758.34,9753.96,9755.04,22.24338,2020,6,10
2020-06-10 03:38:00+00:00,9755.53,9756.38,9750.24,9750.72,22.419421,2020,6,10
2020-06-10 03:39:00+00:00,9751.0,9751.0,9743.16,9751.0,39.197676,2020,6,10
2020-06-10 03:40:00+00:00,9750.91,9757.44,9745.55,9756.38,57.198673,2020,6,10
2020-06-10 03:41:00+00:00,9756.05,9756.12,9751.0,9754.12,43.528183,2020,6,10
2020-06-10 03:42:00+00:00,9754.58,9755.0,9745.0,9748.39,33.805072,2020,6,10
2020-06-10 03:43:00+00:00,9747.93,9750.53,9747.39,9750.0,7.222086,2020,6,10
2020-06-10 03:44:00+00:00,9750.0,9751.73,9749.98,9751.58,12.145191,2020,6,10
2020-06-10 03:45:00+00:00,9751.58,9751.59,9743.53,9744.44,30.135613,2020,6,10
2020-06-10 03:46:00+00:00,9744.44,9753.62,9740.32,9753.21,29.955633,2020,6,10
2020-06-10 03:47:00+00:00,9753.22,9754.81,9751.79,9753.78,23.118751,2020,6,10
2020-06-10 03:48:00+00:00,9753.76,9754.98,9747.91,9751.01,8.689098,2020,6,10
2020-06-10 03:49:00+00:00,9750.94,9754.45,9750.34,9753.94,7.072689,2020,6,10
2020-06-10 03:50:00+00:00,9753.97,9755.73,9752.05,9752.05,14.83845,2020,6,10
2020-06-10 03:51:00+00:00,9750.95,9756.01,9750.0,9756.01,8.08567,2020,6,10
2020-06-10 03:52:00+00:00,9756.01,9756.52,9753.52,9754.43,13.365594,2020,6,10
2020-06-10 03:53:00+00:00,9754.43,9755.19,9754.43,9754.83,6.889818,2020,6,10
2020-06-10 03:54:00+00:00,9754.83,9759.62,9754.8,9757.65,11.97564,2020,6,10
2020-06-10 03:55:00+00:00,9759.06,9760.0,9755.3,9757.98,26.023875,2020,6,10
2020-06-10 03:56:00+00:00,9757.98,9760.0,9755.39,9756.07,10.02706,2020,6,10
2020-06-10 03:57:00+00:00,9756.02,9756.27,9755.35,9756.01,7.452308,2020,6,10
2020-06-10 03:58:00+00:00,9756.0,9756.89,9749.98,9752.09,36.509628,2020,6,10
2020-06-10 03:59:00+00:00,9752.09,9755.17,9752.09,9754.5,6.844693,2020,6,10
2020-06-10 04:00:00+00:00,9754.5,9754.51,9749.61,9749.61,25.792775,2020,6,10
2020-06-10 04:01:00+00:00,9749.61,9753.0,9747.98,9752.5,9.969959,2020,6,10
2020-06-10 04:02:00+00:00,9752.51,9753.0,9751.38,9753.0,5.522354,2020,6,10
2020-06-10 04:03:00+00:00,9752.9,9756.36,9751.28,9755.64,55.758924,2020,6,10
2020-06-10 04:04:00+00:00,9755.75,9755.98,9753.0,9754.42,5.7795,2020,6,10
2020-06-10 04:05:00+00:00,9754.42,9754.9,9749.73,9754.64,8.942524,2020,6,10
2020-06-10 04:06:00+00:00,9754.64,9754.65,9753.44,9753.91,8.450579,2020,6,10
2020-06-10 04:07:00+00:00,9753.9,9758.03,9753.39,9756.57,14.520671,2020,6,10
2020-06-10 04:08:00+00:00,9756.57,9757.69,9752.66,9753.98,24.211539,2020,6,10
2020-06-10 04:09:00+00:00,9753.98,9757.03,9753.73,9754.71,16.767512,2020,6,10
2020-06-10 04:10:00+00:00,9754.7,9755.48,9750.0,9752.79,14.756189,2020,6,10
2020-06-10 04:11:00+00:00,9752.38,9755.65,9751.42,9753.82,9.2129,2020,6,10
2020-06-10 04:12:00+00:00,9753.81,9754.83,9751.51,9752.56,17.107763,2020,6,10
2020-06-10 04:13:00+00:00,9753.11,9753.46,9751.79,9752.28,10.186671,2020,6,10
2020-06-10 04:14:00+00:00,9752.25,9753.38,9750.18,9751.48,8.227827,2020,6,10
2020-06-10 04:15:00+00:00,9751.43,9751.54,9750.0,9750.82,10.056763,2020,6,10
2020-06-10 04:16:00+00:00,9750.87,9751.88,9750.0,9750.47,24.655086,2020,6,10
2020-06-10 04:17:00+00:00,9750.47,9750.6,9746.54,9748.6,10.895331,2020,6,10
2020-06-10 04:18:00+00:00,9748.59,9749.93,9745.54,9748.87,22.080646,2020,6,10
2020-06-10 04:19:00+00:00,9748.87,9753.41,9747.0,9753.41,26.521684,2020,6,10
2020-06-10 04:20:00+00:00,9753.4,9755.44,9752.18,9754.54,10.473327,2020,6,10
2020-06-10 04:21:00+00:00,9754.55,9756.02,9752.53,9754.99,8.847858,2020,6,10
2020-06-10 04:22:00+00:00,9754.99,9756.4,9752.16,9755.06,8.13112,2020,6,10
2020-06-10 04:23:00+00:00,9754.14,9755.47,9751.35,9752.5,11.764802,2020,6,10
2020-06-10 04:24:00+00:00,9752.5,9754.45,9751.62,9752.93,6.408439,2020,6,10
2020-06-10 04:25:00+00:00,9752.55,9752.93,9749.63,9749.63,10.335626,2020,6,10
2020-06-10 04:26:00+00:00,9749.63,9751.23,9749.63,9750.44,4.561013,2020,6,10
2020-06-10 04:27:00+00:00,9750.65,9751.15,9749.99,9750.16,4.414675,2020,6,10
2020-06-10 04:28:00+00:00,9750.53,9750.76,9749.99,9750.04,3.050693,2020,6,10
2020-06-10 04:29:00+00:00,9749.99,9750.57,9748.25,9748.97,6.577422,2020,6,10
2020-06-10 04:30:00+00:00,9748.97,9748.98,9745.0,9747.35,16.53138,2020,6,10
2020-06-10 04:31:00+00:00,9747.35,9753.4,9747.35,9752.64,46.347584,2020,6,10
2020-06-10 04:32:00+00:00,9752.15,9754.65,9748.52,9750.3,8.653458,2020,6,10
2020-06-10 04:33:00+00:00,9750.3,9750.48,9743.0,9747.97,31.043025,2020,6,10
2020-06-10 04:34:00+00:00,9747.97,9750.9,9747.26,9749.23,16.954148,2020,6,10
2020-06-10 04:35:00+00:00,9748.65,9750.79,9747.44,9748.35,5.450407,2020,6,10
2020-06-10 04:36:00+00:00,9748.35,9749.48,9746.12,9748.15,3.739764,2020,6,10
2020-06-10 04:37:00+00:00,9747.86,9747.86,9746.55,9747.4,9.53562,2020,6,10
2020-06-10 04:38:00+00:00,9747.17,9749.5,9746.8,9749.17,7.811397,2020,6,10
2020-06-10 04:39:00+00:00,9747.64,9748.08,9741.0,9743.37,16.958917,2020,6,10
2020-06-10 04:40:00+00:00,9743.9,9744.19,9738.01,9740.77,36.255344,2020,6,10
2020-06-10 04:41:00+00:00,9740.77,9746.81,9731.82,9742.0,80.587917,2020,6,10
2020-06-10 04:42:00+00:00,9741.99,9744.98,9740.17,9742.03,25.996318,2020,6,10
2020-06-10 04:43:00+00:00,9741.62,9745.0,9740.83,9744.99,13.147429,2020,6,10
2020-06-10 04:44:00+00:00,9744.41,9744.41,9740.0,9740.0,12.276686,2020,6,10
2020-06-10 04:45:00+00:00,9740.0,9740.0,9735.72,9737.38,9.734631,2020,6,10
2020-06-10 04:46:00+00:00,9737.39,9743.72,9735.82,9742.86,33.519241,2020,6,10
2020-06-10 04:47:00+00:00,9742.0,9742.86,9740.08,9740.61,6.80088,2020,6,10
2020-06-10 04:48:00+00:00,9740.61,9745.33,9740.6,9744.79,14.419682,2020,6,10
2020-06-10 04:49:00+00:00,9744.8,9744.8,9743.32,9744.33,7.94399,2020,6,10
2020-06-10 04:50:00+00:00,9744.79,9745.4,9744.79,9744.93,11.444835,2020,6,10
2020-06-10 04:51:00+00:00,9744.94,9746.33,9742.21,9743.25,19.579275,2020,6,10
2020-06-10 04:52:00+00:00,9743.24,9743.74,9738.51,9740.82,21.607774,2020,6,10
2020-06-10 04:53:00+00:00,9740.81,9747.53,9740.81,9743.08,38.205173,2020,6,10
2020-06-10 04:54:00+00:00,9743.8,9746.95,9742.3,9746.63,14.760013,2020,6,10
2020-06-10 04:55:00+00:00,9746.33,9747.96,9742.78,9746.78,6.852762,2020,6,10
2020-06-10 04:56:00+00:00,9748.04,9750.5,9745.64,9750.0,13.849591,2020,6,10
2020-06-10 04:57:00+00:00,9749.71,9750.86,9742.41,9750.86,44.982267,2020,6,10
2020-06-10 04:58:00+00:00,9750.86,9751.33,9748.27,9750.08,8.626397,2020,6,10
2020-06-10 04:59:00+00:00,9750.08,9755.6,9750.08,9750.84,33.845127,2020,6,10
2020-06-10 05:00:00+00:00,9750.85,9759.31,9750.84,9758.53,11.737406,2020,6,10
2020-06-10 05:01:00+00:00,9758.51,9759.75,9754.89,9759.74,17.508961,2020,6,10
2020-06-10 05:02:00+00:00,9759.72,9760.0,9757.02,9759.29,14.485828,2020,6,10
2020-06-10 05:03:00+00:00,9759.29,9762.94,9758.19,9758.2,21.230989,2020,6,10
2020-06-10 05:04:00+00:00,9758.29,9759.12,9756.89,9758.52,5.543705,2020,6,10
2020-06-10 05:05:00+00:00,9758.52,9758.52,9754.41,9757.68,21.60071,2020,6,10
2020-06-10 05:06:00+00:00,9757.69,9762.55,9756.76,9761.59,13.2642,2020,6,10
2020-06-10 05:07:00+00:00,9761.31,9763.96,9760.05,9762.18,12.879056,2020,6,10
2020-06-10 05:08:00+00:00,9762.18,9763.32,9760.81,9763.31,6.120831,2020,6,10
2020-06-10 05:09:00+00:00,9763.31,9764.99,9762.83,9763.75,8.509048,2020,6,10
2020-06-10 05:10:00+00:00,9763.8,9765.0,9758.18,9759.31,16.836053,2020,6,10
2020-06-10 05:11:00+00:00,9759.31,9761.45,9753.42,9761.4,37.785757,2020,6,10
2020-06-10 05:12:00+00:00,9760.91,9761.99,9760.03,9760.97,7.883265,2020,6,10
2020-06-10 05:13:00+00:00,9761.21,9761.94,9759.57,9760.83,10.520999,2020,6,10
2020-06-10 05:14:00+00:00,9760.71,9763.08,9760.48,9762.16,7.197086,2020,6,10
2020-06-10 05:15:00+00:00,9762.5,9768.51,9762.2,9766.98,49.805705,2020,6,10
2020-06-10 05:16:00+00:00,9765.37,9769.1,9765.02,9767.99,16.789098,2020,6,10
2020-06-10 05:17:00+00:00,9768.0,9770.61,9767.98,9769.45,44.301402,2020,6,10
2020-06-10 05:18:00+00:00,9769.62,9771.97,9768.73,9770.93,36.81062,2020,6,10
2020-06-10 05:19:00+00:00,9770.94,9771.37,9765.53,9768.99,41.685503,2020,6,10
2020-06-10 05:20:00+00:00,9769.68,9769.97,9765.64,9768.84,16.64725,2020,6,10
2020-06-10 05:21:00+00:00,9769.24,9771.99,9768.84,9770.56,9.458957,2020,6,10
2020-06-10 05:22:00+00:00,9770.56,9776.0,9770.47,9772.59,30.748263,2020,6,10
2020-06-10 05:23:00+00:00,9772.59,9777.0,9770.0,9770.52,38.054119,2020,6,10
2020-06-10 05:24:00+00:00,9770.94,9777.0,9770.0,9776.32,39.071443,2020,6,10
2020-06-10 05:25:00+00:00,9775.84,9780.0,9775.0,9776.72,26.166333,2020,6,10
2020-06-10 05:26:00+00:00,9776.49,9780.0,9775.0,9779.57,25.594729,2020,6,10
2020-06-10 05:27:00+00:00,9779.55,9779.82,9775.0,9776.56,11.174622,2020,6,10
2020-06-10 05:28:00+00:00,9776.39,9777.32,9769.17,9771.38,28.525836,2020,6,10
2020-06-10 05:29:00+00:00,9771.38,9772.96,9770.0,9771.4,7.854208,2020,6,10
2020-06-10 05:30:00+00:00,9771.42,9774.58,9770.0,9771.86,21.074385,2020,6,10
2020-06-10 05:31:00+00:00,9772.26,9773.38,9771.23,9772.95,6.931865,2020,6,10
2020-06-10 05:32:00+00:00,9772.92,9773.28,9771.03,9771.04,7.438777,2020,6,10
2020-06-10 05:33:00+00:00,9771.03,9771.04,9765.89,9768.09,29.311595,2020,6,10
2020-06-10 05:34:00+00:00,9768.09,9769.99,9766.81,9766.81,9.548055,2020,6,10
2020-06-10 05:35:00+00:00,9767.95,9768.67,9748.32,9753.19,93.720935,2020,6,10
2020-06-10 05:36:00+00:00,9755.49,9765.0,9751.99,9761.34,44.953162,2020,6,10
2020-06-10 05:37:00+00:00,9760.51,9761.7,9755.87,9758.58,7.514192,2020,6,10
2020-06-10 05:38:00+00:00,9758.58,9758.66,9754.23,9755.76,7.052521,2020,6,10
2020-06-10 05:39:00+00:00,9755.77,9757.92,9752.87,9755.53,18.947129,2020,6,10
2020-06-10 05:40:00+00:00,9755.54,9763.44,9754.04,9759.48,87.158434,2020,6,10
2020-06-10 05:41:00+00:00,9759.71,9762.73,9756.55,9757.72,19.403064,2020,6,10
2020-06-10 05:42:00+00:00,9757.72,9758.95,9755.51,9758.76,17.90881,2020,6,10
2020-06-10 05:43:00+00:00,9758.72,9759.97,9756.54,9759.12,11.47222,2020,6,10
2020-06-10 05:44:00+00:00,9759.03,9760.0,9756.22,9758.96,9.574193,2020,6,10
2020-06-10 05:45:00+00:00,9758.96,9759.9,9757.02,9758.94,7.224332,2020,6,10
2020-06-10 05:46:00+00:00,9758.94,9763.93,9758.58,9762.32,19.039451,2020,6,10
2020-06-10 05:47:00+00:00,9761.79,9775.03,9761.1,9768.45,32.534761,2020,6,10
2020-06-10 05:48:00+00:00,9769.79,9775.19,9769.19,9770.13,30.134632,2020,6,10
2020-06-10 05:49:00+00:00,9770.13,9770.13,9763.45,9768.08,24.988092,2020,6,10
2020-06-10 05:50:00+00:00,9768.08,9769.62,9768.08,9769.0,5.865627,2020,6,10
2020-06-10 05:51:00+00:00,9769.0,9769.98,9766.75,9767.78,12.221897,2020,6,10
2020-06-10 05:52:00+00:00,9767.8,9770.92,9766.29,9767.48,6.083423,2020,6,10
2020-06-10 05:53:00+00:00,9767.07,9770.0,9766.74,9767.22,7.737352,2020,6,10
2020-06-10 05:54:00+00:00,9767.21,9768.15,9761.79,9766.2,10.220888,2020,6,10
2020-06-10 05:55:00+00:00,9766.11,9768.79,9765.51,9766.05,7.943999,2020,6,10
2020-06-10 05:56:00+00:00,9766.22,9766.88,9763.0,9764.84,7.325213,2020,6,10
2020-06-10 05:57:00+00:00,9763.56,9771.0,9763.56,9770.85,32.488325,2020,6,10
2020-06-10 05:58:00+00:00,9770.58,9770.94,9769.87,9770.35,12.257903,2020,6,10
2020-06-10 05:59:00+00:00,9770.35,9771.8,9770.35,9771.51,14.035747,2020,6,10
2020-06-10 06:00:00+00:00,9771.52,9772.49,9767.98,9767.99,17.894611,2020,6,10
2020-06-10 06:01:00+00:00,9768.0,9768.14,9764.1,9767.26,15.622899,2020,6,10
2020-06-10 06:02:00+00:00,9767.3,9767.99,9765.32,9765.65,9.293739,2020,6,10
2020-06-10 06:03:00+00:00,9765.65,9765.65,9764.47,9765.38,7.233947,2020,6,10
2020-06-10 06:04:00+00:00,9765.38,9769.44,9764.25,9766.56,23.096064,2020,6,10
2020-06-10 06:05:00+00:00,9766.38,9767.23,9764.86,9766.27,19.125327,2020,6,10
2020-06-10 06:06:00+00:00,9766.25,9766.63,9762.13,9765.92,9.738044,2020,6,10
2020-06-10 06:07:00+00:00,9765.91,9766.72,9764.39,9765.65,7.044215,2020,6,10
2020-06-10 06:08:00+00:00,9765.66,9765.66,9760.0,9761.5,9.90478,2020,6,10
2020-06-10 06:09:00+00:00,9761.5,9764.88,9759.13,9759.45,26.867733,2020,6,10
2020-06-10 06:10:00+00:00,9761.06,9768.15,9759.36,9763.58,32.259031,2020,6,10
2020-06-10 06:11:00+00:00,9763.58,9767.35,9763.56,9766.21,13.609166,2020,6,10
2020-06-10 06:12:00+00:00,9766.21,9767.4,9764.84,9765.81,21.039593,2020,6,10
2020-06-10 06:13:00+00:00,9765.81,9766.93,9765.81,9766.23,10.408586,2020,6,10
2020-06-10 06:14:00+00:00,9766.24,9766.24,9761.03,9763.89,15.616249,2020,6,10
2020-06-10 06:15:00+00:00,9763.88,9767.5,9763.88,9766.42,27.537824,2020,6,10
2020-06-10 06:16:00+00:00,9766.44,9773.92,9766.41,9767.11,55.499438,2020,6,10
2020-06-10 06:17:00+00:00,9767.1,9768.5,9764.51,9765.41,18.572305,2020,6,10
2020-06-10 06:18:00+00:00,9765.42,9766.94,9765.01,9766.94,7.268079,2020,6,10
2020-06-10 06:19:00+00:00,9766.28,9766.84,9764.72,9766.15,7.192492,2020,6,10
2020-06-10 06:20:00+00:00,9766.15,9766.29,9763.06,9766.26,13.648481,2020,6,10
2020-06-10 06:21:00+00:00,9766.16,9768.09,9766.13,9767.87,17.663971,2020,6,10
2020-06-10 06:22:00+00:00,9767.47,9767.47,9763.5,9765.27,15.225894,2020,6,10
2020-06-10 06:23:00+00:00,9764.64,9765.25,9762.94,9764.0,3.994839,2020,6,10
2020-06-10 06:24:00+00:00,9764.0,9770.0,9763.99,9769.99,19.091268,2020,6,10
2020-06-10 06:25:00+00:00,9769.53,9770.48,9768.29,9769.36,13.600686,2020,6,10
2020-06-10 06:26:00+00:00,9769.52,9770.58,9767.22,9770.58,13.204281,2020,6,10
2020-06-10 06:27:00+00:00,9770.58,9770.59,9768.48,9770.38,6.139419,2020,6,10
2020-06-10 06:28:00+00:00,9770.41,9772.5,9769.92,9771.55,6.97291,2020,6,10
2020-06-10 06:29:00+00:00,9771.91,9773.34,9768.52,9768.84,12.103977,2020,6,10
2020-06-10 06:30:00+00:00,9769.03,9770.19,9768.0,9770.0,8.188395,2020,6,10
2020-06-10 06:31:00+00:00,9770.0,9772.0,9768.81,9772.0,7.276447,2020,6,10
2020-06-10 06:32:00+00:00,9771.52,9774.99,9768.87,9770.52,19.662829,2020,6,10
2020-06-10 06:33:00+00:00,9770.53,9772.64,9770.52,9772.16,11.212636,2020,6,10
2020-06-10 06:34:00+00:00,9772.16,9772.17,9769.98,9769.99,19.258508,2020,6,10
2020-06-10 06:35:00+00:00,9769.98,9769.99,9768.06,9769.73,11.666696,2020,6,10
2020-06-10 06:36:00+00:00,9769.73,9770.0,9767.44,9769.62,11.216597,2020,6,10
2020-06-10 06:37:00+00:00,9769.6,9769.6,9764.41,9764.69,18.973435,2020,6,10
2020-06-10 06:38:00+00:00,9764.69,9764.69,9761.82,9762.46,15.050022,2020,6,10
2020-06-10 06:39:00+00:00,9762.33,9766.23,9760.92,9765.48,16.182493,2020,6,10
2020-06-10 06:40:00+00:00,9765.48,9766.22,9764.05,9765.62,12.498689,2020,6,10
2020-06-10 06:41:00+00:00,9764.09,9766.85,9763.66,9766.77,11.366773,2020,6,10
2020-06-10 06:42:00+00:00,9766.31,9767.65,9766.2,9766.21,14.53723,2020,6,10
2020-06-10 06:43:00+00:00,9766.21,9768.27,9766.21,9768.27,18.088531,2020,6,10
2020-06-10 06:44:00+00:00,9768.26,9768.91,9767.79,9768.47,19.029301,2020,6,10
2020-06-10 06:45:00+00:00,9768.44,9768.97,9765.84,9765.85,7.857103,2020,6,10
2020-06-10 06:46:00+00:00,9765.85,9767.92,9765.47,9766.28,7.096257,2020,6,10
2020-06-10 06:47:00+00:00,9765.92,9768.16,9765.02,9766.18,6.737185,2020,6,10
2020-06-10 06:48:00+00:00,9766.17,9768.72,9765.49,9766.7,13.343161,2020,6,10
2020-06-10 06:49:00+00:00,9766.22,9767.68,9763.79,9763.8,14.204014,2020,6,10
2020-06-10 06:50:00+00:00,9763.79,9766.35,9762.91,9765.46,11.228122,2020,6,10
2020-06-10 06:51:00+00:00,9765.45,9770.0,9764.56,9767.63,18.973033,2020,6,10
2020-06-10 06:52:00+00:00,9767.64,9770.69,9767.28,9767.57,18.859835,2020,6,10
2020-06-10 06:53:00+00:00,9767.56,9769.32,9767.42,9768.42,12.602764,2020,6,10
2020-06-10 06:54:00+00:00,9768.42,9769.0,9766.81,9768.54,6.331657,2020,6,10
2020-06-10 06:55:00+00:00,9768.54,9777.51,9767.71,9777.5,36.553666,2020,6,10
2020-06-10 06:56:00+00:00,9777.5,9780.0,9774.06,9775.51,30.697972,2020,6,10
2020-06-10 06:57:00+00:00,9775.52,9780.0,9773.3,9777.59,31.233542,2020,6,10
2020-06-10 06:58:00+00:00,9777.58,9780.0,9777.58,9780.0,15.560852,2020,6,10
2020-06-10 06:59:00+00:00,9779.99,9780.0,9779.1,9779.93,24.639968,2020,6,10
2020-06-10 07:00:00+00:00,9779.93,9779.94,9777.58,9778.76,18.480008,2020,6,10
2020-06-10 07:01:00+00:00,9778.76,9778.76,9772.78,9774.85,28.370379,2020,6,10
2020-06-10 07:02:00+00:00,9775.23,9782.9,9774.83,9780.5,66.297113,2020,6,10
2020-06-10 07:03:00+00:00,9780.51,9790.0,9780.5,9782.62,49.943387,2020,6,10
2020-06-10 07:04:00+00:00,9782.32,9782.76,9780.0,9780.01,24.221521,2020,6,10
2020-06-10 07:05:00+00:00,9780.0,9782.25,9777.14,9780.99,25.1788,2020,6,10
2020-06-10 07:06:00+00:00,9782.53,9783.14,9778.95,9778.98,15.54092,2020,6,10
2020-06-10 07:07:00+00:00,9778.99,9780.87,9778.94,9778.94,8.268858,2020,6,10
2020-06-10 07:08:00+00:00,9778.94,9778.95,9778.91,9778.93,8.45137,2020,6,10
2020-06-10 07:09:00+00:00,9778.93,9778.94,9776.24,9776.84,14.634333,2020,6,10
2020-06-10 07:10:00+00:00,9776.85,9777.7,9774.4,9776.01,20.007223,2020,6,10
2020-06-10 07:11:00+00:00,9776.11,9776.65,9773.55,9774.18,11.354751,2020,6,10
2020-06-10 07:12:00+00:00,9775.16,9775.16,9773.41,9774.86,4.062597,2020,6,10
2020-06-10 07:13:00+00:00,9774.83,9774.98,9773.0,9774.0,8.935303,2020,6,10
2020-06-10 07:14:00+00:00,9773.99,9774.31,9767.24,9772.08,26.060799,2020,6,10
2020-06-10 07:15:00+00:00,9772.07,9772.08,9768.19,9769.44,11.053073,2020,6,10
2020-06-10 07:16:00+00:00,9769.45,9769.45,9762.91,9766.13,37.516518,2020,6,10
2020-06-10 07:17:00+00:00,9767.25,9769.17,9751.03,9751.78,51.704488,2020,6,10
2020-06-10 07:18:00+00:00,9751.78,9772.2,9740.0,9749.99,195.789458,2020,6,10
2020-06-10 07:19:00+00:00,9750.0,9761.64,9749.99,9757.06,50.098051,2020,6,10
2020-06-10 07:20:00+00:00,9757.0,9760.0,9750.84,9754.0,41.700699,2020,6,10
2020-06-10 07:21:00+00:00,9754.0,9757.7,9752.19,9755.09,21.30381,2020,6,10
2020-06-10 07:22:00+00:00,9756.2,9756.47,9751.35,9753.43,12.057121,2020,6,10
2020-06-10 07:23:00+00:00,9753.9,9754.22,9748.0,9749.49,19.715925,2020,6,10
2020-06-10 07:24:00+00:00,9749.49,9752.0,9744.52,9746.97,49.682221,2020,6,10
2020-06-10 07:25:00+00:00,9746.97,9749.56,9742.77,9749.53,42.915741,2020,6,10
2020-06-10 07:26:00+00:00,9749.52,9753.39,9748.91,9751.57,34.334614,2020,6,10
2020-06-10 07:27:00+00:00,9751.58,9759.65,9749.2,9756.74,25.959815,2020,6,10
2020-06-10 07:28:00+00:00,9757.47,9758.53,9753.69,9754.6,23.3659,2020,6,10
2020-06-10 07:29:00+00:00,9754.21,9755.56,9752.53,9754.95,15.282382,2020,6,10
2020-06-10 07:30:00+00:00,9754.95,9755.02,9751.6,9753.53,23.720451,2020,6,10
2020-06-10 07:31:00+00:00,9753.53,9755.7,9751.85,9753.86,17.820576,2020,6,10
2020-06-10 07:32:00+00:00,9753.85,9755.01,9752.81,9753.88,10.122453,2020,6,10
2020-06-10 07:33:00+00:00,9753.87,9754.41,9750.01,9750.6,9.980165,2020,6,10
2020-06-10 07:34:00+00:00,9751.07,9754.5,9750.0,9752.6,13.153074,2020,6,10
2020-06-10 07:35:00+00:00,9752.78,9753.38,9750.51,9752.32,8.082885,2020,6,10
2020-06-10 07:36:00+00:00,9752.47,9753.12,9749.99,9750.07,13.880995,2020,6,10
2020-06-10 07:37:00+00:00,9750.07,9750.28,9746.46,9748.55,22.20176,2020,6,10
2020-06-10 07:38:00+00:00,9749.15,9750.0,9746.06,9748.52,22.960983,2020,6,10
2020-06-10 07:39:00+00:00,9748.96,9750.71,9747.5,9750.0,12.393925,2020,6,10
2020-06-10 07:40:00+00:00,9750.0,9752.0,9747.25,9751.89,15.872877,2020,6,10
2020-06-10 07:41:00+00:00,9751.91,9752.77,9746.03,9747.12,18.446787,2020,6,10
2020-06-10 07:42:00+00:00,9747.12,9747.84,9720.0,9720.0,121.011111,2020,6,10
2020-06-10 07:43:00+00:00,9722.96,9744.4,9720.0,9730.99,120.81638,2020,6,10
2020-06-10 07:44:00+00:00,9730.98,9738.78,9725.68,9734.69,40.839697,2020,6,10
2020-06-10 07:45:00+00:00,9735.5,9735.99,9729.91,9734.99,15.206533,2020,6,10
2020-06-10 07:46:00+00:00,9734.99,9741.11,9734.66,9739.63,13.855767,2020,6,10
2020-06-10 07:47:00+00:00,9739.63,9741.59,9737.85,9740.69,26.762496,2020,6,10
2020-06-10 07:48:00+00:00,9740.7,9741.97,9740.39,9741.52,8.414461,2020,6,10
2020-06-10 07:49:00+00:00,9741.51,9743.83,9740.69,9740.72,21.388252,2020,6,10
2020-06-10 07:50:00+00:00,9740.72,9745.99,9740.7,9743.8,14.247973,2020,6,10
2020-06-10 07:51:00+00:00,9743.79,9745.9,9742.65,9744.19,10.163464,2020,6,10
2020-06-10 07:52:00+00:00,9744.18,9744.2,9739.3,9740.0,33.03881,2020,6,10
2020-06-10 07:53:00+00:00,9740.49,9741.0,9738.44,9739.99,22.735716,2020,6,10
2020-06-10 07:54:00+00:00,9739.98,9740.0,9737.0,9739.07,31.867927,2020,6,10
2020-06-10 07:55:00+00:00,9739.07,9740.56,9739.07,9740.54,13.682404,2020,6,10
2020-06-10 07:56:00+00:00,9740.56,9741.9,9740.15,9741.85,16.543749,2020,6,10
2020-06-10 07:57:00+00:00,9741.89,9752.61,9741.89,9749.67,49.649434,2020,6,10
2020-06-10 07:58:00+00:00,9749.67,9750.2,9744.37,9746.67,19.738621,2020,6,10
2020-06-10 07:59:00+00:00,9746.67,9747.89,9745.0,9747.89,32.703577,2020,6,10
2020-06-10 08:00:00+00:00,9747.88,9764.19,9747.81,9764.18,52.130355,2020,6,10
2020-06-10 08:01:00+00:00,9764.19,9765.79,9757.45,9758.5,42.752239,2020,6,10
2020-06-10 08:02:00+00:00,9758.49,9759.88,9756.51,9757.11,18.935217,2020,6,10
2020-06-10 08:03:00+00:00,9757.11,9758.97,9754.29,9756.68,31.026839,2020,6,10
2020-06-10 08:04:00+00:00,9756.76,9760.0,9755.01,9755.93,25.735494,2020,6,10
2020-06-10 08:05:00+00:00,9756.12,9757.03,9752.65,9753.21,31.860275,2020,6,10
2020-06-10 08:06:00+00:00,9753.21,9755.22,9752.27,9752.71,18.560353,2020,6,10
2020-06-10 08:07:00+00:00,9752.71,9754.17,9751.95,9751.95,8.91296,2020,6,10
2020-06-10 08:08:00+00:00,9752.93,9754.36,9751.29,9753.21,6.396555,2020,6,10
2020-06-10 08:09:00+00:00,9753.28,9753.28,9751.33,9752.63,6.54551,2020,6,10
2020-06-10 08:10:00+00:00,9752.63,9753.21,9750.0,9750.58,15.62851,2020,6,10
2020-06-10 08:11:00+00:00,9750.55,9753.35,9750.0,9752.42,23.617046,2020,6,10
2020-06-10 08:12:00+00:00,9752.14,9752.5,9743.84,9745.77,33.197263,2020,6,10
2020-06-10 08:13:00+00:00,9745.77,9746.24,9738.47,9738.48,23.623244,2020,6,10
2020-06-10 08:14:00+00:00,9738.48,9742.25,9733.91,9738.59,35.194294,2020,6,10
2020-06-10 08:15:00+00:00,9738.59,9741.0,9738.21,9740.87,6.677294,2020,6,10
2020-06-10 08:16:00+00:00,9740.83,9745.0,9740.76,9740.77,22.840949,2020,6,10
2020-06-10 08:17:00+00:00,9740.77,9743.98,9740.77,9742.94,9.383082,2020,6,10
2020-06-10 08:18:00+00:00,9742.93,9748.15,9742.93,9746.63,16.825876,2020,6,10
2020-06-10 08:19:00+00:00,9746.63,9748.46,9746.61,9748.38,4.485595,2020,6,10
2020-06-10 08:20:00+00:00,9748.38,9748.78,9741.9,9742.75,19.004699,2020,6,10
2020-06-10 08:21:00+00:00,9742.96,9745.75,9742.75,9744.86,16.119705,2020,6,10
2020-06-10 08:22:00+00:00,9745.14,9746.5,9744.76,9746.17,7.628931,2020,6,10
2020-06-10 08:23:00+00:00,9746.18,9747.3,9743.01,9746.38,14.991253,2020,6,10
2020-06-10 08:24:00+00:00,9746.46,9747.19,9745.76,9746.34,6.237571,2020,6,10
2020-06-10 08:25:00+00:00,9746.34,9748.52,9743.0,9746.34,17.627221,2020,6,10
2020-06-10 08:26:00+00:00,9746.43,9749.34,9746.22,9749.14,18.273389,2020,6,10
2020-06-10 08:27:00+00:00,9749.13,9750.0,9747.25,9749.0,22.294734,2020,6,10
2020-06-10 08:28:00+00:00,9749.0,9749.0,9743.85,9747.99,13.302692,2020,6,10
2020-06-10 08:29:00+00:00,9747.99,9747.99,9742.45,9742.66,11.24045,2020,6,10
2020-06-10 08:30:00+00:00,9743.8,9744.7,9740.82,9742.29,22.451265,2020,6,10
2020-06-10 08:31:00+00:00,9742.2,9742.83,9739.0,9740.33,15.712313,2020,6,10
2020-06-10 08:32:00+00:00,9740.32,9745.75,9739.01,9743.22,18.482933,2020,6,10
2020-06-10 08:33:00+00:00,9743.21,9744.95,9735.38,9741.71,36.174316,2020,6,10
2020-06-10 08:34:00+00:00,9742.18,9743.14,9740.68,9741.65,9.061899,2020,6,10
2020-06-10 08:35:00+00:00,9741.65,9742.17,9740.0,9740.43,11.546141,2020,6,10
2020-06-10 08:36:00+00:00,9741.28,9744.23,9740.04,9743.05,7.886522,2020,6,10
2020-06-10 08:37:00+00:00,9743.05,9743.09,9743.05,9743.06,16.135688,2020,6,10
2020-06-10 08:38:00+00:00,9743.05,9744.97,9743.05,9744.71,9.000206,2020,6,10
2020-06-10 08:39:00+00:00,9744.49,9744.49,9739.99,9742.98,33.512384,2020,6,10
2020-06-10 08:40:00+00:00,9742.99,9743.38,9742.99,9743.19,7.50275,2020,6,10
2020-06-10 08:41:00+00:00,9743.19,9743.34,9741.09,9742.51,11.780031,2020,6,10
2020-06-10 08:42:00+00:00,9742.51,9742.52,9740.58,9741.72,11.020346,2020,6,10
2020-06-10 08:43:00+00:00,9741.71,9741.73,9741.7,9741.7,10.228278,2020,6,10
2020-06-10 08:44:00+00:00,9741.7,9741.72,9735.0,9739.96,45.724234,2020,6,10
2020-06-10 08:45:00+00:00,9740.02,9747.0,9738.98,9746.78,37.589357,2020,6,10
2020-06-10 08:46:00+00:00,9746.78,9746.84,9746.01,9746.83,18.25924,2020,6,10
2020-06-10 08:47:00+00:00,9746.82,9751.16,9746.81,9750.01,17.189578,2020,6,10
2020-06-10 08:48:00+00:00,9750.01,9750.52,9746.82,9747.77,16.454667,2020,6,10
2020-06-10 08:49:00+00:00,9747.28,9749.15,9746.02,9749.14,19.407187,2020,6,10
2020-06-10 08:50:00+00:00,9749.14,9750.03,9745.05,9747.39,15.817857,2020,6,10
2020-06-10 08:51:00+00:00,9747.45,9747.64,9746.79,9747.4,5.79299,2020,6,10
2020-06-10 08:52:00+00:00,9746.91,9747.02,9742.82,9742.85,13.326153,2020,6,10
2020-06-10 08:53:00+00:00,9743.56,9745.37,9740.61,9740.67,14.633301,2020,6,10
2020-06-10 08:54:00+00:00,9740.67,9743.84,9740.0,9742.0,13.054382,2020,6,10
2020-06-10 08:55:00+00:00,9742.0,9743.52,9732.61,9739.28,78.900996,2020,6,10
2020-06-10 08:56:00+00:00,9739.28,9740.01,9734.93,9737.65,14.677236,2020,6,10
2020-06-10 08:57:00+00:00,9737.64,9739.99,9732.0,9738.97,31.427224,2020,6,10
2020-06-10 08:58:00+00:00,9738.97,9739.95,9737.84,9739.29,16.466956,2020,6,10
2020-06-10 08:59:00+00:00,9739.0,9740.0,9738.47,9739.0,11.038045,2020,6,10
2020-06-10 09:00:00+00:00,9739.0,9739.0,9734.93,9735.65,16.99097,2020,6,10
2020-06-10 09:01:00+00:00,9735.65,9735.65,9720.3,9730.88,96.042985,2020,6,10
2020-06-10 09:02:00+00:00,9730.88,9730.89,9723.0,9727.52,47.400746,2020,6,10
2020-06-10 09:03:00+00:00,9727.5,9727.97,9723.01,9726.68,22.186725,2020,6,10
2020-06-10 09:04:00+00:00,9726.64,9731.46,9722.11,9729.58,41.007878,2020,6,10
2020-06-10 09:05:00+00:00,9729.58,9732.2,9726.34,9726.73,31.310588,2020,6,10
2020-06-10 09:06:00+00:00,9726.73,9733.53,9726.52,9732.8,30.03711,2020,6,10
2020-06-10 09:07:00+00:00,9732.81,9732.82,9727.51,9731.92,18.706163,2020,6,10
2020-06-10 09:08:00+00:00,9731.93,9732.19,9727.09,9729.74,11.703842,2020,6,10
2020-06-10 09:09:00+00:00,9729.94,9729.95,9725.0,9726.3,8.351066,2020,6,10
2020-06-10 09:10:00+00:00,9726.4,9729.12,9725.06,9726.9,10.777738,2020,6,10
2020-06-10 09:11:00+00:00,9726.84,9731.98,9726.77,9728.73,18.636426,2020,6,10
2020-06-10 09:12:00+00:00,9727.95,9729.65,9726.18,9726.74,28.855742,2020,6,10
2020-06-10 09:13:00+00:00,9726.73,9727.21,9726.7,9726.72,17.548264,2020,6,10
2020-06-10 09:14:00+00:00,9726.73,9730.49,9726.72,9727.95,12.469157,2020,6,10
2020-06-10 09:15:00+00:00,9728.98,9731.5,9728.77,9730.83,17.710794,2020,6,10
2020-06-10 09:16:00+00:00,9730.84,9731.32,9727.95,9728.51,21.262783,2020,6,10
2020-06-10 09:17:00+00:00,9728.51,9728.51,9716.14,9724.36,86.277424,2020,6,10
2020-06-10 09:18:00+00:00,9724.36,9725.47,9715.0,9718.08,43.473854,2020,6,10
2020-06-10 09:19:00+00:00,9718.5,9726.49,9718.25,9720.63,26.366129,2020,6,10
2020-06-10 09:20:00+00:00,9720.63,9720.66,9715.0,9717.99,53.277465,2020,6,10
2020-06-10 09:21:00+00:00,9717.99,9718.27,9710.0,9712.59,73.777017,2020,6,10
2020-06-10 09:22:00+00:00,9713.35,9721.22,9712.6,9720.27,29.278973,2020,6,10
2020-06-10 09:23:00+00:00,9720.65,9723.48,9718.89,9722.0,41.981489,2020,6,10
2020-06-10 09:24:00+00:00,9722.0,9724.66,9716.91,9718.7,24.926491,2020,6,10
2020-06-10 09:25:00+00:00,9719.0,9719.51,9716.36,9717.79,18.831223,2020,6,10
2020-06-10 09:26:00+00:00,9717.88,9718.9,9715.0,9716.44,17.628854,2020,6,10
2020-06-10 09:27:00+00:00,9716.44,9720.88,9716.0,9719.39,27.900521,2020,6,10
2020-06-10 09:28:00+00:00,9718.96,9721.59,9718.0,9720.44,15.509078,2020,6,10
2020-06-10 09:29:00+00:00,9720.45,9726.68,9720.0,9725.56,48.379306,2020,6,10
2020-06-10 09:30:00+00:00,9725.97,9726.19,9715.47,9719.38,25.671964,2020,6,10
2020-06-10 09:31:00+00:00,9719.38,9721.28,9718.88,9719.98,10.587672,2020,6,10
2020-06-10 09:32:00+00:00,9719.98,9721.2,9710.0,9710.0,86.864088,2020,6,10
2020-06-10 09:33:00+00:00,9710.0,9715.98,9706.04,9713.88,79.35966,2020,6,10
2020-06-10 09:34:00+00:00,9713.85,9722.71,9711.97,9721.09,39.761153,2020,6,10
2020-06-10 09:35:00+00:00,9721.12,9725.0,9720.56,9722.0,29.808642,2020,6,10
2020-06-10 09:36:00+00:00,9722.0,9723.94,9718.49,9723.01,34.140434,2020,6,10
2020-06-10 09:37:00+00:00,9723.72,9732.0,9723.66,9731.99,31.699928,2020,6,10
2020-06-10 09:38:00+00:00,9732.0,9734.72,9732.0,9734.47,37.94062,2020,6,10
2020-06-10 09:39:00+00:00,9734.71,9735.52,9732.78,9734.85,19.888711,2020,6,10
2020-06-10 09:40:00+00:00,9734.85,9735.01,9728.2,9729.69,33.594918,2020,6,10
2020-06-10 09:41:00+00:00,9730.35,9730.5,9728.39,9729.4,12.829834,2020,6,10
2020-06-10 09:42:00+00:00,9729.39,9736.02,9729.39,9736.01,27.317013,2020,6,10
2020-06-10 09:43:00+00:00,9736.01,9736.03,9733.01,9733.01,35.329259,2020,6,10
2020-06-10 09:44:00+00:00,9733.01,9734.42,9729.01,9733.49,18.381054,2020,6,10
2020-06-10 09:45:00+00:00,9733.49,9736.72,9731.92,9736.46,17.77163,2020,6,10
2020-06-10 09:46:00+00:00,9736.47,9739.62,9734.68,9739.1,15.753992,2020,6,10
2020-06-10 09:47:00+00:00,9739.04,9739.37,9732.82,9737.81,14.90673,2020,6,10
2020-06-10 09:48:00+00:00,9737.69,9738.15,9737.2,9737.98,11.010898,2020,6,10
2020-06-10 09:49:00+00:00,9737.99,9739.99,9736.4,9738.25,22.893862,2020,6,10
2020-06-10 09:50:00+00:00,9738.25,9739.0,9736.79,9738.0,14.213474,2020,6,10
2020-06-10 09:51:00+00:00,9738.0,9738.91,9736.79,9737.15,12.30165,2020,6,10
2020-06-10 09:52:00+00:00,9737.16,9737.16,9732.25,9734.42,26.545752,2020,6,10
2020-06-10 09:53:00+00:00,9734.04,9736.38,9732.89,9734.95,8.439712,2020,6,10
2020-06-10 09:54:00+00:00,9734.88,9737.54,9734.0,9737.06,18.759791,2020,6,10
2020-06-10 09:55:00+00:00,9736.01,9737.65,9734.99,9735.3,21.000651,2020,6,10
2020-06-10 09:56:00+00:00,9735.29,9735.29,9730.0,9730.98,23.489131,2020,6,10
2020-06-10 09:57:00+00:00,9730.98,9732.31,9716.25,9725.23,55.268329,2020,6,10
2020-06-10 09:58:00+00:00,9725.29,9726.87,9722.12,9725.68,18.212484,2020,6,10
2020-06-10 09:59:00+00:00,9725.72,9726.96,9722.73,9724.25,9.022268,2020,6,10
2020-06-10 10:00:00+00:00,9724.25,9724.59,9717.21,9720.61,38.618585,2020,6,10
2020-06-10 10:01:00+00:00,9720.93,9722.72,9716.55,9720.46,24.016457,2020,6,10
2020-06-10 10:02:00+00:00,9720.45,9724.83,9718.13,9720.5,39.938894,2020,6,10
2020-06-10 10:03:00+00:00,9719.87,9727.62,9718.45,9725.14,29.60561,2020,6,10
2020-06-10 10:04:00+00:00,9726.47,9728.37,9722.76,9726.83,20.946189,2020,6,10
2020-06-10 10:05:00+00:00,9726.5,9727.66,9721.65,9723.67,10.414745,2020,6,10
2020-06-10 10:06:00+00:00,9723.7,9730.0,9723.23,9730.0,28.813539,2020,6,10
2020-06-10 10:07:00+00:00,9730.0,9732.73,9728.68,9732.49,24.53717,2020,6,10
2020-06-10 10:08:00+00:00,9732.63,9735.71,9732.63,9735.02,19.9308,2020,6,10
2020-06-10 10:09:00+00:00,9735.02,9736.0,9732.04,9734.6,10.287898,2020,6,10
2020-06-10 10:10:00+00:00,9734.6,9735.75,9732.71,9734.41,7.22231,2020,6,10
2020-06-10 10:11:00+00:00,9734.87,9736.53,9731.07,9732.8,17.844028,2020,6,10
2020-06-10 10:12:00+00:00,9732.52,9733.69,9731.94,9732.53,6.463786,2020,6,10
2020-06-10 10:13:00+00:00,9733.01,9733.22,9730.01,9730.01,17.306221,2020,6,10
2020-06-10 10:14:00+00:00,9730.02,9736.93,9730.01,9736.92,69.222351,2020,6,10
2020-06-10 10:15:00+00:00,9736.92,9745.94,9735.76,9743.77,66.192711,2020,6,10
2020-06-10 10:16:00+00:00,9743.78,9747.0,9742.04,9743.6,18.633841,2020,6,10
2020-06-10 10:17:00+00:00,9743.5,9743.6,9739.61,9739.92,17.946368,2020,6,10
2020-06-10 10:18:00+00:00,9740.0,9741.4,9737.31,9739.56,12.468263,2020,6,10
2020-06-10 10:19:00+00:00,9739.75,9740.14,9737.31,9737.75,17.258412,2020,6,10
2020-06-10 10:20:00+00:00,9738.23,9739.33,9737.31,9737.81,10.011047,2020,6,10
2020-06-10 10:21:00+00:00,9737.82,9738.87,9734.13,9734.14,30.545376,2020,6,10
2020-06-10 10:22:00+00:00,9734.14,9737.33,9733.89,9734.49,17.704438,2020,6,10
2020-06-10 10:23:00+00:00,9733.69,9737.51,9731.61,9733.8,25.516873,2020,6,10
2020-06-10 10:24:00+00:00,9733.8,9736.58,9733.8,9733.85,24.504251,2020,6,10
2020-06-10 10:25:00+00:00,9733.86,9734.28,9732.13,9733.01,6.434717,2020,6,10
2020-06-10 10:26:00+00:00,9733.0,9734.52,9732.1,9733.01,10.879524,2020,6,10
2020-06-10 10:27:00+00:00,9733.01,9734.0,9731.15,9732.69,12.088645,2020,6,10
2020-06-10 10:28:00+00:00,9732.68,9738.44,9731.34,9738.37,25.990325,2020,6,10
2020-06-10 10:29:00+00:00,9738.36,9739.37,9737.84,9739.17,21.649996,2020,6,10
2020-06-10 10:30:00+00:00,9739.17,9739.99,9736.98,9738.39,19.824944,2020,6,10
2020-06-10 10:31:00+00:00,9738.4,9738.74,9738.38,9738.39,8.005375,2020,6,10
2020-06-10 10:32:00+00:00,9738.39,9739.19,9738.39,9739.03,4.819692,2020,6,10
2020-06-10 10:33:00+00:00,9739.03,9740.0,9737.32,9739.48,13.791275,2020,6,10
2020-06-10 10:34:00+00:00,9739.48,9739.48,9736.58,9739.04,23.645557,2020,6,10
2020-06-10 10:35:00+00:00,9739.06,9739.41,9732.36,9732.99,22.791504,2020,6,10
2020-06-10 10:36:00+00:00,9733.49,9736.98,9732.66,9734.99,16.159674,2020,6,10
2020-06-10 10:37:00+00:00,9735.0,9736.47,9732.73,9736.1,27.424684,2020,6,10
2020-06-10 10:38:00+00:00,9736.11,9739.0,9736.11,9738.97,12.53867,2020,6,10
2020-06-10 10:39:00+00:00,9738.96,9739.43,9738.94,9739.1,9.82409,2020,6,10
2020-06-10 10:40:00+00:00,9739.1,9739.11,9739.0,9739.0,9.337153,2020,6,10
2020-06-10 10:41:00+00:00,9739.01,9739.08,9738.96,9739.05,14.64035,2020,6,10
2020-06-10 10:42:00+00:00,9739.06,9739.06,9733.21,9734.74,16.853282,2020,6,10
2020-06-10 10:43:00+00:00,9734.74,9737.43,9734.62,9736.68,14.47072,2020,6,10
2020-06-10 10:44:00+00:00,9736.67,9736.67,9733.73,9734.63,19.498112,2020,6,10
2020-06-10 10:45:00+00:00,9734.64,9736.77,9734.63,9736.74,6.898782,2020,6,10
2020-06-10 10:46:00+00:00,9736.75,9738.52,9735.03,9737.75,9.140446,2020,6,10
2020-06-10 10:47:00+00:00,9737.76,9739.06,9737.76,9739.03,4.781147,2020,6,10
2020-06-10 10:48:00+00:00,9739.03,9739.06,9738.0,9738.32,6.408357,2020,6,10
2020-06-10 10:49:00+00:00,9738.81,9739.06,9737.76,9738.32,7.149789,2020,6,10
2020-06-10 10:50:00+00:00,9737.79,9739.06,9737.76,9737.79,10.894416,2020,6,10
2020-06-10 10:51:00+00:00,9737.78,9739.06,9737.76,9737.96,8.946327,2020,6,10
2020-06-10 10:52:00+00:00,9737.95,9739.06,9737.82,9739.06,14.817249,2020,6,10
2020-06-10 10:53:00+00:00,9739.05,9739.06,9739.03,9739.05,6.527313,2020,6,10
2020-06-10 10:54:00+00:00,9739.05,9741.72,9737.02,9741.69,46.586414,2020,6,10
2020-06-10 10:55:00+00:00,9741.69,9745.0,9739.17,9741.96,21.765402,2020,6,10
2020-06-10 10:56:00+00:00,9741.96,9743.32,9741.56,9742.84,32.875803,2020,6,10
2020-06-10 10:57:00+00:00,9742.25,9742.99,9740.01,9741.21,12.898633,2020,6,10
2020-06-10 10:58:00+00:00,9741.2,9741.49,9740.0,9740.01,12.661989,2020,6,10
2020-06-10 10:59:00+00:00,9740.08,9746.06,9740.07,9742.45,35.390886,2020,6,10
2020-06-10 11:00:00+00:00,9743.06,9745.38,9741.97,9742.52,16.360923,2020,6,10
2020-06-10 11:01:00+00:00,9742.52,9747.39,9741.56,9745.76,18.813634,2020,6,10
2020-06-10 11:02:00+00:00,9745.75,9747.35,9742.02,9743.24,22.281035,2020,6,10
2020-06-10 11:03:00+00:00,9743.15,9745.73,9743.02,9743.8,5.386521,2020,6,10
2020-06-10 11:04:00+00:00,9743.69,9745.73,9743.0,9744.02,10.95682,2020,6,10
2020-06-10 11:05:00+00:00,9744.01,9745.45,9742.11,9743.26,16.209823,2020,6,10
2020-06-10 11:06:00+00:00,9743.28,9745.75,9743.0,9743.19,15.015053,2020,6,10
2020-06-10 11:07:00+00:00,9743.39,9746.06,9743.0,9745.73,37.94895,2020,6,10
2020-06-10 11:08:00+00:00,9745.73,9747.48,9744.97,9746.0,15.568041,2020,6,10
2020-06-10 11:09:00+00:00,9746.02,9746.87,9745.0,9746.71,11.268244,2020,6,10
2020-06-10 11:10:00+00:00,9746.71,9746.86,9743.94,9743.94,12.856286,2020,6,10
2020-06-10 11:11:00+00:00,9744.09,9746.0,9743.99,9744.48,16.382467,2020,6,10
2020-06-10 11:12:00+00:00,9744.49,9746.28,9743.22,9744.48,23.480765,2020,6,10
2020-06-10 11:13:00+00:00,9744.48,9745.51,9743.1,9743.46,6.381904,2020,6,10
2020-06-10 11:14:00+00:00,9744.1,9744.9,9743.0,9743.68,15.35746,2020,6,10
2020-06-10 11:15:00+00:00,9743.25,9744.74,9740.02,9741.97,22.082194,2020,6,10
2020-06-10 11:16:00+00:00,9741.97,9743.85,9740.52,9742.21,6.379822,2020,6,10
2020-06-10 11:17:00+00:00,9742.28,9742.28,9735.99,9741.0,54.069003,2020,6,10
2020-06-10 11:18:00+00:00,9740.99,9741.0,9739.38,9741.0,9.46351,2020,6,10
2020-06-10 11:19:00+00:00,9741.0,9741.0,9738.24,9740.14,8.280339,2020,6,10
2020-06-10 11:20:00+00:00,9739.68,9740.6,9738.79,9739.02,5.327926,2020,6,10
2020-06-10 11:21:00+00:00,9739.03,9739.05,9737.43,9738.19,6.858007,2020,6,10
2020-06-10 11:22:00+00:00,9737.87,9739.84,9737.86,9739.02,8.283856,2020,6,10
2020-06-10 11:23:00+00:00,9738.99,9740.0,9738.85,9739.14,16.769986,2020,6,10
2020-06-10 11:24:00+00:00,9739.14,9739.98,9737.06,9739.29,17.383832,2020,6,10
2020-06-10 11:25:00+00:00,9739.29,9740.61,9738.91,9740.45,18.961207,2020,6,10
2020-06-10 11:26:00+00:00,9739.86,9740.63,9739.46,9740.34,9.699461,2020,6,10
2020-06-10 11:27:00+00:00,9740.35,9740.63,9739.48,9739.83,9.272607,2020,6,10
2020-06-10 11:28:00+00:00,9739.99,9740.71,9739.83,9740.07,6.132598,2020,6,10
2020-06-10 11:29:00+00:00,9740.06,9740.75,9737.08,9739.78,13.176469,2020,6,10
2020-06-10 11:30:00+00:00,9739.56,9739.94,9733.86,9737.65,28.839707,2020,6,10
2020-06-10 11:31:00+00:00,9737.65,9742.92,9737.64,9739.34,32.523811,2020,6,10
2020-06-10 11:32:00+00:00,9739.63,9740.31,9737.13,9738.96,9.483335,2020,6,10
2020-06-10 11:33:00+00:00,9738.95,9739.96,9737.83,9738.73,6.694639,2020,6,10
2020-06-10 11:34:00+00:00,9738.69,9739.97,9737.29,9739.15,8.279736,2020,6,10
2020-06-10 11:35:00+00:00,9739.14,9739.94,9733.11,9739.94,11.956151,2020,6,10
2020-06-10 11:36:00+00:00,9739.5,9740.26,9738.06,9738.12,9.702775,2020,6,10
2020-06-10 11:37:00+00:00,9738.11,9739.84,9735.07,9736.31,10.785541,2020,6,10
2020-06-10 11:38:00+00:00,9736.88,9737.49,9733.0,9734.65,33.194373,2020,6,10
2020-06-10 11:39:00+00:00,9734.62,9736.16,9733.07,9736.0,19.058399,2020,6,10
2020-06-10 11:40:00+00:00,9736.0,9736.0,9734.0,9734.51,8.544446,2020,6,10
2020-06-10 11:41:00+00:00,9734.51,9735.0,9733.0,9734.14,11.866183,2020,6,10
2020-06-10 11:42:00+00:00,9734.12,9734.12,9730.17,9731.34,21.872022,2020,6,10
2020-06-10 11:43:00+00:00,9730.91,9735.03,9730.0,9735.03,46.770216,2020,6,10
2020-06-10 11:44:00+00:00,9735.33,9735.99,9732.39,9734.42,14.575312,2020,6,10
2020-06-10 11:45:00+00:00,9734.43,9735.53,9733.24,9734.98,5.442335,2020,6,10
2020-06-10 11:46:00+00:00,9734.99,9735.99,9732.01,9735.98,19.277449,2020,6,10
2020-06-10 11:47:00+00:00,9735.98,9737.91,9735.59,9737.89,23.568468,2020,6,10
2020-06-10 11:48:00+00:00,9737.51,9738.99,9737.51,9738.22,11.418736,2020,6,10
2020-06-10 11:49:00+00:00,9738.23,9738.97,9735.14,9737.06,18.71999,2020,6,10
2020-06-10 11:50:00+00:00,9737.06,9738.08,9735.08,9736.91,11.094898,2020,6,10
2020-06-10 11:51:00+00:00,9737.18,9737.18,9732.56,9734.03,21.586443,2020,6,10
2020-06-10 11:52:00+00:00,9733.73,9735.22,9732.09,9732.75,8.742133,2020,6,10
2020-06-10 11:53:00+00:00,9732.39,9733.0,9728.61,9729.5,25.011634,2020,6,10
2020-06-10 11:54:00+00:00,9729.97,9735.96,9729.29,9734.47,37.664487,2020,6,10
2020-06-10 11:55:00+00:00,9734.39,9735.0,9731.42,9733.26,16.445619,2020,6,10
2020-06-10 11:56:00+00:00,9733.26,9733.46,9728.49,9730.18,21.949206,2020,6,10
2020-06-10 11:57:00+00:00,9730.18,9730.66,9727.37,9728.36,10.395478,2020,6,10
2020-06-10 11:58:00+00:00,9728.35,9728.88,9726.26,9726.57,12.19788,2020,6,10
2020-06-10 11:59:00+00:00,9726.56,9730.59,9725.04,9729.6,25.981472,2020,6,10
2020-06-10 12:00:00+00:00,9728.41,9729.63,9720.0,9724.36,96.707909,2020,6,10
2020-06-10 12:01:00+00:00,9724.05,9726.26,9720.29,9722.68,53.996043,2020,6,10
2020-06-10 12:02:00+00:00,9722.68,9724.86,9720.0,9722.04,22.725359,2020,6,10
2020-06-10 12:03:00+00:00,9722.82,9724.0,9721.0,9724.0,18.629238,2020,6,10
2020-06-10 12:04:00+00:00,9723.99,9732.2,9723.99,9730.43,25.72566,2020,6,10
2020-06-10 12:05:00+00:00,9729.68,9735.0,9729.68,9734.0,12.871086,2020,6,10
2020-06-10 12:06:00+00:00,9733.99,9738.8,9733.99,9738.37,15.577707,2020,6,10
2020-06-10 12:07:00+00:00,9738.37,9738.49,9735.34,9738.0,16.258937,2020,6,10
2020-06-10 12:08:00+00:00,9737.99,9755.0,9737.99,9750.67,78.872617,2020,6,10
2020-06-10 12:09:00+00:00,9751.13,9752.69,9747.38,9749.69,38.172309,2020,6,10
2020-06-10 12:10:00+00:00,9749.69,9754.71,9749.63,9753.71,23.752968,2020,6,10
2020-06-10 12:11:00+00:00,9753.71,9765.17,9753.58,9764.4,73.656185,2020,6,10
2020-06-10 12:12:00+00:00,9764.41,9765.33,9756.68,9757.77,47.979555,2020,6,10
2020-06-10 12:13:00+00:00,9757.76,9759.28,9756.72,9758.77,22.824885,2020,6,10
2020-06-10 12:14:00+00:00,9758.77,9759.19,9756.28,9758.51,16.337077,2020,6,10
2020-06-10 12:15:00+00:00,9758.03,9759.0,9756.76,9757.02,11.236667,2020,6,10
2020-06-10 12:16:00+00:00,9756.76,9757.17,9749.82,9750.75,29.786452,2020,6,10
2020-06-10 12:17:00+00:00,9751.11,9751.11,9749.02,9750.3,16.92666,2020,6,10
2020-06-10 12:18:00+00:00,9750.07,9751.61,9749.47,9750.45,12.384431,2020,6,10
2020-06-10 12:19:00+00:00,9750.46,9754.05,9750.08,9754.04,16.916676,2020,6,10
2020-06-10 12:20:00+00:00,9754.05,9754.99,9750.3,9751.98,13.317188,2020,6,10
2020-06-10 12:21:00+00:00,9751.98,9754.13,9749.03,9753.74,10.88569,2020,6,10
2020-06-10 12:22:00+00:00,9753.75,9755.0,9752.0,9753.09,10.778381,2020,6,10
2020-06-10 12:23:00+00:00,9753.18,9753.87,9750.33,9753.07,12.318796,2020,6,10
2020-06-10 12:24:00+00:00,9752.15,9755.19,9750.73,9753.91,32.142034,2020,6,10
2020-06-10 12:25:00+00:00,9753.92,9755.19,9753.92,9754.53,7.310386,2020,6,10
2020-06-10 12:26:00+00:00,9754.52,9755.0,9751.04,9751.92,20.250556,2020,6,10
2020-06-10 12:27:00+00:00,9751.92,9755.0,9751.85,9753.27,13.140726,2020,6,10
2020-06-10 12:28:00+00:00,9752.72,9755.0,9750.99,9752.57,28.601958,2020,6,10
2020-06-10 12:29:00+00:00,9752.58,9754.15,9749.48,9750.62,22.373947,2020,6,10
2020-06-10 12:30:00+00:00,9750.0,9751.96,9748.09,9749.38,21.286549,2020,6,10
2020-06-10 12:31:00+00:00,9749.38,9751.45,9748.0,9748.01,11.97999,2020,6,10
2020-06-10 12:32:00+00:00,9748.01,9749.34,9747.92,9748.87,16.361532,2020,6,10
2020-06-10 12:33:00+00:00,9748.87,9749.46,9748.84,9748.85,11.96106,2020,6,10
2020-06-10 12:34:00+00:00,9748.84,9749.66,9746.09,9746.28,20.047572,2020,6,10
2020-06-10 12:35:00+00:00,9746.77,9751.31,9746.19,9750.68,31.68632,2020,6,10
2020-06-10 12:36:00+00:00,9751.21,9753.28,9750.97,9753.14,12.969719,2020,6,10
2020-06-10 12:37:00+00:00,9753.14,9756.61,9750.99,9755.24,46.983653,2020,6,10
2020-06-10 12:38:00+00:00,9754.02,9755.87,9752.78,9755.72,8.089362,2020,6,10
2020-06-10 12:39:00+00:00,9754.7,9756.45,9753.69,9755.72,9.585226,2020,6,10
2020-06-10 12:40:00+00:00,9755.72,9756.0,9751.01,9753.52,7.840361,2020,6,10
2020-06-10 12:41:00+00:00,9753.52,9756.1,9752.12,9753.93,11.157767,2020,6,10
2020-06-10 12:42:00+00:00,9753.86,9755.91,9752.36,9753.99,6.005856,2020,6,10
2020-06-10 12:43:00+00:00,9753.99,9755.0,9753.12,9755.0,8.776781,2020,6,10
2020-06-10 12:44:00+00:00,9755.0,9758.99,9754.99,9757.12,19.793424,2020,6,10
2020-06-10 12:45:00+00:00,9757.11,9759.79,9756.98,9759.12,19.31086,2020,6,10
2020-06-10 12:46:00+00:00,9758.78,9763.03,9755.93,9759.64,37.487783,2020,6,10
2020-06-10 12:47:00+00:00,9758.34,9774.2,9758.15,9770.34,93.15724,2020,6,10
2020-06-10 12:48:00+00:00,9770.37,9772.12,9763.81,9766.1,29.374153,2020,6,10
2020-06-10 12:49:00+00:00,9766.09,9767.5,9765.44,9765.45,23.123392,2020,6,10
2020-06-10 12:50:00+00:00,9765.45,9766.0,9764.0,9764.14,18.038834,2020,6,10
2020-06-10 12:51:00+00:00,9764.15,9765.5,9761.69,9761.8,28.925823,2020,6,10
2020-06-10 12:52:00+00:00,9761.8,9767.07,9761.8,9762.82,60.422068,2020,6,10
2020-06-10 12:53:00+00:00,9763.15,9763.98,9762.44,9763.31,12.424978,2020,6,10
2020-06-10 12:54:00+00:00,9763.08,9765.27,9763.08,9763.23,12.593923,2020,6,10
2020-06-10 12:55:00+00:00,9763.23,9764.4,9763.21,9764.4,17.484207,2020,6,10
2020-06-10 12:56:00+00:00,9764.41,9764.41,9761.99,9763.1,31.692535,2020,6,10
2020-06-10 12:57:00+00:00,9763.06,9766.09,9762.0,9764.33,25.71384,2020,6,10
2020-06-10 12:58:00+00:00,9764.33,9765.84,9764.3,9765.01,9.49634,2020,6,10
2020-06-10 12:59:00+00:00,9765.01,9765.02,9763.69,9763.98,19.180761,2020,6,10
2020-06-10 13:00:00+00:00,9763.85,9763.85,9757.98,9760.46,53.559214,2020,6,10
2020-06-10 13:01:00+00:00,9760.47,9763.2,9758.55,9759.04,15.997298,2020,6,10
2020-06-10 13:02:00+00:00,9759.01,9759.99,9757.54,9757.54,3.877603,2020,6,10
2020-06-10 13:03:00+00:00,9758.17,9760.0,9757.45,9759.97,15.286565,2020,6,10
2020-06-10 13:04:00+00:00,9759.97,9760.0,9759.93,9759.99,9.421957,2020,6,10
2020-06-10 13:05:00+00:00,9759.99,9759.99,9753.76,9758.36,31.136136,2020,6,10
2020-06-10 13:06:00+00:00,9757.94,9760.0,9755.32,9759.5,13.167225,2020,6,10
2020-06-10 13:07:00+00:00,9759.93,9760.45,9757.38,9758.78,13.541108,2020,6,10
2020-06-10 13:08:00+00:00,9758.79,9759.86,9758.77,9759.51,6.399791,2020,6,10
2020-06-10 13:09:00+00:00,9759.51,9763.61,9759.0,9762.33,48.240622,2020,6,10
2020-06-10 13:10:00+00:00,9762.32,9762.95,9758.86,9760.59,25.845788,2020,6,10
2020-06-10 13:11:00+00:00,9760.59,9760.98,9758.99,9759.3,12.658267,2020,6,10
2020-06-10 13:12:00+00:00,9759.3,9759.88,9757.14,9757.36,6.754795,2020,6,10
2020-06-10 13:13:00+00:00,9757.19,9758.67,9755.16,9757.49,12.947745,2020,6,10
2020-06-10 13:14:00+00:00,9757.86,9758.39,9757.39,9758.08,5.427952,2020,6,10
2020-06-10 13:15:00+00:00,9758.08,9759.36,9756.75,9757.82,7.401727,2020,6,10
2020-06-10 13:16:00+00:00,9757.82,9758.77,9756.2,9757.0,5.213311,2020,6,10
2020-06-10 13:17:00+00:00,9757.0,9758.13,9755.64,9757.84,10.872951,2020,6,10
2020-06-10 13:18:00+00:00,9757.41,9758.13,9757.0,9757.0,9.646096,2020,6,10
2020-06-10 13:19:00+00:00,9757.01,9758.05,9757.0,9757.71,14.8652,2020,6,10
2020-06-10 13:20:00+00:00,9757.72,9758.59,9757.71,9758.55,7.875438,2020,6,10
2020-06-10 13:21:00+00:00,9758.11,9759.09,9757.98,9757.98,20.15783,2020,6,10
2020-06-10 13:22:00+00:00,9757.98,9763.92,9757.94,9763.57,29.8965,2020,6,10
2020-06-10 13:23:00+00:00,9763.57,9769.23,9763.57,9767.67,33.723566,2020,6,10
2020-06-10 13:24:00+00:00,9767.67,9767.67,9759.04,9759.04,62.762873,2020,6,10
2020-06-10 13:25:00+00:00,9759.92,9761.73,9758.45,9758.94,14.754402,2020,6,10
2020-06-10 13:26:00+00:00,9758.94,9762.7,9758.94,9762.14,14.278777,2020,6,10
2020-06-10 13:27:00+00:00,9761.57,9763.58,9760.2,9760.9,21.427957,2020,6,10
2020-06-10 13:28:00+00:00,9761.26,9764.0,9760.91,9761.19,16.761486,2020,6,10
2020-06-10 13:29:00+00:00,9761.54,9763.67,9760.82,9761.43,10.051949,2020,6,10
2020-06-10 13:30:00+00:00,9761.63,9764.39,9761.33,9763.21,7.093142,2020,6,10
2020-06-10 13:31:00+00:00,9763.2,9765.05,9762.95,9765.05,6.799052,2020,6,10
2020-06-10 13:32:00+00:00,9765.05,9767.71,9765.05,9767.68,10.118266,2020,6,10
2020-06-10 13:33:00+00:00,9767.69,9772.85,9767.69,9771.0,25.247372,2020,6,10
2020-06-10 13:34:00+00:00,9771.0,9771.32,9767.34,9770.35,17.13947,2020,6,10
2020-06-10 13:35:00+00:00,9770.34,9774.61,9770.34,9774.51,28.927499,2020,6,10
2020-06-10 13:36:00+00:00,9774.51,9779.0,9769.76,9769.76,89.482269,2020,6,10
2020-06-10 13:37:00+00:00,9769.76,9772.96,9767.66,9769.97,35.518542,2020,6,10
2020-06-10 13:38:00+00:00,9769.98,9769.99,9768.0,9768.11,28.208546,2020,6,10
2020-06-10 13:39:00+00:00,9768.11,9769.18,9766.04,9766.04,22.383695,2020,6,10
2020-06-10 13:40:00+00:00,9766.04,9766.26,9763.01,9764.01,13.430246,2020,6,10
2020-06-10 13:41:00+00:00,9764.0,9764.57,9757.39,9757.83,25.578197,2020,6,10
2020-06-10 13:42:00+00:00,9757.82,9758.5,9757.0,9757.01,18.84047,2020,6,10
2020-06-10 13:43:00+00:00,9757.0,9758.5,9754.6,9758.28,16.660263,2020,6,10
2020-06-10 13:44:00+00:00,9758.13,9761.54,9758.0,9760.32,16.212304,2020,6,10
2020-06-10 13:45:00+00:00,9760.94,9761.5,9759.54,9759.54,8.543148,2020,6,10
2020-06-10 13:46:00+00:00,9759.1,9759.75,9758.03,9758.55,7.879906,2020,6,10
2020-06-10 13:47:00+00:00,9758.55,9758.55,9751.99,9753.0,26.160114,2020,6,10
2020-06-10 13:48:00+00:00,9752.95,9756.29,9750.24,9752.28,18.325925,2020,6,10
2020-06-10 13:49:00+00:00,9752.29,9754.1,9749.2,9753.33,34.664263,2020,6,10
2020-06-10 13:50:00+00:00,9753.32,9757.41,9750.82,9751.91,21.608352,2020,6,10
2020-06-10 13:51:00+00:00,9751.9,9755.0,9750.25,9753.45,20.09329,2020,6,10
2020-06-10 13:52:00+00:00,9753.57,9754.32,9750.0,9750.0,19.172068,2020,6,10
2020-06-10 13:53:00+00:00,9750.01,9751.5,9748.79,9749.74,12.0695,2020,6,10
2020-06-10 13:54:00+00:00,9749.75,9751.47,9748.0,9749.75,19.329828,2020,6,10
2020-06-10 13:55:00+00:00,9749.76,9750.43,9734.98,9740.26,53.983982,2020,6,10
2020-06-10 13:56:00+00:00,9740.0,9749.93,9739.69,9749.6,24.38884,2020,6,10
2020-06-10 13:57:00+00:00,9749.59,9751.9,9747.27,9751.13,19.232827,2020,6,10
2020-06-10 13:58:00+00:00,9751.13,9755.66,9748.62,9751.5,30.767581,2020,6,10
2020-06-10 13:59:00+00:00,9751.99,9752.28,9748.19,9750.0,16.519939,2020,6,10
2020-06-10 14:00:00+00:00,9750.0,9753.63,9750.0,9753.18,10.857971,2020,6,10
2020-06-10 14:01:00+00:00,9753.18,9755.36,9753.14,9754.93,11.021992,2020,6,10
2020-06-10 14:02:00+00:00,9754.46,9756.01,9751.0,9751.47,41.344978,2020,6,10
2020-06-10 14:03:00+00:00,9751.66,9754.22,9751.45,9753.0,15.64702,2020,6,10
2020-06-10 14:04:00+00:00,9753.0,9756.17,9753.0,9755.09,16.182042,2020,6,10
2020-06-10 14:05:00+00:00,9755.09,9756.91,9755.09,9756.09,18.682872,2020,6,10
2020-06-10 14:06:00+00:00,9756.09,9760.0,9756.0,9756.83,17.514996,2020,6,10
2020-06-10 14:07:00+00:00,9756.83,9758.65,9755.57,9756.02,14.709287,2020,6,10
2020-06-10 14:08:00+00:00,9756.02,9756.45,9751.84,9754.18,23.942541,2020,6,10
2020-06-10 14:09:00+00:00,9754.31,9756.87,9751.68,9752.38,21.925787,2020,6,10
2020-06-10 14:10:00+00:00,9752.53,9754.97,9751.95,9752.85,12.588098,2020,6,10
2020-06-10 14:11:00+00:00,9752.85,9754.81,9751.55,9754.48,9.64079,2020,6,10
2020-06-10 14:12:00+00:00,9754.48,9754.48,9750.04,9751.76,9.918177,2020,6,10
2020-06-10 14:13:00+00:00,9751.76,9752.61,9750.33,9751.83,12.999533,2020,6,10
2020-06-10 14:14:00+00:00,9751.83,9751.98,9749.0,9749.26,13.208715,2020,6,10
2020-06-10 14:15:00+00:00,9749.94,9750.43,9749.0,9749.99,16.340443,2020,6,10
2020-06-10 14:16:00+00:00,9750.0,9756.98,9749.26,9755.42,39.671317,2020,6,10
2020-06-10 14:17:00+00:00,9755.42,9756.23,9750.24,9755.03,17.070985,2020,6,10
2020-06-10 14:18:00+00:00,9754.54,9755.07,9744.6,9745.86,23.023604,2020,6,10
2020-06-10 14:19:00+00:00,9745.86,9751.59,9737.0,9739.04,40.207918,2020,6,10
2020-06-10 14:20:00+00:00,9739.02,9743.48,9738.18,9743.02,28.589671,2020,6,10
2020-06-10 14:21:00+00:00,9743.02,9743.1,9736.0,9738.59,31.869255,2020,6,10
2020-06-10 14:22:00+00:00,9738.19,9739.84,9735.38,9739.01,17.578389,2020,6,10
2020-06-10 14:23:00+00:00,9739.01,9746.31,9737.92,9744.24,21.38222,2020,6,10
2020-06-10 14:24:00+00:00,9744.24,9746.48,9738.19,9740.31,30.016093,2020,6,10
2020-06-10 14:25:00+00:00,9740.37,9741.88,9735.0,9736.22,21.226259,2020,6,10
2020-06-10 14:26:00+00:00,9736.28,9739.63,9735.23,9738.9,16.505471,2020,6,10
2020-06-10 14:27:00+00:00,9739.34,9741.0,9737.9,9740.99,15.980708,2020,6,10
2020-06-10 14:28:00+00:00,9741.0,9741.01,9737.1,9738.01,17.26945,2020,6,10
2020-06-10 14:29:00+00:00,9738.01,9738.07,9737.84,9737.9,16.239946,2020,6,10
2020-06-10 14:30:00+00:00,9737.9,9739.0,9731.18,9739.0,27.701802,2020,6,10
2020-06-10 14:31:00+00:00,9739.0,9744.95,9737.77,9743.61,25.839006,2020,6,10
2020-06-10 14:32:00+00:00,9743.83,9746.21,9739.7,9743.83,15.961821,2020,6,10
2020-06-10 14:33:00+00:00,9743.39,9744.33,9740.04,9743.35,11.970925,2020,6,10
2020-06-10 14:34:00+00:00,9742.96,9748.08,9741.56,9741.56,27.723796,2020,6,10
2020-06-10 14:35:00+00:00,9741.56,9742.37,9738.82,9741.37,17.430711,2020,6,10
2020-06-10 14:36:00+00:00,9741.37,9742.18,9739.8,9741.85,17.090922,2020,6,10
2020-06-10 14:37:00+00:00,9741.86,9743.89,9741.7,9743.77,17.361251,2020,6,10
2020-06-10 14:38:00+00:00,9743.77,9744.35,9743.75,9743.82,18.743866,2020,6,10
2020-06-10 14:39:00+00:00,9743.82,9745.0,9740.0,9740.67,41.916344,2020,6,10
2020-06-10 14:40:00+00:00,9741.0,9746.98,9740.07,9743.36,21.602338,2020,6,10
2020-06-10 14:41:00+00:00,9743.37,9747.2,9743.37,9746.58,7.141373,2020,6,10
2020-06-10 14:42:00+00:00,9745.7,9746.44,9741.68,9746.43,17.002283,2020,6,10
2020-06-10 14:43:00+00:00,9746.44,9747.41,9745.17,9746.51,8.427465,2020,6,10
2020-06-10 14:44:00+00:00,9746.62,9750.0,9746.51,9747.65,25.916265,2020,6,10
2020-06-10 14:45:00+00:00,9747.63,9748.48,9745.9,9746.55,22.959313,2020,6,10
2020-06-10 14:46:00+00:00,9746.55,9751.14,9746.54,9749.7,51.60664,2020,6,10
2020-06-10 14:47:00+00:00,9749.7,9752.3,9749.7,9750.98,24.328505,2020,6,10
2020-06-10 14:48:00+00:00,9750.98,9751.0,9750.97,9751.0,20.260842,2020,6,10
2020-06-10 14:49:00+00:00,9751.0,9752.3,9750.99,9751.78,29.774315,2020,6,10
2020-06-10 14:50:00+00:00,9751.76,9756.6,9751.02,9751.34,69.066348,2020,6,10
2020-06-10 14:51:00+00:00,9751.02,9751.78,9747.79,9748.72,28.394138,2020,6,10
2020-06-10 14:52:00+00:00,9748.72,9750.0,9746.56,9748.56,13.459179,2020,6,10
2020-06-10 14:53:00+00:00,9748.56,9748.85,9742.53,9744.17,25.474193,2020,6,10
2020-06-10 14:54:00+00:00,9744.16,9748.71,9744.02,9747.4,13.157801,2020,6,10
2020-06-10 14:55:00+00:00,9747.15,9748.46,9744.0,9744.69,8.117714,2020,6,10
2020-06-10 14:56:00+00:00,9744.69,9746.96,9743.69,9745.01,15.330638,2020,6,10
2020-06-10 14:57:00+00:00,9745.04,9746.96,9745.03,9746.8,7.198508,2020,6,10
2020-06-10 14:58:00+00:00,9747.12,9749.02,9746.5,9749.0,26.370637,2020,6,10
2020-06-10 14:59:00+00:00,9749.01,9751.78,9749.0,9750.25,16.314881,2020,6,10
2020-06-10 15:00:00+00:00,9750.24,9752.55,9749.05,9750.3,30.776924,2020,6,10
2020-06-10 15:01:00+00:00,9750.32,9751.0,9744.41,9749.65,23.347646,2020,6,10
2020-06-10 15:02:00+00:00,9749.63,9749.84,9746.71,9746.73,14.703594,2020,6,10
2020-06-10 15:03:00+00:00,9746.72,9746.74,9743.99,9743.99,24.614316,2020,6,10
2020-06-10 15:04:00+00:00,9744.0,9749.96,9743.99,9749.37,15.792313,2020,6,10
2020-06-10 15:05:00+00:00,9749.37,9749.38,9747.6,9748.94,19.700487,2020,6,10
2020-06-10 15:06:00+00:00,9748.94,9749.36,9748.89,9749.21,14.420924,2020,6,10
2020-06-10 15:07:00+00:00,9749.21,9749.41,9746.89,9748.31,20.235839,2020,6,10
2020-06-10 15:08:00+00:00,9747.78,9749.0,9744.16,9748.41,21.411524,2020,6,10
2020-06-10 15:09:00+00:00,9748.41,9749.99,9747.88,9748.53,22.113505,2020,6,10
2020-06-10 15:10:00+00:00,9749.52,9754.72,9749.15,9753.06,20.360569,2020,6,10
2020-06-10 15:11:00+00:00,9753.08,9756.16,9751.92,9751.92,12.813161,2020,6,10
2020-06-10 15:12:00+00:00,9751.92,9756.3,9751.51,9755.0,23.409416,2020,6,10
2020-06-10 15:13:00+00:00,9755.01,9763.96,9755.0,9762.36,32.262523,2020,6,10
2020-06-10 15:14:00+00:00,9762.35,9762.64,9760.0,9761.87,15.147998,2020,6,10
2020-06-10 15:15:00+00:00,9761.5,9763.33,9760.0,9760.01,24.036889,2020,6,10
2020-06-10 15:16:00+00:00,9760.01,9761.49,9755.0,9755.7,30.280318,2020,6,10
2020-06-10 15:17:00+00:00,9755.83,9756.45,9752.24,9755.02,19.237172,2020,6,10
2020-06-10 15:18:00+00:00,9755.04,9758.72,9753.75,9757.69,18.16135,2020,6,10
2020-06-10 15:19:00+00:00,9758.69,9759.9,9753.38,9754.02,31.790485,2020,6,10
2020-06-10 15:20:00+00:00,9754.02,9754.03,9752.25,9753.82,16.227239,2020,6,10
2020-06-10 15:21:00+00:00,9753.81,9754.0,9753.81,9753.93,16.679817,2020,6,10
2020-06-10 15:22:00+00:00,9753.92,9754.04,9752.69,9753.49,12.523815,2020,6,10
2020-06-10 15:23:00+00:00,9753.49,9753.49,9747.07,9747.38,23.319627,2020,6,10
2020-06-10 15:24:00+00:00,9747.38,9747.87,9744.4,9745.6,25.525244,2020,6,10
2020-06-10 15:25:00+00:00,9745.6,9745.68,9740.5,9740.7,14.529722,2020,6,10
2020-06-10 15:26:00+00:00,9740.7,9742.22,9740.69,9741.25,19.224404,2020,6,10
2020-06-10 15:27:00+00:00,9741.25,9743.72,9735.82,9737.25,25.39389,2020,6,10
2020-06-10 15:28:00+00:00,9737.25,9740.94,9736.44,9739.34,11.995518,2020,6,10
2020-06-10 15:29:00+00:00,9738.94,9741.19,9738.06,9739.09,12.5127,2020,6,10
2020-06-10 15:30:00+00:00,9739.1,9745.12,9738.6,9740.83,25.856682,2020,6,10
2020-06-10 15:31:00+00:00,9740.84,9746.33,9740.13,9744.01,27.057768,2020,6,10
2020-06-10 15:32:00+00:00,9744.0,9745.66,9741.48,9743.88,10.076294,2020,6,10
2020-06-10 15:33:00+00:00,9743.87,9746.0,9741.12,9742.86,13.669654,2020,6,10
2020-06-10 15:34:00+00:00,9742.85,9742.86,9741.8,9741.8,9.145981,2020,6,10
2020-06-10 15:35:00+00:00,9741.8,9741.81,9736.17,9741.53,30.818591,2020,6,10
2020-06-10 15:36:00+00:00,9741.54,9742.56,9741.53,9741.92,11.416078,2020,6,10
2020-06-10 15:37:00+00:00,9741.84,9744.28,9740.0,9741.49,13.831461,2020,6,10
2020-06-10 15:38:00+00:00,9741.49,9744.01,9739.99,9743.49,35.338969,2020,6,10
2020-06-10 15:39:00+00:00,9743.49,9743.49,9741.0,9741.74,16.738213,2020,6,10
2020-06-10 15:40:00+00:00,9741.72,9747.0,9740.75,9746.22,20.946715,2020,6,10
2020-06-10 15:41:00+00:00,9746.29,9746.29,9743.0,9744.42,8.700857,2020,6,10
2020-06-10 15:42:00+00:00,9744.41,9746.3,9744.01,9744.81,9.099089,2020,6,10
2020-06-10 15:43:00+00:00,9744.81,9744.81,9742.0,9742.01,16.298789,2020,6,10
2020-06-10 15:44:00+00:00,9742.01,9742.08,9740.0,9740.02,7.769602,2020,6,10
2020-06-10 15:45:00+00:00,9740.01,9742.05,9740.0,9741.71,11.52107,2020,6,10
2020-06-10 15:46:00+00:00,9741.99,9742.0,9740.01,9741.95,10.308799,2020,6,10
2020-06-10 15:47:00+00:00,9741.94,9742.79,9740.0,9742.78,13.222669,2020,6,10
2020-06-10 15:48:00+00:00,9742.79,9744.44,9742.07,9744.06,4.714351,2020,6,10
2020-06-10 15:49:00+00:00,9744.35,9749.64,9743.07,9748.63,62.921307,2020,6,10
2020-06-10 15:50:00+00:00,9748.7,9752.56,9746.9,9751.25,13.559799,2020,6,10
2020-06-10 15:51:00+00:00,9751.26,9752.59,9747.74,9749.57,16.881849,2020,6,10
2020-06-10 15:52:00+00:00,9749.56,9751.53,9747.52,9750.95,7.983196,2020,6,10
2020-06-10 15:53:00+00:00,9750.94,9754.0,9750.1,9752.03,25.785312,2020,6,10
2020-06-10 15:54:00+00:00,9752.03,9754.44,9749.56,9753.12,23.430284,2020,6,10
2020-06-10 15:55:00+00:00,9753.12,9757.0,9753.01,9756.99,21.69011,2020,6,10
2020-06-10 15:56:00+00:00,9756.99,9760.0,9753.9,9756.53,24.429292,2020,6,10
2020-06-10 15:57:00+00:00,9754.69,9761.69,9754.14,9759.08,27.096027,2020,6,10
2020-06-10 15:58:00+00:00,9759.07,9760.01,9757.58,9758.01,11.13748,2020,6,10
2020-06-10 15:59:00+00:00,9758.01,9759.91,9758.0,9758.33,23.23913,2020,6,10
2020-06-10 16:00:00+00:00,9758.32,9761.08,9755.19,9759.71,57.256657,2020,6,10
2020-06-10 16:01:00+00:00,9759.85,9760.65,9757.36,9758.69,19.181605,2020,6,10
2020-06-10 16:02:00+00:00,9757.89,9759.53,9751.95,9752.51,43.575396,2020,6,10
2020-06-10 16:03:00+00:00,9752.4,9754.27,9750.69,9752.0,23.558049,2020,6,10
2020-06-10 16:04:00+00:00,9752.0,9752.88,9750.27,9750.9,14.043191,2020,6,10
2020-06-10 16:05:00+00:00,9751.41,9756.22,9750.0,9755.24,36.988716,2020,6,10
2020-06-10 16:06:00+00:00,9755.56,9760.01,9755.03,9758.73,24.61373,2020,6,10
2020-06-10 16:07:00+00:00,9758.73,9767.62,9758.13,9766.59,35.271895,2020,6,10
2020-06-10 16:08:00+00:00,9766.59,9766.76,9760.34,9762.46,24.693981,2020,6,10
2020-06-10 16:09:00+00:00,9762.45,9772.28,9761.98,9769.39,67.790754,2020,6,10
2020-06-10 16:10:00+00:00,9769.14,9772.24,9765.58,9767.64,18.533496,2020,6,10
2020-06-10 16:11:00+00:00,9767.44,9767.62,9761.98,9765.0,26.896667,2020,6,10
2020-06-10 16:12:00+00:00,9765.0,9766.97,9762.61,9764.77,15.577526,2020,6,10
2020-06-10 16:13:00+00:00,9765.07,9766.88,9756.31,9757.36,56.737355,2020,6,10
2020-06-10 16:14:00+00:00,9757.37,9761.18,9756.01,9757.49,18.316202,2020,6,10
2020-06-10 16:15:00+00:00,9757.49,9767.02,9757.49,9764.01,32.086935,2020,6,10
2020-06-10 16:16:00+00:00,9764.01,9765.71,9764.0,9764.12,11.479199,2020,6,10
2020-06-10 16:17:00+00:00,9764.72,9765.48,9757.48,9762.31,66.053542,2020,6,10
2020-06-10 16:18:00+00:00,9762.28,9764.06,9760.15,9761.45,12.75356,2020,6,10
2020-06-10 16:19:00+00:00,9761.44,9764.0,9761.44,9762.11,7.388646,2020,6,10
2020-06-10 16:20:00+00:00,9762.08,9763.63,9759.47,9762.05,8.190386,2020,6,10
2020-06-10 16:21:00+00:00,9762.05,9763.99,9762.05,9763.2,10.282581,2020,6,10
2020-06-10 16:22:00+00:00,9763.19,9765.05,9763.19,9764.03,7.196592,2020,6,10
2020-06-10 16:23:00+00:00,9763.96,9764.74,9763.88,9764.0,7.956779,2020,6,10
2020-06-10 16:24:00+00:00,9763.99,9765.47,9763.36,9765.0,13.892193,2020,6,10
2020-06-10 16:25:00+00:00,9765.0,9766.26,9763.4,9764.4,14.049883,2020,6,10
2020-06-10 16:26:00+00:00,9764.68,9766.19,9763.72,9764.49,7.516097,2020,6,10
2020-06-10 16:27:00+00:00,9764.9,9765.46,9764.4,9765.44,9.765942,2020,6,10
2020-06-10 16:28:00+00:00,9765.44,9766.64,9761.96,9762.49,18.532497,2020,6,10
2020-06-10 16:29:00+00:00,9762.01,9765.49,9761.49,9762.46,16.619146,2020,6,10
2020-06-10 16:30:00+00:00,9763.19,9763.92,9760.36,9761.08,22.574038,2020,6,10
2020-06-10 16:31:00+00:00,9761.08,9766.84,9760.25,9763.72,18.37887,2020,6,10
2020-06-10 16:32:00+00:00,9763.72,9764.0,9761.52,9762.01,24.328117,2020,6,10
2020-06-10 16:33:00+00:00,9761.62,9770.43,9760.06,9769.06,46.946594,2020,6,10
2020-06-10 16:34:00+00:00,9769.06,9771.97,9766.18,9766.95,18.525508,2020,6,10
2020-06-10 16:35:00+00:00,9767.53,9768.75,9765.75,9767.59,8.618884,2020,6,10
2020-06-10 16:36:00+00:00,9767.54,9767.6,9763.79,9764.89,22.527813,2020,6,10
2020-06-10 16:37:00+00:00,9765.01,9767.92,9761.19,9767.92,32.962758,2020,6,10
2020-06-10 16:38:00+00:00,9767.92,9768.66,9762.35,9766.92,19.128803,2020,6,10
2020-06-10 16:39:00+00:00,9766.92,9768.84,9762.19,9766.14,72.486969,2020,6,10
2020-06-10 16:40:00+00:00,9766.14,9766.49,9764.0,9765.48,9.58818,2020,6,10
2020-06-10 16:41:00+00:00,9765.26,9765.5,9764.22,9765.03,11.096631,2020,6,10
2020-06-10 16:42:00+00:00,9765.03,9769.76,9765.02,9769.75,32.047438,2020,6,10
2020-06-10 16:43:00+00:00,9769.76,9770.0,9766.1,9770.0,8.312188,2020,6,10
2020-06-10 16:44:00+00:00,9769.99,9770.0,9765.96,9767.86,17.89357,2020,6,10
2020-06-10 16:45:00+00:00,9768.31,9769.99,9768.01,9769.99,10.981802,2020,6,10
2020-06-10 16:46:00+00:00,9770.0,9774.0,9769.99,9773.99,26.746661,2020,6,10
2020-06-10 16:47:00+00:00,9774.0,9775.0,9773.99,9774.01,11.347864,2020,6,10
2020-06-10 16:48:00+00:00,9774.0,9774.0,9764.99,9765.0,19.606582,2020,6,10
2020-06-10 16:49:00+00:00,9764.99,9771.29,9764.99,9769.16,14.84732,2020,6,10
2020-06-10 16:50:00+00:00,9768.79,9769.11,9766.1,9768.85,20.339474,2020,6,10
2020-06-10 16:51:00+00:00,9768.24,9771.35,9767.85,9769.91,11.590937,2020,6,10
2020-06-10 16:52:00+00:00,9769.91,9770.64,9768.9,9770.64,17.178241,2020,6,10
2020-06-10 16:53:00+00:00,9770.63,9775.47,9770.0,9774.56,44.610012,2020,6,10
2020-06-10 16:54:00+00:00,9774.09,9776.0,9772.68,9774.54,22.231206,2020,6,10
2020-06-10 16:55:00+00:00,9774.53,9776.0,9770.55,9772.34,15.847899,2020,6,10
2020-06-10 16:56:00+00:00,9771.89,9772.73,9771.0,9771.02,14.294523,2020,6,10
2020-06-10 16:57:00+00:00,9771.16,9771.45,9764.24,9766.62,64.354906,2020,6,10
2020-06-10 16:58:00+00:00,9766.99,9767.43,9759.61,9765.52,51.986605,2020,6,10
2020-06-10 16:59:00+00:00,9765.01,9767.18,9763.0,9763.36,17.057888,2020,6,10
2020-06-10 17:00:00+00:00,9763.37,9765.0,9763.0,9763.57,30.3678,2020,6,10
2020-06-10 17:01:00+00:00,9764.28,9765.0,9762.21,9763.65,22.83305,2020,6,10
2020-06-10 17:02:00+00:00,9763.2,9763.2,9758.56,9758.92,12.295519,2020,6,10
2020-06-10 17:03:00+00:00,9759.44,9763.71,9758.8,9761.94,16.632748,2020,6,10
2020-06-10 17:04:00+00:00,9761.94,9763.65,9755.19,9757.88,30.885022,2020,6,10
2020-06-10 17:05:00+00:00,9757.38,9758.88,9755.0,9756.73,23.117511,2020,6,10
2020-06-10 17:06:00+00:00,9756.72,9759.47,9755.9,9758.8,17.265362,2020,6,10
2020-06-10 17:07:00+00:00,9758.8,9760.0,9755.9,9756.07,16.076507,2020,6,10
2020-06-10 17:08:00+00:00,9756.07,9759.87,9755.1,9759.49,12.072888,2020,6,10
2020-06-10 17:09:00+00:00,9759.48,9759.76,9757.6,9759.58,7.139631,2020,6,10
2020-06-10 17:10:00+00:00,9759.57,9759.61,9757.24,9757.51,8.498776,2020,6,10
2020-06-10 17:11:00+00:00,9757.51,9758.32,9756.52,9756.71,9.133069,2020,6,10
2020-06-10 17:12:00+00:00,9756.9,9757.39,9755.14,9755.65,10.627103,2020,6,10
2020-06-10 17:13:00+00:00,9756.13,9757.0,9754.4,9757.0,17.866142,2020,6,10
2020-06-10 17:14:00+00:00,9757.0,9757.0,9756.34,9756.99,17.055261,2020,6,10
2020-06-10 17:15:00+00:00,9756.99,9758.25,9756.98,9758.23,15.089494,2020,6,10
2020-06-10 17:16:00+00:00,9758.24,9759.07,9758.22,9758.9,19.232881,2020,6,10
2020-06-10 17:17:00+00:00,9759.28,9762.0,9758.89,9760.49,18.886562,2020,6,10
2020-06-10 17:18:00+00:00,9760.31,9762.16,9760.0,9761.49,13.479039,2020,6,10
2020-06-10 17:19:00+00:00,9761.49,9761.9,9756.28,9761.65,34.07285,2020,6,10
2020-06-10 17:20:00+00:00,9761.64,9762.16,9758.42,9759.5,8.755712,2020,6,10
2020-06-10 17:21:00+00:00,9759.51,9760.48,9759.51,9760.01,6.161676,2020,6,10
2020-06-10 17:22:00+00:00,9760.0,9761.53,9760.0,9760.17,16.689634,2020,6,10
2020-06-10 17:23:00+00:00,9760.16,9762.2,9760.16,9761.57,12.636516,2020,6,10
2020-06-10 17:24:00+00:00,9761.56,9761.57,9760.0,9761.4,10.878366,2020,6,10
2020-06-10 17:25:00+00:00,9761.39,9764.0,9756.99,9760.72,21.524192,2020,6,10
2020-06-10 17:26:00+00:00,9760.72,9760.72,9758.55,9760.58,10.0531,2020,6,10
2020-06-10 17:27:00+00:00,9760.58,9761.22,9759.52,9760.0,12.877252,2020,6,10
2020-06-10 17:28:00+00:00,9759.87,9761.88,9759.53,9761.0,4.204282,2020,6,10
2020-06-10 17:29:00+00:00,9760.34,9761.25,9758.62,9759.19,6.630535,2020,6,10
2020-06-10 17:30:00+00:00,9759.03,9760.33,9753.03,9757.82,20.5393,2020,6,10
2020-06-10 17:31:00+00:00,9757.71,9758.0,9756.82,9757.03,10.41588,2020,6,10
2020-06-10 17:32:00+00:00,9757.04,9757.04,9751.78,9755.69,15.789599,2020,6,10
2020-06-10 17:33:00+00:00,9755.69,9756.72,9755.05,9755.39,15.354648,2020,6,10
2020-06-10 17:34:00+00:00,9755.39,9756.49,9755.0,9755.67,18.668329,2020,6,10
2020-06-10 17:35:00+00:00,9755.66,9756.72,9755.66,9755.92,8.595748,2020,6,10
2020-06-10 17:36:00+00:00,9755.93,9767.07,9753.27,9764.81,62.186829,2020,6,10
2020-06-10 17:37:00+00:00,9764.51,9764.79,9761.79,9762.92,15.883982,2020,6,10
2020-06-10 17:38:00+00:00,9762.93,9764.0,9761.08,9763.38,12.83772,2020,6,10
2020-06-10 17:39:00+00:00,9763.38,9763.38,9761.08,9761.6,8.833424,2020,6,10
2020-06-10 17:40:00+00:00,9761.52,9762.0,9760.01,9761.93,11.931878,2020,6,10
2020-06-10 17:41:00+00:00,9761.58,9761.98,9760.57,9761.5,6.967334,2020,6,10
2020-06-10 17:42:00+00:00,9761.48,9766.93,9760.09,9762.69,18.751405,2020,6,10
2020-06-10 17:43:00+00:00,9762.7,9763.23,9761.77,9762.71,5.436076,2020,6,10
2020-06-10 17:44:00+00:00,9762.62,9764.34,9762.06,9762.53,5.399902,2020,6,10
2020-06-10 17:45:00+00:00,9762.47,9764.04,9762.31,9762.5,6.351678,2020,6,10
2020-06-10 17:46:00+00:00,9762.55,9764.31,9762.02,9762.23,8.259887,2020,6,10
2020-06-10 17:47:00+00:00,9762.24,9763.21,9757.23,9758.67,7.426913,2020,6,10
2020-06-10 17:48:00+00:00,9758.33,9759.26,9757.16,9758.11,6.055713,2020,6,10
2020-06-10 17:49:00+00:00,9757.6,9764.28,9757.03,9762.88,14.713269,2020,6,10
2020-06-10 17:50:00+00:00,9762.7,9766.38,9762.09,9764.5,9.842549,2020,6,10
2020-06-10 17:51:00+00:00,9764.51,9764.91,9763.74,9764.54,5.845765,2020,6,10
2020-06-10 17:52:00+00:00,9764.54,9764.54,9763.0,9764.0,6.92672,2020,6,10
2020-06-10 17:53:00+00:00,9764.0,9766.65,9763.12,9766.31,21.163344,2020,6,10
2020-06-10 17:54:00+00:00,9766.31,9772.99,9766.31,9770.67,22.362171,2020,6,10
2020-06-10 17:55:00+00:00,9770.51,9775.01,9770.5,9775.0,23.666828,2020,6,10
2020-06-10 17:56:00+00:00,9775.01,9777.0,9772.51,9772.59,30.151639,2020,6,10
2020-06-10 17:57:00+00:00,9772.58,9776.06,9772.48,9776.04,11.223791,2020,6,10
2020-06-10 17:58:00+00:00,9776.01,9776.18,9768.81,9772.65,49.979991,2020,6,10
2020-06-10 17:59:00+00:00,9772.94,9779.0,9772.7,9773.58,50.420203,2020,6,10
2020-06-10 18:00:00+00:00,9773.93,9787.0,9753.68,9756.02,181.788164,2020,6,10
2020-06-10 18:01:00+00:00,9756.03,9772.51,9756.03,9766.2,79.264142,2020,6,10
2020-06-10 18:02:00+00:00,9766.21,9773.96,9761.64,9767.85,15.145887,2020,6,10
2020-06-10 18:03:00+00:00,9767.86,9773.5,9766.11,9768.13,15.045149,2020,6,10
2020-06-10 18:04:00+00:00,9768.64,9775.49,9766.83,9767.82,19.176463,2020,6,10
2020-06-10 18:05:00+00:00,9768.22,9778.98,9768.22,9776.98,15.688001,2020,6,10
2020-06-10 18:06:00+00:00,9776.98,9778.74,9775.98,9776.98,15.069871,2020,6,10
2020-06-10 18:07:00+00:00,9777.01,9786.69,9777.01,9782.05,25.504089,2020,6,10
2020-06-10 18:08:00+00:00,9782.11,9784.89,9781.28,9783.5,24.570013,2020,6,10
2020-06-10 18:09:00+00:00,9783.28,9785.44,9783.2,9784.97,19.435954,2020,6,10
2020-06-10 18:10:00+00:00,9784.97,9796.0,9784.97,9795.45,98.190964,2020,6,10
2020-06-10 18:11:00+00:00,9795.45,9797.09,9783.0,9793.06,80.77186,2020,6,10
2020-06-10 18:12:00+00:00,9793.52,9800.76,9793.01,9800.36,177.688251,2020,6,10
2020-06-10 18:13:00+00:00,9800.35,9802.43,9787.77,9797.53,102.650876,2020,6,10
2020-06-10 18:14:00+00:00,9797.53,9802.58,9797.24,9802.27,33.383947,2020,6,10
2020-06-10 18:15:00+00:00,9802.27,9810.0,9801.46,9803.83,88.693382,2020,6,10
2020-06-10 18:16:00+00:00,9803.94,9810.0,9802.89,9805.95,75.427373,2020,6,10
2020-06-10 18:17:00+00:00,9806.95,9812.0,9805.07,9810.0,63.243248,2020,6,10
2020-06-10 18:18:00+00:00,9809.85,9819.0,9809.85,9812.87,106.102364,2020,6,10
2020-06-10 18:19:00+00:00,9812.91,9815.07,9809.39,9815.02,76.513129,2020,6,10
2020-06-10 18:20:00+00:00,9815.21,9816.21,9801.63,9811.97,110.238237,2020,6,10
2020-06-10 18:21:00+00:00,9811.95,9811.96,9800.97,9803.98,66.147975,2020,6,10
2020-06-10 18:22:00+00:00,9803.97,9804.89,9800.1,9801.54,31.813163,2020,6,10
2020-06-10 18:23:00+00:00,9801.54,9808.05,9801.53,9804.58,56.330171,2020,6,10
2020-06-10 18:24:00+00:00,9804.58,9808.0,9804.58,9804.58,16.028897,2020,6,10
2020-06-10 18:25:00+00:00,9804.58,9808.41,9804.0,9808.08,19.27941,2020,6,10
2020-06-10 18:26:00+00:00,9807.99,9810.0,9807.56,9809.5,24.171562,2020,6,10
2020-06-10 18:27:00+00:00,9809.35,9815.0,9809.35,9814.99,82.14051,2020,6,10
2020-06-10 18:28:00+00:00,9814.98,9817.99,9813.57,9815.04,69.741301,2020,6,10
2020-06-10 18:29:00+00:00,9815.03,9815.54,9810.0,9810.38,46.391983,2020,6,10
2020-06-10 18:30:00+00:00,9810.38,9813.89,9810.35,9811.99,22.310711,2020,6,10
2020-06-10 18:31:00+00:00,9811.99,9817.79,9811.56,9814.27,46.185721,2020,6,10
2020-06-10 18:32:00+00:00,9814.29,9819.0,9814.29,9817.13,80.833143,2020,6,10
2020-06-10 18:33:00+00:00,9817.13,9820.0,9817.13,9819.95,61.978275,2020,6,10
2020-06-10 18:34:00+00:00,9820.0,9844.59,9819.49,9832.36,578.727536,2020,6,10
2020-06-10 18:35:00+00:00,9831.0,9869.0,9831.0,9855.34,752.422497,2020,6,10
2020-06-10 18:36:00+00:00,9854.91,9940.0,9854.91,9931.66,1226.255132,2020,6,10
2020-06-10 18:37:00+00:00,9931.66,9988.0,9910.0,9941.13,1015.289223,2020,6,10
2020-06-10 18:38:00+00:00,9941.12,9960.0,9904.0,9910.73,327.668397,2020,6,10
2020-06-10 18:39:00+00:00,9910.73,9929.0,9904.18,9918.5,204.80896,2020,6,10
2020-06-10 18:40:00+00:00,9918.53,9935.0,9901.02,9901.03,226.438868,2020,6,10
2020-06-10 18:41:00+00:00,9901.03,9927.96,9893.21,9925.0,229.400556,2020,6,10
2020-06-10 18:42:00+00:00,9925.0,9943.38,9922.44,9925.96,180.68361,2020,6,10
2020-06-10 18:43:00+00:00,9925.94,9942.0,9924.84,9930.18,98.556109,2020,6,10
2020-06-10 18:44:00+00:00,9930.18,9933.64,9924.24,9931.01,77.909719,2020,6,10
2020-06-10 18:45:00+00:00,9931.98,9992.72,9931.98,9973.3,600.003878,2020,6,10
2020-06-10 18:46:00+00:00,9974.71,9984.0,9960.19,9968.11,213.842179,2020,6,10
2020-06-10 18:47:00+00:00,9968.11,9970.0,9950.01,9954.26,191.661672,2020,6,10
2020-06-10 18:48:00+00:00,9954.3,9960.0,9945.0,9958.88,194.453871,2020,6,10
2020-06-10 18:49:00+00:00,9958.96,9978.99,9958.96,9962.02,244.793264,2020,6,10
2020-06-10 18:50:00+00:00,9962.02,9974.31,9961.21,9965.02,175.706876,2020,6,10
2020-06-10 18:51:00+00:00,9965.92,9970.0,9960.0,9960.0,123.774239,2020,6,10
2020-06-10 18:52:00+00:00,9960.01,9963.53,9833.0,9835.0,553.128305,2020,6,10
2020-06-10 18:53:00+00:00,9835.0,9845.0,9704.18,9781.49,1368.246497,2020,6,10
2020-06-10 18:54:00+00:00,9781.49,9828.26,9742.67,9788.35,530.663756,2020,6,10
2020-06-10 18:55:00+00:00,9788.35,9820.54,9775.0,9803.27,489.4306,2020,6,10
2020-06-10 18:56:00+00:00,9805.38,9820.0,9791.52,9806.7,156.576625,2020,6,10
2020-06-10 18:57:00+00:00,9806.2,9810.89,9793.24,9802.47,190.362659,2020,6,10
2020-06-10 18:58:00+00:00,9802.76,9825.32,9801.27,9821.39,149.626951,2020,6,10
2020-06-10 18:59:00+00:00,9821.4,9833.74,9805.0,9823.58,183.68187,2020,6,10
2020-06-10 19:00:00+00:00,9823.63,9870.0,9823.54,9851.13,482.939592,2020,6,10
2020-06-10 19:01:00+00:00,9851.14,9860.14,9842.29,9847.1,141.789533,2020,6,10
2020-06-10 19:02:00+00:00,9849.46,9861.78,9840.0,9850.32,87.950809,2020,6,10
2020-06-10 19:03:00+00:00,9851.79,9861.22,9830.0,9834.69,178.712633,2020,6,10
2020-06-10 19:04:00+00:00,9834.69,9849.38,9833.03,9838.0,122.791335,2020,6,10
2020-06-10 19:05:00+00:00,9838.9,9843.19,9832.54,9833.94,49.012412,2020,6,10
2020-06-10 19:06:00+00:00,9833.93,9839.92,9823.41,9833.55,67.140701,2020,6,10
2020-06-10 19:07:00+00:00,9833.06,9833.07,9800.0,9816.94,239.560651,2020,6,10
2020-06-10 19:08:00+00:00,9815.54,9827.79,9811.14,9820.6,80.296872,2020,6,10
2020-06-10 19:09:00+00:00,9820.45,9825.09,9810.71,9823.03,54.218356,2020,6,10
2020-06-10 19:10:00+00:00,9823.03,9844.63,9823.03,9838.17,199.082211,2020,6,10
2020-06-10 19:11:00+00:00,9838.26,9840.48,9829.94,9834.04,61.350445,2020,6,10
2020-06-10 19:12:00+00:00,9834.05,9834.05,9815.26,9821.44,99.01704,2020,6,10
2020-06-10 19:13:00+00:00,9820.02,9824.5,9816.79,9823.56,26.020429,2020,6,10
2020-06-10 19:14:00+00:00,9823.94,9829.87,9821.8,9829.26,24.799014,2020,6,10
2020-06-10 19:15:00+00:00,9829.8,9829.8,9820.54,9821.4,38.113673,2020,6,10
2020-06-10 19:16:00+00:00,9821.41,9842.67,9821.32,9835.81,72.690009,2020,6,10
2020-06-10 19:17:00+00:00,9835.81,9842.0,9830.26,9835.56,35.140034,2020,6,10
2020-06-10 19:18:00+00:00,9834.16,9840.99,9833.39,9837.36,26.119134,2020,6,10
2020-06-10 19:19:00+00:00,9837.63,9842.08,9836.95,9841.48,16.259021,2020,6,10
2020-06-10 19:20:00+00:00,9841.45,9842.09,9828.01,9829.47,46.724664,2020,6,10
2020-06-10 19:21:00+00:00,9828.99,9836.45,9828.0,9836.44,15.341861,2020,6,10
2020-06-10 19:22:00+00:00,9836.34,9836.45,9828.0,9830.01,19.602593,2020,6,10
2020-06-10 19:23:00+00:00,9830.01,9830.38,9821.01,9830.38,34.719521,2020,6,10
2020-06-10 19:24:00+00:00,9830.37,9833.17,9826.73,9831.61,31.782812,2020,6,10
2020-06-10 19:25:00+00:00,9831.03,9831.29,9829.29,9830.69,22.883478,2020,6,10
2020-06-10 19:26:00+00:00,9831.03,9835.49,9830.0,9830.81,76.090235,2020,6,10
2020-06-10 19:27:00+00:00,9830.71,9835.73,9830.04,9835.0,28.754884,2020,6,10
2020-06-10 19:28:00+00:00,9835.0,9841.48,9832.09,9837.47,53.004627,2020,6,10
2020-06-10 19:29:00+00:00,9837.46,9841.0,9832.59,9835.84,27.685887,2020,6,10
2020-06-10 19:30:00+00:00,9834.94,9843.9,9833.52,9835.01,32.272135,2020,6,10
2020-06-10 19:31:00+00:00,9835.0,9839.65,9825.1,9831.29,33.426189,2020,6,10
2020-06-10 19:32:00+00:00,9831.74,9840.0,9830.01,9839.99,15.034193,2020,6,10
2020-06-10 19:33:00+00:00,9839.99,9840.24,9832.71,9837.3,19.385931,2020,6,10
2020-06-10 19:34:00+00:00,9837.41,9839.25,9832.17,9837.27,17.551373,2020,6,10
2020-06-10 19:35:00+00:00,9836.92,9839.0,9834.0,9835.34,13.318953,2020,6,10
2020-06-10 19:36:00+00:00,9836.41,9838.88,9833.01,9833.5,34.651818,2020,6,10
2020-06-10 19:37:00+00:00,9833.51,9855.0,9831.85,9854.51,122.626255,2020,6,10
2020-06-10 19:38:00+00:00,9854.57,9861.25,9844.28,9859.24,123.253788,2020,6,10
2020-06-10 19:39:00+00:00,9859.23,9863.28,9852.22,9856.0,32.694421,2020,6,10
2020-06-10 19:40:00+00:00,9856.78,9860.0,9843.94,9845.93,17.549904,2020,6,10
2020-06-10 19:41:00+00:00,9845.98,9853.46,9844.96,9849.44,18.860293,2020,6,10
2020-06-10 19:42:00+00:00,9849.35,9849.35,9836.91,9839.52,19.836886,2020,6,10
2020-06-10 19:43:00+00:00,9839.52,9853.02,9839.03,9848.56,34.096257,2020,6,10
2020-06-10 19:44:00+00:00,9848.34,9850.98,9846.31,9850.98,22.122947,2020,6,10
2020-06-10 19:45:00+00:00,9850.98,9863.33,9850.97,9859.55,32.413523,2020,6,10
2020-06-10 19:46:00+00:00,9859.29,9864.0,9856.04,9858.02,28.505093,2020,6,10
2020-06-10 19:47:00+00:00,9858.0,9863.0,9855.01,9856.99,99.937009,2020,6,10
2020-06-10 19:48:00+00:00,9857.02,9857.78,9846.28,9852.99,45.267383,2020,6,10
2020-06-10 19:49:00+00:00,9852.98,9856.81,9851.01,9855.86,11.344398,2020,6,10
2020-06-10 19:50:00+00:00,9855.89,9925.0,9852.49,9879.98,423.541508,2020,6,10
2020-06-10 19:51:00+00:00,9880.01,9900.0,9875.5,9881.8,171.197353,2020,6,10
2020-06-10 19:52:00+00:00,9881.79,9889.05,9878.01,9884.51,54.658251,2020,6,10
2020-06-10 19:53:00+00:00,9884.51,9891.89,9883.28,9888.76,57.59066,2020,6,10
2020-06-10 19:54:00+00:00,9888.76,9888.77,9881.18,9885.99,25.446451,2020,6,10
2020-06-10 19:55:00+00:00,9885.82,9887.03,9882.27,9883.81,17.127487,2020,6,10
2020-06-10 19:56:00+00:00,9883.26,9883.82,9831.52,9837.94,158.123921,2020,6,10
2020-06-10 19:57:00+00:00,9837.94,9850.99,9828.94,9843.75,145.302446,2020,6,10
2020-06-10 19:58:00+00:00,9844.59,9856.57,9843.88,9850.47,57.178521,2020,6,10
2020-06-10 19:59:00+00:00,9850.47,9854.56,9842.09,9852.18,18.285339,2020,6,10
2020-06-10 20:00:00+00:00,9852.17,9879.35,9852.17,9879.34,96.96613,2020,6,10
2020-06-10 20:01:00+00:00,9879.0,9891.3,9877.41,9880.64,110.207058,2020,6,10
2020-06-10 20:02:00+00:00,9879.31,9887.54,9876.21,9887.45,25.810451,2020,6,10
2020-06-10 20:03:00+00:00,9887.12,9887.12,9876.17,9883.38,37.715163,2020,6,10
2020-06-10 20:04:00+00:00,9883.38,9888.66,9878.98,9885.62,50.494198,2020,6,10
2020-06-10 20:05:00+00:00,9885.62,9900.0,9885.62,9895.0,74.802687,2020,6,10
2020-06-10 20:06:00+00:00,9895.0,9895.0,9880.0,9880.0,130.338191,2020,6,10
2020-06-10 20:07:00+00:00,9882.16,9887.99,9879.85,9881.85,113.188614,2020,6,10
2020-06-10 20:08:00+00:00,9882.76,9886.61,9880.0,9882.37,44.125112,2020,6,10
2020-06-10 20:09:00+00:00,9882.38,9884.0,9882.0,9882.4,29.300156,2020,6,10
2020-06-10 20:10:00+00:00,9882.94,9887.82,9879.27,9883.22,39.045692,2020,6,10
2020-06-10 20:11:00+00:00,9883.25,9883.96,9875.37,9878.59,31.33771,2020,6,10
2020-06-10 20:12:00+00:00,9879.11,9882.47,9876.57,9879.41,36.41839,2020,6,10
2020-06-10 20:13:00+00:00,9879.41,9883.0,9878.89,9881.02,40.034218,2020,6,10
2020-06-10 20:14:00+00:00,9881.03,9886.99,9881.02,9881.03,32.949803,2020,6,10
2020-06-10 20:15:00+00:00,9881.03,9885.0,9880.0,9884.99,27.880467,2020,6,10
2020-06-10 20:16:00+00:00,9885.0,9886.68,9880.0,9881.83,20.225177,2020,6,10
2020-06-10 20:17:00+00:00,9881.84,9882.96,9875.71,9876.03,18.438494,2020,6,10
2020-06-10 20:18:00+00:00,9876.0,9876.0,9855.31,9864.28,74.65762,2020,6,10
2020-06-10 20:19:00+00:00,9862.62,9865.42,9860.82,9861.01,13.099964,2020,6,10
2020-06-10 20:20:00+00:00,9861.36,9863.93,9860.51,9862.48,19.579938,2020,6,10
2020-06-10 20:21:00+00:00,9862.5,9863.96,9862.02,9862.45,10.997994,2020,6,10
2020-06-10 20:22:00+00:00,9862.45,9872.99,9860.0,9872.99,45.104454,2020,6,10
2020-06-10 20:23:00+00:00,9873.44,9875.64,9865.03,9867.09,38.176184,2020,6,10
2020-06-10 20:24:00+00:00,9866.49,9870.68,9866.47,9866.86,17.119653,2020,6,10
2020-06-10 20:25:00+00:00,9866.86,9875.96,9866.47,9870.92,29.796973,2020,6,10
2020-06-10 20:26:00+00:00,9871.05,9875.86,9868.27,9875.0,15.284347,2020,6,10
2020-06-10 20:27:00+00:00,9875.0,9875.65,9863.71,9866.33,43.056542,2020,6,10
2020-06-10 20:28:00+00:00,9866.34,9868.12,9862.39,9863.73,14.298172,2020,6,10
2020-06-10 20:29:00+00:00,9864.0,9865.0,9855.41,9861.4,44.169425,2020,6,10
2020-06-10 20:30:00+00:00,9861.39,9874.83,9857.48,9872.02,57.047057,2020,6,10
2020-06-10 20:31:00+00:00,9871.52,9872.16,9870.0,9870.92,8.259101,2020,6,10
2020-06-10 20:32:00+00:00,9870.93,9871.85,9867.72,9869.99,11.804814,2020,6,10
2020-06-10 20:33:00+00:00,9869.99,9871.86,9868.7,9868.71,10.308191,2020,6,10
2020-06-10 20:34:00+00:00,9868.71,9878.03,9861.71,9876.23,38.485286,2020,6,10
2020-06-10 20:35:00+00:00,9876.92,9884.43,9873.77,9883.99,28.501378,2020,6,10
2020-06-10 20:36:00+00:00,9884.0,9888.94,9883.51,9884.11,22.159689,2020,6,10
2020-06-10 20:37:00+00:00,9884.1,9884.55,9875.0,9879.08,36.655775,2020,6,10
2020-06-10 20:38:00+00:00,9879.07,9880.0,9876.13,9877.38,9.61473,2020,6,10
2020-06-10 20:39:00+00:00,9877.36,9878.24,9875.0,9875.02,12.218077,2020,6,10
2020-06-10 20:40:00+00:00,9875.02,9878.79,9875.01,9878.79,12.64437,2020,6,10
2020-06-10 20:41:00+00:00,9878.9,9878.9,9876.69,9876.69,9.138141,2020,6,10
2020-06-10 20:42:00+00:00,9876.94,9877.93,9871.0,9871.01,43.948955,2020,6,10
2020-06-10 20:43:00+00:00,9871.01,9871.55,9868.9,9869.61,11.729341,2020,6,10
2020-06-10 20:44:00+00:00,9869.61,9869.61,9862.51,9863.99,29.119756,2020,6,10
2020-06-10 20:45:00+00:00,9863.97,9871.85,9863.96,9868.7,62.003727,2020,6,10
2020-06-10 20:46:00+00:00,9868.7,9871.7,9867.03,9868.44,16.109472,2020,6,10
2020-06-10 20:47:00+00:00,9869.44,9873.24,9868.88,9872.76,9.765812,2020,6,10
2020-06-10 20:48:00+00:00,9872.75,9873.42,9866.51,9867.89,15.389413,2020,6,10
2020-06-10 20:49:00+00:00,9867.89,9869.71,9866.36,9866.36,15.559371,2020,6,10
2020-06-10 20:50:00+00:00,9866.36,9867.94,9866.36,9867.21,7.427617,2020,6,10
2020-06-10 20:51:00+00:00,9867.2,9867.21,9862.89,9864.1,11.817305,2020,6,10
2020-06-10 20:52:00+00:00,9864.13,9866.09,9864.13,9866.06,10.216107,2020,6,10
2020-06-10 20:53:00+00:00,9866.06,9872.0,9865.66,9868.37,21.613696,2020,6,10
2020-06-10 20:54:00+00:00,9868.37,9869.99,9866.5,9867.62,10.417154,2020,6,10
2020-06-10 20:55:00+00:00,9867.61,9867.62,9866.83,9866.96,9.553536,2020,6,10
2020-06-10 20:56:00+00:00,9866.93,9868.4,9866.93,9867.75,9.259314,2020,6,10
2020-06-10 20:57:00+00:00,9867.75,9867.75,9856.31,9856.67,35.229397,2020,6,10
2020-06-10 20:58:00+00:00,9856.58,9859.0,9855.0,9858.8,13.133302,2020,6,10
2020-06-10 20:59:00+00:00,9858.09,9864.1,9855.1,9862.06,14.216107,2020,6,10
2020-06-10 21:00:00+00:00,9863.08,9868.99,9862.0,9863.45,21.117339,2020,6,10
2020-06-10 21:01:00+00:00,9863.46,9867.2,9863.46,9866.68,5.249751,2020,6,10
2020-06-10 21:02:00+00:00,9866.68,9868.99,9866.68,9868.13,7.895195,2020,6,10
2020-06-10 21:03:00+00:00,9868.12,9868.33,9863.56,9865.98,10.642952,2020,6,10
2020-06-10 21:04:00+00:00,9865.92,9865.92,9862.87,9864.42,6.225486,2020,6,10
2020-06-10 21:05:00+00:00,9864.42,9864.42,9860.58,9862.0,9.911064,2020,6,10
2020-06-10 21:06:00+00:00,9862.24,9862.77,9858.41,9860.2,20.502082,2020,6,10
2020-06-10 21:07:00+00:00,9860.35,9860.54,9856.04,9856.47,11.429174,2020,6,10
2020-06-10 21:08:00+00:00,9856.0,9856.03,9851.43,9852.0,29.852685,2020,6,10
2020-06-10 21:09:00+00:00,9851.69,9852.25,9848.6,9848.69,54.333768,2020,6,10
2020-06-10 21:10:00+00:00,9848.7,9849.13,9848.16,9848.36,12.249161,2020,6,10
2020-06-10 21:11:00+00:00,9848.6,9848.99,9848.07,9848.51,10.699242,2020,6,10
2020-06-10 21:12:00+00:00,9848.51,9848.56,9847.87,9848.53,15.289535,2020,6,10
2020-06-10 21:13:00+00:00,9848.46,9848.56,9847.85,9848.08,11.156261,2020,6,10
2020-06-10 21:14:00+00:00,9848.08,9850.0,9847.85,9849.99,45.421001,2020,6,10
2020-06-10 21:15:00+00:00,9850.0,9855.87,9849.99,9855.7,17.11176,2020,6,10
2020-06-10 21:16:00+00:00,9855.52,9861.29,9854.5,9861.25,25.931867,2020,6,10
2020-06-10 21:17:00+00:00,9861.72,9867.76,9861.0,9863.12,32.755424,2020,6,10
2020-06-10 21:18:00+00:00,9863.11,9863.11,9860.0,9860.71,8.023233,2020,6,10
2020-06-10 21:19:00+00:00,9860.71,9861.51,9860.71,9861.0,19.540592,2020,6,10
2020-06-10 21:20:00+00:00,9860.99,9864.88,9860.99,9864.64,18.424063,2020,6,10
2020-06-10 21:21:00+00:00,9864.22,9867.36,9864.21,9866.21,10.297655,2020,6,10
2020-06-10 21:22:00+00:00,9866.79,9867.75,9866.44,9867.05,8.302795,2020,6,10
2020-06-10 21:23:00+00:00,9867.05,9867.15,9865.0,9865.25,11.732976,2020,6,10
2020-06-10 21:24:00+00:00,9865.35,9867.14,9865.0,9865.52,6.016186,2020,6,10
2020-06-10 21:25:00+00:00,9865.01,9865.89,9865.0,9865.0,11.671489,2020,6,10
2020-06-10 21:26:00+00:00,9865.0,9865.01,9863.78,9864.16,11.60448,2020,6,10
2020-06-10 21:27:00+00:00,9863.85,9864.99,9863.46,9863.86,3.773788,2020,6,10
2020-06-10 21:28:00+00:00,9864.08,9865.0,9863.62,9863.89,20.541583,2020,6,10
2020-06-10 21:29:00+00:00,9863.9,9869.79,9863.03,9868.23,51.824898,2020,6,10
2020-06-10 21:30:00+00:00,9868.03,9868.23,9863.35,9867.05,23.701476,2020,6,10
2020-06-10 21:31:00+00:00,9867.75,9869.96,9865.3,9869.07,9.834185,2020,6,10
2020-06-10 21:32:00+00:00,9869.07,9869.95,9864.01,9864.06,14.619907,2020,6,10
2020-06-10 21:33:00+00:00,9865.34,9867.02,9862.18,9863.95,12.4442,2020,6,10
2020-06-10 21:34:00+00:00,9863.94,9865.49,9862.02,9862.33,23.541936,2020,6,10
2020-06-10 21:35:00+00:00,9862.71,9863.95,9860.0,9860.0,19.219118,2020,6,10
2020-06-10 21:36:00+00:00,9860.0,9860.05,9857.0,9857.01,21.892589,2020,6,10
2020-06-10 21:37:00+00:00,9857.01,9857.02,9854.74,9855.34,14.026696,2020,6,10
2020-06-10 21:38:00+00:00,9855.42,9857.82,9851.75,9852.82,33.220244,2020,6,10
2020-06-10 21:39:00+00:00,9852.85,9853.0,9848.3,9848.65,19.433845,2020,6,10
2020-06-10 21:40:00+00:00,9848.64,9852.0,9848.0,9849.44,22.147546,2020,6,10
2020-06-10 21:41:00+00:00,9849.51,9850.27,9848.65,9849.4,13.570919,2020,6,10
2020-06-10 21:42:00+00:00,9849.41,9849.41,9830.0,9830.68,49.532267,2020,6,10
2020-06-10 21:43:00+00:00,9830.64,9834.71,9830.0,9832.0,47.563242,2020,6,10
2020-06-10 21:44:00+00:00,9832.0,9840.0,9831.97,9839.91,26.6192,2020,6,10
2020-06-10 21:45:00+00:00,9839.91,9844.99,9839.91,9842.12,18.885375,2020,6,10
2020-06-10 21:46:00+00:00,9842.41,9844.13,9842.21,9844.04,18.218034,2020,6,10
2020-06-10 21:47:00+00:00,9844.0,9844.81,9843.27,9843.78,9.244591,2020,6,10
2020-06-10 21:48:00+00:00,9844.24,9844.81,9843.63,9844.53,5.610162,2020,6,10
2020-06-10 21:49:00+00:00,9844.26,9844.44,9835.24,9836.24,11.422539,2020,6,10
2020-06-10 21:50:00+00:00,9836.82,9837.05,9829.79,9829.79,16.596377,2020,6,10
2020-06-10 21:51:00+00:00,9829.7,9833.1,9829.69,9830.18,30.020441,2020,6,10
2020-06-10 21:52:00+00:00,9830.18,9834.0,9821.95,9833.68,55.45901,2020,6,10
2020-06-10 21:53:00+00:00,9833.68,9834.0,9831.34,9832.93,11.447352,2020,6,10
2020-06-10 21:54:00+00:00,9832.9,9833.54,9829.06,9829.07,5.400393,2020,6,10
2020-06-10 21:55:00+00:00,9829.07,9832.94,9829.06,9832.94,12.902339,2020,6,10
2020-06-10 21:56:00+00:00,9832.93,9840.0,9832.93,9837.09,23.557282,2020,6,10
2020-06-10 21:57:00+00:00,9837.09,9843.0,9835.51,9842.34,11.126218,2020,6,10
2020-06-10 21:58:00+00:00,9842.45,9856.22,9842.44,9853.69,27.993582,2020,6,10
2020-06-10 21:59:00+00:00,9854.0,9854.0,9846.96,9847.39,18.30181,2020,6,10
2020-06-10 22:00:00+00:00,9847.11,9863.45,9847.11,9855.35,34.15803,2020,6,10
2020-06-10 22:01:00+00:00,9855.35,9860.49,9855.04,9859.65,45.207596,2020,6,10
2020-06-10 22:02:00+00:00,9859.05,9860.32,9856.66,9859.02,38.16741,2020,6,10
2020-06-10 22:03:00+00:00,9858.97,9860.0,9853.62,9855.0,26.596498,2020,6,10
2020-06-10 22:04:00+00:00,9855.0,9865.62,9855.0,9862.92,36.72851,2020,6,10
2020-06-10 22:05:00+00:00,9862.92,9862.93,9853.77,9855.0,100.125073,2020,6,10
2020-06-10 22:06:00+00:00,9854.99,9861.99,9854.99,9861.01,60.441632,2020,6,10
2020-06-10 22:07:00+00:00,9861.0,9863.61,9860.0,9862.67,17.905274,2020,6,10
2020-06-10 22:08:00+00:00,9862.67,9863.42,9862.66,9862.75,5.815997,2020,6,10
2020-06-10 22:09:00+00:00,9862.75,9864.08,9860.0,9864.08,17.803486,2020,6,10
2020-06-10 22:10:00+00:00,9864.56,9867.0,9864.56,9866.99,13.835975,2020,6,10
2020-06-10 22:11:00+00:00,9866.99,9867.78,9861.0,9865.0,46.491457,2020,6,10
2020-06-10 22:12:00+00:00,9865.0,9865.32,9863.06,9864.93,11.979971,2020,6,10
2020-06-10 22:13:00+00:00,9864.83,9865.8,9845.24,9852.55,142.132388,2020,6,10
2020-06-10 22:14:00+00:00,9853.66,9860.01,9847.99,9857.07,56.930899,2020,6,10
2020-06-10 22:15:00+00:00,9858.19,9864.09,9858.19,9863.36,13.699559,2020,6,10
2020-06-10 22:16:00+00:00,9863.36,9865.36,9859.98,9864.99,45.441315,2020,6,10
2020-06-10 22:17:00+00:00,9864.98,9864.98,9860.0,9860.15,26.654625,2020,6,10
2020-06-10 22:18:00+00:00,9860.3,9862.22,9860.17,9862.22,14.381827,2020,6,10
2020-06-10 22:19:00+00:00,9861.17,9866.33,9861.17,9865.97,46.529495,2020,6,10
2020-06-10 22:20:00+00:00,9865.96,9870.57,9864.5,9870.57,65.004094,2020,6,10
2020-06-10 22:21:00+00:00,9870.57,9870.87,9870.0,9870.03,9.358326,2020,6,10
2020-06-10 22:22:00+00:00,9870.03,9886.21,9870.01,9878.75,74.099062,2020,6,10
2020-06-10 22:23:00+00:00,9878.75,9882.58,9874.5,9876.24,23.73478,2020,6,10
2020-06-10 22:24:00+00:00,9876.23,9882.14,9870.0,9878.25,149.303969,2020,6,10
2020-06-10 22:25:00+00:00,9876.5,9885.0,9875.7,9880.28,55.19315,2020,6,10
2020-06-10 22:26:00+00:00,9881.1,9893.32,9880.0,9886.99,141.282748,2020,6,10
2020-06-10 22:27:00+00:00,9887.0,9888.48,9881.75,9883.86,47.544896,2020,6,10
2020-06-10 22:28:00+00:00,9883.85,9883.86,9880.82,9883.26,23.194067,2020,6,10
2020-06-10 22:29:00+00:00,9883.26,9883.53,9878.0,9879.35,38.333586,2020,6,10
2020-06-10 22:30:00+00:00,9878.68,9896.56,9878.68,9890.0,49.098943,2020,6,10
2020-06-10 22:31:00+00:00,9890.0,9890.26,9881.92,9885.77,46.070942,2020,6,10
2020-06-10 22:32:00+00:00,9885.77,9885.84,9882.07,9884.99,30.360234,2020,6,10
2020-06-10 22:33:00+00:00,9884.98,9893.29,9883.0,9892.87,84.046736,2020,6,10
2020-06-10 22:34:00+00:00,9893.05,9897.81,9891.27,9895.39,30.148774,2020,6,10
2020-06-10 22:35:00+00:00,9895.89,9913.0,9890.0,9892.21,233.389059,2020,6,10
2020-06-10 22:36:00+00:00,9890.66,9893.9,9883.15,9892.17,52.029357,2020,6,10
2020-06-10 22:37:00+00:00,9892.17,9894.82,9892.1,9893.95,20.567223,2020,6,10
2020-06-10 22:38:00+00:00,9893.94,9902.47,9893.92,9897.88,39.584828,2020,6,10
2020-06-10 22:39:00+00:00,9897.88,9903.89,9897.03,9899.0,49.080281,2020,6,10
2020-06-10 22:40:00+00:00,9898.99,9899.0,9892.21,9893.6,72.251737,2020,6,10
2020-06-10 22:41:00+00:00,9893.6,9893.6,9890.01,9891.91,21.457964,2020,6,10
2020-06-10 22:42:00+00:00,9891.91,9893.83,9890.04,9890.99,9.847768,2020,6,10
2020-06-10 22:43:00+00:00,9891.12,9893.99,9890.01,9892.2,14.025475,2020,6,10
2020-06-10 22:44:00+00:00,9892.19,9892.2,9888.89,9888.89,18.217166,2020,6,10
2020-06-10 22:45:00+00:00,9888.89,9892.0,9888.89,9891.04,42.605585,2020,6,10
2020-06-10 22:46:00+00:00,9891.05,9892.0,9889.08,9890.77,16.048586,2020,6,10
2020-06-10 22:47:00+00:00,9890.87,9891.72,9887.24,9888.42,33.155342,2020,6,10
2020-06-10 22:48:00+00:00,9888.42,9889.5,9887.4,9888.65,12.833899,2020,6,10
2020-06-10 22:49:00+00:00,9888.65,9895.6,9887.18,9894.34,89.943189,2020,6,10
2020-06-10 22:50:00+00:00,9894.34,9894.99,9885.07,9886.39,14.75369,2020,6,10
2020-06-10 22:51:00+00:00,9886.4,9889.13,9885.91,9888.77,13.4729,2020,6,10
2020-06-10 22:52:00+00:00,9888.54,9890.0,9887.45,9889.99,22.390887,2020,6,10
2020-06-10 22:53:00+00:00,9889.99,9890.6,9889.99,9890.04,10.243509,2020,6,10
2020-06-10 22:54:00+00:00,9890.04,9890.59,9886.53,9887.0,24.579823,2020,6,10
2020-06-10 22:55:00+00:00,9886.99,9893.58,9886.99,9890.32,18.393106,2020,6,10
2020-06-10 22:56:00+00:00,9890.75,9895.83,9890.31,9891.79,23.511842,2020,6,10
2020-06-10 22:57:00+00:00,9891.83,9897.32,9891.02,9896.96,20.253261,2020,6,10
2020-06-10 22:58:00+00:00,9896.97,9897.83,9894.59,9897.82,27.345488,2020,6,10
2020-06-10 22:59:00+00:00,9897.82,9897.83,9891.0,9891.28,84.506265,2020,6,10
2020-06-10 23:00:00+00:00,9891.15,9902.5,9888.27,9899.04,50.189089,2020,6,10
2020-06-10 23:01:00+00:00,9899.77,9899.77,9896.48,9896.87,19.527916,2020,6,10
2020-06-10 23:02:00+00:00,9896.87,9896.88,9891.0,9895.58,18.831038,2020,6,10
2020-06-10 23:03:00+00:00,9895.84,9896.86,9895.54,9896.25,13.189808,2020,6,10
2020-06-10 23:04:00+00:00,9896.25,9896.29,9888.03,9888.5,27.04216,2020,6,10
2020-06-10 23:05:00+00:00,9888.49,9894.2,9888.08,9890.58,19.553403,2020,6,10
2020-06-10 23:06:00+00:00,9890.68,9892.04,9890.62,9891.45,9.028091,2020,6,10
2020-06-10 23:07:00+00:00,9890.69,9890.73,9870.53,9879.47,72.180443,2020,6,10
2020-06-10 23:08:00+00:00,9879.46,9889.3,9879.46,9883.42,21.17805,2020,6,10
2020-06-10 23:09:00+00:00,9883.5,9883.98,9880.0,9880.46,5.669577,2020,6,10
2020-06-10 23:10:00+00:00,9880.46,9886.68,9877.0,9881.55,13.344142,2020,6,10
2020-06-10 23:11:00+00:00,9882.05,9883.76,9880.0,9880.01,10.831411,2020,6,10
2020-06-10 23:12:00+00:00,9880.01,9882.99,9878.56,9880.0,26.73115,2020,6,10
2020-06-10 23:13:00+00:00,9880.0,9880.0,9874.25,9878.35,88.059163,2020,6,10
2020-06-10 23:14:00+00:00,9878.39,9883.33,9874.45,9879.05,56.438803,2020,6,10
2020-06-10 23:15:00+00:00,9879.2,9888.0,9879.2,9887.93,27.272008,2020,6,10
2020-06-10 23:16:00+00:00,9887.94,9888.88,9885.29,9886.3,19.834912,2020,6,10
2020-06-10 23:17:00+00:00,9886.3,9888.01,9886.3,9887.28,8.367888,2020,6,10
2020-06-10 23:18:00+00:00,9887.28,9887.58,9876.87,9881.42,37.877254,2020,6,10
2020-06-10 23:19:00+00:00,9881.42,9881.43,9873.04,9874.74,18.721196,2020,6,10
2020-06-10 23:20:00+00:00,9874.74,9876.49,9873.52,9875.73,11.221814,2020,6,10
2020-06-10 23:21:00+00:00,9875.73,9879.44,9875.73,9879.44,6.041306,2020,6,10
2020-06-10 23:22:00+00:00,9879.44,9879.78,9875.99,9875.99,17.630996,2020,6,10
2020-06-10 23:23:00+00:00,9875.99,9876.07,9872.69,9873.23,10.04947,2020,6,10
2020-06-10 23:24:00+00:00,9873.24,9881.57,9873.23,9878.89,16.652525,2020,6,10
2020-06-10 23:25:00+00:00,9878.88,9883.41,9876.64,9879.87,11.061893,2020,6,10
2020-06-10 23:26:00+00:00,9879.88,9881.78,9876.5,9877.77,17.434718,2020,6,10
2020-06-10 23:27:00+00:00,9877.77,9878.51,9876.06,9877.18,4.417845,2020,6,10
2020-06-10 23:28:00+00:00,9877.18,9879.72,9875.55,9878.98,10.807297,2020,6,10
2020-06-10 23:29:00+00:00,9879.18,9893.4,9879.14,9890.2,40.261778,2020,6,10
2020-06-10 23:30:00+00:00,9890.19,9900.99,9890.18,9900.17,48.907076,2020,6,10
2020-06-10 23:31:00+00:00,9899.25,9900.87,9896.34,9898.2,36.006312,2020,6,10
2020-06-10 23:32:00+00:00,9898.23,9898.72,9891.6,9893.16,23.601389,2020,6,10
2020-06-10 23:33:00+00:00,9893.12,9894.33,9890.0,9892.01,16.970477,2020,6,10
2020-06-10 23:34:00+00:00,9892.0,9892.01,9888.75,9889.24,4.628378,2020,6,10
2020-06-10 23:35:00+00:00,9888.83,9900.0,9888.06,9895.02,33.499482,2020,6,10
2020-06-10 23:36:00+00:00,9895.01,9895.02,9892.36,9893.74,10.851199,2020,6,10
2020-06-10 23:37:00+00:00,9893.74,9893.74,9888.01,9888.88,13.095302,2020,6,10
2020-06-10 23:38:00+00:00,9889.45,9889.88,9853.68,9864.91,146.031294,2020,6,10
2020-06-10 23:39:00+00:00,9865.67,9876.0,9865.67,9866.51,21.410985,2020,6,10
2020-06-10 23:40:00+00:00,9866.51,9869.53,9864.29,9867.03,22.714772,2020,6,10
2020-06-10 23:41:00+00:00,9867.04,9869.99,9866.09,9868.34,9.566757,2020,6,10
2020-06-10 23:42:00+00:00,9868.34,9870.16,9865.51,9867.51,10.175404,2020,6,10
2020-06-10 23:43:00+00:00,9867.5,9869.22,9860.01,9864.45,36.918434,2020,6,10
2020-06-10 23:44:00+00:00,9864.02,9867.48,9861.32,9865.74,6.427995,2020,6,10
2020-06-10 23:45:00+00:00,9865.43,9867.48,9863.27,9864.14,10.894845,2020,6,10
2020-06-10 23:46:00+00:00,9863.65,9867.26,9862.34,9865.86,5.083785,2020,6,10
2020-06-10 23:47:00+00:00,9865.85,9870.47,9865.0,9869.62,11.728771,2020,6,10
2020-06-10 23:48:00+00:00,9869.37,9874.5,9866.6,9873.21,12.79333,2020,6,10
2020-06-10 23:49:00+00:00,9872.76,9874.32,9869.44,9872.65,10.667573,2020,6,10
2020-06-10 23:50:00+00:00,9872.71,9875.75,9871.61,9873.05,11.187211,2020,6,10
2020-06-10 23:51:00+00:00,9872.99,9875.01,9872.25,9873.51,9.498543,2020,6,10
2020-06-10 23:52:00+00:00,9873.68,9876.3,9873.62,9874.79,7.450786,2020,6,10
2020-06-10 23:53:00+00:00,9874.78,9880.0,9874.78,9879.99,12.811686,2020,6,10
2020-06-10 23:54:00+00:00,9880.0,9888.28,9879.99,9886.86,33.102721,2020,6,10
2020-06-10 23:55:00+00:00,9886.54,9886.87,9884.0,9884.01,26.116423,2020,6,10
2020-06-10 23:56:00+00:00,9885.06,9887.61,9884.0,9885.01,16.941091,2020,6,10
2020-06-10 23:57:00+00:00,9885.01,9885.93,9884.0,9884.82,17.917464,2020,6,10
2020-06-10 23:58:00+00:00,9884.66,9885.29,9881.62,9883.85,13.748723,2020,6,10
2020-06-10 23:59:00+00:00,9884.05,9885.23,9881.43,9885.0,32.522446,2020,6,10
